,,,,,,,,,Current Week,,RW Proj,DraftEdge,DFF Proj,FantsasyPros,NumberFire,SportsLine,RotoBaller,My Proj,Football Guys,FantasyLabs,Ceiling,Avg Proj,Max,Total
,,,,,,,,,1,,0.08,0.07,0.14,0.16,0.1,0.09,0,0.04,0.16,0.1,0,0.06,0,1
Optimal Lineup - Weighted,POS,Salary,Projection,2024-12-22 12:49,Roster %,Result,,,,,,,,,,,,,,,,,,
Jordan Love,QB,7400,17.83866666666667,Slate: SNF-MNF,17.4,17.6,,,,,,,,,,,,,,,,,,
Josh Jacobs,RB,8200,18.049240740740743,,16.7,19.6,,,,,,,,,,,,,,,,,,
Zach Charbonnet,RB,6700,9.979342592592593,,0.49,13.1,,,,,,,,,,,,,,,,,,
Jaxon Smith-Njigba,WR,8100,13.270555555555557,,9.55,13.3,,,,,,,,,,,,,,,,,,
DK Metcalf,WR,7600,11.880351851851854,,8.34,4.3,,,,,,,,,,,,,,,,,,
Jayden Reed,WR,6700,10.049944444444444,,9.1,8.6,,,,,,,,,,,,,,,,,,
Tucker Kraft,TE,5300,8.109925925925927,,7.6,4.4,,,,,,,,,,,,,,,,,,
Romeo Doubs,FLEX,5300,8.624731481481481,,8,17.5,,,,,,,,,,,,,,,,,,
Packers,DST,4200,8.708685185185185,,7,15,,,,,,,,,,,,,,,,,,
Total,,59500,106.51144444444445,,,113.4,,,,,,,,,,,,,,,,,,
,,,,,,,,,,,,,,,,,,,,,,,,
Optimal Lineup - AVG,POS,Salary,Projection,2024-12-22 12:49,Roster %,Result,,,,,,,,,,,,,,,,,,
Jordan Love,QB,7400,18.03333333333333,Slate: SNF-MNF,17.4,17.6,,,,,,,,,,,,,,,,,,
Josh Jacobs,RB,8200,18.43259259259259,,16.7,19.6,,,,,,,,,,,,,,,,,,
Zach Charbonnet,RB,6700,9.344074074074074,,0.49,13.1,,,,,,,,,,,,,,,,,,
Jaxon Smith-Njigba,WR,8100,13.424444444444445,,9.55,13.3,,,,,,,,,,,,,,,,,,
DK Metcalf,WR,7600,11.981481481481481,,8.34,4.3,,,,,,,,,,,,,,,,,,
Jayden Reed,WR,6700,10.495555555555557,,9.1,8.6,,,,,,,,,,,,,,,,,,
Tucker Kraft,TE,5300,8.42074074074074,,7.6,4.4,,,,,,,,,,,,,,,,,,
Romeo Doubs,FLEX,5300,8.915185185185186,,8,17.5,,,,,,,,,,,,,,,,,,
Packers,DST,4200,9.208148148148148,,7,15,,,,,,,,,,,,,,,,,,
Total,,59500,108.25555555555553,,,113.4,,,,,,,,,,,,,,,,,,
,,,,,,,,,,,,,,,,,,,,,,,,
Optimal Lineup - My Projection,POS,Salary,Projection,2024-12-22 12:49,Roster %,Result,,,,,,,,,,,,,,,,,,
Jordan Love,QB,7400,18.150000000000002,Slate: SNF-MNF,17.4,17.6,,,,,,,,,,,,,,,,,,
Josh Jacobs,RB,8200,19.733333333333334,,16.7,19.6,,,,,,,,,,,,,,,,,,
Zach Charbonnet,RB,6700,15.066666666666668,,0.49,13.1,,,,,,,,,,,,,,,,,,
Jaxon Smith-Njigba,WR,8100,15,,9.55,13.3,,,,,,,,,,,,,,,,,,
DK Metcalf,WR,7600,12.83333333333333,,8.34,4.3,,,,,,,,,,,,,,,,,,
Jayden Reed,WR,6700,13.799999999999999,,9.1,8.6,,,,,,,,,,,,,,,,,,
Tucker Kraft,TE,5300,13.316666666666665,,7.6,4.4,,,,,,,,,,,,,,,,,,
Romeo Doubs,FLEX,5300,12.016666666666667,,8,17.5,,,,,,,,,,,,,,,,,,
Packers,DST,4200,13.133333333333333,,7,15,,,,,,,,,,,,,,,,,,
Total,,59500,133.05,,,113.4,,,,,,,,,,,,,,,,,,
,,,,,,,,,,,,,,,,,,,,,,,,
Optimal Lineup - DFF,POS,Salary,Projection,2024-12-22 12:49,Roster %,Result,,,,,,,,,,,,,,,,,,
Geno Smith,QB,7200,17.9,Slate: SNF-MNF,1.6,5.5,,,,,,,,,,,,,,,,,,
Josh Jacobs,RB,8200,16.7,,16.7,19.6,,,,,,,,,,,,,,,,,,
Zach Charbonnet,RB,6700,17.1,,0.49,13.1,,,,,,,,,,,,,,,,,,
Jaxon Smith-Njigba,WR,8100,12.7,,9.55,13.3,,,,,,,,,,,,,,,,,,
DK Metcalf,WR,7600,11.6,,8.34,4.3,,,,,,,,,,,,,,,,,,
Jayden Reed,WR,6700,9.1,,9.1,8.6,,,,,,,,,,,,,,,,,,
Tucker Kraft,TE,5300,7.6,,7.6,4.4,,,,,,,,,,,,,,,,,,
Romeo Doubs,FLEX,5300,8,,8,17.5,,,,,,,,,,,,,,,,,,
Packers,DST,4200,7,,7,15,,,,,,,,,,,,,,,,,,
Total,,59300,107.69999999999997,,,101.3,,,,,,,,,,,,,,,,,,
,,,,,,,,,,,,,,,,,,,,,,,,
Optimal Lineup - F6P,POS,Salary,Projection,2024-12-22 12:49,Roster %,Result,,,,,,,,,,,,,,,,,,
Jordan Love,QB,7400,17.4,Slate: SNF-MNF,17.4,17.6,,,,,,,,,,,,,,,,,,
Josh Jacobs,RB,8200,16.7,,16.7,19.6,,,,,,,,,,,,,,,,,,
Zach Charbonnet,RB,6700,8.12,,0.49,13.1,,,,,,,,,,,,,,,,,,
Jaxon Smith-Njigba,WR,8100,12.25,,9.55,13.3,,,,,,,,,,,,,,,,,,
DK Metcalf,WR,7600,10.94,,8.34,4.3,,,,,,,,,,,,,,,,,,
Jayden Reed,WR,6700,9.1,,9.1,8.6,,,,,,,,,,,,,,,,,,
Tucker Kraft,TE,5300,7.6,,7.6,4.4,,,,,,,,,,,,,,,,,,
Romeo Doubs,FLEX,5300,8,,8,17.5,,,,,,,,,,,,,,,,,,
Packers,DST,4200,7,,7,15,,,,,,,,,,,,,,,,,,
Total,,59500,97.10999999999999,,,113.4,,,,,,,,,,,,,,,,,,
,,,,,,,,,,,,,,,,,,,,,,,,
Optimal Lineup - NumberFire,POS,Salary,Projection,2024-12-22 12:49,Roster %,Result,,,,,,,,,,,,,,,,,,
Jordan Love,QB,7400,17.4,Slate: SNF-MNF,17.4,17.6,,,,,,,,,,,,,,,,,,
Josh Jacobs,RB,8200,16.7,,16.7,19.6,,,,,,,,,,,,,,,,,,
Zach Charbonnet,RB,6700,8.2,,0.49,13.1,,,,,,,,,,,,,,,,,,
Jaxon Smith-Njigba,WR,8100,11.4,,9.55,13.3,,,,,,,,,,,,,,,,,,
DK Metcalf,WR,7600,10.2,,8.34,4.3,,,,,,,,,,,,,,,,,,
Jayden Reed,WR,6700,9.1,,9.1,8.6,,,,,,,,,,,,,,,,,,
Tucker Kraft,TE,5300,7.6,,7.6,4.4,,,,,,,,,,,,,,,,,,
Romeo Doubs,FLEX,5300,8,,8,17.5,,,,,,,,,,,,,,,,,,
Packers,DST,4200,7,,7,15,,,,,,,,,,,,,,,,,,
Total,,59500,95.59999999999998,,,113.4,,,,,,,,,,,,,,,,,,
,,,,,,,,,,,,,,,,,,,,,,,,
Optimal Lineup - RotoWire,POS,Salary,Projection,2024-12-22 12:49,Roster %,Result,,,,,,,,,,,,,,,,,,
Jordan Love,QB,7400,17.4,Slate: SNF-MNF,17.4,17.6,,,,,,,,,,,,,,,,,,
Josh Jacobs,RB,8200,16.7,,16.7,19.6,,,,,,,,,,,,,,,,,,
Zach Charbonnet,RB,6700,6.2,,0.49,13.1,,,,,,,,,,,,,,,,,,
Jaxon Smith-Njigba,WR,8100,15.09,,9.55,13.3,,,,,,,,,,,,,,,,,,
DK Metcalf,WR,7600,13.67,,8.34,4.3,,,,,,,,,,,,,,,,,,
Jayden Reed,WR,6700,9.1,,9.1,8.6,,,,,,,,,,,,,,,,,,
Tucker Kraft,TE,5300,7.6,,7.6,4.4,,,,,,,,,,,,,,,,,,
Romeo Doubs,FLEX,5300,8,,8,17.5,,,,,,,,,,,,,,,,,,
Packers,DST,4200,7,,7,15,,,,,,,,,,,,,,,,,,
Total,,59500,100.75999999999999,,,113.4,,,,,,,,,,,,,,,,,,
,,,,,,,,,,,,,,,,,,,,,,,,
Optimal Lineup - DraftEdge,POS,Salary,Projection,2024-12-22 12:49,Roster %,Result,,,,,,,,,,,,,,,,,,
Geno Smith,QB,7200,17.2,Slate: SNF-MNF,1.6,5.5,,,,,,,,,,,,,,,,,,
Josh Jacobs,RB,8200,21.7,,16.7,19.6,,,,,,,,,,,,,,,,,,
Zach Charbonnet,RB,6700,7.8,,0.49,13.1,,,,,,,,,,,,,,,,,,
Jaxon Smith-Njigba,WR,8100,15.7,,9.55,13.3,,,,,,,,,,,,,,,,,,
DK Metcalf,WR,7600,14.4,,8.34,4.3,,,,,,,,,,,,,,,,,,
Jayden Reed,WR,6700,11.8,,9.1,8.6,,,,,,,,,,,,,,,,,,
Noah Fant,TE,5000,7.2,,2.53,3,,,,,,,,,,,,,,,,,,
Christian Watson,FLEX,6300,12,,8.5,7.1,,,,,,,,,,,,,,,,,,
Packers,DST,4200,10.4,,7,15,,,,,,,,,,,,,,,,,,
Total,,60000,118.2,,,89.49999999999999,,,,,,,,,,,,,,,,,,
,,,,,,,,,,,,,,,,,,,,,,,,
Optimal Lineup - FootballGuys,POS,Salary,Projection,2024-12-22 12:49,Roster %,Result,,,,,,,,,,,,,,,,,,
Jordan Love,QB,7400,18.59,Slate: SNF-MNF,17.4,17.6,,,,,,,,,,,,,,,,,,
Josh Jacobs,RB,8200,21.26,,16.7,19.6,,,,,,,,,,,,,,,,,,
Zach Charbonnet,RB,6700,6.29,,0.49,13.1,,,,,,,,,,,,,,,,,,
Jaxon Smith-Njigba,WR,8100,14.09,,9.55,13.3,,,,,,,,,,,,,,,,,,
DK Metcalf,WR,7600,12.07,,8.34,4.3,,,,,,,,,,,,,,,,,,
Jayden Reed,WR,6700,10.7,,9.1,8.6,,,,,,,,,,,,,,,,,,
Tucker Kraft,TE,5300,7.86,,7.6,4.4,,,,,,,,,,,,,,,,,,
Romeo Doubs,FLEX,5300,9.42,,8,17.5,,,,,,,,,,,,,,,,,,
Packers,DST,4200,14.08,,7,15,,,,,,,,,,,,,,,,,,
Total,,59500,114.36000000000001,,,113.4,,,,,,,,,,,,,,,,,,
,,,,,,,,,,,,,,,,,,,,,,,,
Optimal Lineup - FantasyLabs,POS,Salary,Projection,2024-12-22 12:49,Roster %,Result,,,,,,,,,,,,,,,,,,
Jordan Love,QB,7400,18.14,Slate: SNF-MNF,17.4,17.6,,,,,,,,,,,,,,,,,,
Josh Jacobs,RB,8200,19.17,,16.7,19.6,,,,,,,,,,,,,,,,,,
Zach Charbonnet,RB,6700,6.03,,0.49,13.1,,,,,,,,,,,,,,,,,,
Jaxon Smith-Njigba,WR,8100,12.5,,9.55,13.3,,,,,,,,,,,,,,,,,,
DK Metcalf,WR,7600,11.49,,8.34,4.3,,,,,,,,,,,,,,,,,,
Jayden Reed,WR,6700,9.39,,9.1,8.6,,,,,,,,,,,,,,,,,,
Tucker Kraft,TE,5300,6.98,,7.6,4.4,,,,,,,,,,,,,,,,,,
Romeo Doubs,FLEX,5300,8.15,,8,17.5,,,,,,,,,,,,,,,,,,
Packers,DST,4200,7.82,,7,15,,,,,,,,,,,,,,,,,,
Total,,59500,99.67000000000002,,,113.4,,,,,,,,,,,,,,,,,,
,,,,,,,,,,,,,,,,,,,,,,,,
Optimal Lineup - SportsLine,POS,Salary,Projection,2024-12-22 12:49,Roster %,Result,,,,,,,,,,,,,,,,,,
Jordan Love,QB,7400,19.82,Slate: SNF-MNF,17.4,17.6,,,,,,,,,,,,,,,,,,
Josh Jacobs,RB,8200,17.23,,16.7,19.6,,,,,,,,,,,,,,,,,,
Zach Charbonnet,RB,6700,9.29,,0.49,13.1,,,,,,,,,,,,,,,,,,
Jaxon Smith-Njigba,WR,8100,12.09,,9.55,13.3,,,,,,,,,,,,,,,,,,
DK Metcalf,WR,7600,10.63,,8.34,4.3,,,,,,,,,,,,,,,,,,
Jayden Reed,WR,6700,12.37,,9.1,8.6,,,,,,,,,,,,,,,,,,
Tucker Kraft,TE,5300,8.63,,7.6,4.4,,,,,,,,,,,,,,,,,,
Romeo Doubs,FLEX,5300,9.55,,8,17.5,,,,,,,,,,,,,,,,,,
Packers,DST,4200,9.44,,7,15,,,,,,,,,,,,,,,,,,
Total,,59500,109.04999999999998,,,113.4,,,,,,,,,,,,,,,,,,
,,,,,,,,,,,,,,,,,,,,,,,,
Optimal Lineup - Weighted,POS,Salary,Projection,2024-12-22 12:57,Roster %,Result,,,,,,,,,,,,,,,,,,
Jordan Love,QB,7400,17.83866666666667,Slate: SNF-MNF,17.4,17.6,,,,,,,,,,,,,,,,,,
Josh Jacobs,RB,8200,18.049240740740743,,16.7,19.6,,,,,,,,,,,,,,,,,,
Zach Charbonnet,RB,6700,9.979342592592593,,0.49,13.1,,,,,,,,,,,,,,,,,,
Jaxon Smith-Njigba,WR,8100,13.270555555555557,,9.55,13.3,,,,,,,,,,,,,,,,,,
DK Metcalf,WR,7600,11.880351851851854,,8.34,4.3,,,,,,,,,,,,,,,,,,
Jayden Reed,WR,6700,10.049944444444444,,9.1,8.6,,,,,,,,,,,,,,,,,,
Tucker Kraft,TE,5300,8.109925925925927,,7.6,4.4,,,,,,,,,,,,,,,,,,
Romeo Doubs,FLEX,5300,8.624731481481481,,8,17.5,,,,,,,,,,,,,,,,,,
Packers,DST,4200,8.708685185185185,,7,15,,,,,,,,,,,,,,,,,,
Total,,59500,106.51144444444445,,,113.4,,,,,,,,,,,,,,,,,,
,,,,,,,,,,,,,,,,,,,,,,,,
Optimal Lineup - AVG,POS,Salary,Projection,2024-12-22 12:57,Roster %,Result,,,,,,,,,,,,,,,,,,
Jordan Love,QB,7400,18.03333333333333,Slate: SNF-MNF,17.4,17.6,,,,,,,,,,,,,,,,,,
Josh Jacobs,RB,8200,18.43259259259259,,16.7,19.6,,,,,,,,,,,,,,,,,,
Zach Charbonnet,RB,6700,9.344074074074074,,0.49,13.1,,,,,,,,,,,,,,,,,,
Jaxon Smith-Njigba,WR,8100,13.424444444444445,,9.55,13.3,,,,,,,,,,,,,,,,,,
DK Metcalf,WR,7600,11.981481481481481,,8.34,4.3,,,,,,,,,,,,,,,,,,
Jayden Reed,WR,6700,10.495555555555557,,9.1,8.6,,,,,,,,,,,,,,,,,,
Tucker Kraft,TE,5300,8.42074074074074,,7.6,4.4,,,,,,,,,,,,,,,,,,
Romeo Doubs,FLEX,5300,8.915185185185186,,8,17.5,,,,,,,,,,,,,,,,,,
Packers,DST,4200,9.208148148148148,,7,15,,,,,,,,,,,,,,,,,,
Total,,59500,108.25555555555553,,,113.4,,,,,,,,,,,,,,,,,,
,,,,,,,,,,,,,,,,,,,,,,,,
Optimal Lineup - My Projection,POS,Salary,Projection,2024-12-22 12:58,Roster %,Result,,,,,,,,,,,,,,,,,,
Jordan Love,QB,7400,18.150000000000002,Slate: SNF-MNF,17.4,17.6,,,,,,,,,,,,,,,,,,
Josh Jacobs,RB,8200,19.733333333333334,,16.7,19.6,,,,,,,,,,,,,,,,,,
Zach Charbonnet,RB,6700,15.066666666666668,,0.49,13.1,,,,,,,,,,,,,,,,,,
Jaxon Smith-Njigba,WR,8100,15,,9.55,13.3,,,,,,,,,,,,,,,,,,
DK Metcalf,WR,7600,12.83333333333333,,8.34,4.3,,,,,,,,,,,,,,,,,,
Jayden Reed,WR,6700,13.799999999999999,,9.1,8.6,,,,,,,,,,,,,,,,,,
Tucker Kraft,TE,5300,13.316666666666665,,7.6,4.4,,,,,,,,,,,,,,,,,,
Romeo Doubs,FLEX,5300,12.016666666666667,,8,17.5,,,,,,,,,,,,,,,,,,
Packers,DST,4200,13.133333333333333,,7,15,,,,,,,,,,,,,,,,,,
Total,,59500,133.05,,,113.4,,,,,,,,,,,,,,,,,,
,,,,,,,,,,,,,,,,,,,,,,,,
Optimal Lineup - DFF,POS,Salary,Projection,2024-12-22 12:58,Roster %,Result,,,,,,,,,,,,,,,,,,
Geno Smith,QB,7200,17.9,Slate: SNF-MNF,1.6,5.5,,,,,,,,,,,,,,,,,,
Josh Jacobs,RB,8200,16.7,,16.7,19.6,,,,,,,,,,,,,,,,,,
Zach Charbonnet,RB,6700,17.1,,0.49,13.1,,,,,,,,,,,,,,,,,,
Jaxon Smith-Njigba,WR,8100,12.7,,9.55,13.3,,,,,,,,,,,,,,,,,,
DK Metcalf,WR,7600,11.6,,8.34,4.3,,,,,,,,,,,,,,,,,,
Jayden Reed,WR,6700,9.1,,9.1,8.6,,,,,,,,,,,,,,,,,,
Tucker Kraft,TE,5300,7.6,,7.6,4.4,,,,,,,,,,,,,,,,,,
Romeo Doubs,FLEX,5300,8,,8,17.5,,,,,,,,,,,,,,,,,,
Packers,DST,4200,7,,7,15,,,,,,,,,,,,,,,,,,
Total,,59300,107.69999999999997,,,101.3,,,,,,,,,,,,,,,,,,
,,,,,,,,,,,,,,,,,,,,,,,,
Optimal Lineup - F6P,POS,Salary,Projection,2024-12-22 12:58,Roster %,Result,,,,,,,,,,,,,,,,,,
Jordan Love,QB,7400,17.4,Slate: SNF-MNF,17.4,17.6,,,,,,,,,,,,,,,,,,
Josh Jacobs,RB,8200,16.7,,16.7,19.6,,,,,,,,,,,,,,,,,,
Zach Charbonnet,RB,6700,8.12,,0.49,13.1,,,,,,,,,,,,,,,,,,
Jaxon Smith-Njigba,WR,8100,12.25,,9.55,13.3,,,,,,,,,,,,,,,,,,
DK Metcalf,WR,7600,10.94,,8.34,4.3,,,,,,,,,,,,,,,,,,
Jayden Reed,WR,6700,9.1,,9.1,8.6,,,,,,,,,,,,,,,,,,
Tucker Kraft,TE,5300,7.6,,7.6,4.4,,,,,,,,,,,,,,,,,,
Romeo Doubs,FLEX,5300,8,,8,17.5,,,,,,,,,,,,,,,,,,
Packers,DST,4200,7,,7,15,,,,,,,,,,,,,,,,,,
Total,,59500,97.10999999999999,,,113.4,,,,,,,,,,,,,,,,,,
,,,,,,,,,,,,,,,,,,,,,,,,
Optimal Lineup - NumberFire,POS,Salary,Projection,2024-12-22 12:58,Roster %,Result,,,,,,,,,,,,,,,,,,
Jordan Love,QB,7400,17.4,Slate: SNF-MNF,17.4,17.6,,,,,,,,,,,,,,,,,,
Josh Jacobs,RB,8200,16.7,,16.7,19.6,,,,,,,,,,,,,,,,,,
Zach Charbonnet,RB,6700,8.2,,0.49,13.1,,,,,,,,,,,,,,,,,,
Jaxon Smith-Njigba,WR,8100,11.4,,9.55,13.3,,,,,,,,,,,,,,,,,,
DK Metcalf,WR,7600,10.2,,8.34,4.3,,,,,,,,,,,,,,,,,,
Jayden Reed,WR,6700,9.1,,9.1,8.6,,,,,,,,,,,,,,,,,,
Tucker Kraft,TE,5300,7.6,,7.6,4.4,,,,,,,,,,,,,,,,,,
Romeo Doubs,FLEX,5300,8,,8,17.5,,,,,,,,,,,,,,,,,,
Packers,DST,4200,7,,7,15,,,,,,,,,,,,,,,,,,
Total,,59500,95.59999999999998,,,113.4,,,,,,,,,,,,,,,,,,
,,,,,,,,,,,,,,,,,,,,,,,,
Optimal Lineup - RotoWire,POS,Salary,Projection,2024-12-22 12:58,Roster %,Result,,,,,,,,,,,,,,,,,,
Jordan Love,QB,7400,17.4,Slate: SNF-MNF,17.4,17.6,,,,,,,,,,,,,,,,,,
Josh Jacobs,RB,8200,16.7,,16.7,19.6,,,,,,,,,,,,,,,,,,
Zach Charbonnet,RB,6700,6.2,,0.49,13.1,,,,,,,,,,,,,,,,,,
Jaxon Smith-Njigba,WR,8100,15.09,,9.55,13.3,,,,,,,,,,,,,,,,,,
DK Metcalf,WR,7600,13.67,,8.34,4.3,,,,,,,,,,,,,,,,,,
Jayden Reed,WR,6700,9.1,,9.1,8.6,,,,,,,,,,,,,,,,,,
Tucker Kraft,TE,5300,7.6,,7.6,4.4,,,,,,,,,,,,,,,,,,
Romeo Doubs,FLEX,5300,8,,8,17.5,,,,,,,,,,,,,,,,,,
Packers,DST,4200,7,,7,15,,,,,,,,,,,,,,,,,,
Total,,59500,100.75999999999999,,,113.4,,,,,,,,,,,,,,,,,,
,,,,,,,,,,,,,,,,,,,,,,,,
Optimal Lineup - Weighted,POS,Salary,Projection,2024-12-22 12:59,Roster %,Result,,,,,,,,,,,,,,,,,,
Josh Allen,QB,9400,25.34894444444444,Slate: Main,6.2,41.3,,,,,,,,,,,,,,,,,,
Jahmyr Gibbs,RB,8300,21.924425925925924,,34.45,25.9,,,,,,,,,,,,,,,,,,
Chase Brown,RB,8200,19.451120370370372,,17.18,24.8,,,,,,,,,,,,,,,,,,
Jakobi Meyers,WR,6700,13.348851851851851,,11.75,8.4,,,,,,,,,,,,,,,,,,
Adam Thielen,WR,6200,11.942962962962964,,7.19,7.6,,,,,,,,,,,,,,,,,,
Calvin Ridley,WR,5900,11.627583333333334,,5.31,7.5,,,,,,,,,,,,,,,,,,
Hunter Henry,TE,5000,8.659305555555555,,5.42,4.5,,,,,,,,,,,,,,,,,,
Chuba Hubbard,FLEX,7100,15.959916666666668,,14.7,6.9,,,,,,,,,,,,,,,,,,
Raiders,DST,3200,7.822898148148148,,12.3,9,,,,,,,,,,,,,,,,,,
Total,,60000,136.08600925925924,,,135.89999999999998,,,,,,,,,,,,,,,,,,
,,,,,,,,,,,,,,,,,,,,,,,,
Optimal Lineup - AVG,POS,Salary,Projection,2024-12-22 12:59,Roster %,Result,,,,,,,,,,,,,,,,,,
Josh Allen,QB,9400,25.455555555555556,Slate: Main,6.2,41.3,,,,,,,,,,,,,,,,,,
Jahmyr Gibbs,RB,8300,21.90074074074074,,34.45,25.9,,,,,,,,,,,,,,,,,,
Chase Brown,RB,8200,19.326296296296295,,17.18,24.8,,,,,,,,,,,,,,,,,,
Jakobi Meyers,WR,6700,13.501481481481482,,11.75,8.4,,,,,,,,,,,,,,,,,,
Adam Thielen,WR,6200,12.05037037037037,,7.19,7.6,,,,,,,,,,,,,,,,,,
Calvin Ridley,WR,5900,11.696666666666667,,5.31,7.5,,,,,,,,,,,,,,,,,,
Hunter Henry,TE,5000,8.674444444444443,,5.42,4.5,,,,,,,,,,,,,,,,,,
Chuba Hubbard,FLEX,7100,16.123333333333335,,14.7,6.9,,,,,,,,,,,,,,,,,,
Raiders,DST,3200,7.968518518518518,,12.3,9,,,,,,,,,,,,,,,,,,
Total,,60000,136.6974074074074,,,135.89999999999998,,,,,,,,,,,,,,,,,,
,,,,,,,,,,,,,,,,,,,,,,,,
Optimal Lineup - My Projection,POS,Salary,Projection,2024-12-22 13:00,Roster %,Result,,,,,,,,,,,,,,,,,,
Josh Allen,QB,9400,26.349999999999998,Slate: Main,6.2,41.3,,,,,,,,,,,,,,,,,,
Jahmyr Gibbs,RB,8300,22.11666666666667,,34.45,25.9,,,,,,,,,,,,,,,,,,
Alexander Mattison,RB,5600,14.549999999999999,,5.82,1.4,,,,,,,,,,,,,,,,,,
Ja'Marr Chase,WR,9500,24.53333333333333,,13.48,13.9,,,,,,,,,,,,,,,,,,
DJ Moore,WR,6300,16.516666666666666,,9.03,11,,,,,,,,,,,,,,,,,,
Keon Coleman,WR,5300,13.483333333333333,,3.61,6.9,,,,,,,,,,,,,,,,,,
Sam LaPorta,TE,6000,15.166666666666666,,6.4,14.6,,,,,,,,,,,,,,,,,,
Ameer Abdullah,FLEX,5100,13.633333333333335,,1.91,16.1,,,,,,,,,,,,,,,,,,
Bengals,DST,4400,14.283333333333331,,5.86,19,,,,,,,,,,,,,,,,,,
Total,,59900,160.63333333333333,,,150.1,,,,,,,,,,,,,,,,,,
,,,,,,,,,,,,,,,,,,,,,,,,
Optimal Lineup - DFF,POS,Salary,Projection,2024-12-22 13:00,Roster %,Result,,,,,,,,,,,,,,,,,,
Josh Allen,QB,9400,24.6,Slate: Main,6.2,41.3,,,,,,,,,,,,,,,,,,
Jahmyr Gibbs,RB,8300,21.9,,34.45,25.9,,,,,,,,,,,,,,,,,,
Chase Brown,RB,8200,20.4,,17.18,24.8,,,,,,,,,,,,,,,,,,
Jakobi Meyers,WR,6700,13.5,,11.75,8.4,,,,,,,,,,,,,,,,,,
Adam Thielen,WR,6200,12.1,,7.19,7.6,,,,,,,,,,,,,,,,,,
Calvin Ridley,WR,5900,11.5,,5.31,7.5,,,,,,,,,,,,,,,,,,
Hunter Henry,TE,5000,8.9,,5.42,4.5,,,,,,,,,,,,,,,,,,
Chuba Hubbard,FLEX,7100,16.4,,14.7,6.9,,,,,,,,,,,,,,,,,,
Raiders,DST,3200,7.7,,12.3,9,,,,,,,,,,,,,,,,,,
Total,,60000,137,,,135.89999999999998,,,,,,,,,,,,,,,,,,
,,,,,,,,,,,,,,,,,,,,,,,,
Optimal Lineup - F6P,POS,Salary,Projection,2024-12-22 13:00,Roster %,Result,,,,,,,,,,,,,,,,,,
Josh Allen,QB,9400,25.55,Slate: Main,6.2,41.3,,,,,,,,,,,,,,,,,,
Jahmyr Gibbs,RB,8300,20.63,,34.45,25.9,,,,,,,,,,,,,,,,,,
Chase Brown,RB,8200,18.57,,17.18,24.8,,,,,,,,,,,,,,,,,,
Puka Nacua,WR,8900,16.79,,11.6,14.3,,,,,,,,,,,,,,,,,,
DJ Moore,WR,6300,11.37,,9.03,11,,,,,,,,,,,,,,,,,,
Calvin Ridley,WR,5900,10.74,,5.31,7.5,,,,,,,,,,,,,,,,,,
Hunter Henry,TE,5000,8.07,,5.42,4.5,,,,,,,,,,,,,,,,,,
Patrick Taylor Jr.,FLEX,4800,10.84,,9.55,4.5,,,,,,,,,,,,,,,,,,
Raiders,DST,3200,6.29,,12.3,9,,,,,,,,,,,,,,,,,,
Total,,60000,128.85,,,142.79999999999998,,,,,,,,,,,,,,,,,,
,,,,,,,,,,,,,,,,,,,,,,,,
Optimal Lineup - NumberFire,POS,Salary,Projection,2024-12-22 13:00,Roster %,Result,,,,,,,,,,,,,,,,,,
Josh Allen,QB,9400,26,Slate: Main,6.2,41.3,,,,,,,,,,,,,,,,,,
Bijan Robinson,RB,8900,19.7,,15.53,14,,,,,,,,,,,,,,,,,,
Jahmyr Gibbs,RB,8300,19.9,,34.45,25.9,,,,,,,,,,,,,,,,,,
Jakobi Meyers,WR,6700,11.6,,11.75,8.4,,,,,,,,,,,,,,,,,,
Khalil Shakir,WR,6600,11.4,,6.9,12.9,,,,,,,,,,,,,,,,,,
DJ Moore,WR,6300,11,,9.03,11,,,,,,,,,,,,,,,,,,
Hunter Henry,TE,5000,8.5,,5.42,4.5,,,,,,,,,,,,,,,,,,
Patrick Taylor Jr.,FLEX,4800,11.4,,9.55,4.5,,,,,,,,,,,,,,,,,,
Falcons,DST,4000,9.3,,2.74,20,,,,,,,,,,,,,,,,,,
Total,,60000,128.8,,,142.5,,,,,,,,,,,,,,,,,,
,,,,,,,,,,,,,,,,,,,,,,,,
Optimal Lineup - RotoWire,POS,Salary,Projection,2024-12-22 13:00,Roster %,Result,,,,,,,,,,,,,,,,,,
Joe Burrow,QB,8300,21.57,Slate: Main,7.51,18.8,,,,,,,,,,,,,,,,,,
Jahmyr Gibbs,RB,8300,22.17,,34.45,25.9,,,,,,,,,,,,,,,,,,
Chase Brown,RB,8200,19.28,,17.18,24.8,,,,,,,,,,,,,,,,,,
Jakobi Meyers,WR,6700,15.1,,11.75,8.4,,,,,,,,,,,,,,,,,,
Khalil Shakir,WR,6600,14.32,,6.9,12.9,,,,,,,,,,,,,,,,,,
Keenan Allen,WR,6200,13.27,,8.9,17.2,,,,,,,,,,,,,,,,,,
Brock Bowers,TE,7700,15.51,,10.9,5,,,,,,,,,,,,,,,,,,
Patrick Taylor Jr.,FLEX,4800,12.41,,9.55,5,,,,,,,,,,,,,,,,,,
Raiders,DST,3200,7.05,,12.3,9,,,,,,,,,,,,,,,,,,
Total,,60000,140.68,,,127.00000000000001,,,,,,,,,,,,,,,,,,
,,,,,,,,,,,,,,,,,,,,,,,,
Optimal Lineup - DraftEdge,POS,Salary,Projection,2024-12-22 13:00,Roster %,Result,,,,,,,,,,,,,,,,,,
Josh Allen,QB,9400,25.2,Slate: Main,6.2,41.3,,,,,,,,,,,,,,,,,,
Jahmyr Gibbs,RB,8300,25.5,,34.45,25.9,,,,,,,,,,,,,,,,,,
Chase Brown,RB,8200,23.3,,17.18,24.8,,,,,,,,,,,,,,,,,,
DJ Moore,WR,6300,15.7,,9.03,11,,,,,,,,,,,,,,,,,,
Adam Thielen,WR,6200,15.1,,7.19,7.6,,,,,,,,,,,,,,,,,,
Calvin Ridley,WR,5900,14.4,,5.31,7.5,,,,,,,,,,,,,,,,,,
Jake Ferguson,TE,5300,11.7,,8,3.3,,,,,,,,,,,,,,,,,,
Chuba Hubbard,FLEX,7100,20.3,,14.7,6.9,,,,,,,,,,,,,,,,,,
Raiders,DST,3200,7.8,,12.3,9,,,,,,,,,,,,,,,,,,
Total,,59900,159.00000000000003,,,137.29999999999998,,,,,,,,,,,,,,,,,,
,,,,,,,,,,,,,,,,,,,,,,,,
Optimal Lineup - FootballGuys,POS,Salary,Projection,2024-12-22 13:00,Roster %,Result,,,,,,,,,,,,,,,,,,
Josh Allen,QB,9400,26.43,Slate: Main,6.2,41.3,,,,,,,,,,,,,,,,,,
Jahmyr Gibbs,RB,8300,24.85,,34.45,25.9,,,,,,,,,,,,,,,,,,
Chase Brown,RB,8200,19.7,,17.18,24.8,,,,,,,,,,,,,,,,,,
Puka Nacua,WR,8900,18.59,,11.6,14.3,,,,,,,,,,,,,,,,,,
DJ Moore,WR,6300,11.97,,9.03,11,,,,,,,,,,,,,,,,,,
Calvin Ridley,WR,5900,11.76,,5.31,7.5,,,,,,,,,,,,,,,,,,
Hunter Henry,TE,5000,7.92,,5.42,4.5,,,,,,,,,,,,,,,,,,
Patrick Taylor Jr.,FLEX,4800,10.6,,9.55,4.5,,,,,,,,,,,,,,,,,,
Raiders,DST,3200,10.49,,12.3,9,,,,,,,,,,,,,,,,,,
Total,,60000,142.31000000000003,,,142.79999999999998,,,,,,,,,,,,,,,,,,
,,,,,,,,,,,,,,,,,,,,,,,,
Optimal Lineup - FantasyLabs,POS,Salary,Projection,2024-12-22 13:00,Roster %,Result,,,,,,,,,,,,,,,,,,
Josh Allen,QB,9400,25.29,Slate: Main,6.2,41.3,,,,,,,,,,,,,,,,,,
Jahmyr Gibbs,RB,8300,20.2,,34.45,25.9,,,,,,,,,,,,,,,,,,
Chase Brown,RB,8200,18.78,,17.18,24.8,,,,,,,,,,,,,,,,,,
DJ Moore,WR,6300,13.25,,9.03,11,,,,,,,,,,,,,,,,,,
Adam Thielen,WR,6200,11.64,,7.19,7.6,,,,,,,,,,,,,,,,,,
Jameson Williams,WR,6100,11.35,,5.86,11.2,,,,,,,,,,,,,,,,,,
Hunter Henry,TE,5000,8.18,,5.42,4.5,,,,,,,,,,,,,,,,,,
Chuba Hubbard,FLEX,7100,16.61,,14.7,6.9,,,,,,,,,,,,,,,,,,
Raiders,DST,3200,7.32,,12.3,9,,,,,,,,,,,,,,,,,,
Total,,59800,132.62,,,142.2,,,,,,,,,,,,,,,,,,
,,,,,,,,,,,,,,,,,,,,,,,,
Optimal Lineup - SportsLine,POS,Salary,Projection,2024-12-22 13:00,Roster %,Result,,,,,,,,,,,,,,,,,,
Joe Burrow,QB,8300,25.05,Slate: Main,7.51,18.8,,,,,,,,,,,,,,,,,,
Bijan Robinson,RB,8900,19.52,,15.53,14,,,,,,,,,,,,,,,,,,
Jahmyr Gibbs,RB,8300,19.84,,34.45,25.9,,,,,,,,,,,,,,,,,,
DJ Moore,WR,6300,11.31,,9.03,11,,,,,,,,,,,,,,,,,,
Josh Downs,WR,6000,11.79,,7.1,4.7,,,,,,,,,,,,,,,,,,
Calvin Ridley,WR,5900,10.76,,5.31,7.5,,,,,,,,,,,,,,,,,,
Hunter Henry,TE,5000,7.78,,5.42,4.5,,,,,,,,,,,,,,,,,,
Chase Brown,FLEX,8200,18.54,,17.18,24.8,,,,,,,,,,,,,,,,,,
Giants,DST,3100,8.05,,3.07,1,,,,,,,,,,,,,,,,,,
Total,,60000,132.64000000000001,,,112.19999999999999,,,,,,,,,,,,,,,,,,
,,,,,,,,,,,,,,,,,,,,,,,,
Optimal Lineup - Weighted,POS,Salary,Projection,2024-12-22 13:02,Roster %,Result,,,,,,,,,,,,,,,,,,
Josh Allen,QB,9400,25.34894444444444,Slate: Late Sun-Mon,6.2,41.3,,,,,,,,,,,,,,,,,,
De'Von Achane,RB,8000,17.03619444444444,,13.74,41.3,,,,,,,,,,,,,,,,,,
Alexander Mattison,RB,5600,11.005305555555555,,5.82,1.4,,,,,,,,,,,,,,,,,,
Brian Thomas Jr.,WR,7300,13.541564814814818,,12.7,1.4,,,,,,,,,,,,,,,,,,
Jakobi Meyers,WR,6700,13.348851851851851,,11.75,8.4,,,,,,,,,,,,,,,,,,
Jauan Jennings,WR,7000,13.066722222222223,,10,4.1,,,,,,,,,,,,,,,,,,
Brock Bowers,TE,7700,13.907425925925928,,10.9,5,,,,,,,,,,,,,,,,,,
Patrick Taylor Jr.,FLEX,4800,10.651425925925924,,9.55,5,,,,,,,,,,,,,,,,,,
Raiders,DST,3200,7.822898148148148,,12.3,9,,,,,,,,,,,,,,,,,,
Total,,59700,125.72933333333333,,,116.9,,,,,,,,,,,,,,,,,,
,,,,,,,,,,,,,,,,,,,,,,,,
Optimal Lineup - AVG,POS,Salary,Projection,2024-12-22 13:03,Roster %,Result,,,,,,,,,,,,,,,,,,
Josh Allen,QB,9400,25.455555555555556,Slate: Late Sun-Mon,6.2,41.3,,,,,,,,,,,,,,,,,,
De'Von Achane,RB,8000,17.045555555555552,,13.74,41.3,,,,,,,,,,,,,,,,,,
Rico Dowdle,RB,7300,14.58851851851852,,14.4,14.9,,,,,,,,,,,,,,,,,,
Mike Evans,WR,8800,16.29296296296296,,15.7,32.4,,,,,,,,,,,,,,,,,,
Jakobi Meyers,WR,6700,13.501481481481482,,11.75,8.4,,,,,,,,,,,,,,,,,,
Khalil Shakir,WR,6600,12.314074074074075,,6.9,12.9,,,,,,,,,,,,,,,,,,
Brenton Strange,TE,5200,8.873333333333333,,8.21,12.8,,,,,,,,,,,,,,,,,,
Patrick Taylor Jr.,FLEX,4800,10.420740740740738,,9.55,12.8,,,,,,,,,,,,,,,,,,
Raiders,DST,3200,7.968518518518518,,12.3,9,,,,,,,,,,,,,,,,,,
Total,,60000,126.46074074074073,,,185.80000000000004,,,,,,,,,,,,,,,,,,
,,,,,,,,,,,,,,,,,,,,,,,,
Optimal Lineup - Weighted,POS,Salary,Projection,2024-12-22 18:01,Roster %,Result,,,,,,,,,,,,,,,,,,
Cooper Rush,QB,7000,15.900425925925926,Slate: SNF-MNF,16.1,19.1,,,,,,,,,,,,,,,,,,
Rico Dowdle,RB,7300,14.564953703703702,,15,14.9,,,,,,,,,,,,,,,,,,
Bucky Irving,RB,7800,14.337416666666668,,14.4,14.9,,,,,,,,,,,,,,,,,,
Mike Evans,WR,8800,16.191333333333333,,16,32.4,,,,,,,,,,,,,,,,,,
Jalen McMillan,WR,5800,9.018296296296295,,8,16,,,,,,,,,,,,,,,,,,
CeeDee Lamb,WR,8500,15.399629629629631,,15.3,22.1,,,,,,,,,,,,,,,,,,
Jake Ferguson,TE,5300,8.096564814814815,,8,3.3,,,,,,,,,,,,,,,,,,
Sterling Shepard,FLEX,5200,6.894490740740742,,6.4,2.1,,,,,,,,,,,,,,,,,,
Buccaneers,DST,4300,7.376203703703704,,6.6,8,,,,,,,,,,,,,,,,,,
Total,,60000,107.77931481481481,,,132.8,,,,,,,,,,,,,,,,,,
,,,,,,,,,,,,,,,,,,,,,,,,
Optimal Lineup - Weighted,POS,Salary,Projection,2024-12-22 18:01,Roster %,Result,,,,,,,,,,,,,,,,,,
Cooper Rush,QB,7000,15.900425925925926,Slate: SNF-MNF,16.1,19.1,,,,,,,,,,,,,,,,,,
Rico Dowdle,RB,7300,14.564953703703702,,15,14.9,,,,,,,,,,,,,,,,,,
Bucky Irving,RB,7800,14.337416666666668,,14.4,14.9,,,,,,,,,,,,,,,,,,
Mike Evans,WR,8800,16.191333333333333,,16,32.4,,,,,,,,,,,,,,,,,,
Jalen McMillan,WR,5800,9.018296296296295,,8,16,,,,,,,,,,,,,,,,,,
CeeDee Lamb,WR,8500,15.399629629629631,,15.3,22.1,,,,,,,,,,,,,,,,,,
Jake Ferguson,TE,5300,8.096564814814815,,8,3.3,,,,,,,,,,,,,,,,,,
Sterling Shepard,FLEX,5200,6.894490740740742,,6.4,2.1,,,,,,,,,,,,,,,,,,
Buccaneers,DST,4300,7.376203703703704,,6.6,8,,,,,,,,,,,,,,,,,,
Total,,60000,107.77931481481481,,,132.8,,,,,,,,,,,,,,,,,,
,,,,,,,,,,,,,,,,,,,,,,,,
Optimal Lineup - AVG,POS,Salary,Projection,2024-12-22 18:02,Roster %,Result,,,,,,,,,,,,,,,,,,
Baker Mayfield,QB,8100,19.695925925925923,Slate: SNF-MNF,18.9,29,,,,,,,,,,,,,,,,,,
Rico Dowdle,RB,7300,14.732962962962963,,15,14.9,,,,,,,,,,,,,,,,,,
Bucky Irving,RB,7800,14.363333333333335,,14.4,14.9,,,,,,,,,,,,,,,,,,
Mike Evans,WR,8800,16.346666666666664,,16,32.4,,,,,,,,,,,,,,,,,,
Jalen McMillan,WR,5800,9.357037037037038,,8,16,,,,,,,,,,,,,,,,,,
Sterling Shepard,WR,5200,7.182592592592591,,6.4,2.1,,,,,,,,,,,,,,,,,,
Jake Ferguson,TE,5300,8.321851851851852,,8,3.3,,,,,,,,,,,,,,,,,,
Rachaad White,FLEX,7000,11.927407407407406,,11,13.1,,,,,,,,,,,,,,,,,,
Buccaneers,DST,4300,7.742962962962963,,6.6,8,,,,,,,,,,,,,,,,,,
Total,,59600,109.67074074074071,,,133.7,,,,,,,,,,,,,,,,,,
,,,,,,,,,,,,,,,,,,,,,,,,
Optimal Lineup - My Projection,POS,Salary,Projection,2024-12-22 18:02,Roster %,Result,,,,,,,,,,,,,,,,,,
Baker Mayfield,QB,8100,22.733333333333334,Slate: SNF-MNF,18.9,29,,,,,,,,,,,,,,,,,,
Rico Dowdle,RB,7300,14.916666666666666,,15,14.9,,,,,,,,,,,,,,,,,,
Bucky Irving,RB,7800,18.000000000000004,,14.4,14.9,,,,,,,,,,,,,,,,,,
Mike Evans,WR,8800,18.599999999999998,,16,32.4,,,,,,,,,,,,,,,,,,
Jalen McMillan,WR,5800,13.383333333333333,,8,16,,,,,,,,,,,,,,,,,,
Sterling Shepard,WR,5200,11.733333333333334,,6.4,2.1,,,,,,,,,,,,,,,,,,
Jake Ferguson,TE,5300,12.316666666666668,,8,3.3,,,,,,,,,,,,,,,,,,
Rachaad White,FLEX,7000,17.01666666666667,,11,13.1,,,,,,,,,,,,,,,,,,
Buccaneers,DST,4300,12.766666666666666,,6.6,8,,,,,,,,,,,,,,,,,,
Total,,59600,141.46666666666664,,,133.7,,,,,,,,,,,,,,,,,,
,,,,,,,,,,,,,,,,,,,,,,,,
Optimal Lineup - DFF,POS,Salary,Projection,2024-12-22 18:02,Roster %,Result,,,,,,,,,,,,,,,,,,
Cooper Rush,QB,7000,16.1,Slate: SNF-MNF,16.1,19.1,,,,,,,,,,,,,,,,,,
Rico Dowdle,RB,7300,15,,15,14.9,,,,,,,,,,,,,,,,,,
Bucky Irving,RB,7800,14.4,,14.4,14.9,,,,,,,,,,,,,,,,,,
Mike Evans,WR,8800,16,,16,32.4,,,,,,,,,,,,,,,,,,
Jalen McMillan,WR,5800,8,,8,16,,,,,,,,,,,,,,,,,,
CeeDee Lamb,WR,8500,15.3,,15.3,22.1,,,,,,,,,,,,,,,,,,
Jake Ferguson,TE,5300,8,,8,3.3,,,,,,,,,,,,,,,,,,
Sterling Shepard,FLEX,5200,6.4,,6.4,2.1,,,,,,,,,,,,,,,,,,
Buccaneers,DST,4300,6.6,,6.6,8,,,,,,,,,,,,,,,,,,
Total,,60000,105.8,,,132.8,,,,,,,,,,,,,,,,,,
,,,,,,,,,,,,,,,,,,,,,,,,
Optimal Lineup - F6P,POS,Salary,Projection,2024-12-22 18:02,Roster %,Result,,,,,,,,,,,,,,,,,,
Baker Mayfield,QB,8100,18.93,Slate: SNF-MNF,18.9,29,,,,,,,,,,,,,,,,,,
Rico Dowdle,RB,7300,12.59,,15,14.9,,,,,,,,,,,,,,,,,,
Bucky Irving,RB,7800,13.86,,14.4,14.9,,,,,,,,,,,,,,,,,,
Mike Evans,WR,8800,15.33,,16,32.4,,,,,,,,,,,,,,,,,,
Jalen McMillan,WR,5800,9.04,,8,16,,,,,,,,,,,,,,,,,,
CeeDee Lamb,WR,8500,14.17,,15.3,22.1,,,,,,,,,,,,,,,,,,
Jake Ferguson,TE,5300,7.18,,8,3.3,,,,,,,,,,,,,,,,,,
Jalen Tolbert,FLEX,4900,5,,4.1,7.6,,,,,,,,,,,,,,,,,,
Cowboys,DST,3400,5.48,,5.7,15,,,,,,,,,,,,,,,,,,
Total,,59900,101.58,,,155.2,,,,,,,,,,,,,,,,,,
,,,,,,,,,,,,,,,,,,,,,,,,
Optimal Lineup - NumberFire,POS,Salary,Projection,2024-12-22 18:02,Roster %,Result,,,,,,,,,,,,,,,,,,
Baker Mayfield,QB,8100,18.7,Slate: SNF-MNF,18.9,29,,,,,,,,,,,,,,,,,,
Rico Dowdle,RB,7300,12.6,,15,14.9,,,,,,,,,,,,,,,,,,
Bucky Irving,RB,7800,14.5,,14.4,14.9,,,,,,,,,,,,,,,,,,
Mike Evans,WR,8800,14.9,,16,32.4,,,,,,,,,,,,,,,,,,
Jalen McMillan,WR,5800,8.7,,8,16,,,,,,,,,,,,,,,,,,
CeeDee Lamb,WR,8500,13.3,,15.3,22.1,,,,,,,,,,,,,,,,,,
Jake Ferguson,TE,5300,6.6,,8,3.3,,,,,,,,,,,,,,,,,,
Ko Kieft,FLEX,4100,5,,1.2,0,,,,,,,,,,,,,,,,,,
Buccaneers,DST,4300,6.6,,6.6,8,,,,,,,,,,,,,,,,,,
Total,,60000,100.89999999999998,,,140.6,,,,,,,,,,,,,,,,,,
,,,,,,,,,,,,,,,,,,,,,,,,
Optimal Lineup - RotoWire,POS,Salary,Projection,2024-12-22 18:02,Roster %,Result,,,,,,,,,,,,,,,,,,
Cooper Rush,QB,7000,16.1,Slate: SNF-MNF,16.1,19.1,,,,,,,,,,,,,,,,,,
Rico Dowdle,RB,7300,15,,15,14.9,,,,,,,,,,,,,,,,,,
Bucky Irving,RB,7800,14.4,,14.4,14.9,,,,,,,,,,,,,,,,,,
Mike Evans,WR,8800,16,,16,32.4,,,,,,,,,,,,,,,,,,
Jalen McMillan,WR,5800,8,,8,16,,,,,,,,,,,,,,,,,,
CeeDee Lamb,WR,8500,15.3,,15.3,22.1,,,,,,,,,,,,,,,,,,
Jake Ferguson,TE,5300,8,,8,3.3,,,,,,,,,,,,,,,,,,
Sterling Shepard,FLEX,5200,6.4,,6.4,2.1,,,,,,,,,,,,,,,,,,
Buccaneers,DST,4300,6.6,,6.6,8,,,,,,,,,,,,,,,,,,
Total,,60000,105.8,,,132.8,,,,,,,,,,,,,,,,,,
,,,,,,,,,,,,,,,,,,,,,,,,
Optimal Lineup - DraftEdge,POS,Salary,Projection,2024-12-22 18:02,Roster %,Result,,,,,,,,,,,,,,,,,,
Cooper Rush,QB,7000,16.2,Slate: SNF-MNF,16.1,19.1,,,,,,,,,,,,,,,,,,
Rico Dowdle,RB,7300,18.6,,15,14.9,,,,,,,,,,,,,,,,,,
Bucky Irving,RB,7800,15.9,,14.4,14.9,,,,,,,,,,,,,,,,,,
Mike Evans,WR,8800,19.1,,16,32.4,,,,,,,,,,,,,,,,,,
Jalen McMillan,WR,5800,10.3,,8,16,,,,,,,,,,,,,,,,,,
CeeDee Lamb,WR,8500,19.7,,15.3,22.1,,,,,,,,,,,,,,,,,,
Jake Ferguson,TE,5300,11.7,,8,3.3,,,,,,,,,,,,,,,,,,
Sterling Shepard,FLEX,5200,8.6,,6.4,2.1,,,,,,,,,,,,,,,,,,
Buccaneers,DST,4300,6.5,,6.6,8,,,,,,,,,,,,,,,,,,
Total,,60000,126.6,,,132.8,,,,,,,,,,,,,,,,,,
,,,,,,,,,,,,,,,,,,,,,,,,
Optimal Lineup - FootballGuys,POS,Salary,Projection,2024-12-22 18:02,Roster %,Result,,,,,,,,,,,,,,,,,,
Baker Mayfield,QB,8100,20.51,Slate: SNF-MNF,18.9,29,,,,,,,,,,,,,,,,,,
Rico Dowdle,RB,7300,14.79,,15,14.9,,,,,,,,,,,,,,,,,,
Rachaad White,RB,7000,12.1,,11,13.1,,,,,,,,,,,,,,,,,,
Mike Evans,WR,8800,16.73,,16,32.4,,,,,,,,,,,,,,,,,,
Jalen McMillan,WR,5800,8.83,,8,16,,,,,,,,,,,,,,,,,,
CeeDee Lamb,WR,8500,15.86,,15.3,22.1,,,,,,,,,,,,,,,,,,
Jake Ferguson,TE,5300,7.42,,8,3.3,,,,,,,,,,,,,,,,,,
Jalen Tolbert,FLEX,4900,5.1,,4.1,7.6,,,,,,,,,,,,,,,,,,
Buccaneers,DST,4300,9.03,,6.6,8,,,,,,,,,,,,,,,,,,
Total,,60000,110.36999999999999,,,146.4,,,,,,,,,,,,,,,,,,
,,,,,,,,,,,,,,,,,,,,,,,,
Optimal Lineup - FantasyLabs,POS,Salary,Projection,2024-12-22 18:02,Roster %,Result,,,,,,,,,,,,,,,,,,
Baker Mayfield,QB,8100,19.12,Slate: SNF-MNF,18.9,29,,,,,,,,,,,,,,,,,,
Rico Dowdle,RB,7300,15.48,,15,14.9,,,,,,,,,,,,,,,,,,
Rachaad White,RB,7000,10.35,,11,13.1,,,,,,,,,,,,,,,,,,
Mike Evans,WR,8800,16.07,,16,32.4,,,,,,,,,,,,,,,,,,
Jalen McMillan,WR,5800,7.68,,8,16,,,,,,,,,,,,,,,,,,
CeeDee Lamb,WR,8500,14.94,,15.3,22.1,,,,,,,,,,,,,,,,,,
Jake Ferguson,TE,5300,7.11,,8,3.3,,,,,,,,,,,,,,,,,,
Sterling Shepard,FLEX,5200,6.91,,6.4,2.1,,,,,,,,,,,,,,,,,,
Cowboys,DST,3400,6.6,,5.7,15,,,,,,,,,,,,,,,,,,
Total,,59400,104.25999999999999,,,147.9,,,,,,,,,,,,,,,,,,
,,,,,,,,,,,,,,,,,,,,,,,,
Optimal Lineup - SportsLine,POS,Salary,Projection,2024-12-22 18:02,Roster %,Result,,,,,,,,,,,,,,,,,,
Baker Mayfield,QB,8100,21.47,Slate: SNF-MNF,18.9,29,,,,,,,,,,,,,,,,,,
Rico Dowdle,RB,7300,13.62,,15,14.9,,,,,,,,,,,,,,,,,,
Rachaad White,RB,7000,13.16,,11,13.1,,,,,,,,,,,,,,,,,,
Mike Evans,WR,8800,14.39,,16,32.4,,,,,,,,,,,,,,,,,,
Brandin Cooks,WR,5700,6.87,,6,4.9,,,,,,,,,,,,,,,,,,
Jalen McMillan,WR,5800,10.28,,8,16,,,,,,,,,,,,,,,,,,
Jake Ferguson,TE,5300,6.57,,8,3.3,,,,,,,,,,,,,,,,,,
CeeDee Lamb,FLEX,8500,14.53,,15.3,22.1,,,,,,,,,,,,,,,,,,
Cowboys,DST,3400,8.73,,5.7,15,,,,,,,,,,,,,,,,,,
Total,,59900,109.62000000000002,,,150.70000000000002,,,,,,,,,,,,,,,,,,
,,,,,,,,,,,,,,,,,,,,,,,,
Optimal Lineup - Weighted,POS,Salary,Projection,2024-12-22 18:09,Roster %,Result,,,,,,,,,,,,,,,,,,
Cooper Rush,QB,7000,15.900425925925926,Slate: SNF-MNF,16.1,19.1,,,,,,,,,,,,,,,,,,
Rico Dowdle,RB,7300,14.564953703703702,,15,14.9,,,,,,,,,,,,,,,,,,
Bucky Irving,RB,7800,14.337416666666668,,14.4,14.9,,,,,,,,,,,,,,,,,,
Mike Evans,WR,8800,16.191333333333333,,16,32.4,,,,,,,,,,,,,,,,,,
Jalen McMillan,WR,5800,9.018296296296295,,8,16,,,,,,,,,,,,,,,,,,
CeeDee Lamb,WR,8500,15.399629629629631,,15.3,22.1,,,,,,,,,,,,,,,,,,
Jake Ferguson,TE,5300,8.096564814814815,,8,3.3,,,,,,,,,,,,,,,,,,
Sterling Shepard,FLEX,5200,6.894490740740742,,6.4,2.1,,,,,,,,,,,,,,,,,,
Buccaneers,DST,4300,7.376203703703704,,6.6,8,,,,,,,,,,,,,,,,,,
Total,,60000,107.77931481481481,,,132.8,,,,,,,,,,,,,,,,,,
,,,,,,,,,,,,,,,,,,,,,,,,
Optimal Lineup - Weighted,POS,Salary,Projection,2024-12-23 14:57,Roster %,Result,,,,,,,,,,,,,,,,,,
Cooper Rush,QB,7000,16.09394074074074,Slate: Main,16.1,19.1,,,,,,,,,,,,,,,,,,
Rico Dowdle,RB,7300,14.645612962962964,,15,14.9,,,,,,,,,,,,,,,,,,
Bucky Irving,RB,7800,14.576433333333334,,14.4,14.9,,,,,,,,,,,,,,,,,,
Mike Evans,WR,8800,16.41351666666667,,16,32.4,,,,,,,,,,,,,,,,,,
Jalen McMillan,WR,5800,9.150687037037036,,8,16,,,,,,,,,,,,,,,,,,
CeeDee Lamb,WR,8500,15.535403703703704,,15.3,22.1,,,,,,,,,,,,,,,,,,
Jake Ferguson,TE,5300,8.334651851851852,,8,3.3,,,,,,,,,,,,,,,,,,
Sterling Shepard,FLEX,5200,7.215142592592593,,6.4,2.1,,,,,,,,,,,,,,,,,,
Buccaneers,DST,4300,7.617612962962963,,6.6,8,,,,,,,,,,,,,,,,,,
Total,,60000,109.58300185185186,,,132.8,,,,,,,,,,,,,,,,,,
,,,,,,,,,,,,,,,,,,,,,,,,
Optimal Lineup - Weighted,POS,Salary,Projection,2024-12-23 14:57,Roster %,,,,,,,,,,,,,,,,,,,
Cooper Rush,QB,7000,16.09394074074074,Slate: SNF-MNF,16.1,,,,,,,,,,,,,,,,,,,
Rico Dowdle,RB,7300,14.645612962962964,,15,,,,,,,,,,,,,,,,,,,
Bucky Irving,RB,7800,14.576433333333334,,14.4,,,,,,,,,,,,,,,,,,,
Mike Evans,WR,8800,16.41351666666667,,16,,,,,,,,,,,,,,,,,,,
Jalen McMillan,WR,5800,9.150687037037036,,8,,,,,,,,,,,,,,,,,,,
CeeDee Lamb,WR,8500,15.535403703703704,,15.3,,,,,,,,,,,,,,,,,,,
Jake Ferguson,TE,5300,8.334651851851852,,8,,,,,,,,,,,,,,,,,,,
Sterling Shepard,FLEX,5200,7.215142592592593,,6.4,,,,,,,,,,,,,,,,,,,
Buccaneers,DST,4300,7.617612962962963,,6.6,,,,,,,,,,,,,,,,,,,
Total,,60000,109.58300185185186,,,,,,,,,,,,,,,,,,,,,
,,,,,,,,,,,,,,,,,,,,,,,,
Optimal Lineup - Weighted,POS,Salary,Projection,2024-12-23 15:00,Roster %,,,,,,,,,,,,,,,,,,,
Baker Mayfield,QB,8100,19.498775925925926,Slate: SNF-MNF,18.9,,,,,,,,,,,,,,,,,,,
Rico Dowdle,RB,7300,14.645612962962964,,15,,,,,,,,,,,,,,,,,,,
Josh Jacobs,RB,8300,20.135785185185185,,19.4,,,,,,,,,,,,,,,,,,,
Mike Evans,WR,8800,16.41351666666667,,16,,,,,,,,,,,,,,,,,,,
Jalen McMillan,WR,5800,9.150687037037036,,8,,,,,,,,,,,,,,,,,,,
Romeo Doubs,WR,5600,9.076296296296295,,8,,,,,,,,,,,,,,,,,,,
Jake Ferguson,TE,5300,8.334651851851852,,8,,,,,,,,,,,,,,,,,,,
Kendre Miller,FLEX,6100,10.891885185185185,,10.8,,,,,,,,,,,,,,,,,,,
Packers,DST,4600,10.284340740740742,,9.1,,,,,,,,,,,,,,,,,,,
Total,,59900,118.43155185185185,,,,,,,,,,,,,,,,,,,,,
,,,,,,,,,,,,,,,,,,,,,,,,
Optimal Lineup - Weighted,POS,Salary,Projection,2024-12-25 12:03,Roster %,,,,,,,,,,,,,,,,,,,
Lamar Jackson,QB,8600,22.786516666666667,Slate: Wed-Thu,38.42,,,,,,,,,,,,,,,,,,,
Joe Mixon,RB,8000,15.771212962962966,,60.1,,,,,,,,,,,,,,,,,,,
Jaylen Warren,RB,5700,9.573301851851852,,34.81,,,,,,,,,,,,,,,,,,,
DeAndre Hopkins,WR,6000,8.619885185185186,,29.1,,,,,,,,,,,,,,,,,,,
Nico Collins,WR,9200,16.95165,,56.6,,,,,,,,,,,,,,,,,,,
Zay Flowers,WR,7500,13.07894814814815,,61.3,,,,,,,,,,,,,,,,,,,
Pat Freiermuth,TE,5300,7.491857407407409,,19,,,,,,,,,,,,,,,,,,,
Dalton Schultz,FLEX,5500,8.294016666666666,,18.2,,,,,,,,,,,,,,,,,,,
Ravens,DST,4200,8.169205555555557,,15.2,,,,,,,,,,,,,,,,,,,
Total,,60000,110.73659444444445,,,,,,,,,,,,,,,,,,,,,
,,,,,,,,,,,,,,,,,,,,,,,,
Optimal Lineup - AVG,POS,Salary,Projection,2024-12-25 12:03,Roster %,,,,,,,,,,,,,,,,,,,
Lamar Jackson,QB,8600,22.706666666666667,Slate: Wed-Thu,38.42,,,,,,,,,,,,,,,,,,,
Joe Mixon,RB,8000,15.692962962962964,,60.1,,,,,,,,,,,,,,,,,,,
Jaylen Warren,RB,5700,9.50185185185185,,34.81,,,,,,,,,,,,,,,,,,,
DeAndre Hopkins,WR,6000,8.835185185185185,,29.1,,,,,,,,,,,,,,,,,,,
Nico Collins,WR,9200,16.929999999999996,,56.6,,,,,,,,,,,,,,,,,,,
Zay Flowers,WR,7500,13.098148148148148,,61.3,,,,,,,,,,,,,,,,,,,
Pat Freiermuth,TE,5300,7.597407407407407,,19,,,,,,,,,,,,,,,,,,,
Dalton Schultz,FLEX,5500,8.276666666666667,,18.2,,,,,,,,,,,,,,,,,,,
Ravens,DST,4200,8.085555555555556,,15.2,,,,,,,,,,,,,,,,,,,
Total,,60000,110.72444444444443,,,,,,,,,,,,,,,,,,,,,
,,,,,,,,,,,,,,,,,,,,,,,,
Optimal Lineup - My Projection,POS,Salary,Projection,2024-12-25 12:03,Roster %,,,,,,,,,,,,,,,,,,,
Lamar Jackson,QB,8600,24.400000000000002,Slate: Wed-Thu,38.42,,,,,,,,,,,,,,,,,,,
Joe Mixon,RB,8000,16.76666666666667,,60.1,,,,,,,,,,,,,,,,,,,
Isiah Pacheco,RB,5900,11.516666666666666,,24.51,,,,,,,,,,,,,,,,,,,
Rashod Bateman,WR,6200,14.283333333333333,,24.6,,,,,,,,,,,,,,,,,,,
DeAndre Hopkins,WR,6000,12.166666666666666,,29.1,,,,,,,,,,,,,,,,,,,
Nico Collins,WR,9200,19.45,,56.6,,,,,,,,,,,,,,,,,,,
Pat Freiermuth,TE,5300,13.666666666666666,,19,,,,,,,,,,,,,,,,,,,
Xavier Worthy,FLEX,6600,13.066666666666665,,33.5,,,,,,,,,,,,,,,,,,,
Ravens,DST,4200,11.35,,15.2,,,,,,,,,,,,,,,,,,,
Total,,60000,136.66666666666669,,,,,,,,,,,,,,,,,,,,,
,,,,,,,,,,,,,,,,,,,,,,,,
Optimal Lineup - DFF,POS,Salary,Projection,2024-12-25 12:03,Roster %,,,,,,,,,,,,,,,,,,,
Lamar Jackson,QB,8600,22.9,Slate: Wed-Thu,38.42,,,,,,,,,,,,,,,,,,,
Derrick Henry,RB,9200,18.4,,70.1,,,,,,,,,,,,,,,,,,,
Joe Mixon,RB,8000,15.3,,60.1,,,,,,,,,,,,,,,,,,,
George Pickens,WR,7300,11.8,,32.9,,,,,,,,,,,,,,,,,,,
Zay Flowers,WR,7500,12.2,,61.3,,,,,,,,,,,,,,,,,,,
Devontez Walker,WR,4000,1.5,,0.13,,,,,,,,,,,,,,,,,,,
Dalton Schultz,TE,5500,8,,18.2,,,,,,,,,,,,,,,,,,,
Jaylen Warren,FLEX,5700,9.5,,34.81,,,,,,,,,,,,,,,,,,,
Ravens,DST,4200,8.1,,15.2,,,,,,,,,,,,,,,,,,,
Total,,60000,107.69999999999999,,,,,,,,,,,,,,,,,,,,,
,,,,,,,,,,,,,,,,,,,,,,,,
Optimal Lineup - F6P,POS,Salary,Projection,2024-12-25 12:04,Roster %,,,,,,,,,,,,,,,,,,,
Lamar Jackson,QB,8600,22.3,Slate: Wed-Thu,38.42,,,,,,,,,,,,,,,,,,,
Joe Mixon,RB,8000,15.34,,60.1,,,,,,,,,,,,,,,,,,,
Jaylen Warren,RB,5700,9.77,,34.81,,,,,,,,,,,,,,,,,,,
George Pickens,WR,7300,11.79,,32.9,,,,,,,,,,,,,,,,,,,
Zay Flowers,WR,7500,12.59,,61.3,,,,,,,,,,,,,,,,,,,
Xavier Worthy,WR,6600,10.18,,33.5,,,,,,,,,,,,,,,,,,,
Mark Andrews,TE,6100,8.7,,25.71,,,,,,,,,,,,,,,,,,,
Isiah Pacheco,FLEX,5900,9.15,,24.51,,,,,,,,,,,,,,,,,,,
Ravens,DST,4200,7.01,,15.2,,,,,,,,,,,,,,,,,,,
Total,,59900,106.83000000000001,,,,,,,,,,,,,,,,,,,,,
,,,,,,,,,,,,,,,,,,,,,,,,
Optimal Lineup - NumberFire,POS,Salary,Projection,2024-12-25 12:04,Roster %,,,,,,,,,,,,,,,,,,,
Lamar Jackson,QB,8600,22.9,Slate: Wed-Thu,38.42,,,,,,,,,,,,,,,,,,,
Derrick Henry,RB,9200,18.4,,70.1,,,,,,,,,,,,,,,,,,,
Joe Mixon,RB,8000,15.3,,60.1,,,,,,,,,,,,,,,,,,,
George Pickens,WR,7300,11.8,,32.9,,,,,,,,,,,,,,,,,,,
Zay Flowers,WR,7500,12.2,,61.3,,,,,,,,,,,,,,,,,,,
Devontez Walker,WR,4000,1.5,,0.13,,,,,,,,,,,,,,,,,,,
Dalton Schultz,TE,5500,8,,18.2,,,,,,,,,,,,,,,,,,,
Jaylen Warren,FLEX,5700,9.5,,34.81,,,,,,,,,,,,,,,,,,,
Ravens,DST,4200,8.1,,15.2,,,,,,,,,,,,,,,,,,,
Total,,60000,107.69999999999999,,,,,,,,,,,,,,,,,,,,,
,,,,,,,,,,,,,,,,,,,,,,,,
Optimal Lineup - RotoWire,POS,Salary,Projection,2024-12-25 12:04,Roster %,,,,,,,,,,,,,,,,,,,
Lamar Jackson,QB,8600,21.67,Slate: Wed-Thu,38.42,,,,,,,,,,,,,,,,,,,
Joe Mixon,RB,8000,16.36,,60.1,,,,,,,,,,,,,,,,,,,
Jaylen Warren,RB,5700,11.08,,34.81,,,,,,,,,,,,,,,,,,,
George Pickens,WR,7300,13.92,,32.9,,,,,,,,,,,,,,,,,,,
Hollywood Brown,WR,6400,10.74,,39,,,,,,,,,,,,,,,,,,,
DeAndre Hopkins,WR,6000,10.56,,29.1,,,,,,,,,,,,,,,,,,,
Travis Kelce,TE,6400,11.02,,24.05,,,,,,,,,,,,,,,,,,,
Zay Flowers,FLEX,7500,14.02,,61.3,,,,,,,,,,,,,,,,,,,
Steelers,DST,4000,5.57,,33.8,,,,,,,,,,,,,,,,,,,
Total,,59900,114.94,,,,,,,,,,,,,,,,,,,,,
,,,,,,,,,,,,,,,,,,,,,,,,
Optimal Lineup - DraftEdge,POS,Salary,Projection,2024-12-25 12:04,Roster %,,,,,,,,,,,,,,,,,,,
Lamar Jackson,QB,8600,22.9,Slate: Wed-Thu,38.42,,,,,,,,,,,,,,,,,,,
Derrick Henry,RB,9200,18.4,,70.1,,,,,,,,,,,,,,,,,,,
Joe Mixon,RB,8000,15.3,,60.1,,,,,,,,,,,,,,,,,,,
George Pickens,WR,7300,11.8,,32.9,,,,,,,,,,,,,,,,,,,
Zay Flowers,WR,7500,12.2,,61.3,,,,,,,,,,,,,,,,,,,
Devontez Walker,WR,4000,1.5,,0.13,,,,,,,,,,,,,,,,,,,
Dalton Schultz,TE,5500,8,,18.2,,,,,,,,,,,,,,,,,,,
Jaylen Warren,FLEX,5700,9.5,,34.81,,,,,,,,,,,,,,,,,,,
Ravens,DST,4200,8.1,,15.2,,,,,,,,,,,,,,,,,,,
Total,,60000,107.69999999999999,,,,,,,,,,,,,,,,,,,,,
,,,,,,,,,,,,,,,,,,,,,,,,
Optimal Lineup - FootballGuys,POS,Salary,Projection,2024-12-25 12:04,Roster %,,,,,,,,,,,,,,,,,,,
Lamar Jackson,QB,8600,23.29,Slate: Wed-Thu,38.42,,,,,,,,,,,,,,,,,,,
Joe Mixon,RB,8000,17.35,,60.1,,,,,,,,,,,,,,,,,,,
Jaylen Warren,RB,5700,9.57,,34.81,,,,,,,,,,,,,,,,,,,
George Pickens,WR,7300,12.81,,32.9,,,,,,,,,,,,,,,,,,,
Zay Flowers,WR,7500,13.34,,61.3,,,,,,,,,,,,,,,,,,,
Xavier Worthy,WR,6600,10.22,,33.5,,,,,,,,,,,,,,,,,,,
Mark Andrews,TE,6100,10.05,,25.71,,,,,,,,,,,,,,,,,,,
Najee Harris,FLEX,6000,9.86,,26.26,,,,,,,,,,,,,,,,,,,
Ravens,DST,4200,9.63,,15.2,,,,,,,,,,,,,,,,,,,
Total,,60000,116.11999999999999,,,,,,,,,,,,,,,,,,,,,
,,,,,,,,,,,,,,,,,,,,,,,,
Optimal Lineup - FantasyLabs,POS,Salary,Projection,2024-12-25 12:04,Roster %,,,,,,,,,,,,,,,,,,,
Patrick Mahomes,QB,7500,19.12,Slate: Wed-Thu,24.51,,,,,,,,,,,,,,,,,,,
Joe Mixon,RB,8000,14.66,,60.1,,,,,,,,,,,,,,,,,,,
Jaylen Warren,RB,5700,8.77,,34.81,,,,,,,,,,,,,,,,,,,
Nico Collins,WR,9200,17.19,,56.6,,,,,,,,,,,,,,,,,,,
Zay Flowers,WR,7500,12.73,,61.3,,,,,,,,,,,,,,,,,,,
Xavier Worthy,WR,6600,9.88,,33.5,,,,,,,,,,,,,,,,,,,
Mark Andrews,TE,6100,8.87,,25.71,,,,,,,,,,,,,,,,,,,
Isaiah Likely,FLEX,5200,6.68,,11.33,,,,,,,,,,,,,,,,,,,
Ravens,DST,4200,6.7,,15.2,,,,,,,,,,,,,,,,,,,
Total,,60000,104.60000000000001,,,,,,,,,,,,,,,,,,,,,
,,,,,,,,,,,,,,,,,,,,,,,,
Optimal Lineup - SportsLine,POS,Salary,Projection,2024-12-25 12:04,Roster %,,,,,,,,,,,,,,,,,,,
Lamar Jackson,QB,8600,22.56,Slate: Wed-Thu,38.42,,,,,,,,,,,,,,,,,,,
Joe Mixon,RB,8000,14.86,,60.1,,,,,,,,,,,,,,,,,,,
Jaylen Warren,RB,5700,8.61,,34.81,,,,,,,,,,,,,,,,,,,
Rashod Bateman,WR,6200,9.85,,24.6,,,,,,,,,,,,,,,,,,,
DeAndre Hopkins,WR,6000,9.34,,29.1,,,,,,,,,,,,,,,,,,,
Nico Collins,WR,9200,15.88,,56.6,,,,,,,,,,,,,,,,,,,
Travis Kelce,TE,6400,10.75,,24.05,,,,,,,,,,,,,,,,,,,
Isiah Pacheco,FLEX,5900,8.58,,24.51,,,,,,,,,,,,,,,,,,,
Steelers,DST,4000,7.98,,33.8,,,,,,,,,,,,,,,,,,,
Total,,60000,108.41,,,,,,,,,,,,,,,,,,,,,
,,,,,,,,,,,,,,,,,,,,,,,,
Optimal Lineup - Weighted,POS,Salary,Projection,2024-12-25 12:39,Roster %,,,,,,,,,,,,,,,,,,,
Lamar Jackson,QB,8600,22.786516666666667,Slate: Wed-Thu,38.42,,,,,,,,,,,,,,,,,,,
Joe Mixon,RB,8000,15.771212962962966,,60.1,,,,,,,,,,,,,,,,,,,
Jaylen Warren,RB,5700,9.573301851851852,,34.81,,,,,,,,,,,,,,,,,,,
DeAndre Hopkins,WR,6000,8.619885185185186,,29.1,,,,,,,,,,,,,,,,,,,
Nico Collins,WR,9200,16.95165,,56.6,,,,,,,,,,,,,,,,,,,
Xavier Worthy,WR,6600,10.383640740740741,,33.5,,,,,,,,,,,,,,,,,,,
Mark Andrews,TE,6100,9.502431481481482,,25.71,,,,,,,,,,,,,,,,,,,
Dalton Schultz,FLEX,5500,8.294016666666666,,18.2,,,,,,,,,,,,,,,,,,,
Ravens,DST,4200,8.169205555555557,,15.2,,,,,,,,,,,,,,,,,,,
Total,,59900,110.05186111111112,,,,,,,,,,,,,,,,,,,,,
,,,,,,,,,,,,,,,,,,,,,,,,
Optimal Lineup - Weighted,POS,Salary,Projection,2024-12-29 11:26,Roster %,,,,,,,,,,,,,,,,,,,
Josh Allen,QB,9100,23.080227777777775,Slate: Main,15.8,,,,,,,,,,,,,,,,,,,
Saquon Barkley,RB,9600,21.98500740740741,,26.4,,,,,,,,,,,,,,,,,,,
Jonathan Taylor,RB,8400,18.614207407407406,,15.58,,,,,,,,,,,,,,,,,,,
Romeo Doubs,WR,5600,10.05783888888889,,6.71,,,,,,,,,,,,,,,,,,,
Calvin Ridley,WR,6300,11.894270370370371,,15.1,,,,,,,,,,,,,,,,,,,
Adam Thielen,WR,6200,11.191414814814815,,11.68,,,,,,,,,,,,,,,,,,,
T.J. Hockenson,TE,5700,9.475751851851854,,11.5,,,,,,,,,,,,,,,,,,,
Tyjae Spears,FLEX,5800,13.98904074074074,,28.9,,,,,,,,,,,,,,,,,,,
Raiders,DST,3200,7.997896296296298,,18,,,,,,,,,,,,,,,,,,,
Total,,59900,128.28565555555556,,,,,,,,,,,,,,,,,,,,,
,,,,,,,,,,,,,,,,,,,,,,,,
Optimal Lineup - AVG,POS,Salary,Projection,2024-12-29 11:26,Roster %,,,,,,,,,,,,,,,,,,,
Josh Allen,QB,9100,23.147777777777783,Slate: Main,15.8,,,,,,,,,,,,,,,,,,,
Saquon Barkley,RB,9600,21.63740740740741,,26.4,,,,,,,,,,,,,,,,,,,
Jonathan Taylor,RB,8400,18.507407407407406,,15.58,,,,,,,,,,,,,,,,,,,
Romeo Doubs,WR,5600,10.038888888888888,,6.71,,,,,,,,,,,,,,,,,,,
Calvin Ridley,WR,6300,11.880370370370372,,15.1,,,,,,,,,,,,,,,,,,,
Adam Thielen,WR,6200,11.154814814814817,,11.68,,,,,,,,,,,,,,,,,,,
T.J. Hockenson,TE,5700,9.371851851851853,,11.5,,,,,,,,,,,,,,,,,,,
Tyjae Spears,FLEX,5800,13.82074074074074,,28.9,,,,,,,,,,,,,,,,,,,
Raiders,DST,3200,7.8962962962962955,,18,,,,,,,,,,,,,,,,,,,
Total,,59900,127.45555555555558,,,,,,,,,,,,,,,,,,,,,
,,,,,,,,,,,,,,,,,,,,,,,,
Optimal Lineup - My Projection,POS,Salary,Projection,2024-12-29 11:27,Roster %,,,,,,,,,,,,,,,,,,,
Josh Allen,QB,9100,23.950000000000003,Slate: Main,15.8,,,,,,,,,,,,,,,,,,,
Bucky Irving,RB,8000,20.633333333333333,,25.5,,,,,,,,,,,,,,,,,,,
Jonathan Taylor,RB,8400,20.316666666666666,,15.58,,,,,,,,,,,,,,,,,,,
Terry McLaurin,WR,7900,19.066666666666666,,12.9,,,,,,,,,,,,,,,,,,,
Romeo Doubs,WR,5600,14.65,,6.71,,,,,,,,,,,,,,,,,,,
Dontayvion Wicks,WR,5200,12.883333333333335,,12.2,,,,,,,,,,,,,,,,,,,
T.J. Hockenson,TE,5700,13.166666666666666,,11.5,,,,,,,,,,,,,,,,,,,
Rachaad White,FLEX,6800,18.466666666666665,,13.95,,,,,,,,,,,,,,,,,,,
Raiders,DST,3200,10.816666666666668,,18,,,,,,,,,,,,,,,,,,,
Total,,59900,153.95000000000002,,,,,,,,,,,,,,,,,,,,,
,,,,,,,,,,,,,,,,,,,,,,,,
Optimal Lineup - DFF,POS,Salary,Projection,2024-12-29 11:27,Roster %,,,,,,,,,,,,,,,,,,,
Josh Allen,QB,9100,22.6,Slate: Main,15.8,,,,,,,,,,,,,,,,,,,
Bucky Irving,RB,8000,17.7,,25.5,,,,,,,,,,,,,,,,,,,
Jonathan Taylor,RB,8400,18.8,,15.58,,,,,,,,,,,,,,,,,,,
Brian Thomas Jr.,WR,7500,15.3,,24.5,,,,,,,,,,,,,,,,,,,
Josh Downs,WR,6100,11.2,,18.6,,,,,,,,,,,,,,,,,,,
Adam Thielen,WR,6200,11.3,,11.68,,,,,,,,,,,,,,,,,,,
T.J. Hockenson,TE,5700,9.3,,11.5,,,,,,,,,,,,,,,,,,,
Tyjae Spears,FLEX,5800,14.2,,28.9,,,,,,,,,,,,,,,,,,,
Raiders,DST,3200,7.3,,18,,,,,,,,,,,,,,,,,,,
Total,,60000,127.69999999999999,,,,,,,,,,,,,,,,,,,,,
,,,,,,,,,,,,,,,,,,,,,,,,
Optimal Lineup - F6P,POS,Salary,Projection,2024-12-29 11:27,Roster %,,,,,,,,,,,,,,,,,,,
Josh Allen,QB,9100,23.82,Slate: Main,15.8,,,,,,,,,,,,,,,,,,,
Saquon Barkley,RB,9600,21.58,,26.4,,,,,,,,,,,,,,,,,,,
Jonathan Taylor,RB,8400,17.74,,15.58,,,,,,,,,,,,,,,,,,,
Josh Downs,WR,6100,10.65,,18.6,,,,,,,,,,,,,,,,,,,
Jalen McMillan,WR,5900,9.63,,15.52,,,,,,,,,,,,,,,,,,,
Adam Thielen,WR,6200,10.43,,11.68,,,,,,,,,,,,,,,,,,,
T.J. Hockenson,TE,5700,8.76,,11.5,,,,,,,,,,,,,,,,,,,
Tyjae Spears,FLEX,5800,13.8,,28.9,,,,,,,,,,,,,,,,,,,
Raiders,DST,3200,7.22,,18,,,,,,,,,,,,,,,,,,,
Total,,60000,123.63,,,,,,,,,,,,,,,,,,,,,
,,,,,,,,,,,,,,,,,,,,,,,,
Optimal Lineup - NumberFire,POS,Salary,Projection,2024-12-29 11:27,Roster %,,,,,,,,,,,,,,,,,,,
Josh Allen,QB,9100,23.6,Slate: Main,15.8,,,,,,,,,,,,,,,,,,,
Saquon Barkley,RB,9600,23.8,,26.4,,,,,,,,,,,,,,,,,,,
Jonathan Taylor,RB,8400,16.4,,15.58,,,,,,,,,,,,,,,,,,,
Jordan Addison,WR,7000,12.9,,9.73,,,,,,,,,,,,,,,,,,,
Michael Pittman Jr.,WR,5900,9.9,,6.46,,,,,,,,,,,,,,,,,,,
Romeo Doubs,WR,5600,10.7,,6.71,,,,,,,,,,,,,,,,,,,
Zach Ertz,TE,5000,6.6,,7.5,,,,,,,,,,,,,,,,,,,
Tyjae Spears,FLEX,5800,15.4,,28.9,,,,,,,,,,,,,,,,,,,
Jaguars,DST,3600,8.2,,4.24,,,,,,,,,,,,,,,,,,,
Total,,60000,127.50000000000001,,,,,,,,,,,,,,,,,,,,,
,,,,,,,,,,,,,,,,,,,,,,,,
Optimal Lineup - RotoWire,POS,Salary,Projection,2024-12-29 11:27,Roster %,,,,,,,,,,,,,,,,,,,
Josh Allen,QB,9100,23.59,Slate: Main,15.8,,,,,,,,,,,,,,,,,,,
De'Von Achane,RB,8200,19.06,,17.5,,,,,,,,,,,,,,,,,,,
Jonathan Taylor,RB,8400,16.96,,15.58,,,,,,,,,,,,,,,,,,,
Brian Thomas Jr.,WR,7500,16.43,,24.5,,,,,,,,,,,,,,,,,,,
Jakobi Meyers,WR,6600,13.62,,15.5,,,,,,,,,,,,,,,,,,,
Xavier Legette,WR,4900,9.59,,5.98,,,,,,,,,,,,,,,,,,,
Brock Bowers,TE,7600,15.33,,13.4,,,,,,,,,,,,,,,,,,,
Raheem Blackshear,FLEX,4500,9.74,,9.6,,,,,,,,,,,,,,,,,,,
Raiders,DST,3200,6.42,,18,,,,,,,,,,,,,,,,,,,
Total,,60000,130.73999999999998,,,,,,,,,,,,,,,,,,,,,
,,,,,,,,,,,,,,,,,,,,,,,,
Optimal Lineup - DraftEdge,POS,Salary,Projection,2024-12-29 11:27,Roster %,,,,,,,,,,,,,,,,,,,
Josh Allen,QB,9100,22.2,Slate: Main,15.8,,,,,,,,,,,,,,,,,,,
De'Von Achane,RB,8200,18.9,,17.5,,,,,,,,,,,,,,,,,,,
Jonathan Taylor,RB,8400,19.7,,15.58,,,,,,,,,,,,,,,,,,,
Brian Thomas Jr.,WR,7500,15.3,,24.5,,,,,,,,,,,,,,,,,,,
Calvin Ridley,WR,6300,12.5,,15.1,,,,,,,,,,,,,,,,,,,
Dontayvion Wicks,WR,5200,9.8,,12.2,,,,,,,,,,,,,,,,,,,
T.J. Hockenson,TE,5700,9.5,,11.5,,,,,,,,,,,,,,,,,,,
Jamaal Williams,FLEX,5400,11.5,,0.08,,,,,,,,,,,,,,,,,,,
Jaguars,DST,3600,8.2,,4.24,,,,,,,,,,,,,,,,,,,
Total,,59400,127.6,,,,,,,,,,,,,,,,,,,,,
,,,,,,,,,,,,,,,,,,,,,,,,
Optimal Lineup - FootballGuys,POS,Salary,Projection,2024-12-29 11:27,Roster %,,,,,,,,,,,,,,,,,,,
Josh Allen,QB,9100,22.71,Slate: Main,15.8,,,,,,,,,,,,,,,,,,,
Josh Jacobs,RB,8300,19,,16.09,,,,,,,,,,,,,,,,,,,
Jonathan Taylor,RB,8400,20.42,,15.58,,,,,,,,,,,,,,,,,,,
Brian Thomas Jr.,WR,7500,15.3,,24.5,,,,,,,,,,,,,,,,,,,
Josh Downs,WR,6100,11.37,,18.6,,,,,,,,,,,,,,,,,,,
Calvin Ridley,WR,6300,12.06,,15.1,,,,,,,,,,,,,,,,,,,
Tucker Kraft,TE,5200,7.41,,7.25,,,,,,,,,,,,,,,,,,,
Tyjae Spears,FLEX,5800,16.1,,28.9,,,,,,,,,,,,,,,,,,,
Raiders,DST,3200,10.82,,18,,,,,,,,,,,,,,,,,,,
Total,,59900,135.19,,,,,,,,,,,,,,,,,,,,,
,,,,,,,,,,,,,,,,,,,,,,,,
Optimal Lineup - FantasyLabs,POS,Salary,Projection,2024-12-29 11:27,Roster %,,,,,,,,,,,,,,,,,,,
Josh Allen,QB,9100,22.03,Slate: Main,15.8,,,,,,,,,,,,,,,,,,,
Saquon Barkley,RB,9600,21.39,,26.4,,,,,,,,,,,,,,,,,,,
Jonathan Taylor,RB,8400,18.17,,15.58,,,,,,,,,,,,,,,,,,,
Brian Thomas Jr.,WR,7500,14.56,,24.5,,,,,,,,,,,,,,,,,,,
Josh Downs,WR,6100,12.14,,18.6,,,,,,,,,,,,,,,,,,,
Xavier Legette,WR,4900,7.79,,5.98,,,,,,,,,,,,,,,,,,,
Zach Ertz,TE,5000,7.53,,7.5,,,,,,,,,,,,,,,,,,,
Tyjae Spears,FLEX,5800,14.14,,28.9,,,,,,,,,,,,,,,,,,,
Jaguars,DST,3600,7.64,,4.24,,,,,,,,,,,,,,,,,,,
Total,,60000,125.39000000000001,,,,,,,,,,,,,,,,,,,,,
,,,,,,,,,,,,,,,,,,,,,,,,
Optimal Lineup - SportsLine,POS,Salary,Projection,2024-12-29 11:27,Roster %,,,,,,,,,,,,,,,,,,,
Josh Allen,QB,9100,23.83,Slate: Main,15.8,,,,,,,,,,,,,,,,,,,
Jonathan Taylor,RB,8400,18.06,,15.58,,,,,,,,,,,,,,,,,,,
Tyjae Spears,RB,5800,14.85,,28.9,,,,,,,,,,,,,,,,,,,
Terry McLaurin,WR,7900,16.09,,12.9,,,,,,,,,,,,,,,,,,,
Brian Thomas Jr.,WR,7500,15.3,,24.5,,,,,,,,,,,,,,,,,,,
Josh Downs,WR,6100,12.57,,18.6,,,,,,,,,,,,,,,,,,,
Zach Ertz,TE,5000,8.87,,7.5,,,,,,,,,,,,,,,,,,,
Jalen McMillan,FLEX,5900,11.67,,15.52,,,,,,,,,,,,,,,,,,,
Packers,DST,4200,10.86,,6.2,,,,,,,,,,,,,,,,,,,
Total,,59900,132.1,,,,,,,,,,,,,,,,,,,,,
,,,,,,,,,,,,,,,,,,,,,,,,
Optimal Lineup - DFF,POS,Salary,Projection,2024-12-29 12:41,Roster %,,,,,,,,,,,,,,,,,,,
Josh Allen,QB,9100,22.6,Slate: Main,15.8,,,,,,,,,,,,,,,,,,,
Bucky Irving,RB,8000,17.7,,25.5,,,,,,,,,,,,,,,,,,,
Jonathan Taylor,RB,8400,17.6,,15.51,,,,,,,,,,,,,,,,,,,
Brian Thomas Jr.,WR,7500,15.3,,24.5,,,,,,,,,,,,,,,,,,,
Josh Downs,WR,6100,12.6,,18.6,,,,,,,,,,,,,,,,,,,
Calvin Ridley,WR,6300,11.9,,15.1,,,,,,,,,,,,,,,,,,,
Jake Ferguson,TE,5500,8.7,,11.67,,,,,,,,,,,,,,,,,,,
Tyjae Spears,FLEX,5800,14.2,,28.9,,,,,,,,,,,,,,,,,,,
Raiders,DST,3200,7.3,,18,,,,,,,,,,,,,,,,,,,
Total,,59900,127.9,,,,,,,,,,,,,,,,,,,,,
,,,,,,,,,,,,,,,,,,,,,,,,
Optimal Lineup - NumberFire,POS,Salary,Projection,2024-12-29 12:41,Roster %,,,,,,,,,,,,,,,,,,,
Josh Allen,QB,9100,23.4,Slate: Main,15.8,,,,,,,,,,,,,,,,,,,
Saquon Barkley,RB,9600,23.8,,26.4,,,,,,,,,,,,,,,,,,,
Jonathan Taylor,RB,8400,16.4,,15.51,,,,,,,,,,,,,,,,,,,
Jordan Addison,WR,7000,12.9,,9.7,,,,,,,,,,,,,,,,,,,
Michael Pittman Jr.,WR,5900,9.9,,6.39,,,,,,,,,,,,,,,,,,,
Romeo Doubs,WR,5600,10.7,,7.38,,,,,,,,,,,,,,,,,,,
Chig Okonkwo,TE,5400,7.5,,8.33,,,,,,,,,,,,,,,,,,,
Tyjae Spears,FLEX,5800,15.4,,28.9,,,,,,,,,,,,,,,,,,,
Raiders,DST,3200,7.3,,18,,,,,,,,,,,,,,,,,,,
Total,,60000,127.30000000000001,,,,,,,,,,,,,,,,,,,,,
,,,,,,,,,,,,,,,,,,,,,,,,
Optimal Lineup - FootballGuys,POS,Salary,Projection,2024-12-29 12:41,Roster %,,,,,,,,,,,,,,,,,,,
Josh Allen,QB,9100,22.71,Slate: Main,15.8,,,,,,,,,,,,,,,,,,,
Josh Jacobs,RB,8300,19,,16.06,,,,,,,,,,,,,,,,,,,
Jonathan Taylor,RB,8400,20.43,,15.51,,,,,,,,,,,,,,,,,,,
Brian Thomas Jr.,WR,7500,15.3,,24.5,,,,,,,,,,,,,,,,,,,
Josh Downs,WR,6100,11.41,,18.6,,,,,,,,,,,,,,,,,,,
Jalen McMillan,WR,5900,10.73,,15.33,,,,,,,,,,,,,,,,,,,
T.J. Hockenson,TE,5700,8.56,,11.5,,,,,,,,,,,,,,,,,,,
Tyjae Spears,FLEX,5800,15.99,,28.9,,,,,,,,,,,,,,,,,,,
Raiders,DST,3200,10.82,,18,,,,,,,,,,,,,,,,,,,
Total,,60000,134.95,,,,,,,,,,,,,,,,,,,,,
,,,,,,,,,,,,,,,,,,,,,,,,
Optimal Lineup - FantasyLabs,POS,Salary,Projection,2024-12-29 12:41,Roster %,,,,,,,,,,,,,,,,,,,
Josh Allen,QB,9100,22.03,Slate: Main,15.8,,,,,,,,,,,,,,,,,,,
Saquon Barkley,RB,9600,21.39,,26.4,,,,,,,,,,,,,,,,,,,
Jonathan Taylor,RB,8400,18.17,,15.51,,,,,,,,,,,,,,,,,,,
Josh Downs,WR,6100,12.08,,18.6,,,,,,,,,,,,,,,,,,,
Jakobi Meyers,WR,6600,11.76,,15.5,,,,,,,,,,,,,,,,,,,
Adam Thielen,WR,6200,11,,11.31,,,,,,,,,,,,,,,,,,,
Zach Ertz,TE,5000,7.53,,7.5,,,,,,,,,,,,,,,,,,,
Tyjae Spears,FLEX,5800,14.14,,28.9,,,,,,,,,,,,,,,,,,,
Raiders,DST,3200,7.22,,18,,,,,,,,,,,,,,,,,,,
Total,,60000,125.32000000000001,,,,,,,,,,,,,,,,,,,,,
,,,,,,,,,,,,,,,,,,,,,,,,
Optimal Lineup - AVG,POS,Salary,Projection,2024-12-29 12:41,Roster %,,,,,,,,,,,,,,,,,,,
Josh Allen,QB,9100,23.060000000000002,Slate: Main,15.8,,,,,,,,,,,,,,,,,,,
Saquon Barkley,RB,9600,21.82777777777778,,26.4,,,,,,,,,,,,,,,,,,,
Jonathan Taylor,RB,8400,18.24851851851852,,15.51,,,,,,,,,,,,,,,,,,,
Josh Downs,WR,6100,11.897777777777778,,18.6,,,,,,,,,,,,,,,,,,,
Romeo Doubs,WR,5600,10.316296296296295,,7.38,,,,,,,,,,,,,,,,,,,
Calvin Ridley,WR,6300,11.963703703703706,,15.1,,,,,,,,,,,,,,,,,,,
T.J. Hockenson,TE,5700,9.796296296296298,,11.5,,,,,,,,,,,,,,,,,,,
Tyjae Spears,FLEX,5800,14.709629629629628,,28.9,,,,,,,,,,,,,,,,,,,
Raiders,DST,3200,8.057407407407407,,18,,,,,,,,,,,,,,,,,,,
Total,,59800,129.87740740740742,,,,,,,,,,,,,,,,,,,,,
,,,,,,,,,,,,,,,,,,,,,,,,
Optimal Lineup - Weighted,POS,Salary,Projection,2024-12-29 12:42,Roster %,,,,,,,,,,,,,,,,,,,
Josh Allen,QB,9100,23.00695,Slate: Main,15.8,,,,,,,,,,,,,,,,,,,
Saquon Barkley,RB,9600,22.12347777777778,,26.4,,,,,,,,,,,,,,,,,,,
Jonathan Taylor,RB,8400,18.262068518518518,,15.51,,,,,,,,,,,,,,,,,,,
Josh Downs,WR,6100,11.791627777777776,,18.6,,,,,,,,,,,,,,,,,,,
Romeo Doubs,WR,5600,10.329746296296296,,7.38,,,,,,,,,,,,,,,,,,,
Calvin Ridley,WR,6300,11.941353703703705,,15.1,,,,,,,,,,,,,,,,,,,
T.J. Hockenson,TE,5700,9.810696296296298,,11.5,,,,,,,,,,,,,,,,,,,
Tyjae Spears,FLEX,5800,14.67917962962963,,28.9,,,,,,,,,,,,,,,,,,,
Raiders,DST,3200,8.116707407407407,,18,,,,,,,,,,,,,,,,,,,
Total,,59800,130.0618074074074,,,,,,,,,,,,,,,,,,,,,
,,,,,,,,,,,,,,,,,,,,,,,,
Optimal Lineup - My Projection,POS,Salary,Projection,2024-12-29 12:42,Roster %,,,,,,,,,,,,,,,,,,,
Josh Allen,QB,9100,23.950000000000003,Slate: Main,15.8,,,,,,,,,,,,,,,,,,,
Bucky Irving,RB,8000,20.633333333333333,,25.5,,,,,,,,,,,,,,,,,,,
Jonathan Taylor,RB,8400,20.116666666666664,,15.51,,,,,,,,,,,,,,,,,,,
Terry McLaurin,WR,7900,19.066666666666666,,12.9,,,,,,,,,,,,,,,,,,,
Romeo Doubs,WR,5600,14.716666666666669,,7.38,,,,,,,,,,,,,,,,,,,
Dontayvion Wicks,WR,5200,13.133333333333335,,12.2,,,,,,,,,,,,,,,,,,,
T.J. Hockenson,TE,5700,13.166666666666666,,11.5,,,,,,,,,,,,,,,,,,,
Rachaad White,FLEX,6800,18.45,,13.89,,,,,,,,,,,,,,,,,,,
Raiders,DST,3200,10.816666666666668,,18,,,,,,,,,,,,,,,,,,,
Total,,59900,154.05,,,,,,,,,,,,,,,,,,,,,
,,,,,,,,,,,,,,,,,,,,,,,,
Optimal Lineup - Weighted,POS,Salary,Projection,2025-01-05 11:59,Roster %,,,,,,,,,,,,,,,,,,,
Baker Mayfield,QB,8400,20.88786481481482,Slate: Main,11.7,,,,,,,,,,,,,,,,,,,
Bijan Robinson,RB,9200,21.750511111111113,,29.3,,,,,,,,,,,,,,,,,,,
Jahmyr Gibbs,RB,8800,20.945859259259258,,20,,,,,,,,,,,,,,,,,,,
Drake London,WR,7000,14.906468518518519,,13.7,,,,,,,,,,,,,,,,,,,
Josh Downs,WR,6000,11.697294444444443,,9.41,,,,,,,,,,,,,,,,,,,
Jordan Whittington,WR,4200,7.445262962962962,,3.93,,,,,,,,,,,,,,,,,,,
Sam LaPorta,TE,6000,11.085594444444444,,10.5,,,,,,,,,,,,,,,,,,,
Michael Carter,FLEX,5800,13.102511111111111,,24.1,,,,,,,,,,,,,,,,,,,
Packers,DST,4600,9.62589814814815,,7.4,,,,,,,,,,,,,,,,,,,
Total,,60000,131.4472648148148,,,,,,,,,,,,,,,,,,,,,
,,,,,,,,,,,,,,,,,,,,,,,,
Optimal Lineup - AVG,POS,Salary,Projection,2025-01-05 11:59,Roster %,Result,,,,,,,,,,,,,,,,,,
Baker Mayfield,QB,8400,20.874814814814815,Slate: Main,11.7,29,,,,,,,,,,,,,,,,,,
Bijan Robinson,RB,9200,21.991111111111113,,29.3,14,,,,,,,,,,,,,,,,,,
Jahmyr Gibbs,RB,8800,21.18925925925926,,20,25.9,,,,,,,,,,,,,,,,,,
Drake London,WR,7000,15.098518518518517,,13.7,12.8,,,,,,,,,,,,,,,,,,
Josh Downs,WR,6000,11.794444444444444,,9.41,4.7,,,,,,,,,,,,,,,,,,
Jordan Whittington,WR,4200,7.652962962962963,,3.93,0,,,,,,,,,,,,,,,,,,
Sam LaPorta,TE,6000,11.024444444444445,,10.5,14.6,,,,,,,,,,,,,,,,,,
Michael Carter,FLEX,5800,13.121111111111112,,24.1,0,,,,,,,,,,,,,,,,,,
Packers,DST,4600,9.688148148148148,,7.4,15,,,,,,,,,,,,,,,,,,
Total,,60000,132.4348148148148,,,116,,,,,,,,,,,,,,,,,,
,,,,,,,,,,,,,,,,,,,,,,,,
Optimal Lineup - My Projection,POS,Salary,Projection,2025-01-05 11:59,Roster %,Result,,,,,,,,,,,,,,,,,,
Baker Mayfield,QB,8400,22.483333333333334,Slate: Main,11.7,29,,,,,,,,,,,,,,,,,,
Bijan Robinson,RB,9200,23.149999999999995,,29.3,14,,,,,,,,,,,,,,,,,,
Bucky Irving,RB,7900,20.849999999999998,,20.3,14,,,,,,,,,,,,,,,,,,
Jordan Addison,WR,7100,19.26666666666667,,12.9,9.8,,,,,,,,,,,,,,,,,,
Adam Thielen,WR,6400,17.35,,7.4,7.6,,,,,,,,,,,,,,,,,,
Jameson Williams,WR,6500,19.3,,12.2,11.2,,,,,,,,,,,,,,,,,,
Sam LaPorta,TE,6000,14.200000000000001,,10.5,14.6,,,,,,,,,,,,,,,,,,
Austin Ekeler,FLEX,4000,14.33333333333333,,1.03,0,,,,,,,,,,,,,,,,,,
Texans,DST,4500,13.633333333333333,,3.32,15,,,,,,,,,,,,,,,,,,
Total,,60000,164.56666666666666,,,115.19999999999999,,,,,,,,,,,,,,,,,,
,,,,,,,,,,,,,,,,,,,,,,,,
Optimal Lineup - DFF,POS,Salary,Projection,2025-01-05 11:59,Roster %,Result,,,,,,,,,,,,,,,,,,
Baker Mayfield,QB,8400,20.8,Slate: Main,11.7,29,,,,,,,,,,,,,,,,,,
Bijan Robinson,RB,9200,21.2,,29.3,14,,,,,,,,,,,,,,,,,,
Bucky Irving,RB,7900,19.1,,20.3,14,,,,,,,,,,,,,,,,,,
Courtland Sutton,WR,7300,14.6,,14.3,10.7,,,,,,,,,,,,,,,,,,
Drake London,WR,7000,14.7,,13.7,12.8,,,,,,,,,,,,,,,,,,
Jordan Whittington,WR,4200,7.1,,3.93,0,,,,,,,,,,,,,,,,,,
Brock Bowers,TE,7300,14.4,,22.2,5,,,,,,,,,,,,,,,,,,
Will Shipley,FLEX,4100,12.3,,10.4,0,,,,,,,,,,,,,,,,,,
Packers,DST,4600,8.9,,7.4,15,,,,,,,,,,,,,,,,,,
Total,,60000,133.1,,,100.5,,,,,,,,,,,,,,,,,,
,,,,,,,,,,,,,,,,,,,,,,,,
Optimal Lineup - F6P,POS,Salary,Projection,2025-01-05 11:59,Roster %,Result,,,,,,,,,,,,,,,,,,
Baker Mayfield,QB,8400,19.47,Slate: Main,11.7,29,,,,,,,,,,,,,,,,,,
Bijan Robinson,RB,9200,19.97,,29.3,14,,,,,,,,,,,,,,,,,,
Jahmyr Gibbs,RB,8800,20.32,,20,25.9,,,,,,,,,,,,,,,,,,
Drake London,WR,7000,13.68,,13.7,12.8,,,,,,,,,,,,,,,,,,
Jordan Addison,WR,7100,13.77,,12.9,9.8,,,,,,,,,,,,,,,,,,
Ricky Pearsall,WR,4900,8.18,,4.71,2.1,,,,,,,,,,,,,,,,,,
Sam LaPorta,TE,6000,10.45,,10.5,14.6,,,,,,,,,,,,,,,,,,
Miles Sanders,FLEX,4000,8.76,,5.58,0,,,,,,,,,,,,,,,,,,
Packers,DST,4600,8.75,,7.4,15,,,,,,,,,,,,,,,,,,
Total,,60000,123.35,,,123.19999999999999,,,,,,,,,,,,,,,,,,
,,,,,,,,,,,,,,,,,,,,,,,,
Optimal Lineup - NumberFire,POS,Salary,Projection,2025-01-05 11:59,Roster %,Result,,,,,,,,,,,,,,,,,,
Baker Mayfield,QB,8400,19.8,Slate: Main,11.7,29,,,,,,,,,,,,,,,,,,
Bijan Robinson,RB,9200,19.6,,29.3,14,,,,,,,,,,,,,,,,,,
Jahmyr Gibbs,RB,8800,19.4,,20,25.9,,,,,,,,,,,,,,,,,,
Jordan Addison,WR,7100,13.4,,12.9,9.8,,,,,,,,,,,,,,,,,,
Michael Pittman Jr.,WR,6200,11.7,,7.44,9.8,,,,,,,,,,,,,,,,,,
Jordan Whittington,WR,4200,7.9,,3.93,0,,,,,,,,,,,,,,,,,,
Sam LaPorta,TE,6000,10,,10.5,14.6,,,,,,,,,,,,,,,,,,
Blake Corum,FLEX,5500,12.8,,6.16,3,,,,,,,,,,,,,,,,,,
Packers,DST,4600,8.9,,7.4,15,,,,,,,,,,,,,,,,,,
Total,,60000,123.50000000000001,,,121.1,,,,,,,,,,,,,,,,,,
,,,,,,,,,,,,,,,,,,,,,,,,
Optimal Lineup - RotoWire,POS,Salary,Projection,2025-01-05 11:59,Roster %,Result,,,,,,,,,,,,,,,,,,
Baker Mayfield,QB,8400,19.89,Slate: Main,11.7,29,,,,,,,,,,,,,,,,,,
Bijan Robinson,RB,9200,23.88,,29.3,14,,,,,,,,,,,,,,,,,,
Carson Steele,RB,4300,10.41,,6.12,0,,,,,,,,,,,,,,,,,,
Mike Evans,WR,8900,19.54,,19.9,32.4,,,,,,,,,,,,,,,,,,
Drake London,WR,7000,16.38,,13.7,12.8,,,,,,,,,,,,,,,,,,
Jauan Jennings,WR,6800,16.22,,16.2,4.1,,,,,,,,,,,,,,,,,,
Brock Bowers,TE,7300,15.54,,22.2,5,,,,,,,,,,,,,,,,,,
Will Shipley,FLEX,4100,13.03,,10.4,0,,,,,,,,,,,,,,,,,,
Colts,DST,4000,5.91,,0.24,7,,,,,,,,,,,,,,,,,,
Total,,60000,140.79999999999998,,,104.3,,,,,,,,,,,,,,,,,,
,,,,,,,,,,,,,,,,,,,,,,,,
Optimal Lineup - DraftEdge,POS,Salary,Projection,2025-01-05 11:59,Roster %,Result,,,,,,,,,,,,,,,,,,
Baker Mayfield,QB,8400,22.4,Slate: Main,11.7,29,,,,,,,,,,,,,,,,,,
Bijan Robinson,RB,9200,26.1,,29.3,14,,,,,,,,,,,,,,,,,,
Jahmyr Gibbs,RB,8800,26.9,,20,25.9,,,,,,,,,,,,,,,,,,
Drake London,WR,7000,17.7,,13.7,12.8,,,,,,,,,,,,,,,,,,
Jauan Jennings,WR,6800,18.6,,16.2,4.1,,,,,,,,,,,,,,,,,,
Jordan Whittington,WR,4200,10,,3.93,0,,,,,,,,,,,,,,,,,,
Trey McBride,TE,7400,17.7,,14.4,13.2,,,,,,,,,,,,,,,,,,
Will Shipley,FLEX,4100,14.1,,10.4,0,,,,,,,,,,,,,,,,,,
Colts,DST,4000,7.4,,0.24,7,,,,,,,,,,,,,,,,,,
Total,,59900,160.9,,,106,,,,,,,,,,,,,,,,,,
,,,,,,,,,,,,,,,,,,,,,,,,
Optimal Lineup - FootballGuys,POS,Salary,Projection,2025-01-05 11:59,Roster %,Result,,,,,,,,,,,,,,,,,,
Baker Mayfield,QB,8400,22.65,Slate: Main,11.7,29,,,,,,,,,,,,,,,,,,
Bijan Robinson,RB,9200,21.4,,29.3,14,,,,,,,,,,,,,,,,,,
Jahmyr Gibbs,RB,8800,22.22,,20,25.9,,,,,,,,,,,,,,,,,,
Michael Pittman Jr.,WR,6200,11.7,,7.44,25.9,,,,,,,,,,,,,,,,,,
Calvin Ridley,WR,6200,12.39,,9.5,7.5,,,,,,,,,,,,,,,,,,
Tutu Atwell,WR,4700,9.79,,4.25,1.1,,,,,,,,,,,,,,,,,,
Sam LaPorta,TE,6000,11.19,,10.5,14.6,,,,,,,,,,,,,,,,,,
Blake Corum,FLEX,5500,14.29,,6.16,3,,,,,,,,,,,,,,,,,,
Broncos,DST,5000,13.14,,15.6,22,,,,,,,,,,,,,,,,,,
Total,,60000,138.76999999999998,,,143,,,,,,,,,,,,,,,,,,
,,,,,,,,,,,,,,,,,,,,,,,,
Optimal Lineup - FantasyLabs,POS,Salary,Projection,2025-01-05 11:59,Roster %,Result,,,,,,,,,,,,,,,,,,
Baker Mayfield,QB,8400,19.85,Slate: Main,11.7,29,,,,,,,,,,,,,,,,,,
Bijan Robinson,RB,9200,21.71,,29.3,14,,,,,,,,,,,,,,,,,,
Jahmyr Gibbs,RB,8800,22.07,,20,25.9,,,,,,,,,,,,,,,,,,
Courtland Sutton,WR,7300,15.23,,14.3,10.7,,,,,,,,,,,,,,,,,,
Drake London,WR,7000,14.72,,13.7,12.8,,,,,,,,,,,,,,,,,,
Ainias Smith,WR,4000,5.31,,4.62,0,,,,,,,,,,,,,,,,,,
Brock Bowers,TE,7300,14.23,,22.2,5,,,,,,,,,,,,,,,,,,
Miles Sanders,FLEX,4000,9.14,,5.58,0,,,,,,,,,,,,,,,,,,
Colts,DST,4000,7.5,,0.24,7,,,,,,,,,,,,,,,,,,
Total,,60000,129.76,,,104.4,,,,,,,,,,,,,,,,,,
,,,,,,,,,,,,,,,,,,,,,,,,
Optimal Lineup - SportsLine,POS,Salary,Projection,2025-01-05 12:00,Roster %,Result,,,,,,,,,,,,,,,,,,
Baker Mayfield,QB,8400,20.53,Slate: Main,11.7,29,,,,,,,,,,,,,,,,,,
Bijan Robinson,RB,9200,20.91,,29.3,14,,,,,,,,,,,,,,,,,,
Jahmyr Gibbs,RB,8800,21.01,,20,25.9,,,,,,,,,,,,,,,,,,
Drake London,WR,7000,14.81,,13.7,12.8,,,,,,,,,,,,,,,,,,
Calvin Ridley,WR,6200,11.88,,9.5,7.5,,,,,,,,,,,,,,,,,,
Jordan Whittington,WR,4200,8.21,,3.93,0,,,,,,,,,,,,,,,,,,
Quintin Morris,TE,4000,5.38,,1.79,0,,,,,,,,,,,,,,,,,,
Zach Charbonnet,FLEX,7000,17.44,,11.95,13.1,,,,,,,,,,,,,,,,,,
Eagles,DST,5200,11.33,,3.6,8,,,,,,,,,,,,,,,,,,
Total,,60000,131.5,,,110.3,,,,,,,,,,,,,,,,,,
,,,,,,,,,,,,,,,,,,,,,,,,
Optimal Lineup - Weighted,POS,Salary,Projection,2025-01-12 12:57,Roster %,,,,,,,,,,,,,,,,,,,
Jayden Daniels,QB,8400,22.890064814814814,Slate: Sun-Mon,29.71,,,,,,,,,,,,,,,,,,,
Josh Jacobs,RB,7800,16.03565,,28.6,,,,,,,,,,,,,,,,,,,
Bucky Irving,RB,7600,18.112162962962962,,73.7,,,,,,,,,,,,,,,,,,,
Jordan Addison,WR,6800,13.04570740740741,,12.3,,,,,,,,,,,,,,,,,,,
Puka Nacua,WR,8700,19.718770370370372,,19,,,,,,,,,,,,,,,,,,,
Khalil Shakir,WR,6200,11.45263888888889,,39.34,,,,,,,,,,,,,,,,,,,
Tucker Kraft,TE,5300,7.903151851851852,,22.2,,,,,,,,,,,,,,,,,,,
Jaleel McLaughlin,FLEX,5500,8.972746296296295,,8.56,,,,,,,,,,,,,,,,,,,
Packers,DST,3700,5.914161111111111,,10.9,,,,,,,,,,,,,,,,,,,
Total,,60000,124.04505370370369,,,,,,,,,,,,,,,,,,,,,
,,,,,,,,,,,,,,,,,,,,,,,,
Optimal Lineup - AVG,POS,Salary,Projection,2025-01-12 12:57,Roster %,,,,,,,,,,,,,,,,,,,
Jayden Daniels,QB,8400,22.694814814814812,Slate: Sun-Mon,29.71,,,,,,,,,,,,,,,,,,,
Josh Jacobs,RB,7800,15.879999999999999,,28.6,,,,,,,,,,,,,,,,,,,
Bucky Irving,RB,7600,18.162962962962965,,73.7,,,,,,,,,,,,,,,,,,,
Jordan Addison,WR,6800,13.057407407407409,,12.3,,,,,,,,,,,,,,,,,,,
Puka Nacua,WR,8700,19.62037037037037,,19,,,,,,,,,,,,,,,,,,,
Khalil Shakir,WR,6200,11.588888888888889,,39.34,,,,,,,,,,,,,,,,,,,
Tucker Kraft,TE,5300,7.881851851851852,,22.2,,,,,,,,,,,,,,,,,,,
Jaleel McLaughlin,FLEX,5500,9.026296296296296,,8.56,,,,,,,,,,,,,,,,,,,
Packers,DST,3700,6.021111111111111,,10.9,,,,,,,,,,,,,,,,,,,
Total,,60000,123.9337037037037,,,,,,,,,,,,,,,,,,,,,
,,,,,,,,,,,,,,,,,,,,,,,,
Optimal Lineup - My Projection,POS,Salary,Projection,2025-01-12 12:57,Roster %,,,,,,,,,,,,,,,,,,,
Jayden Daniels,QB,8400,23.53333333333333,Slate: Sun-Mon,29.71,,,,,,,,,,,,,,,,,,,
Bucky Irving,RB,7600,18.166666666666668,,73.7,,,,,,,,,,,,,,,,,,,
Javonte Williams,RB,5300,12.216666666666667,,2,,,,,,,,,,,,,,,,,,,
Jordan Addison,WR,6800,16.916666666666668,,12.3,,,,,,,,,,,,,,,,,,,
Puka Nacua,WR,8700,20.833333333333332,,19,,,,,,,,,,,,,,,,,,,
Terry McLaurin,WR,7700,18.583333333333332,,35.24,,,,,,,,,,,,,,,,,,,
Zach Ertz,TE,5800,13.983333333333333,,27.7,,,,,,,,,,,,,,,,,,,
Olamide Zaccheaus,FLEX,5600,11.983333333333333,,18.8,,,,,,,,,,,,,,,,,,,
Vikings,DST,4100,10.366666666666667,,6.7,,,,,,,,,,,,,,,,,,,
Total,,60000,146.58333333333334,,,,,,,,,,,,,,,,,,,,,
,,,,,,,,,,,,,,,,,,,,,,,,
Optimal Lineup - DFF,POS,Salary,Projection,2025-01-12 12:57,Roster %,,,,,,,,,,,,,,,,,,,
Jayden Daniels,QB,8400,23.2,Slate: Sun-Mon,29.71,,,,,,,,,,,,,,,,,,,
Josh Jacobs,RB,7800,15.9,,28.6,,,,,,,,,,,,,,,,,,,
Bucky Irving,RB,7600,17.7,,73.7,,,,,,,,,,,,,,,,,,,
Jordan Addison,WR,6800,12.3,,12.3,,,,,,,,,,,,,,,,,,,
Puka Nacua,WR,8700,19,,19,,,,,,,,,,,,,,,,,,,
Khalil Shakir,WR,6200,11.1,,39.34,,,,,,,,,,,,,,,,,,,
Tucker Kraft,TE,5300,7.7,,22.2,,,,,,,,,,,,,,,,,,,
Jaleel McLaughlin,FLEX,5500,9.4,,8.56,,,,,,,,,,,,,,,,,,,
Packers,DST,3700,5.9,,10.9,,,,,,,,,,,,,,,,,,,
Total,,60000,122.2,,,,,,,,,,,,,,,,,,,,,
,,,,,,,,,,,,,,,,,,,,,,,,
Optimal Lineup - F6P,POS,Salary,Projection,2025-01-12 12:58,Roster %,,,,,,,,,,,,,,,,,,,
Josh Allen,QB,8900,24.32,Slate: Sun-Mon,39,,,,,,,,,,,,,,,,,,,
Josh Jacobs,RB,7800,15.54,,28.6,,,,,,,,,,,,,,,,,,,
Bucky Irving,RB,7600,17.57,,73.7,,,,,,,,,,,,,,,,,,,
Jordan Addison,WR,6800,12.3,,12.3,,,,,,,,,,,,,,,,,,,
Puka Nacua,WR,8700,19,,19,,,,,,,,,,,,,,,,,,,
Keon Coleman,WR,5300,7.48,,11.97,,,,,,,,,,,,,,,,,,,
T.J. Hockenson,TE,5900,9.1,,9.1,,,,,,,,,,,,,,,,,,,
Austin Ekeler,FLEX,5400,8.69,,3.34,,,,,,,,,,,,,,,,,,,
Commanders,DST,3600,5.63,,8.7,,,,,,,,,,,,,,,,,,,
Total,,60000,119.63,,,,,,,,,,,,,,,,,,,,,
,,,,,,,,,,,,,,,,,,,,,,,,
Optimal Lineup - NumberFire,POS,Salary,Projection,2025-01-12 12:58,Roster %,,,,,,,,,,,,,,,,,,,
Jayden Daniels,QB,8400,23.2,Slate: Sun-Mon,29.71,,,,,,,,,,,,,,,,,,,
Josh Jacobs,RB,7800,15.9,,28.6,,,,,,,,,,,,,,,,,,,
Bucky Irving,RB,7600,17.7,,73.7,,,,,,,,,,,,,,,,,,,
Jordan Addison,WR,6800,12.3,,12.3,,,,,,,,,,,,,,,,,,,
Puka Nacua,WR,8700,19,,19,,,,,,,,,,,,,,,,,,,
Khalil Shakir,WR,6200,11.1,,39.34,,,,,,,,,,,,,,,,,,,
Tucker Kraft,TE,5300,7.7,,22.2,,,,,,,,,,,,,,,,,,,
Jaleel McLaughlin,FLEX,5500,9.4,,8.56,,,,,,,,,,,,,,,,,,,
Packers,DST,3700,5.9,,10.9,,,,,,,,,,,,,,,,,,,
Total,,60000,122.2,,,,,,,,,,,,,,,,,,,,,
,,,,,,,,,,,,,,,,,,,,,,,,
Optimal Lineup - RotoWire,POS,Salary,Projection,2025-01-12 12:58,Roster %,,,,,,,,,,,,,,,,,,,
Sam Darnold,QB,7800,20.6,Slate: Sun-Mon,20.6,,,,,,,,,,,,,,,,,,,
Saquon Barkley,RB,9600,22.73,,51.7,,,,,,,,,,,,,,,,,,,
Bucky Irving,RB,7600,18.34,,73.7,,,,,,,,,,,,,,,,,,,
Puka Nacua,WR,8700,19,,19,,,,,,,,,,,,,,,,,,,
Khalil Shakir,WR,6200,13.18,,39.34,,,,,,,,,,,,,,,,,,,
Keon Coleman,WR,5300,8.63,,11.97,,,,,,,,,,,,,,,,,,,
Dalton Kincaid,TE,5700,9.05,,21.2,,,,,,,,,,,,,,,,,,,
Jaleel McLaughlin,FLEX,5500,10.19,,8.56,,,,,,,,,,,,,,,,,,,
Commanders,DST,3600,5.63,,8.7,,,,,,,,,,,,,,,,,,,
Total,,60000,127.34999999999998,,,,,,,,,,,,,,,,,,,,,
,,,,,,,,,,,,,,,,,,,,,,,,
Optimal Lineup - DraftEdge,POS,Salary,Projection,2025-01-12 12:58,Roster %,,,,,,,,,,,,,,,,,,,
Sam Darnold,QB,7800,20.9,Slate: Sun-Mon,20.6,,,,,,,,,,,,,,,,,,,
Josh Jacobs,RB,7800,19.4,,28.6,,,,,,,,,,,,,,,,,,,
Bucky Irving,RB,7600,21.3,,73.7,,,,,,,,,,,,,,,,,,,
Puka Nacua,WR,8700,25.8,,19,,,,,,,,,,,,,,,,,,,
Khalil Shakir,WR,6200,15.6,,39.34,,,,,,,,,,,,,,,,,,,
Courtland Sutton,WR,7100,18.8,,21.8,,,,,,,,,,,,,,,,,,,
T.J. Hockenson,TE,5900,12.5,,9.1,,,,,,,,,,,,,,,,,,,
Tucker Kraft,FLEX,5300,10.3,,22.2,,,,,,,,,,,,,,,,,,,
Commanders,DST,3600,5.6,,8.7,,,,,,,,,,,,,,,,,,,
Total,,60000,150.2,,,,,,,,,,,,,,,,,,,,,
,,,,,,,,,,,,,,,,,,,,,,,,
Optimal Lineup - FootballGuys,POS,Salary,Projection,2025-01-12 12:58,Roster %,,,,,,,,,,,,,,,,,,,
Baker Mayfield,QB,7900,22.36,Slate: Sun-Mon,11.3,,,,,,,,,,,,,,,,,,,
Josh Jacobs,RB,7800,16.75,,28.6,,,,,,,,,,,,,,,,,,,
Bucky Irving,RB,7600,17.68,,73.7,,,,,,,,,,,,,,,,,,,
Jordan Addison,WR,6800,12.94,,12.3,,,,,,,,,,,,,,,,,,,
Puka Nacua,WR,8700,19.68,,19,,,,,,,,,,,,,,,,,,,
Khalil Shakir,WR,6200,10.87,,39.34,,,,,,,,,,,,,,,,,,,
Tucker Kraft,TE,5300,8.14,,22.2,,,,,,,,,,,,,,,,,,,
Jayden Reed,FLEX,6000,10.75,,10.62,,,,,,,,,,,,,,,,,,,
Packers,DST,3700,6.83,,10.9,,,,,,,,,,,,,,,,,,,
Total,,60000,126,,,,,,,,,,,,,,,,,,,,,
,,,,,,,,,,,,,,,,,,,,,,,,
Optimal Lineup - FantasyLabs,POS,Salary,Projection,2025-01-12 12:58,Roster %,,,,,,,,,,,,,,,,,,,
Jayden Daniels,QB,8400,22.82,Slate: Sun-Mon,29.71,,,,,,,,,,,,,,,,,,,
Bucky Irving,RB,7600,18.03,,73.7,,,,,,,,,,,,,,,,,,,
Austin Ekeler,RB,5400,8.27,,3.34,,,,,,,,,,,,,,,,,,,
Mike Evans,WR,8400,16.65,,40.5,,,,,,,,,,,,,,,,,,,
Jordan Addison,WR,6800,12.31,,12.3,,,,,,,,,,,,,,,,,,,
Puka Nacua,WR,8700,17.48,,19,,,,,,,,,,,,,,,,,,,
Tucker Kraft,TE,5300,7.83,,22.2,,,,,,,,,,,,,,,,,,,
Romeo Doubs,FLEX,5800,8.77,,10.06,,,,,,,,,,,,,,,,,,,
Commanders,DST,3600,6.3,,8.7,,,,,,,,,,,,,,,,,,,
Total,,60000,118.46000000000001,,,,,,,,,,,,,,,,,,,,,
,,,,,,,,,,,,,,,,,,,,,,,,
Optimal Lineup - SportsLine,POS,Salary,Projection,2025-01-12 12:58,Roster %,,,,,,,,,,,,,,,,,,,
Baker Mayfield,QB,7900,21.99,Slate: Sun-Mon,11.3,,,,,,,,,,,,,,,,,,,
Aaron Jones Sr.,RB,7400,12.86,,13.3,,,,,,,,,,,,,,,,,,,
Bucky Irving,RB,7600,16.98,,73.7,,,,,,,,,,,,,,,,,,,
Jalen McMillan,WR,6400,12.3,,24.1,,,,,,,,,,,,,,,,,,,
Jordan Addison,WR,6800,12.15,,12.3,,,,,,,,,,,,,,,,,,,
Puka Nacua,WR,8700,16.79,,19,,,,,,,,,,,,,,,,,,,
Zach Ertz,TE,5800,8.54,,27.7,,,,,,,,,,,,,,,,,,,
Jaleel McLaughlin,FLEX,5500,8.81,,8.56,,,,,,,,,,,,,,,,,,,
Rams,DST,3900,8.09,,5.9,,,,,,,,,,,,,,,,,,,
Total,,60000,118.50999999999999,,,,,,,,,,,,,,,,,,,,,
,,,,,,,,,,,,,,,,,,,,,,,,
Optimal Lineup - Weighted,POS,Salary,Projection,2025-01-19 14:18,Roster %,,,,,,,,,,,,,,,,,,,
Jayden Daniels,QB,8400,23.42004259259259,Slate: Sun-Mon,23.2,,,,,,,,,,,,,,,,,,,
Josh Jacobs,RB,7800,15.83888888888889,,15.9,,,,,,,,,,,,,,,,,,,
Bucky Irving,RB,7600,17.751851851851853,,17.7,,,,,,,,,,,,,,,,,,,
Jordan Addison,WR,6800,12.812962962962965,,12.3,,,,,,,,,,,,,,,,,,,
Puka Nacua,WR,8700,18.44405925925926,,73.1,,,,,,,,,,,,,,,,,,,
Khalil Shakir,WR,6200,11.367644444444444,,62.61,,,,,,,,,,,,,,,,,,,
Tucker Kraft,TE,5300,7.840740740740741,,7.7,,,,,,,,,,,,,,,,,,,
Jaleel McLaughlin,FLEX,5500,9.601851851851853,,9.4,,,,,,,,,,,,,,,,,,,
Packers,DST,3700,5.9,,5.9,,,,,,,,,,,,,,,,,,,
Total,,60000,122.97804259259262,,,,,,,,,,,,,,,,,,,,,
,,,,,,,,,,,,,,,,,,,,,,,,
Optimal Lineup - AVG,POS,Salary,Projection,2025-01-19 14:18,Roster %,,,,,,,,,,,,,,,,,,,
Jayden Daniels,QB,8400,23.402592592592594,Slate: Sun-Mon,23.2,,,,,,,,,,,,,,,,,,,
Josh Jacobs,RB,7800,15.83888888888889,,15.9,,,,,,,,,,,,,,,,,,,
Bucky Irving,RB,7600,17.75185185185185,,17.7,,,,,,,,,,,,,,,,,,,
Jordan Addison,WR,6800,12.812962962962963,,12.3,,,,,,,,,,,,,,,,,,,
Puka Nacua,WR,8700,17.959259259259262,,73.1,,,,,,,,,,,,,,,,,,,
Khalil Shakir,WR,6200,11.174444444444445,,62.61,,,,,,,,,,,,,,,,,,,
Tucker Kraft,TE,5300,7.840740740740742,,7.7,,,,,,,,,,,,,,,,,,,
Jaleel McLaughlin,FLEX,5500,9.601851851851853,,9.4,,,,,,,,,,,,,,,,,,,
Packers,DST,3700,5.8999999999999995,,5.9,,,,,,,,,,,,,,,,,,,
Total,,60000,122.2825925925926,,,,,,,,,,,,,,,,,,,,,
,,,,,,,,,,,,,,,,,,,,,,,,
Optimal Lineup - My Projection,POS,Salary,Projection,2025-01-19 14:18,Roster %,,,,,,,,,,,,,,,,,,,
Jayden Daniels,QB,8400,23.53333333333333,Slate: Sun-Mon,23.2,,,,,,,,,,,,,,,,,,,
Bucky Irving,RB,7600,18.166666666666668,,17.7,,,,,,,,,,,,,,,,,,,
Javonte Williams,RB,5300,12.216666666666667,,7.7,,,,,,,,,,,,,,,,,,,
Jordan Addison,WR,6800,16.916666666666668,,12.3,,,,,,,,,,,,,,,,,,,
Puka Nacua,WR,8700,20.833333333333332,,73.1,,,,,,,,,,,,,,,,,,,
Terry McLaurin,WR,7700,18.583333333333332,,12.9,,,,,,,,,,,,,,,,,,,
Zach Ertz,TE,5800,13.983333333333333,,8.7,,,,,,,,,,,,,,,,,,,
Olamide Zaccheaus,FLEX,5600,11.983333333333333,,7.6,,,,,,,,,,,,,,,,,,,
Vikings,DST,4100,10.366666666666667,,6.7,,,,,,,,,,,,,,,,,,,
Total,,60000,146.58333333333334,,,,,,,,,,,,,,,,,,,,,
,,,,,,,,,,,,,,,,,,,,,,,,
Optimal Lineup - DFF,POS,Salary,Projection,2025-01-19 14:18,Roster %,,,,,,,,,,,,,,,,,,,
Jayden Daniels,QB,8400,23.2,Slate: Sun-Mon,23.2,,,,,,,,,,,,,,,,,,,
Josh Jacobs,RB,7800,15.9,,15.9,,,,,,,,,,,,,,,,,,,
Bucky Irving,RB,7600,17.7,,17.7,,,,,,,,,,,,,,,,,,,
Jordan Addison,WR,6800,12.3,,12.3,,,,,,,,,,,,,,,,,,,
Puka Nacua,WR,8700,19,,73.1,,,,,,,,,,,,,,,,,,,
Khalil Shakir,WR,6200,11.1,,62.61,,,,,,,,,,,,,,,,,,,
Tucker Kraft,TE,5300,7.7,,7.7,,,,,,,,,,,,,,,,,,,
Jaleel McLaughlin,FLEX,5500,9.4,,9.4,,,,,,,,,,,,,,,,,,,
Packers,DST,3700,5.9,,5.9,,,,,,,,,,,,,,,,,,,
Total,,60000,122.2,,,,,,,,,,,,,,,,,,,,,
,,,,,,,,,,,,,,,,,,,,,,,,
Optimal Lineup - F6P,POS,Salary,Projection,2025-01-19 14:18,Roster %,,,,,,,,,,,,,,,,,,,
Jayden Daniels,QB,8400,23.2,Slate: Sun-Mon,23.2,,,,,,,,,,,,,,,,,,,
Josh Jacobs,RB,7800,15.9,,15.9,,,,,,,,,,,,,,,,,,,
Bucky Irving,RB,7600,17.7,,17.7,,,,,,,,,,,,,,,,,,,
Jordan Addison,WR,6800,12.3,,12.3,,,,,,,,,,,,,,,,,,,
Puka Nacua,WR,8700,19,,73.1,,,,,,,,,,,,,,,,,,,
Khalil Shakir,WR,6200,11.1,,62.61,,,,,,,,,,,,,,,,,,,
Tucker Kraft,TE,5300,7.7,,7.7,,,,,,,,,,,,,,,,,,,
Jaleel McLaughlin,FLEX,5500,9.4,,9.4,,,,,,,,,,,,,,,,,,,
Packers,DST,3700,5.9,,5.9,,,,,,,,,,,,,,,,,,,
Total,,60000,122.2,,,,,,,,,,,,,,,,,,,,,
,,,,,,,,,,,,,,,,,,,,,,,,
Optimal Lineup - NumberFire,POS,Salary,Projection,2025-01-19 14:18,Roster %,,,,,,,,,,,,,,,,,,,
Sam Darnold,QB,7800,20.6,Slate: Sun-Mon,20.6,,,,,,,,,,,,,,,,,,,
Josh Jacobs,RB,7800,15.9,,15.9,,,,,,,,,,,,,,,,,,,
Bucky Irving,RB,7600,17.7,,17.7,,,,,,,,,,,,,,,,,,,
Justin Jefferson,WR,9200,18.2,,18.2,,,,,,,,,,,,,,,,,,,
Jordan Addison,WR,6800,12.3,,12.3,,,,,,,,,,,,,,,,,,,
Khalil Shakir,WR,6200,11,,62.61,,,,,,,,,,,,,,,,,,,
Tucker Kraft,TE,5300,7.7,,7.7,,,,,,,,,,,,,,,,,,,
Austin Ekeler,FLEX,5400,10.7,,7.5,,,,,,,,,,,,,,,,,,,
Packers,DST,3700,5.9,,5.9,,,,,,,,,,,,,,,,,,,
Total,,59800,120.00000000000001,,,,,,,,,,,,,,,,,,,,,
,,,,,,,,,,,,,,,,,,,,,,,,
Optimal Lineup - RotoWire,POS,Salary,Projection,2025-01-19 14:18,Roster %,,,,,,,,,,,,,,,,,,,
Jayden Daniels,QB,8400,23.2,Slate: Sun-Mon,23.2,,,,,,,,,,,,,,,,,,,
Josh Jacobs,RB,7800,15.9,,15.9,,,,,,,,,,,,,,,,,,,
Bucky Irving,RB,7600,17.7,,17.7,,,,,,,,,,,,,,,,,,,
Jordan Addison,WR,6800,12.3,,12.3,,,,,,,,,,,,,,,,,,,
Puka Nacua,WR,8700,18.91,,73.1,,,,,,,,,,,,,,,,,,,
Khalil Shakir,WR,6200,11.93,,62.61,,,,,,,,,,,,,,,,,,,
Tucker Kraft,TE,5300,7.7,,7.7,,,,,,,,,,,,,,,,,,,
Jaleel McLaughlin,FLEX,5500,9.4,,9.4,,,,,,,,,,,,,,,,,,,
Packers,DST,3700,5.9,,5.9,,,,,,,,,,,,,,,,,,,
Total,,60000,122.94000000000001,,,,,,,,,,,,,,,,,,,,,
,,,,,,,,,,,,,,,,,,,,,,,,
Optimal Lineup - DraftEdge,POS,Salary,Projection,2025-01-19 14:18,Roster %,,,,,,,,,,,,,,,,,,,
Jayden Daniels,QB,8400,24.2,Slate: Sun-Mon,23.2,,,,,,,,,,,,,,,,,,,
Saquon Barkley,RB,9600,23.8,,74.3,,,,,,,,,,,,,,,,,,,
Bucky Irving,RB,7600,17.7,,17.7,,,,,,,,,,,,,,,,,,,
Puka Nacua,WR,8700,21,,73.1,,,,,,,,,,,,,,,,,,,
Khalil Shakir,WR,6200,15.3,,62.61,,,,,,,,,,,,,,,,,,,
Dyami Brown,WR,4600,9,,4.6,,,,,,,,,,,,,,,,,,,
Dalton Kincaid,TE,5700,9.6,,20.9,,,,,,,,,,,,,,,,,,,
Austin Ekeler,FLEX,5400,10.7,,7.5,,,,,,,,,,,,,,,,,,,
Commanders,DST,3600,6.3,,5.7,,,,,,,,,,,,,,,,,,,
Total,,59800,137.6,,,,,,,,,,,,,,,,,,,,,
,,,,,,,,,,,,,,,,,,,,,,,,
Optimal Lineup - FootballGuys,POS,Salary,Projection,2025-01-19 14:18,Roster %,,,,,,,,,,,,,,,,,,,
Jayden Daniels,QB,8400,24.85,Slate: Sun-Mon,23.2,,,,,,,,,,,,,,,,,,,
Josh Jacobs,RB,7800,15.9,,15.9,,,,,,,,,,,,,,,,,,,
Bucky Irving,RB,7600,17.7,,17.7,,,,,,,,,,,,,,,,,,,
Puka Nacua,WR,8700,19.22,,73.1,,,,,,,,,,,,,,,,,,,
Khalil Shakir,WR,6200,10.44,,62.61,,,,,,,,,,,,,,,,,,,
Romeo Doubs,WR,5800,9.2,,9.2,,,,,,,,,,,,,,,,,,,
Tucker Kraft,TE,5300,7.7,,7.7,,,,,,,,,,,,,,,,,,,
Jaleel McLaughlin,FLEX,5500,9.4,,9.4,,,,,,,,,,,,,,,,,,,
Eagles,DST,4600,10.9,,45.9,,,,,,,,,,,,,,,,,,,
Total,,59900,125.31000000000002,,,,,,,,,,,,,,,,,,,,,
,,,,,,,,,,,,,,,,,,,,,,,,
Optimal Lineup - FantasyLabs,POS,Salary,Projection,2025-01-19 14:18,Roster %,,,,,,,,,,,,,,,,,,,
Jayden Daniels,QB,8400,23.14,Slate: Sun-Mon,23.2,,,,,,,,,,,,,,,,,,,
Josh Jacobs,RB,7800,15.9,,15.9,,,,,,,,,,,,,,,,,,,
Bucky Irving,RB,7600,17.7,,17.7,,,,,,,,,,,,,,,,,,,
Justin Jefferson,WR,9200,18.2,,18.2,,,,,,,,,,,,,,,,,,,
Jordan Addison,WR,6800,12.3,,12.3,,,,,,,,,,,,,,,,,,,
Dyami Brown,WR,4600,7.21,,4.6,,,,,,,,,,,,,,,,,,,
T.J. Hockenson,TE,5900,9.1,,9.1,,,,,,,,,,,,,,,,,,,
Jaleel McLaughlin,FLEX,5500,9.4,,9.4,,,,,,,,,,,,,,,,,,,
Vikings,DST,4100,6.7,,6.7,,,,,,,,,,,,,,,,,,,
Total,,59900,119.64999999999999,,,,,,,,,,,,,,,,,,,,,
,,,,,,,,,,,,,,,,,,,,,,,,
Optimal Lineup - SportsLine,POS,Salary,Projection,2025-01-19 14:19,Roster %,,,,,,,,,,,,,,,,,,,
Jayden Daniels,QB,8400,23.2,Slate: Sun-Mon,23.2,,,,,,,,,,,,,,,,,,,
Josh Jacobs,RB,7800,15.9,,15.9,,,,,,,,,,,,,,,,,,,
Bucky Irving,RB,7600,17.7,,17.7,,,,,,,,,,,,,,,,,,,
Justin Jefferson,WR,9200,18.2,,18.2,,,,,,,,,,,,,,,,,,,
Jordan Addison,WR,6800,12.3,,12.3,,,,,,,,,,,,,,,,,,,
Romeo Doubs,WR,5800,9.2,,9.2,,,,,,,,,,,,,,,,,,,
Tucker Kraft,TE,5300,7.7,,7.7,,,,,,,,,,,,,,,,,,,
Jaleel McLaughlin,FLEX,5500,9.4,,9.4,,,,,,,,,,,,,,,,,,,
Commanders,DST,3600,5.7,,5.7,,,,,,,,,,,,,,,,,,,
Total,,60000,119.30000000000001,,,,,,,,,,,,,,,,,,,,,
,,,,,,,,,,,,,,,,,,,,,,,,
Optimal Lineup - Weighted,POS,Salary,Projection,2025-01-26 14:23,Roster %,,,,,,,,,,,,,,,,,,,
Patrick Mahomes,QB,7700,20.927574074074077,Slate: Main,45.8,,,,,,,,,,,,,,,,,,,
Saquon Barkley,RB,9800,23.645444444444447,,88.3,,,,,,,,,,,,,,,,,,,
James Cook,RB,7100,12.755905555555556,,31.5,,,,,,,,,,,,,,,,,,,
Khalil Shakir,WR,6400,11.228461111111114,,38.79,,,,,,,,,,,,,,,,,,,
Xavier Worthy,WR,6500,12.057574074074076,,55.58,,,,,,,,,,,,,,,,,,,
Dyami Brown,WR,5400,8.181974074074073,,29.4,,,,,,,,,,,,,,,,,,,
Travis Kelce,TE,6800,14.126340740740742,,42.8,,,,,,,,,,,,,,,,,,,
Austin Ekeler,FLEX,5600,8.760283333333334,,18.5,,,,,,,,,,,,,,,,,,,
Eagles,DST,4400,7.828920370370372,,25.3,,,,,,,,,,,,,,,,,,,
Total,,59700,119.5124777777778,,,,,,,,,,,,,,,,,,,,,
,,,,,,,,,,,,,,,,,,,,,,,,
Optimal Lineup - AVG,POS,Salary,Projection,2025-01-26 14:24,Roster %,,,,,,,,,,,,,,,,,,,
Patrick Mahomes,QB,7700,20.704074074074075,Slate: Main,45.8,,,,,,,,,,,,,,,,,,,
Saquon Barkley,RB,9800,23.504444444444445,,88.3,,,,,,,,,,,,,,,,,,,
James Cook,RB,7100,12.635555555555555,,31.5,,,,,,,,,,,,,,,,,,,
Khalil Shakir,WR,6400,11.091111111111111,,38.79,,,,,,,,,,,,,,,,,,,
Xavier Worthy,WR,6500,12.114074074074075,,55.58,,,,,,,,,,,,,,,,,,,
Dyami Brown,WR,5400,8.164074074074072,,29.4,,,,,,,,,,,,,,,,,,,
Dallas Goedert,TE,5900,8.825925925925926,,22.2,,,,,,,,,,,,,,,,,,,
Travis Kelce,FLEX,6800,14.160740740740742,,42.8,,,,,,,,,,,,,,,,,,,
Eagles,DST,4400,7.90037037037037,,25.3,,,,,,,,,,,,,,,,,,,
Total,,60000,119.10037037037038,,,,,,,,,,,,,,,,,,,,,
,,,,,,,,,,,,,,,,,,,,,,,,
Optimal Lineup - My Projection,POS,Salary,Projection,2025-01-26 14:24,Roster %,,,,,,,,,,,,,,,,,,,
Patrick Mahomes,QB,7700,19.96666666666667,Slate: Main,45.8,,,,,,,,,,,,,,,,,,,
Saquon Barkley,RB,9800,24.3,,88.3,,,,,,,,,,,,,,,,,,,
Kareem Hunt,RB,6000,14,,26.5,,,,,,,,,,,,,,,,,,,
DeVonta Smith,WR,7300,15.65,,35.51,,,,,,,,,,,,,,,,,,,
Khalil Shakir,WR,6400,12.749999999999998,,38.79,,,,,,,,,,,,,,,,,,,
Xavier Worthy,WR,6500,14.316666666666668,,55.58,,,,,,,,,,,,,,,,,,,
Dalton Kincaid,TE,5200,12.4,,14.7,,,,,,,,,,,,,,,,,,,
Travis Kelce,FLEX,6800,15.416666666666666,,42.8,,,,,,,,,,,,,,,,,,,
Bills,DST,4000,10.200000000000001,,8.2,,,,,,,,,,,,,,,,,,,
Total,,59700,139,,,,,,,,,,,,,,,,,,,,,
,,,,,,,,,,,,,,,,,,,,,,,,
Optimal Lineup - DFF,POS,Salary,Projection,2025-01-26 14:24,Roster %,,,,,,,,,,,,,,,,,,,
Patrick Mahomes,QB,7700,21.1,Slate: Main,45.8,,,,,,,,,,,,,,,,,,,
Saquon Barkley,RB,9800,24.6,,88.3,,,,,,,,,,,,,,,,,,,
James Cook,RB,7100,12.7,,31.5,,,,,,,,,,,,,,,,,,,
Khalil Shakir,WR,6400,10.8,,38.79,,,,,,,,,,,,,,,,,,,
Xavier Worthy,WR,6500,11.4,,55.58,,,,,,,,,,,,,,,,,,,
Dyami Brown,WR,5400,7.7,,29.4,,,,,,,,,,,,,,,,,,,
Travis Kelce,TE,6800,14.5,,42.8,,,,,,,,,,,,,,,,,,,
Austin Ekeler,FLEX,5600,8.9,,18.5,,,,,,,,,,,,,,,,,,,
Eagles,DST,4400,7.2,,25.3,,,,,,,,,,,,,,,,,,,
Total,,59700,118.90000000000002,,,,,,,,,,,,,,,,,,,,,
,,,,,,,,,,,,,,,,,,,,,,,,
Optimal Lineup - F6P,POS,Salary,Projection,2025-01-26 14:24,Roster %,,,,,,,,,,,,,,,,,,,
Patrick Mahomes,QB,7700,21.1,Slate: Main,45.8,,,,,,,,,,,,,,,,,,,
Saquon Barkley,RB,9800,24.6,,88.3,,,,,,,,,,,,,,,,,,,
James Cook,RB,7100,12.7,,31.5,,,,,,,,,,,,,,,,,,,
Khalil Shakir,WR,6400,10.8,,38.79,,,,,,,,,,,,,,,,,,,
Xavier Worthy,WR,6500,11.4,,55.58,,,,,,,,,,,,,,,,,,,
Dyami Brown,WR,5400,7.7,,29.4,,,,,,,,,,,,,,,,,,,
Travis Kelce,TE,6800,14.5,,42.8,,,,,,,,,,,,,,,,,,,
Austin Ekeler,FLEX,5600,8.9,,18.5,,,,,,,,,,,,,,,,,,,
Eagles,DST,4400,7.2,,25.3,,,,,,,,,,,,,,,,,,,
Total,,59700,118.90000000000002,,,,,,,,,,,,,,,,,,,,,
,,,,,,,,,,,,,,,,,,,,,,,,
Optimal Lineup - NumberFire,POS,Salary,Projection,2025-01-26 14:24,Roster %,,,,,,,,,,,,,,,,,,,
Jalen Hurts,QB,8000,20.6,Slate: Main,12.6,,,,,,,,,,,,,,,,,,,
Saquon Barkley,RB,9800,19.7,,88.3,,,,,,,,,,,,,,,,,,,
James Cook,RB,7100,11.7,,31.5,,,,,,,,,,,,,,,,,,,
Khalil Shakir,WR,6400,10.8,,38.79,,,,,,,,,,,,,,,,,,,
Xavier Worthy,WR,6500,11.1,,55.58,,,,,,,,,,,,,,,,,,,
Dyami Brown,WR,5400,7,,29.4,,,,,,,,,,,,,,,,,,,
Travis Kelce,TE,6800,12.7,,42.8,,,,,,,,,,,,,,,,,,,
Austin Ekeler,FLEX,5600,8.5,,18.5,,,,,,,,,,,,,,,,,,,
Eagles,DST,4400,7.2,,25.3,,,,,,,,,,,,,,,,,,,
Total,,60000,109.3,,,,,,,,,,,,,,,,,,,,,
,,,,,,,,,,,,,,,,,,,,,,,,
Optimal Lineup - RotoWire,POS,Salary,Projection,2025-01-26 14:24,Roster %,,,,,,,,,,,,,,,,,,,
Jalen Hurts,QB,8000,20.82,Slate: Main,12.6,,,,,,,,,,,,,,,,,,,
Saquon Barkley,RB,9800,26.25,,88.3,,,,,,,,,,,,,,,,,,,
Austin Ekeler,RB,5600,9.57,,18.5,,,,,,,,,,,,,,,,,,,
Khalil Shakir,WR,6400,12.53,,38.79,,,,,,,,,,,,,,,,,,,
Xavier Worthy,WR,6500,12.41,,55.58,,,,,,,,,,,,,,,,,,,
Terry McLaurin,WR,7900,15.18,,53.4,,,,,,,,,,,,,,,,,,,
Travis Kelce,TE,6800,15.76,,42.8,,,,,,,,,,,,,,,,,,,
Dyami Brown,FLEX,5400,9.33,,29.4,,,,,,,,,,,,,,,,,,,
Commanders,DST,3600,5.46,,45.1,,,,,,,,,,,,,,,,,,,
Total,,60000,127.30999999999999,,,,,,,,,,,,,,,,,,,,,
,,,,,,,,,,,,,,,,,,,,,,,,
Optimal Lineup - DraftEdge,POS,Salary,Projection,2025-01-26 14:24,Roster %,,,,,,,,,,,,,,,,,,,
Patrick Mahomes,QB,7700,23.2,Slate: Main,45.8,,,,,,,,,,,,,,,,,,,
Saquon Barkley,RB,9800,25.3,,88.3,,,,,,,,,,,,,,,,,,,
Austin Ekeler,RB,5600,10.1,,18.5,,,,,,,,,,,,,,,,,,,
Khalil Shakir,WR,6400,13.6,,38.79,,,,,,,,,,,,,,,,,,,
A.J. Brown,WR,8200,16.6,,47.9,,,,,,,,,,,,,,,,,,,
Xavier Worthy,WR,6500,15.6,,55.58,,,,,,,,,,,,,,,,,,,
Travis Kelce,TE,6800,18.2,,42.8,,,,,,,,,,,,,,,,,,,
Dyami Brown,FLEX,5400,9.9,,29.4,,,,,,,,,,,,,,,,,,,
Commanders,DST,3600,6.5,,45.1,,,,,,,,,,,,,,,,,,,
Total,,60000,139,,,,,,,,,,,,,,,,,,,,,
,,,,,,,,,,,,,,,,,,,,,,,,
Optimal Lineup - FootballGuys,POS,Salary,Projection,2025-01-26 14:24,Roster %,,,,,,,,,,,,,,,,,,,
Jayden Daniels,QB,8300,23.69,Slate: Main,4.74,,,,,,,,,,,,,,,,,,,
Saquon Barkley,RB,9800,21.36,,88.3,,,,,,,,,,,,,,,,,,,
James Cook,RB,7100,13.11,,31.5,,,,,,,,,,,,,,,,,,,
Khalil Shakir,WR,6400,10.33,,38.79,,,,,,,,,,,,,,,,,,,
Xavier Worthy,WR,6500,10.84,,55.58,,,,,,,,,,,,,,,,,,,
Dyami Brown,WR,5400,7.82,,29.4,,,,,,,,,,,,,,,,,,,
Travis Kelce,TE,6800,10.92,,42.8,,,,,,,,,,,,,,,,,,,
Austin Ekeler,FLEX,5600,7.71,,18.5,,,,,,,,,,,,,,,,,,,
Chiefs,DST,4100,8.14,,21.4,,,,,,,,,,,,,,,,,,,
Total,,60000,113.92,,,,,,,,,,,,,,,,,,,,,
,,,,,,,,,,,,,,,,,,,,,,,,
Optimal Lineup - FantasyLabs,POS,Salary,Projection,2025-01-26 14:24,Roster %,,,,,,,,,,,,,,,,,,,
Patrick Mahomes,QB,7700,21.27,Slate: Main,45.8,,,,,,,,,,,,,,,,,,,
Saquon Barkley,RB,9800,23.5,,88.3,,,,,,,,,,,,,,,,,,,
James Cook,RB,7100,10.77,,31.5,,,,,,,,,,,,,,,,,,,
Khalil Shakir,WR,6400,9.95,,38.79,,,,,,,,,,,,,,,,,,,
Xavier Worthy,WR,6500,11.51,,55.58,,,,,,,,,,,,,,,,,,,
Dyami Brown,WR,5400,8.26,,29.4,,,,,,,,,,,,,,,,,,,
Travis Kelce,TE,6800,12.38,,42.8,,,,,,,,,,,,,,,,,,,
Hollywood Brown,FLEX,5800,8.15,,33.4,,,,,,,,,,,,,,,,,,,
Eagles,DST,4400,6.24,,25.3,,,,,,,,,,,,,,,,,,,
Total,,59900,112.03,,,,,,,,,,,,,,,,,,,,,
,,,,,,,,,,,,,,,,,,,,,,,,
Optimal Lineup - SportsLine,POS,Salary,Projection,2025-01-26 14:24,Roster %,,,,,,,,,,,,,,,,,,,
Jalen Hurts,QB,8000,20.29,Slate: Main,12.6,,,,,,,,,,,,,,,,,,,
Saquon Barkley,RB,9800,21.93,,88.3,,,,,,,,,,,,,,,,,,,
Isiah Pacheco,RB,5500,7.78,,12.3,,,,,,,,,,,,,,,,,,,
DeVonta Smith,WR,7300,11.92,,35.51,,,,,,,,,,,,,,,,,,,
Xavier Worthy,WR,6500,10.45,,55.58,,,,,,,,,,,,,,,,,,,
Hollywood Brown,WR,5800,7.3,,33.4,,,,,,,,,,,,,,,,,,,
Dallas Goedert,TE,5900,8.55,,22.2,,,,,,,,,,,,,,,,,,,
Travis Kelce,FLEX,6800,13.07,,42.8,,,,,,,,,,,,,,,,,,,
Eagles,DST,4400,8.62,,25.3,,,,,,,,,,,,,,,,,,,
Total,,60000,109.91,,,,,,,,,,,,,,,,,,,,,
,,,,,,,,,,,,,,,,,,,,,,,,
Optimal Lineup - Weighted,POS,Salary,Projection,2025-02-09 14:48,Roster %,,,,,,,,,,,,,,,,,,,
,,,,Slate: Single,0,,,,,,,,,,,,,,,,,,,
,,,,,0,,,,,,,,,,,,,,,,,,,
,,,,,0,,,,,,,,,,,,,,,,,,,
,,,,,0,,,,,,,,,,,,,,,,,,,
,,,,,0,,,,,,,,,,,,,,,,,,,
,,,,,0,,,,,,,,,,,,,,,,,,,
,,,,,0,,,,,,,,,,,,,,,,,,,
,,,,,0,,,,,,,,,,,,,,,,,,,
,,,,,0,,,,,,,,,,,,,,,,,,,
Total,,0,0,,,,,,,,,,,,,,,,,,,,,
,,,,,,,,,,,,,,,,,,,,,,,,
Optimal Lineup - AVG,POS,Salary,Projection,2025-02-09 14:48,Roster %,,,,,,,,,,,,,,,,,,,
,,,,Slate: Single,0,,,,,,,,,,,,,,,,,,,
,,,,,0,,,,,,,,,,,,,,,,,,,
,,,,,0,,,,,,,,,,,,,,,,,,,
,,,,,0,,,,,,,,,,,,,,,,,,,
,,,,,0,,,,,,,,,,,,,,,,,,,
,,,,,0,,,,,,,,,,,,,,,,,,,
,,,,,0,,,,,,,,,,,,,,,,,,,
,,,,,0,,,,,,,,,,,,,,,,,,,
,,,,,0,,,,,,,,,,,,,,,,,,,
Total,,0,0,,,,,,,,,,,,,,,,,,,,,
,,,,,,,,,,,,,,,,,,,,,,,,
Optimal Lineup - Weighted,POS,Salary,Projection,2025-02-09 14:50,Roster %,,,,,,,,,,,,,,,,,,,
Saquon Barkley,MVP,16500,31.835233333333335,Slate: Single,47,,,,,,,,,,,,,,,,,,,
Patrick Mahomes,QB,14000,21.163296296296295,,63,,,,,,,,,,,,,,,,,,,
Jalen Hurts,QB,13500,19.385188888888887,,47,,,,,,,,,,,,,,,,,,,
Chiefs,DST,8000,6.650251851851852,,10,,,,,,,,,,,,,,,,,,,
Eagles,DST,8000,6.8101518518518525,,12,,,,,,,,,,,,,,,,,,,
,,,,,0,,,,,,,,,,,,,,,,,,,
,,,,,0,,,,,,,,,,,,,,,,,,,
,,,,,0,,,,,,,,,,,,,,,,,,,
,,,,,0,,,,,,,,,,,,,,,,,,,
Total,,60000,85.84412222222223,,,,,,,,,,,,,,,,,,,,,
,,,,,,,,,,,,,,,,,,,,,,,,
Optimal Lineup - AVG,POS,Salary,Projection,2025-02-09 14:50,Roster %,,,,,,,,,,,,,,,,,,,
Saquon Barkley,MVP,16500,32.20333333333333,Slate: Single,47,,,,,,,,,,,,,,,,,,,
Patrick Mahomes,QB,14000,20.936296296296298,,63,,,,,,,,,,,,,,,,,,,
Jalen Hurts,QB,13500,19.51888888888889,,47,,,,,,,,,,,,,,,,,,,
Chiefs,DST,8000,6.661851851851853,,10,,,,,,,,,,,,,,,,,,,
Eagles,DST,8000,6.931851851851852,,12,,,,,,,,,,,,,,,,,,,
,,,,,0,,,,,,,,,,,,,,,,,,,
,,,,,0,,,,,,,,,,,,,,,,,,,
,,,,,0,,,,,,,,,,,,,,,,,,,
,,,,,0,,,,,,,,,,,,,,,,,,,
Total,,60000,86.25222222222222,,,,,,,,,,,,,,,,,,,,,
,,,,,,,,,,,,,,,,,,,,,,,,
Optimal Lineup - My Projection,POS,Salary,Projection,2025-02-09 14:50,Roster %,,,,,,,,,,,,,,,,,,,
Saquon Barkley,MVP,16500,31.500000000000007,Slate: Single,47,,,,,,,,,,,,,,,,,,,
Jalen Hurts,QB,13500,21.250000000000004,,47,,,,,,,,,,,,,,,,,,,
DeVonta Smith,WR,11000,14.200000000000001,,23,,,,,,,,,,,,,,,,,,,
Dallas Goedert,TE,10000,14.716666666666667,,29,,,,,,,,,,,,,,,,,,,
Eagles,DST,8000,10.966666666666667,,12,,,,,,,,,,,,,,,,,,,
,,,,,0,,,,,,,,,,,,,,,,,,,
,,,,,0,,,,,,,,,,,,,,,,,,,
,,,,,0,,,,,,,,,,,,,,,,,,,
,,,,,0,,,,,,,,,,,,,,,,,,,
Total,,59000,92.63333333333335,,,,,,,,,,,,,,,,,,,,,
,,,,,,,,,,,,,,,,,,,,,,,,
Optimal Lineup - DFF,POS,Salary,Projection,2025-02-09 14:50,Roster %,,,,,,,,,,,,,,,,,,,
Saquon Barkley,MVP,16500,31.049999999999997,Slate: Single,47,,,,,,,,,,,,,,,,,,,
Patrick Mahomes,QB,14000,21.6,,63,,,,,,,,,,,,,,,,,,,
Jalen Hurts,QB,13500,18.7,,47,,,,,,,,,,,,,,,,,,,
Chiefs,DST,8000,6.4,,10,,,,,,,,,,,,,,,,,,,
Eagles,DST,8000,6.2,,12,,,,,,,,,,,,,,,,,,,
,,,,,0,,,,,,,,,,,,,,,,,,,
,,,,,0,,,,,,,,,,,,,,,,,,,
,,,,,0,,,,,,,,,,,,,,,,,,,
,,,,,0,,,,,,,,,,,,,,,,,,,
Total,,60000,83.95,,,,,,,,,,,,,,,,,,,,,
,,,,,,,,,,,,,,,,,,,,,,,,
Optimal Lineup - F6P,POS,Salary,Projection,2025-02-09 14:50,Roster %,,,,,,,,,,,,,,,,,,,
Saquon Barkley,MVP,16500,31.049999999999997,Slate: Single,47,,,,,,,,,,,,,,,,,,,
Patrick Mahomes,QB,14000,21.6,,63,,,,,,,,,,,,,,,,,,,
Jalen Hurts,QB,13500,18.7,,47,,,,,,,,,,,,,,,,,,,
Chiefs,DST,8000,6.4,,10,,,,,,,,,,,,,,,,,,,
Eagles,DST,8000,6.2,,12,,,,,,,,,,,,,,,,,,,
,,,,,0,,,,,,,,,,,,,,,,,,,
,,,,,0,,,,,,,,,,,,,,,,,,,
,,,,,0,,,,,,,,,,,,,,,,,,,
,,,,,0,,,,,,,,,,,,,,,,,,,
Total,,60000,83.95,,,,,,,,,,,,,,,,,,,,,
,,,,,,,,,,,,,,,,,,,,,,,,
Optimal Lineup - NumberFire,POS,Salary,Projection,2025-02-09 14:50,Roster %,,,,,,,,,,,,,,,,,,,
Saquon Barkley,MVP,16500,31.049999999999997,Slate: Single,47,,,,,,,,,,,,,,,,,,,
Patrick Mahomes,QB,14000,21.6,,63,,,,,,,,,,,,,,,,,,,
Jalen Hurts,QB,13500,18.7,,47,,,,,,,,,,,,,,,,,,,
Chiefs,DST,8000,6.4,,10,,,,,,,,,,,,,,,,,,,
Eagles,DST,8000,6.2,,12,,,,,,,,,,,,,,,,,,,
,,,,,0,,,,,,,,,,,,,,,,,,,
,,,,,0,,,,,,,,,,,,,,,,,,,
,,,,,0,,,,,,,,,,,,,,,,,,,
,,,,,0,,,,,,,,,,,,,,,,,,,
Total,,60000,83.95,,,,,,,,,,,,,,,,,,,,,
,,,,,,,,,,,,,,,,,,,,,,,,
Optimal Lineup - RotoWire,POS,Salary,Projection,2025-02-09 14:51,Roster %,,,,,,,,,,,,,,,,,,,
Saquon Barkley,MVP,16500,36.315,Slate: Single,47,,,,,,,,,,,,,,,,,,,
Jalen Hurts,QB,13500,18.38,,47,,,,,,,,,,,,,,,,,,,
Travis Kelce,TE,12000,15.66,,39,,,,,,,,,,,,,,,,,,,
Xavier Worthy,WR,11500,14.06,,36,,,,,,,,,,,,,,,,,,,
Samaje Perine,RB,6500,3.85,,10,,,,,,,,,,,,,,,,,,,
,,,,,0,,,,,,,,,,,,,,,,,,,
,,,,,0,,,,,,,,,,,,,,,,,,,
,,,,,0,,,,,,,,,,,,,,,,,,,
,,,,,0,,,,,,,,,,,,,,,,,,,
Total,,60000,88.26499999999999,,,,,,,,,,,,,,,,,,,,,
,,,,,,,,,,,,,,,,,,,,,,,,
Optimal Lineup - DraftEdge,POS,Salary,Projection,2025-02-09 14:51,Roster %,,,,,,,,,,,,,,,,,,,
Saquon Barkley,MVP,16500,34.5,Slate: Single,47,,,,,,,,,,,,,,,,,,,
Jalen Hurts,QB,13500,22,,47,,,,,,,,,,,,,,,,,,,
Travis Kelce,TE,12000,17.4,,39,,,,,,,,,,,,,,,,,,,
Dallas Goedert,TE,10000,13.5,,29,,,,,,,,,,,,,,,,,,,
Eagles,DST,8000,7.8,,12,,,,,,,,,,,,,,,,,,,
,,,,,0,,,,,,,,,,,,,,,,,,,
,,,,,0,,,,,,,,,,,,,,,,,,,
,,,,,0,,,,,,,,,,,,,,,,,,,
,,,,,0,,,,,,,,,,,,,,,,,,,
Total,,60000,95.2,,,,,,,,,,,,,,,,,,,,,
,,,,,,,,,,,,,,,,,,,,,,,,
Optimal Lineup - FootballGuys,POS,Salary,Projection,2025-02-09 14:51,Roster %,,,,,,,,,,,,,,,,,,,
Saquon Barkley,MVP,16500,31.049999999999997,Slate: Single,47,,,,,,,,,,,,,,,,,,,
Patrick Mahomes,QB,14000,21.6,,63,,,,,,,,,,,,,,,,,,,
Jalen Hurts,QB,13500,18.7,,47,,,,,,,,,,,,,,,,,,,
Chiefs,DST,8000,6.4,,10,,,,,,,,,,,,,,,,,,,
Eagles,DST,8000,6.2,,12,,,,,,,,,,,,,,,,,,,
,,,,,0,,,,,,,,,,,,,,,,,,,
,,,,,0,,,,,,,,,,,,,,,,,,,
,,,,,0,,,,,,,,,,,,,,,,,,,
,,,,,0,,,,,,,,,,,,,,,,,,,
Total,,60000,83.95,,,,,,,,,,,,,,,,,,,,,
,,,,,,,,,,,,,,,,,,,,,,,,
Optimal Lineup - FantasyLabs,POS,Salary,Projection,2025-02-09 14:51,Roster %,,,,,,,,,,,,,,,,,,,
Saquon Barkley,MVP,16500,31.02,Slate: Single,47,,,,,,,,,,,,,,,,,,,
Patrick Mahomes,QB,14000,22.31,,63,,,,,,,,,,,,,,,,,,,
Jalen Hurts,QB,13500,20.24,,47,,,,,,,,,,,,,,,,,,,
Harrison Butker,K,9000,8.37,,25,,,,,,,,,,,,,,,,,,,
JuJu Smith-Schuster,WR,7000,3.29,,8,,,,,,,,,,,,,,,,,,,
,,,,,0,,,,,,,,,,,,,,,,,,,
,,,,,0,,,,,,,,,,,,,,,,,,,
,,,,,0,,,,,,,,,,,,,,,,,,,
,,,,,0,,,,,,,,,,,,,,,,,,,
Total,,60000,85.23,,,,,,,,,,,,,,,,,,,,,
,,,,,,,,,,,,,,,,,,,,,,,,
Optimal Lineup - Weighted,POS,Salary,Projection,2025-09-04 13:37,Roster %,Result,,,,,,,,,,,,,,,,,,
Jalen Hurts,MVP,18300,33.89,Slate: Single,22.8,24.3,,,,,,,,,,,,,,,,,,
Saquon Barkley,RB,14400,19.33,,19.5,16.4,,,,,,,,,,,,,,,,,,
Dak Prescott,QB,10800,15.98,,16.5,7.8,,,,,,,,,,,,,,,,,,
George Pickens,WR,8400,10.05,,10,4.5,,,,,,,,,,,,,,,,,,
Jake Ferguson,TE,5000,7.25,,7.3,4.8,,,,,,,,,,,,,,,,,,
KaVontae Turpin,WR,2800,4.7,,4.5,3.7,,,,,,,,,,,,,,,,,,
,,,,,0,,,,,,,,,,,,,,,,,,,
,,,,,0,,,,,,,,,,,,,,,,,,,
,,,,,0,,,,,,,,,,,,,,,,,,,
Total,,59700,91.2,,,61.5,,,,,,,,,,,,,,,,,,
,,,,,,,,,,,,,,,,,,,,,,,,
Optimal Lineup - RotoWire,POS,Salary,Projection,2025-09-04 13:39,Roster %,Result,,,,,,,,,,,,,,,,,,
Jalen Hurts,MVP,18300,34.2,Slate: Single,22.8,24.3,,,,,,,,,,,,,,,,,,
Saquon Barkley,RB,14400,19.5,,19.5,16.4,,,,,,,,,,,,,,,,,,
Dak Prescott,QB,10800,16.5,,16.5,7.8,,,,,,,,,,,,,,,,,,
George Pickens,WR,8400,10,,10,4.5,,,,,,,,,,,,,,,,,,
Jake Ferguson,TE,5000,7.3,,7.3,4.8,,,,,,,,,,,,,,,,,,
KaVontae Turpin,WR,2800,4.5,,4.5,3.7,,,,,,,,,,,,,,,,,,
,,,,,0,,,,,,,,,,,,,,,,,,,
,,,,,0,,,,,,,,,,,,,,,,,,,
,,,,,0,,,,,,,,,,,,,,,,,,,
Total,,59700,92,,,61.5,,,,,,,,,,,,,,,,,,
,,,,,,,,,,,,,,,,,,,,,,,,
Optimal Lineup - FantasyLabs,POS,Salary,Projection,2025-09-04 13:39,Roster %,Result,,,,,,,,,,,,,,,,,,
Jalen Hurts,MVP,18300,33.08,Slate: Single,22.8,24.3,,,,,,,,,,,,,,,,,,
Saquon Barkley,RB,14400,18.94,,19.5,16.4,,,,,,,,,,,,,,,,,,
Dak Prescott,QB,10800,16.29,,16.5,7.8,,,,,,,,,,,,,,,,,,
George Pickens,WR,8400,9.79,,10,4.5,,,,,,,,,,,,,,,,,,
Jake Ferguson,TE,5000,7.33,,7.3,4.8,,,,,,,,,,,,,,,,,,
KaVontae Turpin,WR,2800,5.54,,4.5,3.7,,,,,,,,,,,,,,,,,,
,,,,,0,,,,,,,,,,,,,,,,,,,
,,,,,0,,,,,,,,,,,,,,,,,,,
,,,,,0,,,,,,,,,,,,,,,,,,,
Total,,59700,90.97,,,61.5,,,,,,,,,,,,,,,,,,
,,,,,,,,,,,,,,,,,,,,,,,,
Optimal Lineup - My Projection,POS,Salary,Projection,2025-09-04 13:39,Roster %,Result,,,,,,,,,,,,,,,,,,
Jalen Hurts,MVP,18300,30.98,Slate: Single,22.8,24.3,,,,,,,,,,,,,,,,,,
Saquon Barkley,RB,14400,19.7,,19.5,16.4,,,,,,,,,,,,,,,,,,
DeVonta Smith,WR,9600,15.03,,11,3.1,,,,,,,,,,,,,,,,,,
Eagles,DST,7800,13.8,,8.2,3,,,,,,,,,,,,,,,,,,
Dallas Goedert,TE,7400,10.05,,7.5,7.9,,,,,,,,,,,,,,,,,,
Jaydon Blue,RB,2400,3,,3,0,,,,,,,,,,,,,,,,,,
,,,,,0,,,,,,,,,,,,,,,,,,,
,,,,,0,,,,,,,,,,,,,,,,,,,
,,,,,0,,,,,,,,,,,,,,,,,,,
Total,,59900,92.55999999999999,,,54.7,,,,,,,,,,,,,,,,,,
,,,,,,,,,,,,,,,,,,,,,,,,
Optimal Lineup - FantasyPros,POS,Salary,Projection,2025-09-04 20:55,Roster %,Result,,,,,,,,,,,,,,,,,,
Jalen Hurts,MVP,18300,34.57,Slate: Single,22.8,24.3,,,,,,,,,,,,,,,,,,
Saquon Barkley,RB,14400,18.85,,19.5,16.4,,,,,,,,,,,,,,,,,,
Dak Prescott,QB,10800,16.72,,16.5,7.8,,,,,,,,,,,,,,,,,,
George Pickens,WR,8400,10.46,,10,4.5,,,,,,,,,,,,,,,,,,
Javonte Williams,RB,6600,9,,8.6,19.4,,,,,,,,,,,,,,,,,,
Grant Calcaterra,TE,1000,1.92,,1.2,0,,,,,,,,,,,,,,,,,,
,,,,,0,,,,,,,,,,,,,,,,,,,
,,,,,0,,,,,,,,,,,,,,,,,,,
,,,,,0,,,,,,,,,,,,,,,,,,,
Total,,59500,91.52,,,72.4,,,,,,,,,,,,,,,,,,
,,,,,,,,,,,,,,,,,,,,,,,,
Optimal Lineup - Weighted,POS,Salary,Projection,2025-09-04 21:18,Roster %,Result,,,,,,,,,,,,,,,,,,
Jalen Hurts,MVP,18300,33.99,Slate: Single,22.8,24.3,,,,,,,,,,,,,,,,,,
Saquon Barkley,RB,14400,19.28,,19.5,16.4,,,,,,,,,,,,,,,,,,
Dak Prescott,QB,10800,16.07,,16.5,7.8,,,,,,,,,,,,,,,,,,
George Pickens,WR,8400,10.07,,10,4.5,,,,,,,,,,,,,,,,,,
Jake Ferguson,TE,5000,7.22,,7.3,4.8,,,,,,,,,,,,,,,,,,
KaVontae Turpin,WR,2800,4.65,,4.5,3.7,,,,,,,,,,,,,,,,,,
,,,,,0,,,,,,,,,,,,,,,,,,,
,,,,,0,,,,,,,,,,,,,,,,,,,
,,,,,0,,,,,,,,,,,,,,,,,,,
Total,,59700,91.28,,,61.5,,,,,,,,,,,,,,,,,,
,,,,,,,,,,,,,,,,,,,,,,,,
Optimal Lineup - Weighted,POS,Salary,Projection,2025-09-05 12:29,Roster %,Result,,,,,,,,,,,,,,,,,,
Jalen Hurts,MVP,18300,33.98,Slate: Single,22.8,24.3,,,,,,,,,,,,,,,,,,
Saquon Barkley,RB,14400,19.24,,19.5,16.4,,,,,,,,,,,,,,,,,,
Dak Prescott,QB,10800,16.04,,16.5,7.8,,,,,,,,,,,,,,,,,,
George Pickens,WR,8400,10.1,,10,4.5,,,,,,,,,,,,,,,,,,
Jake Ferguson,TE,5000,7.2,,7.3,4.8,,,,,,,,,,,,,,,,,,
KaVontae Turpin,WR,2800,4.61,,4.5,3.7,,,,,,,,,,,,,,,,,,
,,,,,0,,,,,,,,,,,,,,,,,,,
,,,,,0,,,,,,,,,,,,,,,,,,,
,,,,,0,,,,,,,,,,,,,,,,,,,
Total,,59700,91.16999999999999,,,61.5,,,,,,,,,,,,,,,,,,
,,,,,,,,,,,,,,,,,,,,,,,,
Optimal Lineup - Weighted,POS,Salary,Projection,2025-09-05 13:07,Roster %,Result,,,,,,,,,,,,,,,,,,
Jalen Hurts,MVP,18300,33.98,Slate: Single,22.8,24.3,,,,,,,,,,,,,,,,,,
Saquon Barkley,RB,14400,19.24,,19.5,16.4,,,,,,,,,,,,,,,,,,
Dak Prescott,QB,10800,16.05,,16.5,7.8,,,,,,,,,,,,,,,,,,
George Pickens,WR,8400,10.11,,10,4.5,,,,,,,,,,,,,,,,,,
Jake Ferguson,TE,5000,7.19,,7.3,4.8,,,,,,,,,,,,,,,,,,
KaVontae Turpin,WR,2800,4.6,,4.5,3.7,,,,,,,,,,,,,,,,,,
,,,,,0,,,,,,,,,,,,,,,,,,,
,,,,,0,,,,,,,,,,,,,,,,,,,
,,,,,0,,,,,,,,,,,,,,,,,,,
Total,,59700,91.16999999999999,,,61.5,,,,,,,,,,,,,,,,,,
,,,,,,,,,,,,,,,,,,,,,,,,
Optimal Lineup - Weighted,POS,Salary,Projection,2025-09-05 15:43,Roster %,Result,,,,,,,,,,,,,,,,,,
Hollywood Brown,MVP,7800,12.54,Slate: Single,8,3.7,,,,,,,,,,,,,,,,,,
Patrick Mahomes,QB,13200,19.34,,19.4,26,,,,,,,,,,,,,,,,,,
Justin Herbert,QB,12000,17.26,,17.6,27.9,,,,,,,,,,,,,,,,,,
Xavier Worthy,WR,11600,13.7,,13.4,0,,,,,,,,,,,,,,,,,,
Isiah Pacheco,RB,9000,10,,10.2,3.8,,,,,,,,,,,,,,,,,,
Omarion Hampton,RB,6400,10.69,,11.3,7.1,,,,,,,,,,,,,,,,,,
,,,,,0,,,,,,,,,,,,,,,,,,,
,,,,,0,,,,,,,,,,,,,,,,,,,
,,,,,0,,,,,,,,,,,,,,,,,,,
Total,,60000,83.53,,,68.49999999999999,,,,,,,,,,,,,,,,,,
,,,,,,,,,,,,,,,,,,,,,,,,
Optimal Lineup - DFF,POS,Salary,Projection,2025-09-05 15:43,Roster %,Result,,,,,,,,,,,,,,,,,,
Patrick Mahomes,MVP,19800,29.1,Slate: Single,19.4,26,,,,,,,,,,,,,,,,,,
Justin Herbert,QB,12000,17.6,,17.6,27.9,,,,,,,,,,,,,,,,,,
Xavier Worthy,WR,11600,13.4,,13.4,0,,,,,,,,,,,,,,,,,,
Isiah Pacheco,RB,9000,10.2,,10.2,3.8,,,,,,,,,,,,,,,,,,
Omarion Hampton,RB,6400,11.3,,11.3,7.1,,,,,,,,,,,,,,,,,,
Tyquan Thornton,WR,1000,2.5,,2.5,7.1,,,,,,,,,,,,,,,,,,
,,,,,0,,,,,,,,,,,,,,,,,,,
,,,,,0,,,,,,,,,,,,,,,,,,,
,,,,,0,,,,,,,,,,,,,,,,,,,
Total,,59800,84.1,,,71.89999999999999,,,,,,,,,,,,,,,,,,
,,,,,,,,,,,,,,,,,,,,,,,,
Optimal Lineup - FantasyPros,POS,Salary,Projection,2025-09-05 15:44,Roster %,Result,,,,,,,,,,,,,,,,,,
Patrick Mahomes,MVP,19800,29.1,Slate: Single,19.4,26,,,,,,,,,,,,,,,,,,
Justin Herbert,QB,12000,16.27,,17.6,27.9,,,,,,,,,,,,,,,,,,
Xavier Worthy,WR,11600,12.99,,13.4,0,,,,,,,,,,,,,,,,,,
Isiah Pacheco,RB,9000,10.55,,10.2,3.8,,,,,,,,,,,,,,,,,,
Omarion Hampton,RB,6400,12.39,,11.3,7.1,,,,,,,,,,,,,,,,,,
Tyquan Thornton,WR,1000,2.72,,2.5,7.1,,,,,,,,,,,,,,,,,,
,,,,,0,,,,,,,,,,,,,,,,,,,
,,,,,0,,,,,,,,,,,,,,,,,,,
,,,,,0,,,,,,,,,,,,,,,,,,,
Total,,59800,84.02000000000001,,,71.89999999999999,,,,,,,,,,,,,,,,,,
,,,,,,,,,,,,,,,,,,,,,,,,
Optimal Lineup - AVG,POS,Salary,Projection,2025-09-05 15:44,Roster %,Result,,,,,,,,,,,,,,,,,,
Hollywood Brown,MVP,7800,12.64,Slate: Single,8,7.1,,,,,,,,,,,,,,,,,,
Patrick Mahomes,QB,13200,19.46,,19.4,26,,,,,,,,,,,,,,,,,,
Justin Herbert,QB,12000,17.14,,17.6,27.9,,,,,,,,,,,,,,,,,,
Xavier Worthy,WR,11600,13.6,,13.4,0,,,,,,,,,,,,,,,,,,
Isiah Pacheco,RB,9000,9.95,,10.2,3.8,,,,,,,,,,,,,,,,,,
Omarion Hampton,RB,6400,10.65,,11.3,7.1,,,,,,,,,,,,,,,,,,
,,,,,0,,,,,,,,,,,,,,,,,,,
,,,,,0,,,,,,,,,,,,,,,,,,,
,,,,,0,,,,,,,,,,,,,,,,,,,
Total,,60000,83.44000000000001,,,71.89999999999999,,,,,,,,,,,,,,,,,,
,,,,,,,,,,,,,,,,,,,,,,,,
Optimal Lineup - My Projection,POS,Salary,Projection,2025-09-05 15:44,Roster %,Result,,,,,,,,,,,,,,,,,,
Patrick Mahomes,MVP,19800,25.7,Slate: Single,19.4,26,,,,,,,,,,,,,,,,,,
Justin Herbert,QB,12000,16.42,,17.6,27.9,,,,,,,,,,,,,,,,,,
Xavier Worthy,WR,11600,15.75,,13.4,0,,,,,,,,,,,,,,,,,,
Keenan Allen,WR,8400,11.7,,7.5,16.3,,,,,,,,,,,,,,,,,,
Hollywood Brown,WR,5200,10.5,,8,16.3,,,,,,,,,,,,,,,,,,
JuJu Smith-Schuster,WR,3000,4.2,,4.2,8,,,,,,,,,,,,,,,,,,
,,,,,0,,,,,,,,,,,,,,,,,,,
,,,,,0,,,,,,,,,,,,,,,,,,,
,,,,,0,,,,,,,,,,,,,,,,,,,
Total,,60000,84.27000000000001,,,94.5,,,,,,,,,,,,,,,,,,
,,,,,,,,,,,,,,,,,,,,,,,,
Optimal Lineup - DFF,POS,Salary,Projection,2025-09-06 19:03,Roster %,Result,,,,,,,,,,,,,,,,,,
Jayden Daniels,QB,8500,23,Slate: Main,13.9,20.1,,,,,,,,,,,,,,,,,,
Christian McCaffrey,RB,8100,18.2,,21.1,18.7,,,,,,,,,,,,,,,,,,
Chase Brown,RB,6900,16.7,,26.1,12.1,,,,,,,,,,,,,,,,,,
Ja'Marr Chase,WR,9200,17.6,,18.5,3.6,,,,,,,,,,,,,,,,,,
Tetairoa McMillan,WR,5600,12.9,,13.56,9.3,,,,,,,,,,,,,,,,,,
Emeka Egbuka,WR,5000,11,,17.9,21.6,,,,,,,,,,,,,,,,,,
Brock Bowers,TE,7000,13.2,,7.03,12.8,,,,,,,,,,,,,,,,,,
Ashton Jeanty,FLEX,6400,14.9,,13,11,,,,,,,,,,,,,,,,,,
Raiders,DST,3200,6.6,,5.2,10,,,,,,,,,,,,,,,,,,
Total,,59900,134.10000000000002,,,119.2,,,,,,,,,,,,,,,,,,
,,,,,,,,,,,,,,,,,,,,,,,,
Optimal Lineup - NumberFire,POS,Salary,Projection,2025-09-06 19:03,Roster %,Result,,,,,,,,,,,,,,,,,,
Trevor Lawrence,QB,7000,18.3,Slate: Main,18,11.3,,,,,,,,,,,,,,,,,,
Christian McCaffrey,RB,8100,18,,21.1,18.7,,,,,,,,,,,,,,,,,,
Bijan Robinson,RB,8800,18.5,,14.1,21.4,,,,,,,,,,,,,,,,,,
Ja'Marr Chase,WR,9200,18.7,,18.5,3.6,,,,,,,,,,,,,,,,,,
Brian Thomas Jr.,WR,7700,15.7,,19.1,3.6,,,,,,,,,,,,,,,,,,
Emeka Egbuka,WR,5000,11.2,,17.9,21.6,,,,,,,,,,,,,,,,,,
Brock Bowers,TE,7000,12.2,,7.03,12.8,,,,,,,,,,,,,,,,,,
Woody Marks,FLEX,4000,10.3,,0.07,0.3,,,,,,,,,,,,,,,,,,
Raiders,DST,3200,6.6,,5.2,10,,,,,,,,,,,,,,,,,,
Total,,60000,129.5,,,103.3,,,,,,,,,,,,,,,,,,
,,,,,,,,,,,,,,,,,,,,,,,,
Optimal Lineup - FantasyPros,POS,Salary,Projection,2025-09-06 19:03,Roster %,Result,,,,,,,,,,,,,,,,,,
Jayden Daniels,QB,8500,22.093999999999998,Slate: Main,13.9,20.1,,,,,,,,,,,,,,,,,,
Christian McCaffrey,RB,8100,17.07,,21.1,18.7,,,,,,,,,,,,,,,,,,
Ashton Jeanty,RB,6400,14.000000000000002,,13,11,,,,,,,,,,,,,,,,,,
Ja'Marr Chase,WR,9200,18.04,,18.5,3.6,,,,,,,,,,,,,,,,,,
Brian Thomas Jr.,WR,7700,14.829999999999998,,19.1,3.6,,,,,,,,,,,,,,,,,,
Emeka Egbuka,WR,5000,10.690000000000001,,17.9,21.6,,,,,,,,,,,,,,,,,,
Brock Bowers,TE,7000,12.58,,7.03,12.8,,,,,,,,,,,,,,,,,,
TreVeyon Henderson,FLEX,4700,12.17,,6.04,8.1,,,,,,,,,,,,,,,,,,
Jaguars,DST,3400,6.7,,1.3,11,,,,,,,,,,,,,,,,,,
Total,,60000,128.174,,,110.49999999999999,,,,,,,,,,,,,,,,,,
,,,,,,,,,,,,,,,,,,,,,,,,
Optimal Lineup - RotoWire,POS,Salary,Projection,2025-09-06 19:03,Roster %,Result,,,,,,,,,,,,,,,,,,
Jayden Daniels,QB,8500,22.32,Slate: Main,13.9,20.1,,,,,,,,,,,,,,,,,,
De'Von Achane,RB,8200,20.32,,20.8,20.1,,,,,,,,,,,,,,,,,,
Chase Brown,RB,6900,18.39,,26.1,12.1,,,,,,,,,,,,,,,,,,
Ja'Marr Chase,WR,9200,20.4,,18.5,3.6,,,,,,,,,,,,,,,,,,
Tetairoa McMillan,WR,5600,14.96,,13.56,9.3,,,,,,,,,,,,,,,,,,
Jaylen Waddle,WR,5500,13.85,,7.11,5,,,,,,,,,,,,,,,,,,
Trey McBride,TE,6300,14.93,,7.61,9.1,,,,,,,,,,,,,,,,,,
Ashton Jeanty,FLEX,6400,18.04,,13,11,,,,,,,,,,,,,,,,,,
Jaguars,DST,3400,6.63,,1.3,11,,,,,,,,,,,,,,,,,,
Total,,60000,149.84,,,101.3,,,,,,,,,,,,,,,,,,
,,,,,,,,,,,,,,,,,,,,,,,,
Optimal Lineup - FantasyLabs,POS,Salary,Projection,2025-09-06 19:03,Roster %,Result,,,,,,,,,,,,,,,,,,
Jayden Daniels,QB,8500,22.37,Slate: Main,13.9,20.1,,,,,,,,,,,,,,,,,,
Chase Brown,RB,6900,15.45,,26.1,12.1,,,,,,,,,,,,,,,,,,
Bucky Irving,RB,7700,15.42,,10.2,12.5,,,,,,,,,,,,,,,,,,
Ja'Marr Chase,WR,9200,18.29,,18.5,3.6,,,,,,,,,,,,,,,,,,
Drake London,WR,7000,14.6,,16.2,9.5,,,,,,,,,,,,,,,,,,
Emeka Egbuka,WR,5000,11.1,,17.9,21.6,,,,,,,,,,,,,,,,,,
Trey McBride,TE,6300,11.64,,7.61,9.1,,,,,,,,,,,,,,,,,,
Ashton Jeanty,FLEX,6400,15.03,,13,11,,,,,,,,,,,,,,,,,,
Browns,DST,3000,6.56,,6.9,4,,,,,,,,,,,,,,,,,,
Total,,60000,130.45999999999998,,,103.5,,,,,,,,,,,,,,,,,,
,,,,,,,,,,,,,,,,,,,,,,,,
Optimal Lineup - AVG,POS,Salary,Projection,2025-09-06 19:03,Roster %,Result,,,,,,,,,,,,,,,,,,
Jayden Daniels,QB,8500,21.938416666666665,Slate: Main,13.9,20.1,,,,,,,,,,,,,,,,,,
Christian McCaffrey,RB,8100,16.936666666666667,,21.1,18.7,,,,,,,,,,,,,,,,,,
Chase Brown,RB,6900,15.499583333333334,,26.1,12.1,,,,,,,,,,,,,,,,,,
Ja'Marr Chase,WR,9200,18.585,,18.5,3.6,,,,,,,,,,,,,,,,,,
Drake London,WR,7000,14.361666666666666,,16.2,9.5,,,,,,,,,,,,,,,,,,
Emeka Egbuka,WR,5000,11.045416666666666,,17.9,21.6,,,,,,,,,,,,,,,,,,
David Njoku,TE,5700,10.760416666666666,,11.4,5.2,,,,,,,,,,,,,,,,,,
Ashton Jeanty,FLEX,6400,14.26125,,13,11,,,,,,,,,,,,,,,,,,
Raiders,DST,3200,7.194583333333332,,5.2,10,,,,,,,,,,,,,,,,,,
Total,,60000,130.583,,,111.8,,,,,,,,,,,,,,,,,,
,,,,,,,,,,,,,,,,,,,,,,,,
Optimal Lineup - Weighted,POS,Salary,Projection,2025-09-06 19:03,Roster %,Result,,,,,,,,,,,,,,,,,,
Jayden Daniels,QB,8500,21.77336916666667,Slate: Main,13.9,20.1,,,,,,,,,,,,,,,,,,
Christian McCaffrey,RB,8100,17.283766666666665,,21.1,18.7,,,,,,,,,,,,,,,,,,
Chase Brown,RB,6900,15.790470833333334,,26.1,12.1,,,,,,,,,,,,,,,,,,
Ja'Marr Chase,WR,9200,18.641150000000003,,18.5,3.6,,,,,,,,,,,,,,,,,,
Drake London,WR,7000,14.597116666666667,,16.2,9.5,,,,,,,,,,,,,,,,,,
Emeka Egbuka,WR,5000,11.205379166666667,,17.9,21.6,,,,,,,,,,,,,,,,,,
David Njoku,TE,5700,11.023029166666669,,11.4,5.2,,,,,,,,,,,,,,,,,,
Ashton Jeanty,FLEX,6400,14.506187500000001,,13,11,,,,,,,,,,,,,,,,,,
Raiders,DST,3200,7.053920833333334,,5.2,10,,,,,,,,,,,,,,,,,,
Total,,60000,131.87438999999998,,,111.8,,,,,,,,,,,,,,,,,,
,,,,,,,,,,,,,,,,,,,,,,,,
Optimal Lineup - My Projection,POS,Salary,Projection,2025-09-06 19:03,Roster %,Result,,,,,,,,,,,,,,,,,,
Bryce Young,QB,6800,18.150000000000002,Slate: Main,0.14,10.2,,,,,,,,,,,,,,,,,,
James Conner,RB,7500,16.85,,13.9,12.4,,,,,,,,,,,,,,,,,,
Chuba Hubbard,RB,6500,15.933333333333332,,9.35,16.4,,,,,,,,,,,,,,,,,,
Ja'Marr Chase,WR,9200,19.55,,18.5,3.6,,,,,,,,,,,,,,,,,,
Drake London,WR,7000,15.633333333333335,,16.2,9.5,,,,,,,,,,,,,,,,,,
Mike Evans,WR,7500,17.383333333333336,,9.52,7.6,,,,,,,,,,,,,,,,,,
David Njoku,TE,5700,14.583333333333334,,11.4,5.2,,,,,,,,,,,,,,,,,,
Rico Dowdle,FLEX,5300,14.416666666666666,,0.32,2.6,,,,,,,,,,,,,,,,,,
Bengals,DST,4500,14.366666666666667,,0.8,7,,,,,,,,,,,,,,,,,,
Total,,60000,146.86666666666667,,,74.5,,,,,,,,,,,,,,,,,,
,,,,,,,,,,,,,,,,,,,,,,,,
Optimal Lineup - Weighted,POS,Salary,Projection,2025-09-06 19:07,Roster %,Result,,,,,,,,,,,,,,,,,,
Jayden Daniels,QB,8500,21.77336916666667,Slate: Main,13.9,20.1,,,,,,,,,,,,,,,,,,
Chase Brown,RB,6900,15.790470833333334,,26.1,12.1,,,,,,,,,,,,,,,,,,
Ashton Jeanty,RB,6400,14.506187500000001,,13,11,,,,,,,,,,,,,,,,,,
Ja'Marr Chase,WR,9200,18.641150000000003,,18.5,3.6,,,,,,,,,,,,,,,,,,
Brian Thomas Jr.,WR,7700,15.481216666666668,,19.1,3.6,,,,,,,,,,,,,,,,,,
Drake London,WR,7000,14.597116666666667,,16.2,9.5,,,,,,,,,,,,,,,,,,
Trey McBride,TE,6300,12.137520833333332,,7.61,9.1,,,,,,,,,,,,,,,,,,
TreVeyon Henderson,FLEX,4700,11.297416666666667,,6.04,8.1,,,,,,,,,,,,,,,,,,
Raiders,DST,3200,7.053920833333334,,5.2,10,,,,,,,,,,,,,,,,,,
Total,,59900,131.27836916666666,,,87.1,,,,,,,,,,,,,,,,,,
,,,,,,,,,,,,,,,,,,,,,,,,
Optimal Lineup - Weighted,POS,Salary,Projection,2025-09-06 19:07,Roster %,Result,,,,,,,,,,,,,,,,,,
Jayden Daniels,QB,8500,21.77336916666667,Slate: Main,13.9,20.1,,,,,,,,,,,,,,,,,,
Chase Brown,RB,6900,15.790470833333334,,26.1,12.1,,,,,,,,,,,,,,,,,,
Ashton Jeanty,RB,6400,14.506187500000001,,13,11,,,,,,,,,,,,,,,,,,
Brian Thomas Jr.,WR,7700,15.481216666666668,,19.1,11,,,,,,,,,,,,,,,,,,
Drake London,WR,7000,14.597116666666667,,16.2,9.5,,,,,,,,,,,,,,,,,,
Mike Evans,WR,7500,14.679091666666666,,9.52,7.6,,,,,,,,,,,,,,,,,,
Trey McBride,TE,6300,12.137520833333332,,7.61,9.1,,,,,,,,,,,,,,,,,,
TreVeyon Henderson,FLEX,4700,11.297416666666667,,6.04,8.1,,,,,,,,,,,,,,,,,,
Broncos,DST,4800,9.530925000000002,,6.22,14,,,,,,,,,,,,,,,,,,
Total,,59800,129.79331499999998,,,102.49999999999999,,,,,,,,,,,,,,,,,,
,,,,,,,,,,,,,,,,,,,,,,,,
Optimal Lineup - Weighted,POS,Salary,Projection,2025-09-07 12:21,Roster %,Result,,,,,,,,,,,,,,,,,,
Jayden Daniels,QB,8500,21.90074416666667,Slate: Main,13.9,20.1,,,,,,,,,,,,,,,,,,
Ashton Jeanty,RB,6400,14.897799999999998,,13,11,,,,,,,,,,,,,,,,,,
Chase Brown,RB,6900,15.572616666666667,,26.1,12.1,,,,,,,,,,,,,,,,,,
Ja'Marr Chase,WR,9200,18.62412916666667,,18.5,3.6,,,,,,,,,,,,,,,,,,
Brian Thomas Jr.,WR,7700,15.502216666666667,,19.1,3.6,,,,,,,,,,,,,,,,,,
Drake London,WR,7000,14.897904166666667,,16.2,9.5,,,,,,,,,,,,,,,,,,
Trey McBride,TE,6300,12.165145833333334,,7.61,9.1,,,,,,,,,,,,,,,,,,
TreVeyon Henderson,FLEX,4700,11.297416666666667,,6.05,8.1,,,,,,,,,,,,,,,,,,
Raiders,DST,3200,7.052808333333333,,5.2,10,,,,,,,,,,,,,,,,,,
Total,,59900,131.91078166666668,,,87.1,,,,,,,,,,,,,,,,,,
,,,,,,,,,,,,,,,,,,,,,,,,
Optimal Lineup - AVG,POS,Salary,Projection,2025-09-07 12:21,Roster %,Result,,,,,,,,,,,,,,,,,,
Jayden Daniels,QB,8500,22.26091666666667,Slate: Main,13.9,20.1,,,,,,,,,,,,,,,,,,
Ashton Jeanty,RB,6400,14.75,,13,11,,,,,,,,,,,,,,,,,,
Chase Brown,RB,6900,15.381666666666666,,26.1,12.1,,,,,,,,,,,,,,,,,,
Ja'Marr Chase,WR,9200,18.550416666666663,,18.5,3.6,,,,,,,,,,,,,,,,,,
Brian Thomas Jr.,WR,7700,15.421666666666667,,19.1,3.6,,,,,,,,,,,,,,,,,,
Drake London,WR,7000,14.522916666666667,,16.2,9.5,,,,,,,,,,,,,,,,,,
Trey McBride,TE,6300,12.022083333333335,,7.61,9.1,,,,,,,,,,,,,,,,,,
TreVeyon Henderson,FLEX,4700,11.351666666666667,,6.05,8.1,,,,,,,,,,,,,,,,,,
Raiders,DST,3200,7.185833333333332,,5.2,10,,,,,,,,,,,,,,,,,,
Total,,59900,131.44716666666667,,,87.1,,,,,,,,,,,,,,,,,,
,,,,,,,,,,,,,,,,,,,,,,,,
Optimal Lineup - My Projection,POS,Salary,Projection,2025-09-07 12:21,Roster %,Result,,,,,,,,,,,,,,,,,,
Baker Mayfield,QB,7900,19.866666666666664,Slate: Main,4.3,22.6,,,,,,,,,,,,,,,,,,
James Conner,RB,7500,16.933333333333334,,13.9,12.4,,,,,,,,,,,,,,,,,,
Chuba Hubbard,RB,6500,16.033333333333335,,9.24,16.4,,,,,,,,,,,,,,,,,,
Ja'Marr Chase,WR,9200,19.633333333333336,,18.5,3.6,,,,,,,,,,,,,,,,,,
Drake London,WR,7000,15.633333333333335,,16.2,9.5,,,,,,,,,,,,,,,,,,
Mike Evans,WR,7500,17.383333333333336,,8.88,7.6,,,,,,,,,,,,,,,,,,
Hunter Henry,TE,5000,13.133333333333333,,3.66,8.6,,,,,,,,,,,,,,,,,,
Zach Charbonnet,FLEX,4900,13.566666666666665,,2.76,10.7,,,,,,,,,,,,,,,,,,
Bengals,DST,4500,14.450000000000001,,0.8,7,,,,,,,,,,,,,,,,,,
Total,,60000,146.63333333333333,,,98.39999999999999,,,,,,,,,,,,,,,,,,
,,,,,,,,,,,,,,,,,,,,,,,,
Optimal Lineup - DFF,POS,Salary,Projection,2025-09-07 12:21,Roster %,Result,,,,,,,,,,,,,,,,,,
Jayden Daniels,QB,8500,22.8,Slate: Main,13.9,20.1,,,,,,,,,,,,,,,,,,
Bijan Robinson,RB,8800,18,,14.06,21.4,,,,,,,,,,,,,,,,,,
Ashton Jeanty,RB,6400,15.8,,13,11,,,,,,,,,,,,,,,,,,
Nico Collins,WR,7900,15.1,,9.49,4,,,,,,,,,,,,,,,,,,
Drake London,WR,7000,14.5,,16.2,9.5,,,,,,,,,,,,,,,,,,
Emeka Egbuka,WR,5000,11,,17.9,21.6,,,,,,,,,,,,,,,,,,
Trey McBride,TE,6300,11.9,,7.61,9.1,,,,,,,,,,,,,,,,,,
Chase Brown,FLEX,6900,15.7,,26.1,12.1,,,,,,,,,,,,,,,,,,
Raiders,DST,3200,6.6,,5.2,10,,,,,,,,,,,,,,,,,,
Total,,60000,131.4,,,118.79999999999998,,,,,,,,,,,,,,,,,,
,,,,,,,,,,,,,,,,,,,,,,,,
Optimal Lineup - FantasyPros,POS,Salary,Projection,2025-09-07 12:21,Roster %,Result,,,,,,,,,,,,,,,,,,
Jayden Daniels,QB,8500,22.093999999999998,Slate: Main,13.9,20.1,,,,,,,,,,,,,,,,,,
Christian McCaffrey,RB,8100,17.07,,21.1,18.7,,,,,,,,,,,,,,,,,,
Ashton Jeanty,RB,6400,14.000000000000002,,13,11,,,,,,,,,,,,,,,,,,
Ja'Marr Chase,WR,9200,18.04,,18.5,3.6,,,,,,,,,,,,,,,,,,
Brian Thomas Jr.,WR,7700,14.829999999999998,,19.1,3.6,,,,,,,,,,,,,,,,,,
Emeka Egbuka,WR,5000,10.690000000000001,,17.9,21.6,,,,,,,,,,,,,,,,,,
Brock Bowers,TE,7000,12.58,,7.04,12.8,,,,,,,,,,,,,,,,,,
TreVeyon Henderson,FLEX,4700,12.17,,6.05,8.1,,,,,,,,,,,,,,,,,,
Jaguars,DST,3400,6.7,,1.3,11,,,,,,,,,,,,,,,,,,
Total,,60000,128.174,,,110.49999999999999,,,,,,,,,,,,,,,,,,
,,,,,,,,,,,,,,,,,,,,,,,,
Optimal Lineup - NumberFire,POS,Salary,Projection,2025-09-07 12:22,Roster %,Result,,,,,,,,,,,,,,,,,,
Trevor Lawrence,QB,7000,18.5,Slate: Main,18,11.3,,,,,,,,,,,,,,,,,,
Bijan Robinson,RB,8800,18.5,,14.06,21.4,,,,,,,,,,,,,,,,,,
Christian McCaffrey,RB,8100,18,,21.1,18.7,,,,,,,,,,,,,,,,,,
Ja'Marr Chase,WR,9200,18.7,,18.5,3.6,,,,,,,,,,,,,,,,,,
Brian Thomas Jr.,WR,7700,15.8,,19.1,3.6,,,,,,,,,,,,,,,,,,
Emeka Egbuka,WR,5000,11.2,,17.9,21.6,,,,,,,,,,,,,,,,,,
Brock Bowers,TE,7000,12.2,,7.04,12.8,,,,,,,,,,,,,,,,,,
Woody Marks,FLEX,4000,10.3,,0.06,0.3,,,,,,,,,,,,,,,,,,
Raiders,DST,3200,6.6,,5.2,10,,,,,,,,,,,,,,,,,,
Total,,60000,129.8,,,103.30000000000001,,,,,,,,,,,,,,,,,,
,,,,,,,,,,,,,,,,,,,,,,,,
Optimal Lineup - RotoWire,POS,Salary,Projection,2025-09-07 12:22,Roster %,Result,,,,,,,,,,,,,,,,,,
Jayden Daniels,QB,8500,22.32,Slate: Main,13.9,20.1,,,,,,,,,,,,,,,,,,
De'Von Achane,RB,8200,20.32,,20.8,20.1,,,,,,,,,,,,,,,,,,
Christian McCaffrey,RB,8100,19.87,,21.1,18.7,,,,,,,,,,,,,,,,,,
Drake London,WR,7000,17.65,,16.2,9.5,,,,,,,,,,,,,,,,,,
Tetairoa McMillan,WR,5600,14.96,,13.32,9.3,,,,,,,,,,,,,,,,,,
Jaylen Waddle,WR,5500,13.85,,7.04,5,,,,,,,,,,,,,,,,,,
Brock Bowers,TE,7000,16.25,,7.04,12.8,,,,,,,,,,,,,,,,,,
Ashton Jeanty,FLEX,6400,18.04,,13,11,,,,,,,,,,,,,,,,,,
Rams,DST,3700,7.44,,0.9,11,,,,,,,,,,,,,,,,,,
Total,,60000,150.7,,,117.5,,,,,,,,,,,,,,,,,,
,,,,,,,,,,,,,,,,,,,,,,,,
Optimal Lineup - DraftEdge,POS,Salary,Projection,2025-09-07 12:22,Roster %,Result,,,,,,,,,,,,,,,,,,
Jayden Daniels,QB,8500,25.6,Slate: Main,13.9,20.1,,,,,,,,,,,,,,,,,,
Ashton Jeanty,RB,6400,16.6,,13,11,,,,,,,,,,,,,,,,,,
Chase Brown,RB,6900,17.5,,26.1,12.1,,,,,,,,,,,,,,,,,,
Ja'Marr Chase,WR,9200,18.2,,18.5,3.6,,,,,,,,,,,,,,,,,,
Tee Higgins,WR,7100,14.2,,8.51,4.8,,,,,,,,,,,,,,,,,,
Tetairoa McMillan,WR,5600,12.7,,13.32,9.3,,,,,,,,,,,,,,,,,,
Brock Bowers,TE,7000,12.9,,7.04,12.8,,,,,,,,,,,,,,,,,,
Jaylen Warren,FLEX,5500,13.6,,8.86,12.9,,,,,,,,,,,,,,,,,,
Rams,DST,3700,7.6,,0.9,11,,,,,,,,,,,,,,,,,,
Total,,59900,138.9,,,97.60000000000001,,,,,,,,,,,,,,,,,,
,,,,,,,,,,,,,,,,,,,,,,,,
Optimal Lineup - FantasyLabs,POS,Salary,Projection,2025-09-07 12:22,Roster %,Result,,,,,,,,,,,,,,,,,,
Jayden Daniels,QB,8500,22.55,Slate: Main,13.9,20.1,,,,,,,,,,,,,,,,,,
Ashton Jeanty,RB,6400,15.55,,13,11,,,,,,,,,,,,,,,,,,
Chase Brown,RB,6900,15.39,,26.1,12.1,,,,,,,,,,,,,,,,,,
Ja'Marr Chase,WR,9200,18.23,,18.5,3.6,,,,,,,,,,,,,,,,,,
Drake London,WR,7000,15.2,,16.2,9.5,,,,,,,,,,,,,,,,,,
Emeka Egbuka,WR,5000,11.1,,17.9,21.6,,,,,,,,,,,,,,,,,,
Trey McBride,TE,6300,11.64,,7.61,9.1,,,,,,,,,,,,,,,,,,
James Conner,FLEX,7500,15.47,,13.9,12.4,,,,,,,,,,,,,,,,,,
Browns,DST,3000,6.56,,6.9,4,,,,,,,,,,,,,,,,,,
Total,,59800,131.69,,,103.4,,,,,,,,,,,,,,,,,,
,,,,,,,,,,,,,,,,,,,,,,,,
Optimal Lineup - SportsLine,POS,Salary,Projection,2025-09-07 12:22,Roster %,Result,,,,,,,,,,,,,,,,,,
Jayden Daniels,QB,8500,24.84,Slate: Main,13.9,20.1,,,,,,,,,,,,,,,,,,
Kyren Williams,RB,7300,15.33,,10.04,13.4,,,,,,,,,,,,,,,,,,
TreVeyon Henderson,RB,4700,12.15,,6.05,8.1,,,,,,,,,,,,,,,,,,
Ja'Marr Chase,WR,9200,17.6,,18.5,3.6,,,,,,,,,,,,,,,,,,
Brian Thomas Jr.,WR,7700,14.8,,19.1,3.6,,,,,,,,,,,,,,,,,,
Malik Nabers,WR,7800,16.27,,11.6,9.6,,,,,,,,,,,,,,,,,,
Trey McBride,TE,6300,12.29,,7.61,9.1,,,,,,,,,,,,,,,,,,
Jacory Croskey-Merritt,FLEX,4000,12.18,,3.39,14.2,,,,,,,,,,,,,,,,,,
Bengals,DST,4500,11.66,,0.8,7,,,,,,,,,,,,,,,,,,
Total,,60000,137.12,,,88.7,,,,,,,,,,,,,,,,,,
,,,,,,,,,,,,,,,,,,,,,,,,
Optimal Lineup - Weighted,POS,Salary,Projection,2025-09-07 12:23,Roster %,Result,,,,,,,,,,,,,,,,,,
Jayden Daniels,QB,8500,22.087657500000002,Slate: Main,13.9,20.1,,,,,,,,,,,,,,,,,,
Ashton Jeanty,RB,6400,15.103200000000001,,13,11,,,,,,,,,,,,,,,,,,
Chase Brown,RB,6900,15.64625,,26.1,12.1,,,,,,,,,,,,,,,,,,
Ja'Marr Chase,WR,9200,18.5702625,,18.5,3.6,,,,,,,,,,,,,,,,,,
Brian Thomas Jr.,WR,7700,15.445649999999999,,19.1,3.6,,,,,,,,,,,,,,,,,,
Drake London,WR,7000,14.8411375,,16.2,9.5,,,,,,,,,,,,,,,,,,
Trey McBride,TE,6300,12.158112499999998,,7.61,9.1,,,,,,,,,,,,,,,,,,
TreVeyon Henderson,FLEX,4700,11.47035,,6.05,8.1,,,,,,,,,,,,,,,,,,
Raiders,DST,3200,6.8176749999999995,,5.2,10,,,,,,,,,,,,,,,,,,
Total,,59900,132.140295,,,87.1,,,,,,,,,,,,,,,,,,
,,,,,,,,,,,,,,,,,,,,,,,,
Optimal Lineup - Weighted,POS,Salary,Projection,2025-09-07 12:32,Roster %,Result,,,,,,,,,,,,,,,,,,
Bo Nix,QB,7400,18.869085,Slate: Main,4.38,8.8,,,,,,,,,,,,,,,,,,
Christian McCaffrey,RB,8100,16.9342,GPP Plays: 2 @ <5%,21.1,18.7,,,,,,,,,,,,,,,,,,
Ashton Jeanty,RB,6400,15.103200000000001,,13,11,,,,,,,,,,,,,,,,,,
Ja'Marr Chase,WR,9200,18.5702625,,18.5,3.6,,,,,,,,,,,,,,,,,,
Drake London,WR,7000,14.8411375,,16.2,9.5,,,,,,,,,,,,,,,,,,
Emeka Egbuka,WR,5000,11.2868625,,17.9,21.6,,,,,,,,,,,,,,,,,,
Trey McBride,TE,6300,12.158112499999998,,7.61,9.1,,,,,,,,,,,,,,,,,,
Chase Brown,FLEX,6900,15.64625,,26.1,12.1,,,,,,,,,,,,,,,,,,
Rams,DST,3700,7.7879000000000005,,0.9,11,,,,,,,,,,,,,,,,,,
Total,,60000,131.19701,,,105.39999999999999,,,,,,,,,,,,,,,,,,
,,,,,,,,,,,,,,,,,,,,,,,,
Optimal Lineup - Weighted,POS,Salary,Projection,2025-09-07 12:33,Roster %,Result,,,,,,,,,,,,,,,,,,
Joe Burrow,QB,8000,20.852355000000003,Slate: Main,6.72,8.8,,,,,,,,,,,,,,,,,,
Ashton Jeanty,RB,6400,15.103200000000001,GPP Plays: 1 @ <5%,13,11,,,,,,,,,,,,,,,,,,
Chase Brown,RB,6900,15.64625,,26.1,12.1,,,,,,,,,,,,,,,,,,
Ja'Marr Chase,WR,9200,18.5702625,,18.5,3.6,,,,,,,,,,,,,,,,,,
Brian Thomas Jr.,WR,7700,15.445649999999999,,19.1,3.6,,,,,,,,,,,,,,,,,,
Drake London,WR,7000,14.8411375,,16.2,9.5,,,,,,,,,,,,,,,,,,
Trey McBride,TE,6300,12.158112499999998,,7.61,9.1,,,,,,,,,,,,,,,,,,
TreVeyon Henderson,FLEX,4700,11.47035,,6.05,8.1,,,,,,,,,,,,,,,,,,
Rams,DST,3700,7.7879000000000005,,0.9,11,,,,,,,,,,,,,,,,,,
Total,,59900,131.8752175,,,76.8,,,,,,,,,,,,,,,,,,
,,,,,,,,,,,,,,,,,,,,,,,,
Optimal Lineup - Weighted,POS,Salary,Projection,2025-09-07 12:42,Roster %,Result,,,,,,,,,,,,,,,,,,
Jayden Daniels,QB,8500,22.0794725,Slate: Main,13.9,20.1,,,,,,,,,,,,,,,,,,
Christian McCaffrey,RB,8100,16.9249,,21.1,18.7,,,,,,,,,,,,,,,,,,
Ashton Jeanty,RB,6400,15.13795,,13,11,,,,,,,,,,,,,,,,,,
Ja'Marr Chase,WR,9200,18.5527875,,18.5,3.6,,,,,,,,,,,,,,,,,,
Drake London,WR,7000,14.848212499999999,,16.2,9.5,,,,,,,,,,,,,,,,,,
Emeka Egbuka,WR,5000,11.2817625,,17.9,21.6,,,,,,,,,,,,,,,,,,
David Njoku,TE,5700,10.676087500000001,,11.4,5.2,,,,,,,,,,,,,,,,,,
Chase Brown,FLEX,6900,15.636575,,26.1,12.1,,,,,,,,,,,,,,,,,,
Raiders,DST,3200,6.8176749999999995,,5.2,10,,,,,,,,,,,,,,,,,,
Total,,60000,131.9554225,,,111.8,,,,,,,,,,,,,,,,,,
,,,,,,,,,,,,,,,,,,,,,,,,
Optimal Lineup - AVG,POS,Salary,Projection,2025-09-07 12:42,Roster %,Result,,,,,,,,,,,,,,,,,,
Jayden Daniels,QB,8500,22.233416666666667,Slate: Main,13.9,20.1,,,,,,,,,,,,,,,,,,
Ashton Jeanty,RB,6400,14.774999999999999,,13,11,,,,,,,,,,,,,,,,,,
Chase Brown,RB,6900,15.369166666666665,,26.1,12.1,,,,,,,,,,,,,,,,,,
Ja'Marr Chase,WR,9200,18.537916666666664,,18.5,3.6,,,,,,,,,,,,,,,,,,
Brian Thomas Jr.,WR,7700,15.034166666666664,,19.1,3.6,,,,,,,,,,,,,,,,,,
Drake London,WR,7000,14.535416666666666,,16.2,9.5,,,,,,,,,,,,,,,,,,
Trey McBride,TE,6300,12.034583333333334,,7.65,9.1,,,,,,,,,,,,,,,,,,
TreVeyon Henderson,FLEX,4700,11.364166666666666,,6.02,8.1,,,,,,,,,,,,,,,,,,
Raiders,DST,3200,7.185833333333332,,5.2,10,,,,,,,,,,,,,,,,,,
Total,,59900,131.06966666666665,,,87.1,,,,,,,,,,,,,,,,,,
,,,,,,,,,,,,,,,,,,,,,,,,
Optimal Lineup - My Projection,POS,Salary,Projection,2025-09-07 12:42,Roster %,Result,,,,,,,,,,,,,,,,,,
Baker Mayfield,QB,7900,19.866666666666664,Slate: Main,4.3,22.6,,,,,,,,,,,,,,,,,,
James Conner,RB,7500,16.933333333333334,,13.9,12.4,,,,,,,,,,,,,,,,,,
Chuba Hubbard,RB,6500,15.983333333333334,,9.22,16.4,,,,,,,,,,,,,,,,,,
Ja'Marr Chase,WR,9200,19.633333333333336,,18.5,3.6,,,,,,,,,,,,,,,,,,
Drake London,WR,7000,15.633333333333335,,16.2,9.5,,,,,,,,,,,,,,,,,,
Mike Evans,WR,7500,17.383333333333336,,8.74,7.6,,,,,,,,,,,,,,,,,,
Hunter Henry,TE,5000,13.133333333333333,,3.65,8.6,,,,,,,,,,,,,,,,,,
Zach Charbonnet,FLEX,4900,13.566666666666665,,2.73,10.7,,,,,,,,,,,,,,,,,,
Bengals,DST,4500,14.450000000000001,,0.8,7,,,,,,,,,,,,,,,,,,
Total,,60000,146.58333333333334,,,98.39999999999999,,,,,,,,,,,,,,,,,,
,,,,,,,,,,,,,,,,,,,,,,,,
Optimal Lineup - DFF,POS,Salary,Projection,2025-09-07 12:42,Roster %,Result,,,,,,,,,,,,,,,,,,
Jayden Daniels,QB,8500,22.8,Slate: Main,13.9,20.1,,,,,,,,,,,,,,,,,,
Bijan Robinson,RB,8800,18,,14.05,21.4,,,,,,,,,,,,,,,,,,
Ashton Jeanty,RB,6400,15.8,,13,11,,,,,,,,,,,,,,,,,,
Nico Collins,WR,7900,15.1,,9.34,4,,,,,,,,,,,,,,,,,,
Drake London,WR,7000,14.5,,16.2,9.5,,,,,,,,,,,,,,,,,,
Emeka Egbuka,WR,5000,11,,17.9,21.6,,,,,,,,,,,,,,,,,,
Trey McBride,TE,6300,11.9,,7.65,9.1,,,,,,,,,,,,,,,,,,
Chase Brown,FLEX,6900,15.7,,26.1,12.1,,,,,,,,,,,,,,,,,,
Raiders,DST,3200,6.6,,5.2,10,,,,,,,,,,,,,,,,,,
Total,,60000,131.4,,,118.79999999999998,,,,,,,,,,,,,,,,,,
,,,,,,,,,,,,,,,,,,,,,,,,
Optimal Lineup - FantasyPros,POS,Salary,Projection,2025-09-07 12:42,Roster %,Result,,,,,,,,,,,,,,,,,,
Jayden Daniels,QB,8500,22.093999999999998,Slate: Main,13.9,20.1,,,,,,,,,,,,,,,,,,
Christian McCaffrey,RB,8100,17.07,,21.1,18.7,,,,,,,,,,,,,,,,,,
Ashton Jeanty,RB,6400,14.000000000000002,,13,11,,,,,,,,,,,,,,,,,,
Ja'Marr Chase,WR,9200,18.04,,18.5,3.6,,,,,,,,,,,,,,,,,,
Brian Thomas Jr.,WR,7700,14.829999999999998,,19.1,3.6,,,,,,,,,,,,,,,,,,
Emeka Egbuka,WR,5000,10.690000000000001,,17.9,21.6,,,,,,,,,,,,,,,,,,
Brock Bowers,TE,7000,12.58,,7.04,12.8,,,,,,,,,,,,,,,,,,
TreVeyon Henderson,FLEX,4700,12.17,,6.02,8.1,,,,,,,,,,,,,,,,,,
Jaguars,DST,3400,6.7,,1.3,11,,,,,,,,,,,,,,,,,,
Total,,60000,128.174,,,110.49999999999999,,,,,,,,,,,,,,,,,,
,,,,,,,,,,,,,,,,,,,,,,,,
Optimal Lineup - NumberFire,POS,Salary,Projection,2025-09-07 12:42,Roster %,Result,,,,,,,,,,,,,,,,,,
Joe Burrow,QB,8000,20,Slate: Main,6.71,8.8,,,,,,,,,,,,,,,,,,
Christian McCaffrey,RB,8100,18,,21.1,18.7,,,,,,,,,,,,,,,,,,
Chuba Hubbard,RB,6500,15.1,,9.22,16.4,,,,,,,,,,,,,,,,,,
Ja'Marr Chase,WR,9200,18.6,,18.5,3.6,,,,,,,,,,,,,,,,,,
Mike Evans,WR,7500,14.9,,8.74,7.6,,,,,,,,,,,,,,,,,,
Emeka Egbuka,WR,5000,11.2,,17.9,21.6,,,,,,,,,,,,,,,,,,
Brock Bowers,TE,7000,12.3,,7.04,12.8,,,,,,,,,,,,,,,,,,
TreVeyon Henderson,FLEX,4700,11.2,,6.02,8.1,,,,,,,,,,,,,,,,,,
Rams,DST,3700,7.6,,0.9,11,,,,,,,,,,,,,,,,,,
Total,,59700,128.9,,,108.6,,,,,,,,,,,,,,,,,,
,,,,,,,,,,,,,,,,,,,,,,,,
Optimal Lineup - RotoWire,POS,Salary,Projection,2025-09-07 12:42,Roster %,Result,,,,,,,,,,,,,,,,,,
Jayden Daniels,QB,8500,22.2,Slate: Main,13.9,20.1,,,,,,,,,,,,,,,,,,
De'Von Achane,RB,8200,20.32,,20.8,20.1,,,,,,,,,,,,,,,,,,
Christian McCaffrey,RB,8100,19.87,,21.1,18.7,,,,,,,,,,,,,,,,,,
Drake London,WR,7000,17.65,,16.2,9.5,,,,,,,,,,,,,,,,,,
Tetairoa McMillan,WR,5600,14.96,,13.13,9.3,,,,,,,,,,,,,,,,,,
Jaylen Waddle,WR,5500,13.85,,6.93,5,,,,,,,,,,,,,,,,,,
Brock Bowers,TE,7000,16.25,,7.04,12.8,,,,,,,,,,,,,,,,,,
Ashton Jeanty,FLEX,6400,18.04,,13,11,,,,,,,,,,,,,,,,,,
Rams,DST,3700,7.44,,0.9,11,,,,,,,,,,,,,,,,,,
Total,,60000,150.57999999999998,,,117.5,,,,,,,,,,,,,,,,,,
,,,,,,,,,,,,,,,,,,,,,,,,
Optimal Lineup - FantasyLabs,POS,Salary,Projection,2025-09-07 12:42,Roster %,Result,,,,,,,,,,,,,,,,,,
Jayden Daniels,QB,8500,22.55,Slate: Main,13.9,20.1,,,,,,,,,,,,,,,,,,
Ashton Jeanty,RB,6400,15.55,,13,11,,,,,,,,,,,,,,,,,,
Chase Brown,RB,6900,15.39,,26.1,12.1,,,,,,,,,,,,,,,,,,
Ja'Marr Chase,WR,9200,18.23,,18.5,3.6,,,,,,,,,,,,,,,,,,
Drake London,WR,7000,15.2,,16.2,9.5,,,,,,,,,,,,,,,,,,
Emeka Egbuka,WR,5000,11.1,,17.9,21.6,,,,,,,,,,,,,,,,,,
Trey McBride,TE,6300,11.64,,7.65,9.1,,,,,,,,,,,,,,,,,,
James Conner,FLEX,7500,15.47,,13.9,12.4,,,,,,,,,,,,,,,,,,
Browns,DST,3000,6.56,,6.9,4,,,,,,,,,,,,,,,,,,
Total,,59800,131.69,,,103.4,,,,,,,,,,,,,,,,,,
,,,,,,,,,,,,,,,,,,,,,,,,
Optimal Lineup - DraftEdge,POS,Salary,Projection,2025-09-07 12:42,Roster %,Result,,,,,,,,,,,,,,,,,,
Jayden Daniels,QB,8500,25.6,Slate: Main,13.9,20.1,,,,,,,,,,,,,,,,,,
Ashton Jeanty,RB,6400,16.6,,13,11,,,,,,,,,,,,,,,,,,
Chase Brown,RB,6900,17.5,,26.1,12.1,,,,,,,,,,,,,,,,,,
Ja'Marr Chase,WR,9200,18.2,,18.5,3.6,,,,,,,,,,,,,,,,,,
Tee Higgins,WR,7100,14.2,,8.38,4.8,,,,,,,,,,,,,,,,,,
Tetairoa McMillan,WR,5600,12.7,,13.13,9.3,,,,,,,,,,,,,,,,,,
Brock Bowers,TE,7000,12.9,,7.04,12.8,,,,,,,,,,,,,,,,,,
Jaylen Warren,FLEX,5500,13.6,,8.86,12.9,,,,,,,,,,,,,,,,,,
Rams,DST,3700,7.6,,0.9,11,,,,,,,,,,,,,,,,,,
Total,,59900,138.9,,,97.60000000000001,,,,,,,,,,,,,,,,,,
,,,,,,,,,,,,,,,,,,,,,,,,
Optimal Lineup - SportsLine,POS,Salary,Projection,2025-09-07 12:42,Roster %,Result,,,,,,,,,,,,,,,,,,
Jayden Daniels,QB,8500,24.84,Slate: Main,13.9,20.1,,,,,,,,,,,,,,,,,,
Kyren Williams,RB,7300,15.33,,10.04,13.4,,,,,,,,,,,,,,,,,,
TreVeyon Henderson,RB,4700,12.15,,6.02,8.1,,,,,,,,,,,,,,,,,,
Ja'Marr Chase,WR,9200,17.6,,18.5,3.6,,,,,,,,,,,,,,,,,,
Brian Thomas Jr.,WR,7700,14.8,,19.1,3.6,,,,,,,,,,,,,,,,,,
Malik Nabers,WR,7800,16.27,,11.6,9.6,,,,,,,,,,,,,,,,,,
Trey McBride,TE,6300,12.29,,7.65,9.1,,,,,,,,,,,,,,,,,,
Jacory Croskey-Merritt,FLEX,4000,12.18,,5.1,14.2,,,,,,,,,,,,,,,,,,
Bengals,DST,4500,11.66,,0.8,7,,,,,,,,,,,,,,,,,,
Total,,60000,137.12,,,88.7,,,,,,,,,,,,,,,,,,
,,,,,,,,,,,,,,,,,,,,,,,,
Optimal Lineup - My Projection,POS,Salary,Projection,2025-09-07 12:50,Roster %,Result,,,,,,,,,,,,,,,,,,
Bryce Young,QB,6800,18.150000000000002,Slate: Main,2.62,10.2,,,,,,,,,,,,,,,,,,
James Conner,RB,7500,16.933333333333334,,13.9,12.4,,,,,,,,,,,,,,,,,,
Chuba Hubbard,RB,6500,15.983333333333334,,9.22,16.4,,,,,,,,,,,,,,,,,,
Ja'Marr Chase,WR,9200,19.633333333333336,,18.5,3.6,,,,,,,,,,,,,,,,,,
Drake London,WR,7000,15.633333333333335,,16.2,9.5,,,,,,,,,,,,,,,,,,
Mike Evans,WR,7500,17.383333333333336,,8.74,7.6,,,,,,,,,,,,,,,,,,
David Njoku,TE,5700,14.516666666666666,,11.4,5.2,,,,,,,,,,,,,,,,,,
Tank Bigsby,FLEX,5300,13.6,,2.4,1.2,,,,,,,,,,,,,,,,,,
Bengals,DST,4500,14.450000000000001,,0.8,7,,,,,,,,,,,,,,,,,,
Total,,60000,146.28333333333333,,,73.10000000000001,,,,,,,,,,,,,,,,,,
,,,,,,,,,,,,,,,,,,,,,,,,
Optimal Lineup - DFF,POS,Salary,Projection,2025-09-07 17:35,Roster %,Result,,,,,,,,,,,,,,,,,,
Lamar Jackson,QB,8200,23.3,Slate: SNF-MNF,72,29.4,,,,,,,,,,,,,,,,,,
Derrick Henry,RB,8600,15.2,,37,28.7,,,,,,,,,,,,,,,,,,
James Cook,RB,7000,12.9,,29,18.7,,,,,,,,,,,,,,,,,,
Justin Jefferson,WR,8700,15.2,,15.2,12.8,,,,,,,,,,,,,,,,,,
DJ Moore,WR,6300,11.2,,11.2,7.1,,,,,,,,,,,,,,,,,,
Keon Coleman,WR,4800,7.9,,19,21.2,,,,,,,,,,,,,,,,,,
Mark Andrews,TE,5300,9.7,,26,1,,,,,,,,,,,,,,,,,,
Aaron Jones Sr.,FLEX,6600,11.9,,11.9,1,,,,,,,,,,,,,,,,,,
Vikings,DST,4300,7,,7,5,,,,,,,,,,,,,,,,,,
Total,,59800,114.30000000000001,,,124.89999999999999,,,,,,,,,,,,,,,,,,
,,,,,,,,,,,,,,,,,,,,,,,,
Optimal Lineup - FantasyPros,POS,Salary,Projection,2025-09-07 17:35,Roster %,Result,,,,,,,,,,,,,,,,,,
Josh Allen,QB,8400,22.190000000000005,Slate: SNF-MNF,63,38.8,,,,,,,,,,,,,,,,,,
Derrick Henry,RB,8600,16.070000000000004,,37,28.7,,,,,,,,,,,,,,,,,,
James Cook,RB,7000,12.720000000000002,,29,18.7,,,,,,,,,,,,,,,,,,
Justin Jefferson,WR,8700,16.310000000000002,,15.2,12.8,,,,,,,,,,,,,,,,,,
Zay Flowers,WR,6800,11.81,,31,24.6,,,,,,,,,,,,,,,,,,
Keon Coleman,WR,4800,8.45,,19,21.2,,,,,,,,,,,,,,,,,,
Mark Andrews,TE,5300,9.100000000000001,,26,1,,,,,,,,,,,,,,,,,,
D'Andre Swift,FLEX,6100,11.33,,11.2,8,,,,,,,,,,,,,,,,,,
Vikings,DST,4300,7,,7,5,,,,,,,,,,,,,,,,,,
Total,,60000,114.98,,,158.79999999999998,,,,,,,,,,,,,,,,,,
,,,,,,,,,,,,,,,,,,,,,,,,
Optimal Lineup - AVG,POS,Salary,Projection,2025-09-07 17:35,Roster %,Result,,,,,,,,,,,,,,,,,,
Lamar Jackson,QB,8200,22.757,Slate: SNF-MNF,72,29.4,,,,,,,,,,,,,,,,,,
Derrick Henry,RB,8600,16.34625,,37,28.7,,,,,,,,,,,,,,,,,,
James Cook,RB,7000,12.557500000000001,,29,18.7,,,,,,,,,,,,,,,,,,
Justin Jefferson,WR,8700,15.106250000000001,,15.2,12.8,,,,,,,,,,,,,,,,,,
DJ Moore,WR,6300,11.818750000000001,,11.2,7.1,,,,,,,,,,,,,,,,,,
Keon Coleman,WR,4800,8.629166666666666,,19,21.2,,,,,,,,,,,,,,,,,,
Mark Andrews,TE,5300,10.164166666666667,,26,1,,,,,,,,,,,,,,,,,,
Aaron Jones Sr.,FLEX,6600,12.187500000000002,,11.9,1,,,,,,,,,,,,,,,,,,
Vikings,DST,4300,7.828333333333333,,7,5,,,,,,,,,,,,,,,,,,
Total,,59800,117.39491666666667,,,124.89999999999999,,,,,,,,,,,,,,,,,,
,,,,,,,,,,,,,,,,,,,,,,,,
Optimal Lineup - Weighted,POS,Salary,Projection,2025-09-07 17:36,Roster %,Result,,,,,,,,,,,,,,,,,,
Lamar Jackson,QB,8200,22.807209999999998,Slate: SNF-MNF,72,29.4,,,,,,,,,,,,,,,,,,
Derrick Henry,RB,8600,15.888037500000003,,37,28.7,,,,,,,,,,,,,,,,,,
James Cook,RB,7000,12.717625000000002,,29,18.7,,,,,,,,,,,,,,,,,,
Justin Jefferson,WR,8700,15.273437500000002,,15.2,12.8,,,,,,,,,,,,,,,,,,
DJ Moore,WR,6300,11.5448125,,11.2,7.1,,,,,,,,,,,,,,,,,,
Keon Coleman,WR,4800,8.406208333333334,,19,21.2,,,,,,,,,,,,,,,,,,
Mark Andrews,TE,5300,9.951158333333336,,26,1,,,,,,,,,,,,,,,,,,
Aaron Jones Sr.,FLEX,6600,11.839925000000001,,11.9,1,,,,,,,,,,,,,,,,,,
Vikings,DST,4300,7.376116666666667,,7,5,,,,,,,,,,,,,,,,,,
Total,,59800,115.80453083333336,,,124.89999999999999,,,,,,,,,,,,,,,,,,
,,,,,,,,,,,,,,,,,,,,,,,,
Optimal Lineup - AVG,POS,Salary,Projection,2025-09-11 15:41,Roster %,Result,,,,,,,,,,,,,,,,,,
Jayden Daniels,MVP,20400,31.52,Slate: Single,22.4,19.7,,,,,,,,,,,,,,,,,,
Josh Jacobs,RB,12400,17.11,,17,14.4,,,,,,,,,,,,,,,,,,
Jordan Love,QB,11800,17.59,,17.5,20.9,,,,,,,,,,,,,,,,,,
Matthew Golden,WR,5600,7.93,,7.6,1.5,,,,,,,,,,,,,,,,,,
Tucker Kraft,TE,5000,8.25,,7.8,21.4,,,,,,,,,,,,,,,,,,
Romeo Doubs,WR,4200,7.95,,6.5,10.3,,,,,,,,,,,,,,,,,,
,,,,,0,,,,,,,,,,,,,,,,,,,
,,,,,0,,,,,,,,,,,,,,,,,,,
,,,,,0,,,,,,,,,,,,,,,,,,,
Total,,59400,90.35000000000001,,,88.2,,,,,,,,,,,,,,,,,,
,,,,,,,,,,,,,,,,,,,,,,,,
Optimal Lineup - My Projection,POS,Salary,Projection,2025-09-11 15:41,Roster %,Result,,,,,,,,,,,,,,,,,,
Josh Jacobs,MVP,18600,29.45,Slate: Single,17,14.4,,,,,,,,,,,,,,,,,,
Jayden Daniels,QB,13600,18.3,,22.4,19.7,,,,,,,,,,,,,,,,,,
Jayden Reed,WR,9800,12.83,,8.7,0,,,,,,,,,,,,,,,,,,
Jacory Croskey-Merritt,RB,8600,14.98,,9.8,1.7,,,,,,,,,,,,,,,,,,
Zach Ertz,TE,5200,13.5,,7,15.4,,,,,,,,,,,,,,,,,,
Romeo Doubs,WR,4200,12.08,,6.5,10.3,,,,,,,,,,,,,,,,,,
,,,,,0,,,,,,,,,,,,,,,,,,,
,,,,,0,,,,,,,,,,,,,,,,,,,
,,,,,0,,,,,,,,,,,,,,,,,,,
Total,,60000,101.14,,,61.5,,,,,,,,,,,,,,,,,,
,,,,,,,,,,,,,,,,,,,,,,,,
Optimal Lineup - DFF,POS,Salary,Projection,2025-09-11 15:41,Roster %,Result,,,,,,,,,,,,,,,,,,
Jayden Daniels,MVP,20400,33.6,Slate: Single,22.4,19.7,,,,,,,,,,,,,,,,,,
Josh Jacobs,RB,12400,17,,17,14.4,,,,,,,,,,,,,,,,,,
Jordan Love,QB,11800,17.5,,17.5,20.9,,,,,,,,,,,,,,,,,,
Matthew Golden,WR,5600,7.6,,7.6,1.5,,,,,,,,,,,,,,,,,,
Tucker Kraft,TE,5000,7.8,,7.8,21.4,,,,,,,,,,,,,,,,,,
Romeo Doubs,WR,4200,6.5,,6.5,10.3,,,,,,,,,,,,,,,,,,
,,,,,0,,,,,,,,,,,,,,,,,,,
,,,,,0,,,,,,,,,,,,,,,,,,,
,,,,,0,,,,,,,,,,,,,,,,,,,
Total,,59400,89.99999999999999,,,88.2,,,,,,,,,,,,,,,,,,
,,,,,,,,,,,,,,,,,,,,,,,,
Optimal Lineup - FantasyPros,POS,Salary,Projection,2025-09-11 15:41,Roster %,Result,,,,,,,,,,,,,,,,,,
Jayden Daniels,MVP,20400,33.14,Slate: Single,22.4,19.7,,,,,,,,,,,,,,,,,,
Josh Jacobs,RB,12400,15.06,,17,14.4,,,,,,,,,,,,,,,,,,
Jordan Love,QB,11800,16.56,,17.5,20.9,,,,,,,,,,,,,,,,,,
Matthew Golden,WR,5600,8.66,,7.6,1.5,,,,,,,,,,,,,,,,,,
Tucker Kraft,TE,5000,7.49,,7.8,21.4,,,,,,,,,,,,,,,,,,
Romeo Doubs,WR,4200,7.37,,6.5,10.3,,,,,,,,,,,,,,,,,,
,,,,,0,,,,,,,,,,,,,,,,,,,
,,,,,0,,,,,,,,,,,,,,,,,,,
,,,,,0,,,,,,,,,,,,,,,,,,,
Total,,59400,88.28,,,88.2,,,,,,,,,,,,,,,,,,
,,,,,,,,,,,,,,,,,,,,,,,,
Optimal Lineup - FantasyLabs,POS,Salary,Projection,2025-09-11 15:41,Roster %,Result,,,,,,,,,,,,,,,,,,
Jayden Daniels,MVP,20400,33,Slate: Single,22.4,19.7,,,,,,,,,,,,,,,,,,
Josh Jacobs,RB,12400,16.7,,17,14.4,,,,,,,,,,,,,,,,,,
Jordan Love,QB,11800,17.86,,17.5,20.9,,,,,,,,,,,,,,,,,,
Zach Ertz,TE,5200,7.06,,7,15.4,,,,,,,,,,,,,,,,,,
Tucker Kraft,TE,5000,7.83,,7.8,21.4,,,,,,,,,,,,,,,,,,
Romeo Doubs,WR,4200,7.81,,6.5,10.3,,,,,,,,,,,,,,,,,,
,,,,,0,,,,,,,,,,,,,,,,,,,
,,,,,0,,,,,,,,,,,,,,,,,,,
,,,,,0,,,,,,,,,,,,,,,,,,,
Total,,59000,90.26,,,102.10000000000001,,,,,,,,,,,,,,,,,,
,,,,,,,,,,,,,,,,,,,,,,,,
Optimal Lineup - DraftEdge,POS,Salary,Projection,2025-09-11 15:42,Roster %,Result,,,,,,,,,,,,,,,,,,
Jayden Daniels,MVP,20400,30.3,Slate: Single,22.4,19.7,,,,,,,,,,,,,,,,,,
Josh Jacobs,RB,12400,17.3,,17,14.4,,,,,,,,,,,,,,,,,,
Jordan Love,QB,11800,18.9,,17.5,20.9,,,,,,,,,,,,,,,,,,
Zach Ertz,TE,5200,7.1,,7,15.4,,,,,,,,,,,,,,,,,,
Tucker Kraft,TE,5000,7.9,,7.8,21.4,,,,,,,,,,,,,,,,,,
Romeo Doubs,WR,4200,8.2,,6.5,10.3,,,,,,,,,,,,,,,,,,
,,,,,0,,,,,,,,,,,,,,,,,,,
,,,,,0,,,,,,,,,,,,,,,,,,,
,,,,,0,,,,,,,,,,,,,,,,,,,
Total,,59000,89.7,,,102.10000000000001,,,,,,,,,,,,,,,,,,
,,,,,,,,,,,,,,,,,,,,,,,,
Optimal Lineup - SportsLine,POS,Salary,Projection,2025-09-11 15:42,Roster %,Result,,,,,,,,,,,,,,,,,,
Jordan Love,MVP,17700,28.71,Slate: Single,17.5,20.9,,,,,,,,,,,,,,,,,,
Jayden Daniels,QB,13600,18.33,,22.4,19.7,,,,,,,,,,,,,,,,,,
Josh Jacobs,RB,12400,17.22,,17,14.4,,,,,,,,,,,,,,,,,,
Matthew Golden,WR,5600,8.96,,7.6,1.5,,,,,,,,,,,,,,,,,,
Tucker Kraft,TE,5000,8.06,,7.8,21.4,,,,,,,,,,,,,,,,,,
Romeo Doubs,WR,4200,8.63,,6.5,10.3,,,,,,,,,,,,,,,,,,
,,,,,0,,,,,,,,,,,,,,,,,,,
,,,,,0,,,,,,,,,,,,,,,,,,,
,,,,,0,,,,,,,,,,,,,,,,,,,
Total,,58500,89.91,,,88.19999999999999,,,,,,,,,,,,,,,,,,
,,,,,,,,,,,,,,,,,,,,,,,,
Optimal Lineup - Weighted,POS,Salary,Projection,2025-09-14 03:04,Roster %,Result,,,,,,,,,,,,,,,,,,
Jayden Daniels,MVP,20400,31.96,Slate: Single,22.4,19.7,,,,,,,,,,,,,,,,,,
Josh Jacobs,RB,12400,17.32,,17,14.4,,,,,,,,,,,,,,,,,,
Jordan Love,QB,11800,17.63,,17.5,20.9,,,,,,,,,,,,,,,,,,
Matthew Golden,WR,5600,7.72,,7.6,1.5,,,,,,,,,,,,,,,,,,
Tucker Kraft,TE,5000,8.11,,7.8,21.4,,,,,,,,,,,,,,,,,,
Romeo Doubs,WR,4200,7.61,,6.5,10.3,,,,,,,,,,,,,,,,,,
,,,,,0,,,,,,,,,,,,,,,,,,,
,,,,,0,,,,,,,,,,,,,,,,,,,
,,,,,0,,,,,,,,,,,,,,,,,,,
Total,,59400,90.35,,,88.2,,,,,,,,,,,,,,,,,,
,,,,,,,,,,,,,,,,,,,,,,,,
Optimal Lineup - Weighted,POS,Salary,Projection,2025-09-14 12:30,Roster %,Result,,,,,,,,,,,,,,,,,,
Lamar Jackson,QB,8500,23.4156325,Slate: Main,12.1,26.3,,,,,,,,,,,,,,,,,,
Chase Brown,RB,7500,17.327716666666664,,20.7,7.5,,,,,,,,,,,,,,,,,,
De'Von Achane,RB,7800,17.596075,,23.1,22.2,,,,,,,,,,,,,,,,,,
Malik Nabers,WR,7700,15.3370625,,11.8,33.2,,,,,,,,,,,,,,,,,,
Zay Flowers,WR,6300,13.321629166666668,,5.89,11.4,,,,,,,,,,,,,,,,,,
Tetairoa McMillan,WR,5700,12.052745833333333,,10.04,13,,,,,,,,,,,,,,,,,,
Trey McBride,TE,7000,13.2821625,,8.24,10.8,,,,,,,,,,,,,,,,,,
Tony Pollard,FLEX,5900,14.058437500000002,,15.1,9.2,,,,,,,,,,,,,,,,,,
Cowboys,DST,3400,8.142454166666667,,7.7,1,,,,,,,,,,,,,,,,,,
Total,,59800,134.5339158333333,,,134.6,,,,,,,,,,,,,,,,,,
,,,,,,,,,,,,,,,,,,,,,,,,
Optimal Lineup - AVG,POS,Salary,Projection,2025-09-14 12:31,Roster %,Result,,,,,,,,,,,,,,,,,,
Lamar Jackson,QB,8500,23.59825,Slate: Main,12.1,26.3,,,,,,,,,,,,,,,,,,
Chase Brown,RB,7500,17.058333333333334,,20.7,7.5,,,,,,,,,,,,,,,,,,
De'Von Achane,RB,7800,17.3775,,23.1,22.2,,,,,,,,,,,,,,,,,,
Malik Nabers,WR,7700,15.60125,,11.8,33.2,,,,,,,,,,,,,,,,,,
Zay Flowers,WR,6300,13.494583333333335,,5.89,11.4,,,,,,,,,,,,,,,,,,
Tetairoa McMillan,WR,5700,11.662916666666668,,10.04,13,,,,,,,,,,,,,,,,,,
Trey McBride,TE,7000,13.21125,,8.24,10.8,,,,,,,,,,,,,,,,,,
Tony Pollard,FLEX,5900,13.818750000000001,,15.1,9.2,,,,,,,,,,,,,,,,,,
Cowboys,DST,3400,8.387083333333333,,7.7,1,,,,,,,,,,,,,,,,,,
Total,,59800,134.20991666666666,,,134.6,,,,,,,,,,,,,,,,,,
,,,,,,,,,,,,,,,,,,,,,,,,
Optimal Lineup - My Projection,POS,Salary,Projection,2025-09-14 12:31,Roster %,Result,,,,,,,,,,,,,,,,,,
Lamar Jackson,QB,8500,25,Slate: Main,12.1,26.3,,,,,,,,,,,,,,,,,,
Jahmyr Gibbs,RB,8300,22.716666666666665,,16,17.9,,,,,,,,,,,,,,,,,,
Chase Brown,RB,7500,20.216666666666665,,20.7,7.5,,,,,,,,,,,,,,,,,,
Zay Flowers,WR,6300,20.216666666666665,,5.89,11.4,,,,,,,,,,,,,,,,,,
Rome Odunze,WR,5800,14.433333333333335,,5.42,28.3,,,,,,,,,,,,,,,,,,
Cedric Tillman,WR,5400,13.883333333333333,,4.7,9.2,,,,,,,,,,,,,,,,,,
Sam LaPorta,TE,5900,15.383333333333335,,5.73,4.1,,,,,,,,,,,,,,,,,,
James Conner,FLEX,7700,20.51666666666667,,11.4,11.7,,,,,,,,,,,,,,,,,,
Rams,DST,4500,15.200000000000001,,9.6,8,,,,,,,,,,,,,,,,,,
Total,,59900,167.56666666666666,,,124.4,,,,,,,,,,,,,,,,,,
,,,,,,,,,,,,,,,,,,,,,,,,
Optimal Lineup - DFF,POS,Salary,Projection,2025-09-14 12:31,Roster %,Result,,,,,,,,,,,,,,,,,,
Josh Allen,QB,8800,24,Slate: Main,12.4,11.8,,,,,,,,,,,,,,,,,,
Christian McCaffrey,RB,8900,19.5,,25.1,19.7,,,,,,,,,,,,,,,,,,
Chase Brown,RB,7500,17.3,,20.7,7.5,,,,,,,,,,,,,,,,,,
Zay Flowers,WR,6300,12.8,,5.89,11.4,,,,,,,,,,,,,,,,,,
Hollywood Brown,WR,6500,12.6,,9.17,5.5,,,,,,,,,,,,,,,,,,
Tetairoa McMillan,WR,5700,12,,10.04,13,,,,,,,,,,,,,,,,,,
Trey McBride,TE,7000,12.2,,8.24,10.8,,,,,,,,,,,,,,,,,,
Tony Pollard,FLEX,5900,13.9,,15.1,9.2,,,,,,,,,,,,,,,,,,
Cowboys,DST,3400,7.8,,7.7,1,,,,,,,,,,,,,,,,,,
Total,,60000,132.1,,,89.9,,,,,,,,,,,,,,,,,,
,,,,,,,,,,,,,,,,,,,,,,,,
Optimal Lineup - FantasyPros,POS,Salary,Projection,2025-09-14 12:31,Roster %,Result,,,,,,,,,,,,,,,,,,
Lamar Jackson,QB,8500,23.666,Slate: Main,12.1,26.3,,,,,,,,,,,,,,,,,,
Chase Brown,RB,7500,15.86,,20.7,7.5,,,,,,,,,,,,,,,,,,
De'Von Achane,RB,7800,17.03,,23.1,22.2,,,,,,,,,,,,,,,,,,
Malik Nabers,WR,7700,15.360000000000001,,11.8,33.2,,,,,,,,,,,,,,,,,,
Tetairoa McMillan,WR,5700,11.06,,10.04,13,,,,,,,,,,,,,,,,,,
DeVonta Smith,WR,6400,12.69,,7.39,7.3,,,,,,,,,,,,,,,,,,
Trey McBride,TE,7000,12.39,,8.24,10.8,,,,,,,,,,,,,,,,,,
Tony Pollard,FLEX,5900,13.610000000000001,,15.1,9.2,,,,,,,,,,,,,,,,,,
Cowboys,DST,3400,7.8,,7.7,1,,,,,,,,,,,,,,,,,,
Total,,59900,129.466,,,130.5,,,,,,,,,,,,,,,,,,
,,,,,,,,,,,,,,,,,,,,,,,,
Optimal Lineup - NumberFire,POS,Salary,Projection,2025-09-14 12:31,Roster %,Result,,,,,,,,,,,,,,,,,,
Josh Allen,QB,8800,24,Slate: Main,12.4,11.8,,,,,,,,,,,,,,,,,,
Jahmyr Gibbs,RB,8300,17.3,,16,17.9,,,,,,,,,,,,,,,,,,
De'Von Achane,RB,7800,15.2,,23.1,22.2,,,,,,,,,,,,,,,,,,
Zay Flowers,WR,6300,13.1,,5.89,11.4,,,,,,,,,,,,,,,,,,
Jaylen Waddle,WR,5400,10.5,,5.4,15.3,,,,,,,,,,,,,,,,,,
Keon Coleman,WR,5300,10.4,,5.03,4.1,,,,,,,,,,,,,,,,,,
David Njoku,TE,5600,11.3,,4.53,6,,,,,,,,,,,,,,,,,,
Derrick Henry,FLEX,9000,18.3,,10.7,2.3,,,,,,,,,,,,,,,,,,
Cowboys,DST,3400,7.8,,7.7,1,,,,,,,,,,,,,,,,,,
Total,,59900,127.89999999999999,,,91.99999999999999,,,,,,,,,,,,,,,,,,
,,,,,,,,,,,,,,,,,,,,,,,,
Optimal Lineup - RotoWire,POS,Salary,Projection,2025-09-14 12:31,Roster %,Result,,,,,,,,,,,,,,,,,,
Lamar Jackson,QB,8500,24.21,Slate: Main,12.1,26.3,,,,,,,,,,,,,,,,,,
Chase Brown,RB,7500,19.76,,20.7,7.5,,,,,,,,,,,,,,,,,,
De'Von Achane,RB,7800,20.9,,23.1,22.2,,,,,,,,,,,,,,,,,,
Jaxon Smith-Njigba,WR,7400,17.62,,15.81,14.3,,,,,,,,,,,,,,,,,,
DK Metcalf,WR,6800,15.26,,8.57,9.5,,,,,,,,,,,,,,,,,,
Tetairoa McMillan,WR,5700,14.58,,10.04,13,,,,,,,,,,,,,,,,,,
Trey McBride,TE,7000,15.69,,8.24,10.8,,,,,,,,,,,,,,,,,,
Tony Pollard,FLEX,5900,16.02,,15.1,9.2,,,,,,,,,,,,,,,,,,
Cowboys,DST,3400,7.38,,7.7,1,,,,,,,,,,,,,,,,,,
Total,,60000,151.42000000000002,,,113.8,,,,,,,,,,,,,,,,,,
,,,,,,,,,,,,,,,,,,,,,,,,
Optimal Lineup - FantasyLabs,POS,Salary,Projection,2025-09-14 12:31,Roster %,Result,,,,,,,,,,,,,,,,,,
Josh Allen,QB,8800,23.78,Slate: Main,12.4,11.8,,,,,,,,,,,,,,,,,,
Christian McCaffrey,RB,8900,19.15,,25.1,19.7,,,,,,,,,,,,,,,,,,
Chase Brown,RB,7500,16.27,,20.7,7.5,,,,,,,,,,,,,,,,,,
Zay Flowers,WR,6300,12.62,,5.89,11.4,,,,,,,,,,,,,,,,,,
Hollywood Brown,WR,6500,12.4,,9.17,5.5,,,,,,,,,,,,,,,,,,
Tetairoa McMillan,WR,5700,12.09,,10.04,13,,,,,,,,,,,,,,,,,,
Trey McBride,TE,7000,11.94,,8.24,10.8,,,,,,,,,,,,,,,,,,
Tony Pollard,FLEX,5900,13.73,,15.1,9.2,,,,,,,,,,,,,,,,,,
Cowboys,DST,3400,7.42,,7.7,1,,,,,,,,,,,,,,,,,,
Total,,60000,129.4,,,89.9,,,,,,,,,,,,,,,,,,
,,,,,,,,,,,,,,,,,,,,,,,,
Optimal Lineup - DraftEdge,POS,Salary,Projection,2025-09-14 12:31,Roster %,Result,,,,,,,,,,,,,,,,,,
Lamar Jackson,QB,8500,23.8,Slate: Main,12.1,26.3,,,,,,,,,,,,,,,,,,
Christian McCaffrey,RB,8900,20.3,,25.1,19.7,,,,,,,,,,,,,,,,,,
Chase Brown,RB,7500,17.9,,20.7,7.5,,,,,,,,,,,,,,,,,,
Malik Nabers,WR,7700,16.8,,11.8,33.2,,,,,,,,,,,,,,,,,,
Zay Flowers,WR,6300,13.1,,5.89,11.4,,,,,,,,,,,,,,,,,,
Calvin Ridley,WR,5600,11.7,,17.1,7.2,,,,,,,,,,,,,,,,,,
Travis Kelce,TE,6200,11,,10.7,8.1,,,,,,,,,,,,,,,,,,
Tony Pollard,FLEX,5900,15.2,,15.1,9.2,,,,,,,,,,,,,,,,,,
Cowboys,DST,3400,6.8,,7.7,1,,,,,,,,,,,,,,,,,,
Total,,60000,136.6,,,123.60000000000001,,,,,,,,,,,,,,,,,,
,,,,,,,,,,,,,,,,,,,,,,,,
Optimal Lineup - SportsLine,POS,Salary,Projection,2025-09-14 12:31,Roster %,Result,,,,,,,,,,,,,,,,,,
Lamar Jackson,QB,8500,24.86,Slate: Main,12.1,26.3,,,,,,,,,,,,,,,,,,
De'Von Achane,RB,7800,16.36,,23.1,22.2,,,,,,,,,,,,,,,,,,
Javonte Williams,RB,6300,13.06,,10.02,22,,,,,,,,,,,,,,,,,,
Malik Nabers,WR,7700,17.12,,11.8,33.2,,,,,,,,,,,,,,,,,,
Hollywood Brown,WR,6500,12.6,,9.17,5.5,,,,,,,,,,,,,,,,,,
Keon Coleman,WR,5300,10.04,,5.03,4.1,,,,,,,,,,,,,,,,,,
Trey McBride,TE,7000,12.62,,8.24,10.8,,,,,,,,,,,,,,,,,,
Chuba Hubbard,FLEX,6400,13.73,,8,16.2,,,,,,,,,,,,,,,,,,
Rams,DST,4500,11.42,,9.6,8,,,,,,,,,,,,,,,,,,
Total,,60000,131.81,,,148.29999999999998,,,,,,,,,,,,,,,,,,
,,,,,,,,,,,,,,,,,,,,,,,,
Optimal Lineup - FootballGuys,POS,Salary,Projection,2025-09-14 15:54,Roster %,Result,,,,,,,,,,,,,,,,,,
Lamar Jackson,QB,8500,22.983200000000004,Slate: Main,12.1,26.3,,,,,,,,,,,,,,,,,,
Christian McCaffrey,RB,8900,18.749000000000002,,25.1,19.7,,,,,,,,,,,,,,,,,,
Tony Pollard,RB,5900,12.719,,15.1,9.2,,,,,,,,,,,,,,,,,,
Jaxon Smith-Njigba,WR,7400,15.838000000000001,,15.81,14.3,,,,,,,,,,,,,,,,,,
Zay Flowers,WR,6300,12.892,,5.89,11.4,,,,,,,,,,,,,,,,,,
Garrett Wilson,WR,7300,15.015,,8.21,7,,,,,,,,,,,,,,,,,,
Sam LaPorta,TE,5900,9.688,,5.73,4.1,,,,,,,,,,,,,,,,,,
Chuba Hubbard,FLEX,6400,13.625000000000002,,8,16.2,,,,,,,,,,,,,,,,,,
Cowboys,DST,3400,9.58,,7.7,1,,,,,,,,,,,,,,,,,,
Total,,60000,131.0892,,,109.2,,,,,,,,,,,,,,,,,,
,,,,,,,,,,,,,,,,,,,,,,,,
Optimal Lineup - Weighted,POS,Salary,Projection,2025-09-14 15:57,Roster %,Result,,,,,,,,,,,,,,,,,,
Lamar Jackson,QB,8500,23.412215555555555,Slate: Main,12.1,26.3,,,,,,,,,,,,,,,,,,
Jahmyr Gibbs,RB,8300,18.30748703703704,GPP Plays: 2 @ <5%,16,17.9,,,,,,,,,,,,,,,,,,
Chase Brown,RB,7500,17.31843148148148,,20.7,7.5,,,,,,,,,,,,,,,,,,
Ja'Marr Chase,WR,9000,17.94845555555555,,14.13,29.5,,,,,,,,,,,,,,,,,,
Zay Flowers,WR,6300,13.318281481481481,,5.89,11.4,,,,,,,,,,,,,,,,,,
Tetairoa McMillan,WR,5700,12.054068518518518,,10.04,13,,,,,,,,,,,,,,,,,,
Hunter Henry,TE,4900,8.047390740740742,,3.88,1.4,,,,,,,,,,,,,,,,,,
Tony Pollard,FLEX,5900,14.05232777777778,,15.1,9.2,,,,,,,,,,,,,,,,,,
Cardinals,DST,3900,7.862544444444444,,4.38,13,,,,,,,,,,,,,,,,,,
Total,,60000,132.32120259259258,,,129.20000000000002,,,,,,,,,,,,,,,,,,
,,,,,,,,,,,,,,,,,,,,,,,,
Optimal Lineup - Weighted,POS,Salary,Projection,2025-09-14 15:57,Roster %,Result,,,,,,,,,,,,,,,,,,
Lamar Jackson,QB,8500,23.412215555555555,Slate: Main,12.1,26.3,,,,,,,,,,,,,,,,,,
Jahmyr Gibbs,RB,8300,18.30748703703704,GPP Plays: 1 @ <5%,16,17.9,,,,,,,,,,,,,,,,,,
Chase Brown,RB,7500,17.31843148148148,,20.7,7.5,,,,,,,,,,,,,,,,,,
Zay Flowers,WR,6300,13.318281481481481,,5.89,11.4,,,,,,,,,,,,,,,,,,
Tetairoa McMillan,WR,5700,12.054068518518518,,10.04,13,,,,,,,,,,,,,,,,,,
Calvin Ridley,WR,5600,11.302777777777777,,17.1,7.2,,,,,,,,,,,,,,,,,,
Trey McBride,TE,7000,13.272172222222222,,8.24,10.8,,,,,,,,,,,,,,,,,,
De'Von Achane,FLEX,7800,17.57816111111111,,23.1,22.2,,,,,,,,,,,,,,,,,,
Seahawks,DST,3300,6.827892592592593,,1.4,14,,,,,,,,,,,,,,,,,,
Total,,60000,133.3914877777778,,,130.3,,,,,,,,,,,,,,,,,,
,,,,,,,,,,,,,,,,,,,,,,,,
Optimal Lineup - Weighted,POS,Salary,Projection,2025-09-14 15:57,Roster %,Result,,,,,,,,,,,,,,,,,,
Kyler Murray,QB,7700,20.036562592592595,Slate: Main,2.42,15,,,,,,,,,,,,,,,,,,
Jahmyr Gibbs,RB,8300,18.30748703703704,GPP Plays: 3 @ <5%,16,17.9,,,,,,,,,,,,,,,,,,
Chase Brown,RB,7500,17.31843148148148,,20.7,7.5,,,,,,,,,,,,,,,,,,
Ja'Marr Chase,WR,9000,17.94845555555555,,14.13,29.5,,,,,,,,,,,,,,,,,,
Zay Flowers,WR,6300,13.318281481481481,,5.89,11.4,,,,,,,,,,,,,,,,,,
Tetairoa McMillan,WR,5700,12.054068518518518,,10.04,13,,,,,,,,,,,,,,,,,,
David Njoku,TE,5600,9.192811111111112,,4.53,6,,,,,,,,,,,,,,,,,,
Tony Pollard,FLEX,5900,14.05232777777778,,15.1,9.2,,,,,,,,,,,,,,,,,,
Cardinals,DST,3900,7.862544444444444,,4.38,13,,,,,,,,,,,,,,,,,,
Total,,59900,130.09097,,,122.50000000000001,,,,,,,,,,,,,,,,,,
,,,,,,,,,,,,,,,,,,,,,,,,
Optimal Lineup - Weighted,POS,Salary,Projection,2025-09-14 19:29,Roster %,Result,,,,,,,,,,,,,,,,,,
J.J. McCarthy,QB,6900,17.89,Slate: SNF-MNF,17.6,4.8,,,,,,,,,,,,,,,,,,
Ashton Jeanty,RB,7000,15.41,,16.1,5.9,,,,,,,,,,,,,,,,,,
Bucky Irving,RB,7500,15.18,,15.9,15.1,,,,,,,,,,,,,,,,,,
Nico Collins,WR,7900,14.16,,14.2,12.7,,,,,,,,,,,,,,,,,,
Drake London,WR,7200,13.4,,13.1,4.4,,,,,,,,,,,,,,,,,,
Jakobi Meyers,WR,6700,12.36,,12,9.8,,,,,,,,,,,,,,,,,,
Brock Bowers,TE,7100,12.26,,12.3,6.3,,,,,,,,,,,,,,,,,,
Omarion Hampton,FLEX,6000,12.78,,13,3,,,,,,,,,,,,,,,,,,
Texans,DST,3600,7.73,,7.4,7,,,,,,,,,,,,,,,,,,
Total,,59900,121.17,,,69,,,,,,,,,,,,,,,,,,
,,,,,,,,,,,,,,,,,,,,,,,,
Optimal Lineup - Weighted,POS,Salary,Projection,2025-09-14 19:29,Roster %,Result,,,,,,,,,,,,,,,,,,
J.J. McCarthy,QB,6900,17.89,Slate: SNF-MNF,17.6,4.8,,,,,,,,,,,,,,,,,,
Ashton Jeanty,RB,7000,15.41,,16.1,5.9,,,,,,,,,,,,,,,,,,
Bucky Irving,RB,7500,15.18,,15.9,15.1,,,,,,,,,,,,,,,,,,
Nico Collins,WR,7900,14.16,,14.2,12.7,,,,,,,,,,,,,,,,,,
Drake London,WR,7200,13.4,,13.1,4.4,,,,,,,,,,,,,,,,,,
Jakobi Meyers,WR,6700,12.36,,12,9.8,,,,,,,,,,,,,,,,,,
Brock Bowers,TE,7100,12.26,,12.3,6.3,,,,,,,,,,,,,,,,,,
Omarion Hampton,FLEX,6000,12.78,,13,3,,,,,,,,,,,,,,,,,,
Texans,DST,3600,7.73,,7.4,7,,,,,,,,,,,,,,,,,,
Total,,59900,121.17,,,69,,,,,,,,,,,,,,,,,,
,,,,,,,,,,,,,,,,,,,,,,,,
Optimal Lineup - AVG,POS,Salary,Projection,2025-09-14 19:29,Roster %,Result,,,,,,,,,,,,,,,,,,
J.J. McCarthy,QB,6900,18.02,Slate: SNF-MNF,17.6,4.8,,,,,,,,,,,,,,,,,,
Ashton Jeanty,RB,7000,15.22,,16.1,5.9,,,,,,,,,,,,,,,,,,
Bucky Irving,RB,7500,14.82,,15.9,15.1,,,,,,,,,,,,,,,,,,
Nico Collins,WR,7900,13.92,,14.2,12.7,,,,,,,,,,,,,,,,,,
Drake London,WR,7200,13.12,,13.1,4.4,,,,,,,,,,,,,,,,,,
Jakobi Meyers,WR,6700,12.39,,12,9.8,,,,,,,,,,,,,,,,,,
Brock Bowers,TE,7100,12.14,,12.3,6.3,,,,,,,,,,,,,,,,,,
Omarion Hampton,FLEX,6000,12.58,,13,3,,,,,,,,,,,,,,,,,,
Texans,DST,3600,8.06,,7.4,7,,,,,,,,,,,,,,,,,,
Total,,59900,120.27,,,69,,,,,,,,,,,,,,,,,,
,,,,,,,,,,,,,,,,,,,,,,,,
Optimal Lineup - My Projection,POS,Salary,Projection,2025-09-14 19:30,Roster %,Result,,,,,,,,,,,,,,,,,,
J.J. McCarthy,QB,6900,22.2,Slate: SNF-MNF,17.6,4.8,,,,,,,,,,,,,,,,,,
Bijan Robinson,RB,9000,19.05,,17,18.3,,,,,,,,,,,,,,,,,,
Omarion Hampton,RB,6000,12.72,,13,3,,,,,,,,,,,,,,,,,,
Justin Jefferson,WR,9200,18.73,,15.3,9.6,,,,,,,,,,,,,,,,,,
Drake London,WR,7200,17.28,,13.1,4.4,,,,,,,,,,,,,,,,,,
Emeka Egbuka,WR,6400,19.25,,10.7,10.9,,,,,,,,,,,,,,,,,,
Dalton Schultz,TE,4900,11.4,,6.7,4.4,,,,,,,,,,,,,,,,,,
Quentin Johnston,FLEX,5900,14.97,,7.6,14.4,,,,,,,,,,,,,,,,,,
Chargers,DST,4400,11.83,,6.8,13,,,,,,,,,,,,,,,,,,
Total,,59900,147.43,,,82.8,,,,,,,,,,,,,,,,,,
,,,,,,,,,,,,,,,,,,,,,,,,
Optimal Lineup - DFF,POS,Salary,Projection,2025-09-14 19:30,Roster %,Result,,,,,,,,,,,,,,,,,,
J.J. McCarthy,QB,6900,17.6,Slate: SNF-MNF,17.6,4.8,,,,,,,,,,,,,,,,,,
Ashton Jeanty,RB,7000,16.1,,16.1,5.9,,,,,,,,,,,,,,,,,,
Bucky Irving,RB,7500,15.9,,15.9,15.1,,,,,,,,,,,,,,,,,,
Nico Collins,WR,7900,14.2,,14.2,12.7,,,,,,,,,,,,,,,,,,
Drake London,WR,7200,13.1,,13.1,4.4,,,,,,,,,,,,,,,,,,
Jakobi Meyers,WR,6700,12,,12,9.8,,,,,,,,,,,,,,,,,,
Brock Bowers,TE,7100,12.3,,12.3,6.3,,,,,,,,,,,,,,,,,,
Omarion Hampton,FLEX,6000,13,,13,3,,,,,,,,,,,,,,,,,,
Texans,DST,3600,7.4,,7.4,7,,,,,,,,,,,,,,,,,,
Total,,59900,121.6,,,69,,,,,,,,,,,,,,,,,,
,,,,,,,,,,,,,,,,,,,,,,,,
Optimal Lineup - FantasyPros,POS,Salary,Projection,2025-09-14 19:30,Roster %,Result,,,,,,,,,,,,,,,,,,
J.J. McCarthy,QB,6900,17.33,Slate: SNF-MNF,17.6,4.8,,,,,,,,,,,,,,,,,,
Ashton Jeanty,RB,7000,15.09,,16.1,5.9,,,,,,,,,,,,,,,,,,
Bucky Irving,RB,7500,15.13,,15.9,15.1,,,,,,,,,,,,,,,,,,
Nico Collins,WR,7900,13.86,,14.2,12.7,,,,,,,,,,,,,,,,,,
Drake London,WR,7200,12.9,,13.1,4.4,,,,,,,,,,,,,,,,,,
Jakobi Meyers,WR,6700,11.68,,12,9.8,,,,,,,,,,,,,,,,,,
Brock Bowers,TE,7100,12.04,,12.3,6.3,,,,,,,,,,,,,,,,,,
Omarion Hampton,FLEX,6000,12.22,,13,3,,,,,,,,,,,,,,,,,,
Texans,DST,3600,7.4,,7.4,7,,,,,,,,,,,,,,,,,,
Total,,59900,117.65,,,69,,,,,,,,,,,,,,,,,,
,,,,,,,,,,,,,,,,,,,,,,,,
Optimal Lineup - FantasyLabs,POS,Salary,Projection,2025-09-14 19:30,Roster %,Result,,,,,,,,,,,,,,,,,,
Justin Herbert,QB,8100,20.39,Slate: SNF-MNF,19.6,18.7,,,,,,,,,,,,,,,,,,
Ashton Jeanty,RB,7000,15.05,,16.1,5.9,,,,,,,,,,,,,,,,,,
Omarion Hampton,RB,6000,12.07,,13,3,,,,,,,,,,,,,,,,,,
Nico Collins,WR,7900,14.04,,14.2,12.7,,,,,,,,,,,,,,,,,,
Ladd McConkey,WR,7500,13.4,,13.3,7.3,,,,,,,,,,,,,,,,,,
Drake London,WR,7200,13.12,,13.1,4.4,,,,,,,,,,,,,,,,,,
Brock Bowers,TE,7100,11.98,,12.3,6.3,,,,,,,,,,,,,,,,,,
Jordan Mason,FLEX,5300,10.44,,11.5,4.8,,,,,,,,,,,,,,,,,,
Texans,DST,3600,7.5,,7.4,7,,,,,,,,,,,,,,,,,,
Total,,59700,117.99,,,70.1,,,,,,,,,,,,,,,,,,
,,,,,,,,,,,,,,,,,,,,,,,,
Optimal Lineup - DraftEdge,POS,Salary,Projection,2025-09-14 19:30,Roster %,Result,,,,,,,,,,,,,,,,,,
J.J. McCarthy,QB,6900,18,Slate: SNF-MNF,17.6,4.8,,,,,,,,,,,,,,,,,,
Ashton Jeanty,RB,7000,15.5,,16.1,5.9,,,,,,,,,,,,,,,,,,
Omarion Hampton,RB,6000,16,,13,3,,,,,,,,,,,,,,,,,,
Justin Jefferson,WR,9200,16.5,,15.3,9.6,,,,,,,,,,,,,,,,,,
Ladd McConkey,WR,7500,14.3,,13.3,7.3,,,,,,,,,,,,,,,,,,
Drake London,WR,7200,13.3,,13.1,4.4,,,,,,,,,,,,,,,,,,
Brock Bowers,TE,7100,11,,12.3,6.3,,,,,,,,,,,,,,,,,,
Jordan Mason,FLEX,5300,11.5,,11.5,4.8,,,,,,,,,,,,,,,,,,
Texans,DST,3600,6.7,,7.4,7,,,,,,,,,,,,,,,,,,
Total,,59800,122.8,,,53.099999999999994,,,,,,,,,,,,,,,,,,
,,,,,,,,,,,,,,,,,,,,,,,,
Optimal Lineup - FootballGuys,POS,Salary,Projection,2025-09-14 19:30,Roster %,Result,,,,,,,,,,,,,,,,,,
Justin Herbert,QB,8100,20.35,Slate: SNF-MNF,19.6,18.7,,,,,,,,,,,,,,,,,,
Ashton Jeanty,RB,7000,15.93,,16.1,5.9,,,,,,,,,,,,,,,,,,
Bucky Irving,RB,7500,14.49,,15.9,15.1,,,,,,,,,,,,,,,,,,
Ladd McConkey,WR,7500,13.29,,13.3,7.3,,,,,,,,,,,,,,,,,,
Jakobi Meyers,WR,6700,11.37,,12,9.8,,,,,,,,,,,,,,,,,,
Emeka Egbuka,WR,6400,11.4,,10.7,10.9,,,,,,,,,,,,,,,,,,
Brock Bowers,TE,7100,11.8,,12.3,6.3,,,,,,,,,,,,,,,,,,
Omarion Hampton,FLEX,6000,11.68,,13,3,,,,,,,,,,,,,,,,,,
Texans,DST,3600,8.96,,7.4,7,,,,,,,,,,,,,,,,,,
Total,,59900,119.26,,,84,,,,,,,,,,,,,,,,,,
,,,,,,,,,,,,,,,,,,,,,,,,
Optimal Lineup - SportsLine,POS,Salary,Projection,2025-09-14 19:30,Roster %,Result,,,,,,,,,,,,,,,,,,
J.J. McCarthy,QB,6900,18.75,Slate: SNF-MNF,17.6,4.8,,,,,,,,,,,,,,,,,,
Ashton Jeanty,RB,7000,14,,16.1,5.9,,,,,,,,,,,,,,,,,,
Bucky Irving,RB,7500,13.46,,15.9,15.1,,,,,,,,,,,,,,,,,,
Justin Jefferson,WR,9200,16.9,,15.3,9.6,,,,,,,,,,,,,,,,,,
Nico Collins,WR,7900,13.46,,14.2,12.7,,,,,,,,,,,,,,,,,,
Jalen Nailor,WR,4700,9.65,,5.1,4.6,,,,,,,,,,,,,,,,,,
Brock Bowers,TE,7100,11.93,,12.3,6.3,,,,,,,,,,,,,,,,,,
Jordan Mason,FLEX,5300,9.93,,11.5,4.8,,,,,,,,,,,,,,,,,,
Chargers,DST,4400,9.34,,6.8,13,,,,,,,,,,,,,,,,,,
Total,,60000,117.42,,,76.79999999999998,,,,,,,,,,,,,,,,,,
,,,,,,,,,,,,,,,,,,,,,,,,
Optimal Lineup - Weighted,POS,Salary,Projection,2025-09-14 19:43,Roster %,Result,,,,,,,,,,,,,,,,,,
J.J. McCarthy,QB,6900,18,Slate: SNF-MNF,17.6,4.8,,,,,,,,,,,,,,,,,,
Ashton Jeanty,RB,7000,15.36,,16.1,5.9,,,,,,,,,,,,,,,,,,
Bucky Irving,RB,7500,15.11,,15.9,15.1,,,,,,,,,,,,,,,,,,
Nico Collins,WR,7900,14.07,,14.2,12.7,,,,,,,,,,,,,,,,,,
Drake London,WR,7200,13.43,,13.1,4.4,,,,,,,,,,,,,,,,,,
Jakobi Meyers,WR,6700,12.44,,12,9.8,,,,,,,,,,,,,,,,,,
Brock Bowers,TE,7100,12.28,,12.3,6.3,,,,,,,,,,,,,,,,,,
Omarion Hampton,FLEX,6000,12.72,,13,3,,,,,,,,,,,,,,,,,,
Texans,DST,3600,7.93,,7.4,7,,,,,,,,,,,,,,,,,,
Total,,59900,121.34,,,69,,,,,,,,,,,,,,,,,,
,,,,,,,,,,,,,,,,,,,,,,,,
Optimal Lineup - Weighted,POS,Salary,Projection,2025-09-15 13:52,Roster %,Result,,,,,,,,,,,,,,,,,,
Lamar Jackson,QB,8500,23.412215555555555,Slate: Main,12.1,26.3,,,,,,,,,,,,,,,,,,
Chase Brown,RB,7500,17.31843148148148,,20.7,7.5,,,,,,,,,,,,,,,,,,
De'Von Achane,RB,7800,17.57816111111111,,23.1,22.2,,,,,,,,,,,,,,,,,,
Malik Nabers,WR,7700,15.334633333333334,,11.8,33.2,,,,,,,,,,,,,,,,,,
Zay Flowers,WR,6300,13.318281481481481,,5.89,11.4,,,,,,,,,,,,,,,,,,
Tetairoa McMillan,WR,5700,12.054068518518518,,10.04,13,,,,,,,,,,,,,,,,,,
Trey McBride,TE,7000,13.272172222222222,,8.24,10.8,,,,,,,,,,,,,,,,,,
Tony Pollard,FLEX,5900,14.05232777777778,,15.1,9.2,,,,,,,,,,,,,,,,,,
Cowboys,DST,3400,8.149081481481481,,7.7,1,,,,,,,,,,,,,,,,,,
Total,,59800,134.48937296296296,,,134.6,,,,,,,,,,,,,,,,,,
,,,,,,,,,,,,,,,,,,,,,,,,
Optimal Lineup - Weighted,POS,Salary,Projection,2025-09-15 14:01,Roster %,Result,,,,,,,,,,,,,,,,,,
Lamar Jackson,QB,8500,23.427611555555554,Slate: Main,12.1,26.3,,,,,,,,,,,,,,,,,,
Chase Brown,RB,7500,17.180258148148148,,20.7,7.5,,,,,,,,,,,,,,,,,,
De'Von Achane,RB,7800,17.21470111111111,,23.1,22.2,,,,,,,,,,,,,,,,,,
Malik Nabers,WR,7700,15.338753333333333,,11.8,33.2,,,,,,,,,,,,,,,,,,
Zay Flowers,WR,6300,13.603908148148147,,5.89,11.4,,,,,,,,,,,,,,,,,,
Tetairoa McMillan,WR,5700,11.935881851851851,,10.04,13,,,,,,,,,,,,,,,,,,
Trey McBride,TE,7000,13.162712222222222,,8.24,10.8,,,,,,,,,,,,,,,,,,
Tony Pollard,FLEX,5900,13.822147777777777,,15.1,9.2,,,,,,,,,,,,,,,,,,
Cowboys,DST,3400,8.513748148148148,,7.7,1,,,,,,,,,,,,,,,,,,
Total,,59800,134.19972229629627,,,134.6,,,,,,,,,,,,,,,,,,
,,,,,,,,,,,,,,,,,,,,,,,,
Optimal Lineup - Weighted,POS,Salary,Projection,2025-09-15 14:05,Roster %,Result,,,,,,,,,,,,,,,,,,
Lamar Jackson,QB,8500,23.465271555555553,Slate: Main,12.1,26.3,,,,,,,,,,,,,,,,,,
Chase Brown,RB,7500,17.215624814814813,,20.7,7.5,,,,,,,,,,,,,,,,,,
De'Von Achane,RB,7800,17.26240111111111,,23.1,22.2,,,,,,,,,,,,,,,,,,
Malik Nabers,WR,7700,15.355253333333334,,11.8,33.2,,,,,,,,,,,,,,,,,,
Zay Flowers,WR,6300,13.667074814814814,,5.89,11.4,,,,,,,,,,,,,,,,,,
Tetairoa McMillan,WR,5700,11.924515185185186,,10.04,13,,,,,,,,,,,,,,,,,,
Trey McBride,TE,7000,13.213312222222221,,8.24,10.8,,,,,,,,,,,,,,,,,,
Tony Pollard,FLEX,5900,13.81514777777778,,15.1,9.2,,,,,,,,,,,,,,,,,,
Cowboys,DST,3400,8.572514814814813,,7.7,1,,,,,,,,,,,,,,,,,,
Total,,59800,134.4911156296296,,,134.6,,,,,,,,,,,,,,,,,,
,,,,,,,,,,,,,,,,,,,,,,,,
Optimal Lineup - Weighted,POS,Salary,Projection,2025-09-15 14:07,Roster %,Result,,,,,,,,,,,,,,,,,,
Lamar Jackson,QB,8500,23.465271555555553,Slate: Main,12.1,26.3,,,,,,,,,,,,,,,,,,
Jahmyr Gibbs,RB,8300,18.30552037037037,GPP Plays: 2 @ <5%,16,17.9,,,,,,,,,,,,,,,,,,
Chase Brown,RB,7500,17.215624814814813,,20.7,7.5,,,,,,,,,,,,,,,,,,
Ja'Marr Chase,WR,9000,17.877735555555553,,14.13,29.5,,,,,,,,,,,,,,,,,,
Zay Flowers,WR,6300,13.667074814814814,,5.89,11.4,,,,,,,,,,,,,,,,,,
Tetairoa McMillan,WR,5700,11.924515185185186,,10.04,13,,,,,,,,,,,,,,,,,,
Hunter Henry,TE,4900,8.193657407407407,,3.88,1.4,,,,,,,,,,,,,,,,,,
Tony Pollard,FLEX,5900,13.81514777777778,,15.1,9.2,,,,,,,,,,,,,,,,,,
Cardinals,DST,3900,8.182744444444445,,4.38,13,,,,,,,,,,,,,,,,,,
Total,,60000,132.6472919259259,,,129.20000000000002,,,,,,,,,,,,,,,,,,
,,,,,,,,,,,,,,,,,,,,,,,,
Optimal Lineup - Weighted,POS,Salary,Projection,2025-09-16 14:58,Roster %,Result,,,,,,,,,,,,,,,,,,
Lamar Jackson,QB,8500,23.580271555555555,Slate: Main,12.1,27.02,,,,,,,,,,,,,,,,,,
Chase Brown,RB,7500,17.183524814814817,,20.7,4,,,,,,,,,,,,,,,,,,
De'Von Achane,RB,7800,17.33190111111111,,23.1,12.600000000000001,,,,,,,,,,,,,,,,,,
Malik Nabers,WR,7700,15.474653333333336,,11.8,2.3,,,,,,,,,,,,,,,,,,
Zay Flowers,WR,6300,13.624974814814816,,5.89,2.3,,,,,,,,,,,,,,,,,,
Tetairoa McMillan,WR,5700,11.884215185185186,,10.04,6.300000000000001,,,,,,,,,,,,,,,,,,
Trey McBride,TE,7000,13.270812222222222,,8.24,12.8,,,,,,,,,,,,,,,,,,
Tony Pollard,FLEX,5900,13.782047777777779,,15.1,12.9,,,,,,,,,,,,,,,,,,
Cowboys,DST,3400,8.634914814814813,,7.7,-1,,,,,,,,,,,,,,,,,,
Total,,59800,134.76731562962962,,,79.22,,,,,,,,,,,,,,,,,,
,,,,,,,,,,,,,,,,,,,,,,,,
Optimal Lineup - Weighted,POS,Salary,Projection,2025-09-16 17:10,Roster %,Result,,,,,,,,,,,,,,,,,,
Lamar Jackson,QB,8500,23.580271555555555,Slate: Main,12.1,27.02,,,,,,,,,,,,,,,,,,
Chase Brown,RB,7500,17.183524814814817,,20.7,4,,,,,,,,,,,,,,,,,,
De'Von Achane,RB,7800,17.33190111111111,,23.1,12.600000000000001,,,,,,,,,,,,,,,,,,
Malik Nabers,WR,7700,15.474653333333336,,11.8,2.3,,,,,,,,,,,,,,,,,,
Zay Flowers,WR,6300,13.624974814814816,,5.89,2.3,,,,,,,,,,,,,,,,,,
Tetairoa McMillan,WR,5700,11.884215185185186,,10.04,6.300000000000001,,,,,,,,,,,,,,,,,,
Trey McBride,TE,7000,13.270812222222222,,8.24,12.8,,,,,,,,,,,,,,,,,,
Tony Pollard,FLEX,5900,13.782047777777779,,15.1,12.9,,,,,,,,,,,,,,,,,,
Cowboys,DST,3400,8.634914814814813,,7.7,-1,,,,,,,,,,,,,,,,,,
Total,,59800,134.76731562962962,,,79.22,,,,,,,,,,,,,,,,,,
,,,,,,,,,,,,,,,,,,,,,,,,
Optimal Lineup - Weighted,POS,Salary,Projection,2025-09-18 19:29,Roster %,Result,,,,,,,,,,,,,,,,,,
Josh Allen,MVP,21300,37.3,Slate: Single,24.9,23.02,,,,,,,,,,,,,,,,,,
De'Von Achane,RB,12200,16.98,,17.4,12.600000000000001,,,,,,,,,,,,,,,,,,
James Cook,RB,11600,15.68,,15,22.3,,,,,,,,,,,,,,,,,,
Tua Tagovailoa,QB,10800,15.47,,15.1,13.84,,,,,,,,,,,,,,,,,,
Malik Washington,WR,2800,5.93,,6,4.7,,,,,,,,,,,,,,,,,,
Julian Hill,TE,1200,1.67,,1.8,0.9,,,,,,,,,,,,,,,,,,
,,,,,,,,,,,,,,,,,,,,,,,,
,,,,,,,,,,,,,,,,,,,,,,,,
,,,,,,,,,,,,,,,,,,,,,,,,
Total,,59900,93.03000000000002,,,77.36000000000001,,,,,,,,,,,,,,,,,,
,,,,,,,,,,,,,,,,,,,,,,,,
Optimal Lineup - AVG,POS,Salary,Projection,2025-09-18 19:29,Roster %,Result,,,,,,,,,,,,,,,,,,
Josh Allen,MVP,21300,37.25,Slate: Single,24.9,23.02,,,,,,,,,,,,,,,,,,
De'Von Achane,RB,12200,16.86,,17.4,12.600000000000001,,,,,,,,,,,,,,,,,,
James Cook,RB,11600,15.37,,15,22.3,,,,,,,,,,,,,,,,,,
Tua Tagovailoa,QB,10800,15.44,,15.1,13.84,,,,,,,,,,,,,,,,,,
Malik Washington,WR,2800,5.83,,6,4.7,,,,,,,,,,,,,,,,,,
Julian Hill,TE,1200,1.67,,1.8,0.9,,,,,,,,,,,,,,,,,,
,,,,,,,,,,,,,,,,,,,,,,,,
,,,,,,,,,,,,,,,,,,,,,,,,
,,,,,,,,,,,,,,,,,,,,,,,,
Total,,59900,92.42,,,77.36000000000001,,,,,,,,,,,,,,,,,,
,,,,,,,,,,,,,,,,,,,,,,,,
Optimal Lineup - My Projection,POS,Salary,Projection,2025-09-18 19:29,Roster %,Result,,,,,,,,,,,,,,,,,,
Josh Allen,MVP,21300,39.98,Slate: Single,24.9,23.02,,,,,,,,,,,,,,,,,,
James Cook,RB,11600,21.2,,15,22.3,,,,,,,,,,,,,,,,,,
Tua Tagovailoa,QB,10800,17.93,,15.1,13.84,,,,,,,,,,,,,,,,,,
Keon Coleman,WR,8000,13.3,,9,3.5,,,,,,,,,,,,,,,,,,
Joshua Palmer,WR,5400,11.55,,6.9,1,,,,,,,,,,,,,,,,,,
Malik Washington,WR,2800,8.12,,6,4.7,,,,,,,,,,,,,,,,,,
,,,,,,,,,,,,,,,,,,,,,,,,
,,,,,,,,,,,,,,,,,,,,,,,,
,,,,,,,,,,,,,,,,,,,,,,,,
Total,,59900,112.07999999999998,,,68.36,,,,,,,,,,,,,,,,,,
,,,,,,,,,,,,,,,,,,,,,,,,
Optimal Lineup - DFF,POS,Salary,Projection,2025-09-18 19:30,Roster %,Result,,,,,,,,,,,,,,,,,,
Josh Allen,MVP,21300,37.35,Slate: Single,24.9,23.02,,,,,,,,,,,,,,,,,,
De'Von Achane,RB,12200,17.4,,17.4,12.600000000000001,,,,,,,,,,,,,,,,,,
James Cook,RB,11600,15,,15,22.3,,,,,,,,,,,,,,,,,,
Tua Tagovailoa,QB,10800,15.1,,15.1,13.84,,,,,,,,,,,,,,,,,,
Malik Washington,WR,2800,6,,6,4.7,,,,,,,,,,,,,,,,,,
Julian Hill,TE,1200,1.8,,1.8,0.9,,,,,,,,,,,,,,,,,,
,,,,,,,,,,,,,,,,,,,,,,,,
,,,,,,,,,,,,,,,,,,,,,,,,
,,,,,,,,,,,,,,,,,,,,,,,,
Total,,59900,92.64999999999999,,,77.36000000000001,,,,,,,,,,,,,,,,,,
,,,,,,,,,,,,,,,,,,,,,,,,
Optimal Lineup - FantasyPros,POS,Salary,Projection,2025-09-18 19:30,Roster %,Result,,,,,,,,,,,,,,,,,,
Josh Allen,MVP,21300,35.7,Slate: Single,24.9,23.02,,,,,,,,,,,,,,,,,,
De'Von Achane,RB,12200,17,,17.4,12.600000000000001,,,,,,,,,,,,,,,,,,
James Cook,RB,11600,15,,15,22.3,,,,,,,,,,,,,,,,,,
Tua Tagovailoa,QB,10800,15.15,,15.1,13.84,,,,,,,,,,,,,,,,,,
Malik Washington,WR,2800,5.42,,6,4.7,,,,,,,,,,,,,,,,,,
Julian Hill,TE,1200,1.64,,1.8,0.9,,,,,,,,,,,,,,,,,,
,,,,,,,,,,,,,,,,,,,,,,,,
,,,,,,,,,,,,,,,,,,,,,,,,
,,,,,,,,,,,,,,,,,,,,,,,,
Total,,59900,89.91000000000001,,,77.36000000000001,,,,,,,,,,,,,,,,,,
,,,,,,,,,,,,,,,,,,,,,,,,
Optimal Lineup - FantasyLabs,POS,Salary,Projection,2025-09-18 19:30,Roster %,Result,,,,,,,,,,,,,,,,,,
Josh Allen,MVP,21300,36.63,Slate: Single,24.9,23.02,,,,,,,,,,,,,,,,,,
De'Von Achane,RB,12200,16.15,,17.4,12.600000000000001,,,,,,,,,,,,,,,,,,
James Cook,RB,11600,14.88,,15,22.3,,,,,,,,,,,,,,,,,,
Tua Tagovailoa,QB,10800,15.02,,15.1,13.84,,,,,,,,,,,,,,,,,,
Malik Washington,WR,2800,5.97,,6,4.7,,,,,,,,,,,,,,,,,,
Tyrell Shavers,WR,1200,1.4,,1,3.4000000000000004,,,,,,,,,,,,,,,,,,
,,,,,,,,,,,,,,,,,,,,,,,,
,,,,,,,,,,,,,,,,,,,,,,,,
,,,,,,,,,,,,,,,,,,,,,,,,
Total,,59900,90.05,,,79.86000000000001,,,,,,,,,,,,,,,,,,
,,,,,,,,,,,,,,,,,,,,,,,,
Optimal Lineup - DraftEdge,POS,Salary,Projection,2025-09-18 19:30,Roster %,Result,,,,,,,,,,,,,,,,,,
Josh Allen,MVP,21300,36.45,Slate: Single,24.9,23.02,,,,,,,,,,,,,,,,,,
De'Von Achane,RB,12200,16.8,,17.4,12.600000000000001,,,,,,,,,,,,,,,,,,
Tyreek Hill,WR,11000,13.1,,12.5,13.4,,,,,,,,,,,,,,,,,,
Tua Tagovailoa,QB,10800,17,,15.1,13.84,,,,,,,,,,,,,,,,,,
Malik Washington,WR,2800,6.5,,6,4.7,,,,,,,,,,,,,,,,,,
Tanner Conner,TE,1600,4,,2.9,1.8,,,,,,,,,,,,,,,,,,
,,,,,,,,,,,,,,,,,,,,,,,,
,,,,,,,,,,,,,,,,,,,,,,,,
,,,,,,,,,,,,,,,,,,,,,,,,
Total,,59700,93.85,,,69.36,,,,,,,,,,,,,,,,,,
,,,,,,,,,,,,,,,,,,,,,,,,
Optimal Lineup - FootballGuys,POS,Salary,Projection,2025-09-18 19:30,Roster %,Result,,,,,,,,,,,,,,,,,,
Josh Allen,MVP,21300,35.22,Slate: Single,24.9,23.02,,,,,,,,,,,,,,,,,,
James Cook,RB,11600,13.47,,15,22.3,,,,,,,,,,,,,,,,,,
Tua Tagovailoa,QB,10800,14.24,,15.1,13.84,,,,,,,,,,,,,,,,,,
Keon Coleman,WR,8000,10.5,,9,3.5,,,,,,,,,,,,,,,,,,
Joshua Palmer,WR,5400,8.41,,6.9,1,,,,,,,,,,,,,,,,,,
Malik Washington,WR,2800,4.37,,6,4.7,,,,,,,,,,,,,,,,,,
,,,,,,,,,,,,,,,,,,,,,,,,
,,,,,,,,,,,,,,,,,,,,,,,,
,,,,,,,,,,,,,,,,,,,,,,,,
Total,,59900,86.21000000000001,,,68.36,,,,,,,,,,,,,,,,,,
,,,,,,,,,,,,,,,,,,,,,,,,
Optimal Lineup - SportsLine,POS,Salary,Projection,2025-09-18 19:30,Roster %,Result,,,,,,,,,,,,,,,,,,
Josh Allen,MVP,21300,39.26,Slate: Single,24.9,23.02,,,,,,,,,,,,,,,,,,
De'Von Achane,RB,12200,17.4,,17.4,12.600000000000001,,,,,,,,,,,,,,,,,,
Tua Tagovailoa,QB,10800,14.28,,15.1,13.84,,,,,,,,,,,,,,,,,,
Bills,DST,7400,10.79,,7.8,4,,,,,,,,,,,,,,,,,,
Joshua Palmer,WR,5400,6.9,,6.9,1,,,,,,,,,,,,,,,,,,
Malik Washington,WR,2800,4.06,,6,4.7,,,,,,,,,,,,,,,,,,
,,,,,,,,,,,,,,,,,,,,,,,,
,,,,,,,,,,,,,,,,,,,,,,,,
,,,,,,,,,,,,,,,,,,,,,,,,
Total,,59900,92.69,,,59.16000000000001,,,,,,,,,,,,,,,,,,
,,,,,,,,,,,,,,,,,,,,,,,,
Optimal Lineup - Weighted,POS,Salary,Projection,2025-09-21 12:12,Roster %,Result,,,,,,,,,,,,,,,,,,
Caleb Williams,QB,7100,19.81286377777778,Slate: Main,13.1,29.12,,,,,,,,,,,,,,,,,,
Jonathan Taylor,RB,8500,18.629961851851853,,13.52,34.3,,,,,,,,,,,,,,,,,,
Kenneth Walker III,RB,6600,16.545796296296295,,27.6,17.5,,,,,,,,,,,,,,,,,,
CeeDee Lamb,WR,8800,17.27099074074074,,13.1,Not Found,,,,,,,,,,,,,,,,,,
Rome Odunze,WR,6400,13.471832962962962,,16.4,13.7,,,,,,,,,,,,,,,,,,
Tetairoa McMillan,WR,6000,12.070837407407408,,6.04,6.300000000000001,,,,,,,,,,,,,,,,,,
Trey McBride,TE,7000,12.79214074074074,,17.2,12.8,,,,,,,,,,,,,,,,,,
Jordan Mason,FLEX,5800,15.241952962962966,,27.8,26.6,,,,,,,,,,,,,,,,,,
Falcons,DST,3800,8.745988888888888,,7.56,0,,,,,,,,,,,,,,,,,,
Total,,60000,134.58236562962963,,,140.32,,,,,,,,,,,,,,,,,,
,,,,,,,,,,,,,,,,,,,,,,,,
Optimal Lineup - AVG,POS,Salary,Projection,2025-09-21 12:12,Roster %,Result,,,,,,,,,,,,,,,,,,
Caleb Williams,QB,7100,19.76535555555556,Slate: Main,13.1,29.12,,,,,,,,,,,,,,,,,,
Jonathan Taylor,RB,8500,18.416703703703703,,13.52,34.3,,,,,,,,,,,,,,,,,,
Kenneth Walker III,RB,6600,16.342592592592595,,27.6,17.5,,,,,,,,,,,,,,,,,,
CeeDee Lamb,WR,8800,17.03648148148148,,13.1,Not Found,,,,,,,,,,,,,,,,,,
Rome Odunze,WR,6400,13.286925925925926,,16.4,13.7,,,,,,,,,,,,,,,,,,
Tetairoa McMillan,WR,6000,11.993814814814815,,6.04,6.300000000000001,,,,,,,,,,,,,,,,,,
Trey McBride,TE,7000,12.661481481481482,,17.2,12.8,,,,,,,,,,,,,,,,,,
Jordan Mason,FLEX,5800,15.382925925925926,,27.8,26.6,,,,,,,,,,,,,,,,,,
Falcons,DST,3800,8.657777777777776,,7.56,0,,,,,,,,,,,,,,,,,,
Total,,60000,133.54405925925928,,,140.32,,,,,,,,,,,,,,,,,,
,,,,,,,,,,,,,,,,,,,,,,,,
Optimal Lineup - My Projection,POS,Salary,Projection,2025-09-21 12:12,Roster %,Result,,,,,,,,,,,,,,,,,,
Caleb Williams,QB,7100,22.3,Slate: Main,13.1,29.12,,,,,,,,,,,,,,,,,,
Bijan Robinson,RB,9500,22.63333333333333,,18.64,13.600000000000001,,,,,,,,,,,,,,,,,,
Jonathan Taylor,RB,8500,22.533333333333335,,13.52,34.3,,,,,,,,,,,,,,,,,,
Rome Odunze,WR,6400,18.633333333333333,,16.4,13.7,,,,,,,,,,,,,,,,,,
Michael Pittman Jr.,WR,5700,16.033333333333335,,5.03,16.3,,,,,,,,,,,,,,,,,,
Emeka Egbuka,WR,6300,16.7,,2.72,11.5,,,,,,,,,,,,,,,,,,
Jonnu Smith,TE,5100,15.633333333333333,,3.46,3.8000000000000003,,,,,,,,,,,,,,,,,,
Bucky Irving,FLEX,7400,19.466666666666665,,13.59,11.900000000000002,,,,,,,,,,,,,,,,,,
Falcons,DST,3800,13.16,,7.56,0,,,,,,,,,,,,,,,,,,
Total,,59800,167.09333333333333,,,134.22,,,,,,,,,,,,,,,,,,
,,,,,,,,,,,,,,,,,,,,,,,,
Optimal Lineup - DFF,POS,Salary,Projection,2025-09-21 12:12,Roster %,Result,,,,,,,,,,,,,,,,,,
Caleb Williams,QB,7100,20.8,Slate: Main,13.1,29.12,,,,,,,,,,,,,,,,,,
Christian McCaffrey,RB,9100,20.7,,19.52,19,,,,,,,,,,,,,,,,,,
Kenneth Walker III,RB,6600,17.2,,27.6,17.5,,,,,,,,,,,,,,,,,,
CeeDee Lamb,WR,8800,16.3,,13.1,Not Found,,,,,,,,,,,,,,,,,,
Jakobi Meyers,WR,6200,12.1,,12.9,7.800000000000001,,,,,,,,,,,,,,,,,,
Ricky Pearsall,WR,5600,10.9,,4.67,18.700000000000003,,,,,,,,,,,,,,,,,,
Trey McBride,TE,7000,12.3,,17.2,12.8,,,,,,,,,,,,,,,,,,
Jordan Mason,FLEX,5800,16.8,,27.8,26.6,,,,,,,,,,,,,,,,,,
Falcons,DST,3800,7.7,,7.56,0,,,,,,,,,,,,,,,,,,
Total,,60000,134.79999999999998,,,131.52,,,,,,,,,,,,,,,,,,
,,,,,,,,,,,,,,,,,,,,,,,,
Optimal Lineup - FantasyPros,POS,Salary,Projection,2025-09-21 12:12,Roster %,Result,,,,,,,,,,,,,,,,,,
Marcus Mariota,QB,6000,17.182,Slate: Main,17.4,20.28,,,,,,,,,,,,,,,,,,
Christian McCaffrey,RB,9100,18.990000000000002,,19.52,19,,,,,,,,,,,,,,,,,,
Kenneth Walker III,RB,6600,15.76,,27.6,17.5,,,,,,,,,,,,,,,,,,
CeeDee Lamb,WR,8800,16.380000000000003,,13.1,Not Found,,,,,,,,,,,,,,,,,,
Davante Adams,WR,7100,13.05,,8.62,13.100000000000001,,,,,,,,,,,,,,,,,,
Rome Odunze,WR,6400,12.17,,16.4,13.7,,,,,,,,,,,,,,,,,,
Trey McBride,TE,7000,11.990000000000002,,17.2,12.8,,,,,,,,,,,,,,,,,,
Jordan Mason,FLEX,5800,13.880000000000003,,27.8,26.6,,,,,,,,,,,,,,,,,,
Cowboys,DST,3200,6.2,,0.54,-1,,,,,,,,,,,,,,,,,,
Total,,60000,125.60199999999999,,,121.97999999999999,,,,,,,,,,,,,,,,,,
,,,,,,,,,,,,,,,,,,,,,,,,
Optimal Lineup - NumberFire,POS,Salary,Projection,2025-09-21 12:12,Roster %,Result,,,,,,,,,,,,,,,,,,
Marcus Mariota,QB,6000,18.2,Slate: Main,17.4,20.28,,,,,,,,,,,,,,,,,,
Christian McCaffrey,RB,9100,18.9,,19.52,19,,,,,,,,,,,,,,,,,,
Kenneth Walker III,RB,6600,16.3,,27.6,17.5,,,,,,,,,,,,,,,,,,
CeeDee Lamb,WR,8800,14.9,,13.1,Not Found,,,,,,,,,,,,,,,,,,
Tetairoa McMillan,WR,6000,11.5,,6.04,6.300000000000001,,,,,,,,,,,,,,,,,,
Emeka Egbuka,WR,6300,11.8,,2.72,11.5,,,,,,,,,,,,,,,,,,
Brock Bowers,TE,7400,12.5,,5.18,5.800000000000001,,,,,,,,,,,,,,,,,,
Jordan Mason,FLEX,5800,16,,27.8,26.6,,,,,,,,,,,,,,,,,,
Falcons,DST,3800,7.7,,7.56,0,,,,,,,,,,,,,,,,,,
Total,,59800,127.8,,,106.97999999999999,,,,,,,,,,,,,,,,,,
,,,,,,,,,,,,,,,,,,,,,,,,
Optimal Lineup - RotoWire,POS,Salary,Projection,2025-09-21 12:12,Roster %,Result,,,,,,,,,,,,,,,,,,
Marcus Mariota,QB,6000,18.18,Slate: Main,17.4,20.28,,,,,,,,,,,,,,,,,,
Christian McCaffrey,RB,9100,23.3,,19.52,19,,,,,,,,,,,,,,,,,,
Kenneth Walker III,RB,6600,18.86,,27.6,17.5,,,,,,,,,,,,,,,,,,
CeeDee Lamb,WR,8800,20.41,,13.1,Not Found,,,,,,,,,,,,,,,,,,
Garrett Wilson,WR,6900,16.45,,9.6,19.4,,,,,,,,,,,,,,,,,,
Tetairoa McMillan,WR,6000,14.15,,6.04,6.300000000000001,,,,,,,,,,,,,,,,,,
Trey McBride,TE,7000,16.15,,17.2,12.8,,,,,,,,,,,,,,,,,,
Jordan Mason,FLEX,5800,16.83,,27.8,26.6,,,,,,,,,,,,,,,,,,
Falcons,DST,3800,7.51,,7.56,0,,,,,,,,,,,,,,,,,,
Total,,60000,151.83999999999997,,,121.88,,,,,,,,,,,,,,,,,,
,,,,,,,,,,,,,,,,,,,,,,,,
Optimal Lineup - FantasyLabs,POS,Salary,Projection,2025-09-21 12:12,Roster %,Result,,,,,,,,,,,,,,,,,,
Caleb Williams,QB,7100,19.94,Slate: Main,13.1,29.12,,,,,,,,,,,,,,,,,,
Jonathan Taylor,RB,8500,18.73,,13.52,34.3,,,,,,,,,,,,,,,,,,
Kenneth Walker III,RB,6600,16.74,,27.6,17.5,,,,,,,,,,,,,,,,,,
Jaxon Smith-Njigba,WR,8000,15.24,,18.2,18.1,,,,,,,,,,,,,,,,,,
Mike Evans,WR,7600,13.82,,13,11.3,,,,,,,,,,,,,,,,,,
Tetairoa McMillan,WR,6000,12.07,,6.04,6.300000000000001,,,,,,,,,,,,,,,,,,
Trey McBride,TE,7000,12.61,,17.2,12.8,,,,,,,,,,,,,,,,,,
Jordan Mason,FLEX,5800,15.95,,27.8,26.6,,,,,,,,,,,,,,,,,,
Cowboys,DST,3200,6.72,,0.54,-1,,,,,,,,,,,,,,,,,,
Total,,59800,131.82,,,155.02,,,,,,,,,,,,,,,,,,
,,,,,,,,,,,,,,,,,,,,,,,,
Optimal Lineup - DraftEdge,POS,Salary,Projection,2025-09-21 12:12,Roster %,Result,,,,,,,,,,,,,,,,,,
Marcus Mariota,QB,6000,20.4,Slate: Main,17.4,20.28,,,,,,,,,,,,,,,,,,
Christian McCaffrey,RB,9100,22.5,,19.52,19,,,,,,,,,,,,,,,,,,
Jordan Mason,RB,5800,18.1,,27.8,26.6,,,,,,,,,,,,,,,,,,
Puka Nacua,WR,9000,18.9,,16.3,20.300000000000004,,,,,,,,,,,,,,,,,,
Mike Evans,WR,7600,15.1,,13,11.3,,,,,,,,,,,,,,,,,,
Jakobi Meyers,WR,6200,13.4,,12.9,7.800000000000001,,,,,,,,,,,,,,,,,,
Jake Ferguson,TE,5200,10,,10,14.700000000000001,,,,,,,,,,,,,,,,,,
Tony Pollard,FLEX,6100,16.2,,12.5,12.9,,,,,,,,,,,,,,,,,,
Packers,DST,5000,9.2,,8.8,8,,,,,,,,,,,,,,,,,,
Total,,60000,143.79999999999998,,,140.88,,,,,,,,,,,,,,,,,,
,,,,,,,,,,,,,,,,,,,,,,,,
Optimal Lineup - FootballGuys,POS,Salary,Projection,2025-09-21 12:13,Roster %,Result,,,,,,,,,,,,,,,,,,
Caleb Williams,QB,7100,20.5222,Slate: Main,13.1,29.12,,,,,,,,,,,,,,,,,,
Christian McCaffrey,RB,9100,18.455000000000002,,19.52,19,,,,,,,,,,,,,,,,,,
Kenneth Walker III,RB,6600,17.2,,27.6,17.5,,,,,,,,,,,,,,,,,,
Jaxon Smith-Njigba,WR,8000,16.059,,18.2,18.1,,,,,,,,,,,,,,,,,,
Garrett Wilson,WR,6900,14.751999999999999,,9.6,19.4,,,,,,,,,,,,,,,,,,
Ricky Pearsall,WR,5600,12.399,,4.67,18.700000000000003,,,,,,,,,,,,,,,,,,
Trey McBride,TE,7000,12.060000000000002,,17.2,12.8,,,,,,,,,,,,,,,,,,
Jordan Mason,FLEX,5800,15.103000000000002,,27.8,26.6,,,,,,,,,,,,,,,,,,
Falcons,DST,3800,9.88,,7.56,0,,,,,,,,,,,,,,,,,,
Total,,59900,136.43019999999999,,,161.22,,,,,,,,,,,,,,,,,,
,,,,,,,,,,,,,,,,,,,,,,,,
Optimal Lineup - SportsLine,POS,Salary,Projection,2025-09-21 12:13,Roster %,Result,,,,,,,,,,,,,,,,,,
Daniel Jones,QB,7800,22.1,Slate: Main,5.5,15.82,,,,,,,,,,,,,,,,,,
Christian McCaffrey,RB,9100,19.69,,19.52,19,,,,,,,,,,,,,,,,,,
Kenneth Walker III,RB,6600,16.09,,27.6,17.5,,,,,,,,,,,,,,,,,,
CeeDee Lamb,WR,8800,16.92,,13.1,Not Found,,,,,,,,,,,,,,,,,,
Rome Odunze,WR,6400,12.06,,16.4,13.7,,,,,,,,,,,,,,,,,,
Jalen Nailor,WR,4900,8.81,,3.87,5.2,,,,,,,,,,,,,,,,,,
Tyler Warren,TE,5600,10.14,,11.7,5.300000000000001,,,,,,,,,,,,,,,,,,
Jordan Mason,FLEX,5800,11.6,,27.8,26.6,,,,,,,,,,,,,,,,,,
Packers,DST,5000,14.39,,8.8,8,,,,,,,,,,,,,,,,,,
Total,,60000,131.8,,,111.12,,,,,,,,,,,,,,,,,,
,,,,,,,,,,,,,,,,,,,,,,,,
Optimal Lineup - Weighted,POS,Salary,Projection,2025-09-21 12:38,Roster %,Result,,,,,,,,,,,,,,,,,,
Caleb Williams,QB,7100,19.81286377777778,Slate: Main,13.1,29.12,,,,,,,,,,,,,,,,,,
Christian McCaffrey,RB,9100,19.83931666666667,GPP Plays: 1 @ <5%,19.52,19,,,,,,,,,,,,,,,,,,
Kenneth Walker III,RB,6600,16.545796296296295,,27.6,17.5,,,,,,,,,,,,,,,,,,
CeeDee Lamb,WR,8800,17.27099074074074,,13.1,Not Found,,,,,,,,,,,,,,,,,,
Rome Odunze,WR,6400,13.471832962962962,,16.4,13.7,,,,,,,,,,,,,,,,,,
Tetairoa McMillan,WR,6000,12.070837407407408,,6.04,6.300000000000001,,,,,,,,,,,,,,,,,,
Trey McBride,TE,7000,12.79214074074074,,17.2,12.8,,,,,,,,,,,,,,,,,,
Jordan Mason,FLEX,5800,15.241952962962966,,27.8,26.6,,,,,,,,,,,,,,,,,,
Cowboys,DST,3200,6.740066666666667,,0.54,-1,,,,,,,,,,,,,,,,,,
Total,,60000,133.78579822222224,,,124.02000000000001,,,,,,,,,,,,,,,,,,
,,,,,,,,,,,,,,,,,,,,,,,,
Optimal Lineup - Weighted,POS,Salary,Projection,2025-09-21 12:40,Roster %,Result,,,,,,,,,,,,,,,,,,
Caleb Williams,QB,7100,19.81286377777778,Slate: Main,13.1,29.12,,,,,,,,,,,,,,,,,,
Christian McCaffrey,RB,9100,19.83931666666667,GPP Plays: 2 @ <5%,19.52,19,,,,,,,,,,,,,,,,,,
Kenneth Walker III,RB,6600,16.545796296296295,,27.6,17.5,,,,,,,,,,,,,,,,,,
CeeDee Lamb,WR,8800,17.27099074074074,,13.1,Not Found,,,,,,,,,,,,,,,,,,
Rome Odunze,WR,6400,13.471832962962962,,16.4,13.7,,,,,,,,,,,,,,,,,,
Ricky Pearsall,WR,5600,11.198255185185186,,4.67,18.700000000000003,,,,,,,,,,,,,,,,,,
Trey McBride,TE,7000,12.79214074074074,,17.2,12.8,,,,,,,,,,,,,,,,,,
Jordan Mason,FLEX,5800,15.241952962962966,,27.8,26.6,,,,,,,,,,,,,,,,,,
Jaguars,DST,3300,7.117122222222222,,1.8,12,,,,,,,,,,,,,,,,,,
Total,,59700,133.29027155555556,,,149.42000000000002,,,,,,,,,,,,,,,,,,
,,,,,,,,,,,,,,,,,,,,,,,,
Optimal Lineup - Weighted,POS,Salary,Projection,2025-09-21 12:40,Roster %,Result,,,,,,,,,,,,,,,,,,
Drake Maye,QB,7300,18.31443311111111,Slate: Main,4.8,22.22,,,,,,,,,,,,,,,,,,
Christian McCaffrey,RB,9100,19.83931666666667,GPP Plays: 3 @ <5%,19.52,19,,,,,,,,,,,,,,,,,,
Kenneth Walker III,RB,6600,16.545796296296295,,27.6,17.5,,,,,,,,,,,,,,,,,,
CeeDee Lamb,WR,8800,17.27099074074074,,13.1,Not Found,,,,,,,,,,,,,,,,,,
Rome Odunze,WR,6400,13.471832962962962,,16.4,13.7,,,,,,,,,,,,,,,,,,
Ricky Pearsall,WR,5600,11.198255185185186,,4.67,18.700000000000003,,,,,,,,,,,,,,,,,,
Trey McBride,TE,7000,12.79214074074074,,17.2,12.8,,,,,,,,,,,,,,,,,,
Jordan Mason,FLEX,5800,15.241952962962966,,27.8,26.6,,,,,,,,,,,,,,,,,,
Jaguars,DST,3300,7.117122222222222,,1.8,12,,,,,,,,,,,,,,,,,,
Total,,59900,131.79184088888888,,,142.52,,,,,,,,,,,,,,,,,,
,,,,,,,,,,,,,,,,,,,,,,,,
Optimal Lineup - Weighted,POS,Salary,Projection,2025-09-21 12:41,Roster %,Result,,,,,,,,,,,,,,,,,,
Caleb Williams,QB,7100,19.81286377777778,Slate: Main,13.1,29.12,,,,,,,,,,,,,,,,,,
Christian McCaffrey,RB,9100,19.83931666666667,GPP Plays: 3 @ <5%,19.52,19,,,,,,,,,,,,,,,,,,
Jonathan Taylor,RB,8500,18.629961851851853,QB/WR Stack,13.52,34.3,,,,,,,,,,,,,,,,,,
CeeDee Lamb,WR,8800,17.27099074074074,,13.1,Not Found,,,,,,,,,,,,,,,,,,
Rome Odunze,WR,6400,13.471832962962962,,16.4,13.7,,,,,,,,,,,,,,,,,,
Ricky Pearsall,WR,5600,11.198255185185186,,4.67,18.700000000000003,,,,,,,,,,,,,,,,,,
Kyle Pitts Sr.,TE,5400,8.644056296296297,,3.39,5.9,,,,,,,,,,,,,,,,,,
Jordan Mason,FLEX,5800,15.241952962962966,,27.8,26.6,,,,,,,,,,,,,,,,,,
Jaguars,DST,3300,7.117122222222222,,1.8,12,,,,,,,,,,,,,,,,,,
Total,,60000,131.22635266666668,,,159.32000000000002,,,,,,,,,,,,,,,,,,
,,,,,,,,,,,,,,,,,,,,,,,,
Optimal Lineup - Weighted,POS,Salary,Projection,2025-09-21 19:19,Roster %,Result,,,,,,,,,,,,,,,,,,
Lamar Jackson,QB,8900,24.023323111111115,Slate: SNF-MNF,24.1,27.02,,,,,,,,,,,,,,,,,,
Jahmyr Gibbs,RB,8400,17.272765925925924,,17.4,24.4,,,,,,,,,,,,,,,,,,
Cam Skattebo,RB,4700,8.878817037037038,,8.5,21.1,,,,,,,,,,,,,,,,,,
Malik Nabers,WR,8200,15.972391851851851,,15,2.3,,,,,,,,,,,,,,,,,,
Zay Flowers,WR,6800,14.605362222222222,,14.5,2.3,,,,,,,,,,,,,,,,,,
Hollywood Brown,WR,6400,11.48488888888889,,11.1,6.2,,,,,,,,,,,,,,,,,,
Sam LaPorta,TE,5800,10.659022222222221,,10.2,5.300000000000001,,,,,,,,,,,,,,,,,,
Jameson Williams,FLEX,6300,11.027437777777779,,10.3,5.3,,,,,,,,,,,,,,,,,,
Chiefs,DST,4300,7.627533333333333,,7.3,12,,,,,,,,,,,,,,,,,,
Total,,59800,121.55154237037037,,,105.92,,,,,,,,,,,,,,,,,,
,,,,,,,,,,,,,,,,,,,,,,,,
Optimal Lineup - AVG,POS,Salary,Projection,2025-09-21 19:19,Roster %,Result,,,,,,,,,,,,,,,,,,
Patrick Mahomes,QB,8000,21.622592592592593,Slate: SNF-MNF,21.2,13.16,,,,,,,,,,,,,,,,,,
Jahmyr Gibbs,RB,8400,17.022851851851854,,17.4,24.4,,,,,,,,,,,,,,,,,,
Derrick Henry,RB,8600,16.6237037037037,,16.2,10.2,,,,,,,,,,,,,,,,,,
Malik Nabers,WR,8200,15.914703703703704,,15,2.3,,,,,,,,,,,,,,,,,,
Zay Flowers,WR,6800,14.320444444444446,,14.5,2.3,,,,,,,,,,,,,,,,,,
Wan'Dale Robinson,WR,5900,10.118333333333332,,9,3.1,,,,,,,,,,,,,,,,,,
Sam LaPorta,TE,5800,10.374444444444444,,10.2,5.300000000000001,,,,,,,,,,,,,,,,,,
Cam Skattebo,FLEX,4700,8.816074074074074,,8.5,21.1,,,,,,,,,,,,,,,,,,
Giants,DST,3400,5.627777777777778,,5,2,,,,,,,,,,,,,,,,,,
Total,,59800,120.44092592592595,,,83.86000000000001,,,,,,,,,,,,,,,,,,
,,,,,,,,,,,,,,,,,,,,,,,,
Optimal Lineup - My Projection,POS,Salary,Projection,2025-09-21 19:19,Roster %,Result,,,,,,,,,,,,,,,,,,
Jared Goff,QB,7700,23.266666666666666,Slate: SNF-MNF,17.5,12.68,,,,,,,,,,,,,,,,,,
Jahmyr Gibbs,RB,8400,22.21666666666667,,17.4,24.4,,,,,,,,,,,,,,,,,,
David Montgomery,RB,6500,15.266666666666666,,10.6,31.900000000000002,,,,,,,,,,,,,,,,,,
Malik Nabers,WR,8200,19.733333333333334,,15,2.3,,,,,,,,,,,,,,,,,,
Zay Flowers,WR,6800,18.599999999999998,,14.5,2.3,,,,,,,,,,,,,,,,,,
Jameson Williams,WR,6300,15.700000000000001,,10.3,5.3,,,,,,,,,,,,,,,,,,
Sam LaPorta,TE,5800,15.850000000000001,,10.2,5.300000000000001,,,,,,,,,,,,,,,,,,
Wan'Dale Robinson,FLEX,5900,15.550000000000002,,9,3.1,,,,,,,,,,,,,,,,,,
Chiefs,DST,4300,7.159999999999999,,7.3,12,,,,,,,,,,,,,,,,,,
Total,,59900,153.34333333333333,,,99.27999999999999,,,,,,,,,,,,,,,,,,
,,,,,,,,,,,,,,,,,,,,,,,,
Optimal Lineup - DFF,POS,Salary,Projection,2025-09-21 19:19,Roster %,Result,,,,,,,,,,,,,,,,,,
Lamar Jackson,QB,8900,24.1,Slate: SNF-MNF,24.1,27.02,,,,,,,,,,,,,,,,,,
Jahmyr Gibbs,RB,8400,17.4,,17.4,24.4,,,,,,,,,,,,,,,,,,
Cam Skattebo,RB,4700,8.5,,8.5,21.1,,,,,,,,,,,,,,,,,,
Malik Nabers,WR,8200,15,,15,2.3,,,,,,,,,,,,,,,,,,
Zay Flowers,WR,6800,14.5,,14.5,2.3,,,,,,,,,,,,,,,,,,
Hollywood Brown,WR,6400,11.1,,11.1,6.2,,,,,,,,,,,,,,,,,,
Travis Kelce,TE,6100,10.8,,10.8,4.6,,,,,,,,,,,,,,,,,,
Sam LaPorta,FLEX,5800,10.2,,10.2,5.300000000000001,,,,,,,,,,,,,,,,,,
Chiefs,DST,4300,7.3,,7.3,12,,,,,,,,,,,,,,,,,,
Total,,59600,118.89999999999999,,,105.22,,,,,,,,,,,,,,,,,,
,,,,,,,,,,,,,,,,,,,,,,,,
Optimal Lineup - FantasyPros,POS,Salary,Projection,2025-09-21 19:19,Roster %,Result,,,,,,,,,,,,,,,,,,
Lamar Jackson,QB,8900,23.004,Slate: SNF-MNF,24.1,27.02,,,,,,,,,,,,,,,,,,
Jahmyr Gibbs,RB,8400,16.12,,17.4,24.4,,,,,,,,,,,,,,,,,,
Cam Skattebo,RB,4700,9.129999999999999,,8.5,21.1,,,,,,,,,,,,,,,,,,
Amon-Ra St. Brown,WR,8400,15.549999999999999,,14.5,17.2,,,,,,,,,,,,,,,,,,
Zay Flowers,WR,6800,13.73,,14.5,2.3,,,,,,,,,,,,,,,,,,
Hollywood Brown,WR,6400,11.1,,11.1,6.2,,,,,,,,,,,,,,,,,,
Sam LaPorta,TE,5800,9.920000000000002,,10.2,5.300000000000001,,,,,,,,,,,,,,,,,,
Jameson Williams,FLEX,6300,10.170000000000002,,10.3,5.3,,,,,,,,,,,,,,,,,,
Chiefs,DST,4300,7.3,,7.3,12,,,,,,,,,,,,,,,,,,
Total,,60000,116.024,,,120.82000000000001,,,,,,,,,,,,,,,,,,
,,,,,,,,,,,,,,,,,,,,,,,,
Optimal Lineup - FantasyLabs,POS,Salary,Projection,2025-09-21 19:20,Roster %,Result,,,,,,,,,,,,,,,,,,
Lamar Jackson,QB,8900,23.58,Slate: SNF-MNF,24.1,27.02,,,,,,,,,,,,,,,,,,
Derrick Henry,RB,8600,16.65,,16.2,10.2,,,,,,,,,,,,,,,,,,
Cam Skattebo,RB,4700,8.43,,8.5,21.1,,,,,,,,,,,,,,,,,,
Malik Nabers,WR,8200,15.87,,15,2.3,,,,,,,,,,,,,,,,,,
Zay Flowers,WR,6800,14.09,,14.5,2.3,,,,,,,,,,,,,,,,,,
Hollywood Brown,WR,6400,10.94,,11.1,6.2,,,,,,,,,,,,,,,,,,
Travis Kelce,TE,6100,10.54,,10.8,4.6,,,,,,,,,,,,,,,,,,
Wan'Dale Robinson,FLEX,5900,9.42,,9,3.1,,,,,,,,,,,,,,,,,,
Chiefs,DST,4300,7.44,,7.3,12,,,,,,,,,,,,,,,,,,
Total,,59900,116.96,,,88.81999999999998,,,,,,,,,,,,,,,,,,
,,,,,,,,,,,,,,,,,,,,,,,,
Optimal Lineup - DraftEdge,POS,Salary,Projection,2025-09-21 19:20,Roster %,Result,,,,,,,,,,,,,,,,,,
Patrick Mahomes,QB,8000,22,Slate: SNF-MNF,21.2,13.16,,,,,,,,,,,,,,,,,,
Jahmyr Gibbs,RB,8400,16.8,,17.4,24.4,,,,,,,,,,,,,,,,,,
Derrick Henry,RB,8600,17.9,,16.2,10.2,,,,,,,,,,,,,,,,,,
Malik Nabers,WR,8200,16.5,,15,2.3,,,,,,,,,,,,,,,,,,
Zay Flowers,WR,6800,13.3,,14.5,2.3,,,,,,,,,,,,,,,,,,
Wan'Dale Robinson,WR,5900,9.6,,9,3.1,,,,,,,,,,,,,,,,,,
Sam LaPorta,TE,5800,9.9,,10.2,5.300000000000001,,,,,,,,,,,,,,,,,,
Cam Skattebo,FLEX,4700,8.6,,8.5,21.1,,,,,,,,,,,,,,,,,,
Giants,DST,3400,5.8,,5,2,,,,,,,,,,,,,,,,,,
Total,,59800,120.39999999999998,,,83.86000000000001,,,,,,,,,,,,,,,,,,
,,,,,,,,,,,,,,,,,,,,,,,,
Optimal Lineup - FootballGuys,POS,Salary,Projection,2025-09-21 19:20,Roster %,Result,,,,,,,,,,,,,,,,,,
Lamar Jackson,QB,8900,24.6222,Slate: SNF-MNF,24.1,27.02,,,,,,,,,,,,,,,,,,
Derrick Henry,RB,8600,15.930000000000001,,16.2,10.2,,,,,,,,,,,,,,,,,,
Cam Skattebo,RB,4700,8.928,,8.5,21.1,,,,,,,,,,,,,,,,,,
Malik Nabers,WR,8200,16.199,,15,2.3,,,,,,,,,,,,,,,,,,
Zay Flowers,WR,6800,13.484000000000002,,14.5,2.3,,,,,,,,,,,,,,,,,,
Hollywood Brown,WR,6400,11.1,,11.1,6.2,,,,,,,,,,,,,,,,,,
Sam LaPorta,TE,5800,9.39,,10.2,5.300000000000001,,,,,,,,,,,,,,,,,,
Wan'Dale Robinson,FLEX,5900,11.125,,9,3.1,,,,,,,,,,,,,,,,,,
Chiefs,DST,4300,9.38,,7.3,12,,,,,,,,,,,,,,,,,,
Total,,59600,120.15819999999998,,,89.51999999999998,,,,,,,,,,,,,,,,,,
,,,,,,,,,,,,,,,,,,,,,,,,
Optimal Lineup - SportsLine,POS,Salary,Projection,2025-09-21 19:20,Roster %,Result,,,,,,,,,,,,,,,,,,
Patrick Mahomes,QB,8000,22.42,Slate: SNF-MNF,21.2,13.16,,,,,,,,,,,,,,,,,,
Jahmyr Gibbs,RB,8400,15.11,,17.4,24.4,,,,,,,,,,,,,,,,,,
Cam Skattebo,RB,4700,8.89,,8.5,21.1,,,,,,,,,,,,,,,,,,
Malik Nabers,WR,8200,15.15,,15,2.3,,,,,,,,,,,,,,,,,,
Amon-Ra St. Brown,WR,8400,14.35,,14.5,17.2,,,,,,,,,,,,,,,,,,
Zay Flowers,WR,6800,12.18,,14.5,2.3,,,,,,,,,,,,,,,,,,
Sam LaPorta,TE,5800,8.6,,10.2,5.300000000000001,,,,,,,,,,,,,,,,,,
Kareem Hunt,FLEX,5400,8.63,,7.3,10.9,,,,,,,,,,,,,,,,,,
Chiefs,DST,4300,9.57,,7.3,12,,,,,,,,,,,,,,,,,,
Total,,60000,114.89999999999998,,,108.66,,,,,,,,,,,,,,,,,,
,,,,,,,,,,,,,,,,,,,,,,,,
Optimal Lineup - Weighted,POS,Salary,Projection,2025-09-22 20:01,Roster %,Result,,,,,,,,,,,,,,,,,,
Lamar Jackson,MVP,19200,36.04,Slate: Single,24.1,27.02,,,,,,,,,,,,,,,,,,
Amon-Ra St. Brown,WR,11400,15.42,,14.5,17.2,,,,,,,,,,,,,,,,,,
Jared Goff,QB,11000,18.42,,17.9,12.68,,,,,,,,,,,,,,,,,,
Zay Flowers,WR,9800,14.53,,14.3,2.3,,,,,,,,,,,,,,,,,,
Rashod Bateman,WR,5000,8.07,,7,14.8,,,,,,,,,,,,,,,,,,
Justice Hill,RB,3400,6.54,,6.5,6,,,,,,,,,,,,,,,,,,
,,,,,0,,,,,,,,,,,,,,,,,,,
,,,,,0,,,,,,,,,,,,,,,,,,,
,,,,,0,,,,,,,,,,,,,,,,,,,
Total,,59800,99.02,,,80,,,,,,,,,,,,,,,,,,
,,,,,,,,,,,,,,,,,,,,,,,,
Optimal Lineup - DFF,POS,Salary,Projection,2025-09-22 20:02,Roster %,Result,,,,,,,,,,,,,,,,,,
Lamar Jackson,MVP,19200,36.15,Slate: Single,24.1,27.02,,,,,,,,,,,,,,,,,,
Amon-Ra St. Brown,WR,11400,14.5,,14.5,17.2,,,,,,,,,,,,,,,,,,
Jared Goff,QB,11000,17.9,,17.9,12.68,,,,,,,,,,,,,,,,,,
Zay Flowers,WR,9800,14.3,,14.3,2.3,,,,,,,,,,,,,,,,,,
Rashod Bateman,WR,5000,7,,7,14.8,,,,,,,,,,,,,,,,,,
Justice Hill,RB,3400,6.5,,6.5,6,,,,,,,,,,,,,,,,,,
,,,,,0,,,,,,,,,,,,,,,,,,,
,,,,,0,,,,,,,,,,,,,,,,,,,
,,,,,0,,,,,,,,,,,,,,,,,,,
Total,,59800,96.35,,,80,,,,,,,,,,,,,,,,,,
,,,,,,,,,,,,,,,,,,,,,,,,
Optimal Lineup - FantasyPros,POS,Salary,Projection,2025-09-22 20:02,Roster %,Result,,,,,,,,,,,,,,,,,,
Lamar Jackson,MVP,19200,34.54,Slate: Single,24.1,27.02,,,,,,,,,,,,,,,,,,
Jahmyr Gibbs,RB,11800,16.12,,15.6,24.4,,,,,,,,,,,,,,,,,,
Jared Goff,QB,11000,16.93,,17.9,12.68,,,,,,,,,,,,,,,,,,
Sam LaPorta,TE,6800,9.93,,9.1,5.300000000000001,,,,,,,,,,,,,,,,,,
Jake Bates,K,5800,8.8,,8.8,4,,,,,,,,,,,,,,,,,,
Rashod Bateman,WR,5000,7.52,,7,14.8,,,,,,,,,,,,,,,,,,
,,,,,0,,,,,,,,,,,,,,,,,,,
,,,,,0,,,,,,,,,,,,,,,,,,,
,,,,,0,,,,,,,,,,,,,,,,,,,
Total,,59600,93.84,,,88.19999999999999,,,,,,,,,,,,,,,,,,
,,,,,,,,,,,,,,,,,,,,,,,,
Optimal Lineup - FootballGuys,POS,Salary,Projection,2025-09-22 20:02,Roster %,Result,,,,,,,,,,,,,,,,,,
Lamar Jackson,MVP,19200,36.93,Slate: Single,24.1,27.02,,,,,,,,,,,,,,,,,,
Jared Goff,QB,11000,17.7,,17.9,12.68,,,,,,,,,,,,,,,,,,
Zay Flowers,WR,9800,13.48,,14.3,2.3,,,,,,,,,,,,,,,,,,
David Montgomery,RB,7600,9.84,,9.7,31.900000000000002,,,,,,,,,,,,,,,,,,
Tyler Loop,K,6400,9.3,,9.3,4,,,,,,,,,,,,,,,,,,
Jake Bates,K,5800,8.8,,8.8,4,,,,,,,,,,,,,,,,,,
,,,,,0,,,,,,,,,,,,,,,,,,,
,,,,,0,,,,,,,,,,,,,,,,,,,
,,,,,0,,,,,,,,,,,,,,,,,,,
Total,,59800,96.05,,,81.9,,,,,,,,,,,,,,,,,,
,,,,,,,,,,,,,,,,,,,,,,,,
Optimal Lineup - AVG,POS,Salary,Projection,2025-09-22 20:02,Roster %,Result,,,,,,,,,,,,,,,,,,
Lamar Jackson,MVP,19200,36.1,Slate: Single,24.1,27.02,,,,,,,,,,,,,,,,,,
Amon-Ra St. Brown,WR,11400,15.18,,14.5,17.2,,,,,,,,,,,,,,,,,,
Jared Goff,QB,11000,18.23,,17.9,12.68,,,,,,,,,,,,,,,,,,
Zay Flowers,WR,9800,14.25,,14.3,2.3,,,,,,,,,,,,,,,,,,
Rashod Bateman,WR,5000,7.86,,7,14.8,,,,,,,,,,,,,,,,,,
Justice Hill,RB,3400,6.45,,6.5,6,,,,,,,,,,,,,,,,,,
,,,,,0,,,,,,,,,,,,,,,,,,,
,,,,,0,,,,,,,,,,,,,,,,,,,
,,,,,0,,,,,,,,,,,,,,,,,,,
Total,,59800,98.07000000000001,,,80,,,,,,,,,,,,,,,,,,
,,,,,,,,,,,,,,,,,,,,,,,,
Optimal Lineup - My Projection,POS,Salary,Projection,2025-09-22 20:02,Roster %,Result,,,,,,,,,,,,,,,,,,
Rashod Bateman,MVP,7500,20.47,Slate: Single,7,14.8,,,,,,,,,,,,,,,,,,
Lamar Jackson,QB,12800,24.85,,24.1,27.02,,,,,,,,,,,,,,,,,,
Jahmyr Gibbs,RB,11800,21.92,,15.6,24.4,,,,,,,,,,,,,,,,,,
Jared Goff,QB,11000,23.33,,17.9,12.68,,,,,,,,,,,,,,,,,,
Zay Flowers,WR,9800,18.57,,14.3,2.3,,,,,,,,,,,,,,,,,,
Sam LaPorta,TE,6800,15.67,,9.1,5.300000000000001,,,,,,,,,,,,,,,,,,
,,,,,0,,,,,,,,,,,,,,,,,,,
,,,,,0,,,,,,,,,,,,,,,,,,,
,,,,,0,,,,,,,,,,,,,,,,,,,
Total,,59700,124.81000000000002,,,86.5,,,,,,,,,,,,,,,,,,
,,,,,,,,,,,,,,,,,,,,,,,,
Optimal Lineup - Weighted,POS,Salary,Projection,2025-09-23 12:12,Roster %,Result,,,,,,,,,,,,,,,,,,
Caleb Williams,QB,5600,19.693754518518517,Slate: Main,13.1,29.12,,,,,,,,,,,,,,,,,,
Christian McCaffrey,RB,8200,20.48163333333333,,19.52,19,,,,,,,,,,,,,,,,,,
Bijan Robinson,RB,7900,20.30803037037037,Tweaked %,18.64,13.600000000000001,,,,,,,,,,,,,,,,,,
CeeDee Lamb,WR,8000,18.060066666666668,,13.1,Not Found,,,,,,,,,,,,,,,,,,
Puka Nacua,WR,7700,17.37559703703704,,16.3,20.300000000000004,,,,,,,,,,,,,,,,,,
Jaxon Smith-Njigba,WR,6500,16.10634962962963,,18.2,18.1,,,,,,,,,,,,,,,,,,
Trey McBride,TE,5700,13.666544444444444,,17.2,12.8,,,,,,,,,,,,,,,,,,
Jonathan Taylor,FLEX,7200,18.845526666666668,,13.52,34.3,,,,,,,,,,,,,,,,,,
Falcons,DST,3200,8.8514,,7.56,0,,,,,,,,,,,,,,,,,,
Total,,60000,153.3889026666667,,,147.22,,,,,,,,,,,,,,,,,,
,,,,,,,,,,,,,,,,,,,,,,,,
Optimal Lineup - Weighted,POS,Salary,Projection,2025-09-23 12:12,Roster %,Result,,,,,,,,,,,,,,,,,,
Caleb Williams,QB,5600,19.693754518518517,Slate: Main,13.1,29.12,,,,,,,,,,,,,,,,,,
Christian McCaffrey,RB,8200,20.48163333333333,Excl. CeeDee Lamb,19.52,19,,,,,,,,,,,,,,,,,,
Bijan Robinson,RB,7900,20.30803037037037,Tweaked %,18.64,13.600000000000001,,,,,,,,,,,,,,,,,,
Puka Nacua,WR,7700,17.37559703703704,,16.3,20.300000000000004,,,,,,,,,,,,,,,,,,
Jaxon Smith-Njigba,WR,6500,16.10634962962963,,18.2,18.1,,,,,,,,,,,,,,,,,,
Justin Jefferson,WR,7500,15.974248148148149,,7.98,10,,,,,,,,,,,,,,,,,,
Trey McBride,TE,5700,13.666544444444444,,17.2,12.8,,,,,,,,,,,,,,,,,,
Jonathan Taylor,FLEX,7200,18.845526666666668,,13.52,34.3,,,,,,,,,,,,,,,,,,
Packers,DST,3700,9.572044444444446,,8.8,8,,,,,,,,,,,,,,,,,,
Total,,60000,152.02372859259262,,,165.22,,,,,,,,,,,,,,,,,,
,,,,,,,,,,,,,,,,,,,,,,,,
Optimal Lineup - Weighted,POS,Salary,Projection,2025-09-25 18:42,Roster %,Result,,,,,,,,,,,,,,,,,,
Kyler Murray,MVP,18900,26.61,Slate: Single,18,27.150000000000002,,,,,,,,,,,,,,,,,,
Sam Darnold,QB,12000,15.83,,16.4,16.08,,,,,,,,,,,,,,,,,,
Trey McBride,TE,10800,13.24,,13.1,8.7,,,,,,,,,,,,,,,,,,
Trey Benson,RB,9200,12.9,,14.1,7.9,,,,,,,,,,,,,,,,,,
Cooper Kupp,WR,7400,8.96,,8.2,4.6,,,,,,,,,,,,,,,,,,
Tip Reiman,TE,1600,1.53,,1.6,Not Found,,,,,,,,,,,,,,,,,,
,,,,,0,,,,,,,,,,,,,,,,,,,
,,,,,0,,,,,,,,,,,,,,,,,,,
,,,,,0,,,,,,,,,,,,,,,,,,,
Total,,59900,79.07,,,64.43,,,,,,,,,,,,,,,,,,
,,,,,,,,,,,,,,,,,,,,,,,,
Optimal Lineup - AVG,POS,Salary,Projection,2025-09-25 18:42,Roster %,Result,,,,,,,,,,,,,,,,,,
Kyler Murray,MVP,18900,26.84,Slate: Single,18,27.150000000000002,,,,,,,,,,,,,,,,,,
Sam Darnold,QB,12000,15.9,,16.4,16.08,,,,,,,,,,,,,,,,,,
Trey McBride,TE,10800,13.34,,13.1,8.7,,,,,,,,,,,,,,,,,,
Trey Benson,RB,9200,12.64,,14.1,7.9,,,,,,,,,,,,,,,,,,
Cooper Kupp,WR,7400,8.98,,8.2,4.6,,,,,,,,,,,,,,,,,,
Tip Reiman,TE,1600,1.56,,1.6,Not Found,,,,,,,,,,,,,,,,,,
,,,,,0,,,,,,,,,,,,,,,,,,,
,,,,,0,,,,,,,,,,,,,,,,,,,
,,,,,0,,,,,,,,,,,,,,,,,,,
Total,,59900,79.26,,,64.43,,,,,,,,,,,,,,,,,,
,,,,,,,,,,,,,,,,,,,,,,,,
Optimal Lineup - My Projection,POS,Salary,Projection,2025-09-25 18:43,Roster %,Result,,,,,,,,,,,,,,,,,,
Trey McBride,MVP,16200,26.57,Slate: Single,13.1,13.049999999999999,,,,,,,,,,,,,,,,,,
Sam Darnold,QB,12000,16.88,,16.4,16.08,,,,,,,,,,,,,,,,,,
Kenneth Walker III,RB,11600,15.78,,11.1,11.5,,,,,,,,,,,,,,,,,,
Cooper Kupp,WR,7400,12.03,,8.2,4.6,,,,,,,,,,,,,,,,,,
Zach Charbonnet,RB,6800,12.72,,8.7,11.4,,,,,,,,,,,,,,,,,,
Cardinals,DST,6000,7.26,,6,3,,,,,,,,,,,,,,,,,,
,,,,,0,,,,,,,,,,,,,,,,,,,
,,,,,0,,,,,,,,,,,,,,,,,,,
,,,,,0,,,,,,,,,,,,,,,,,,,
Total,,60000,91.24000000000001,,,59.629999999999995,,,,,,,,,,,,,,,,,,
,,,,,,,,,,,,,,,,,,,,,,,,
Optimal Lineup - DFF,POS,Salary,Projection,2025-09-25 18:43,Roster %,Result,,,,,,,,,,,,,,,,,,
Trey Benson,MVP,13800,21.15,Slate: Single,14.1,11.850000000000001,,,,,,,,,,,,,,,,,,
Jaxon Smith-Njigba,WR,13000,16,,16,11,,,,,,,,,,,,,,,,,,
Kyler Murray,QB,12600,18,,18,18.1,,,,,,,,,,,,,,,,,,
Sam Darnold,QB,12000,16.4,,16.4,16.08,,,,,,,,,,,,,,,,,,
Zach Charbonnet,RB,6800,8.7,,8.7,11.4,,,,,,,,,,,,,,,,,,
Tip Reiman,TE,1600,1.6,,1.6,Not Found,,,,,,,,,,,,,,,,,,
,,,,,0,,,,,,,,,,,,,,,,,,,
,,,,,0,,,,,,,,,,,,,,,,,,,
,,,,,0,,,,,,,,,,,,,,,,,,,
Total,,59800,81.85,,,68.43,,,,,,,,,,,,,,,,,,
,,,,,,,,,,,,,,,,,,,,,,,,
Optimal Lineup - FantasyPros,POS,Salary,Projection,2025-09-25 18:43,Roster %,Result,,,,,,,,,,,,,,,,,,
Kyler Murray,MVP,18900,25.73,Slate: Single,18,27.150000000000002,,,,,,,,,,,,,,,,,,
Sam Darnold,QB,12000,15.15,,16.4,16.08,,,,,,,,,,,,,,,,,,
Trey Benson,RB,9200,13.09,,14.1,7.9,,,,,,,,,,,,,,,,,,
Cooper Kupp,WR,7400,8.84,,8.2,4.6,,,,,,,,,,,,,,,,,,
Zach Charbonnet,RB,6800,7.36,,8.7,11.4,,,,,,,,,,,,,,,,,,
Tory Horton,WR,5400,6.02,,5.6,1.5,,,,,,,,,,,,,,,,,,
,,,,,0,,,,,,,,,,,,,,,,,,,
,,,,,0,,,,,,,,,,,,,,,,,,,
,,,,,0,,,,,,,,,,,,,,,,,,,
Total,,59700,76.19,,,68.63000000000001,,,,,,,,,,,,,,,,,,
,,,,,,,,,,,,,,,,,,,,,,,,
Optimal Lineup - FantasyLabs,POS,Salary,Projection,2025-09-25 18:43,Roster %,Result,,,,,,,,,,,,,,,,,,
Kyler Murray,MVP,18900,27.99,Slate: Single,18,27.150000000000002,,,,,,,,,,,,,,,,,,
Sam Darnold,QB,12000,15.05,,16.4,16.08,,,,,,,,,,,,,,,,,,
Trey McBride,TE,10800,12.6,,13.1,8.7,,,,,,,,,,,,,,,,,,
Trey Benson,RB,9200,12.89,,14.1,7.9,,,,,,,,,,,,,,,,,,
Zach Charbonnet,RB,6800,7.98,,8.7,11.4,,,,,,,,,,,,,,,,,,
Tip Reiman,TE,1600,2.1,,1.6,Not Found,,,,,,,,,,,,,,,,,,
,,,,,0,,,,,,,,,,,,,,,,,,,
,,,,,0,,,,,,,,,,,,,,,,,,,
,,,,,0,,,,,,,,,,,,,,,,,,,
Total,,59300,78.61,,,71.23,,,,,,,,,,,,,,,,,,
,,,,,,,,,,,,,,,,,,,,,,,,
Optimal Lineup - DraftEdge,POS,Salary,Projection,2025-09-25 18:43,Roster %,Result,,,,,,,,,,,,,,,,,,
Kyler Murray,MVP,18900,28.5,Slate: Single,18,27.150000000000002,,,,,,,,,,,,,,,,,,
Jaxon Smith-Njigba,WR,13000,18,,16,11,,,,,,,,,,,,,,,,,,
Kenneth Walker III,RB,11600,18.9,,11.1,11.5,,,,,,,,,,,,,,,,,,
Marvin Harrison Jr.,WR,9800,13.9,,9.4,15.600000000000001,,,,,,,,,,,,,,,,,,
George Holani,RB,3800,6.4,,1,0,,,,,,,,,,,,,,,,,,
Elijah Arroyo,TE,2600,4.7,,2.5,5.4,,,,,,,,,,,,,,,,,,
,,,,,0,,,,,,,,,,,,,,,,,,,
,,,,,0,,,,,,,,,,,,,,,,,,,
,,,,,0,,,,,,,,,,,,,,,,,,,
Total,,59700,90.40000000000002,,,70.65,,,,,,,,,,,,,,,,,,
,,,,,,,,,,,,,,,,,,,,,,,,
Optimal Lineup - FootballGuys,POS,Salary,Projection,2025-09-25 18:43,Roster %,Result,,,,,,,,,,,,,,,,,,
Trey Benson,MVP,13800,19.41,Slate: Single,14.1,11.850000000000001,,,,,,,,,,,,,,,,,,
Jaxon Smith-Njigba,WR,13000,16.5,,16,11,,,,,,,,,,,,,,,,,,
Kyler Murray,QB,12600,17.32,,18,18.1,,,,,,,,,,,,,,,,,,
Sam Darnold,QB,12000,15.22,,16.4,16.08,,,,,,,,,,,,,,,,,,
Cardinals,DST,6000,7.76,,6,3,,,,,,,,,,,,,,,,,,
Elijah Arroyo,TE,2600,3.09,,2.5,5.4,,,,,,,,,,,,,,,,,,
,,,,,0,,,,,,,,,,,,,,,,,,,
,,,,,0,,,,,,,,,,,,,,,,,,,
,,,,,0,,,,,,,,,,,,,,,,,,,
Total,,60000,79.30000000000001,,,65.43,,,,,,,,,,,,,,,,,,
,,,,,,,,,,,,,,,,,,,,,,,,
Optimal Lineup - SportsLine,POS,Salary,Projection,2025-09-25 18:43,Roster %,Result,,,,,,,,,,,,,,,,,,
Kyler Murray,MVP,18900,27.42,Slate: Single,18,27.150000000000002,,,,,,,,,,,,,,,,,,
Sam Darnold,QB,12000,15.39,,16.4,16.08,,,,,,,,,,,,,,,,,,
Trey Benson,RB,9200,12.15,,14.1,7.9,,,,,,,,,,,,,,,,,,
Cooper Kupp,WR,7400,8.27,,8.2,4.6,,,,,,,,,,,,,,,,,,
Cardinals,DST,6000,7.27,,6,3,,,,,,,,,,,,,,,,,,
Tory Horton,WR,5400,8.47,,5.6,1.5,,,,,,,,,,,,,,,,,,
,,,,,0,,,,,,,,,,,,,,,,,,,
,,,,,0,,,,,,,,,,,,,,,,,,,
,,,,,0,,,,,,,,,,,,,,,,,,,
Total,,58900,78.97,,,60.230000000000004,,,,,,,,,,,,,,,,,,
,,,,,,,,,,,,,,,,,,,,,,,,
Optimal Lineup - Weighted,POS,Salary,Projection,2025-09-28 12:36,Roster %,Result,,,,,,,,,,,,,,,,,,
Josh Allen,QB,9000,23.7449645925926,Slate: Main,8.9,25.86,,,,,,,,,,,,,,,,,,
Christian McCaffrey,RB,9300,20.845829259259258,,25.27,23.1,,,,,,,,,,,,,,,,,,
Omarion Hampton,RB,7000,15.258694814814815,,21.1,28,,,,,,,,,,,,,,,,,,
Jakobi Meyers,WR,6100,13.055487037037036,,17.4,5,,,,,,,,,,,,,,,,,,
Tetairoa McMillan,WR,5800,12.261002592592595,,10.04,8.2,,,,,,,,,,,,,,,,,,
Ricky Pearsall,WR,6300,12.917589999999999,,9.09,6.6000000000000005,,,,,,,,,,,,,,,,,,
Brock Bowers,TE,6700,12.40221111111111,,7.73,7.1000000000000005,,,,,,,,,,,,,,,,,,
Cam Skattebo,FLEX,5400,13.589714074074074,,15.73,10,,,,,,,,,,,,,,,,,,
Texans,DST,4400,9.37968888888889,,11.8,14,,,,,,,,,,,,,,,,,,
Total,,60000,133.45518237037038,,,127.86,,,,,,,,,,,,,,,,,,
,,,,,,,,,,,,,,,,,,,,,,,,
Optimal Lineup - AVG,POS,Salary,Projection,2025-09-28 12:37,Roster %,Result,,,,,,,,,,,,,,,,,,
Josh Allen,QB,9000,24.075051851851853,Slate: Main,8.9,25.86,,,,,,,,,,,,,,,,,,
Christian McCaffrey,RB,9300,20.96218518518519,,25.27,23.1,,,,,,,,,,,,,,,,,,
Omarion Hampton,RB,7000,15.204296296296295,,21.1,28,,,,,,,,,,,,,,,,,,
Jakobi Meyers,WR,6100,12.995740740740741,,17.4,5,,,,,,,,,,,,,,,,,,
Tetairoa McMillan,WR,5800,12.222851851851853,,10.04,8.2,,,,,,,,,,,,,,,,,,
Ricky Pearsall,WR,6300,12.868999999999998,,9.09,6.6000000000000005,,,,,,,,,,,,,,,,,,
Brock Bowers,TE,6700,12.252222222222223,,7.73,7.1000000000000005,,,,,,,,,,,,,,,,,,
Cam Skattebo,FLEX,5400,13.595481481481482,,15.73,10,,,,,,,,,,,,,,,,,,
Texans,DST,4400,9.537777777777777,,11.8,14,,,,,,,,,,,,,,,,,,
Total,,60000,133.7146074074074,,,127.86,,,,,,,,,,,,,,,,,,
,,,,,,,,,,,,,,,,,,,,,,,,
Optimal Lineup - My Projection,POS,Salary,Projection,2025-09-28 12:37,Roster %,Result,,,,,,,,,,,,,,,,,,
Josh Allen,QB,9000,25.21666666666667,Slate: Main,8.9,25.86,,,,,,,,,,,,,,,,,,
Jahmyr Gibbs,RB,8300,19.25,,13.5,16.7,,,,,,,,,,,,,,,,,,
James Cook III,RB,8500,23.599999999999998,,14.4,24,,,,,,,,,,,,,,,,,,
Jakobi Meyers,WR,6100,17.366666666666667,,17.4,5,,,,,,,,,,,,,,,,,,
Keenan Allen,WR,6500,17.95,,10.64,6.2,,,,,,,,,,,,,,,,,,
Quentin Johnston,WR,6200,18.25,,7.98,19.8,,,,,,,,,,,,,,,,,,
Hunter Henry,TE,5500,14.100000000000001,,5.69,10.9,,,,,,,,,,,,,,,,,,
Tre Tucker,FLEX,6000,17.71666666666667,,8.44,3.1999999999999997,,,,,,,,,,,,,,,,,,
Bears,DST,3700,11.120000000000001,,2.93,10,,,,,,,,,,,,,,,,,,
Total,,59800,164.57000000000002,,,121.66000000000001,,,,,,,,,,,,,,,,,,
,,,,,,,,,,,,,,,,,,,,,,,,
Optimal Lineup - DFF,POS,Salary,Projection,2025-09-28 12:37,Roster %,Result,,,,,,,,,,,,,,,,,,
Josh Allen,QB,9000,23.4,Slate: Main,8.9,25.86,,,,,,,,,,,,,,,,,,
Christian McCaffrey,RB,9300,21.2,,25.27,23.1,,,,,,,,,,,,,,,,,,
Bijan Robinson,RB,8900,19.4,,13.48,29.1,,,,,,,,,,,,,,,,,,
Jakobi Meyers,WR,6100,12.2,,17.4,5,,,,,,,,,,,,,,,,,,
Chris Olave,WR,6000,11.6,,11.5,8.5,,,,,,,,,,,,,,,,,,
Tetairoa McMillan,WR,5800,11.5,,10.04,8.2,,,,,,,,,,,,,,,,,,
Zach Ertz,TE,5000,8.2,,6.16,3.1,,,,,,,,,,,,,,,,,,
Cam Skattebo,FLEX,5400,13.4,,15.73,10,,,,,,,,,,,,,,,,,,
Texans,DST,4400,8.7,,11.8,14,,,,,,,,,,,,,,,,,,
Total,,59900,129.6,,,126.86,,,,,,,,,,,,,,,,,,
,,,,,,,,,,,,,,,,,,,,,,,,
Optimal Lineup - FantasyPros,POS,Salary,Projection,2025-09-28 12:37,Roster %,Result,,,,,,,,,,,,,,,,,,
Lamar Jackson,QB,8700,22.942000000000004,Slate: Main,4.1,13.68,,,,,,,,,,,,,,,,,,
Christian McCaffrey,RB,9300,20.53,,25.27,23.1,,,,,,,,,,,,,,,,,,
Jahmyr Gibbs,RB,8300,16.91,,13.5,16.7,,,,,,,,,,,,,,,,,,
Jakobi Meyers,WR,6100,11.41,,17.4,5,,,,,,,,,,,,,,,,,,
Chris Olave,WR,6000,10.82,,11.5,8.5,,,,,,,,,,,,,,,,,,
Ricky Pearsall,WR,6300,12.020000000000001,,9.09,6.6000000000000005,,,,,,,,,,,,,,,,,,
Hunter Henry,TE,5500,9.110000000000001,,5.69,10.9,,,,,,,,,,,,,,,,,,
Cam Skattebo,FLEX,5400,13.500000000000002,,15.73,10,,,,,,,,,,,,,,,,,,
Texans,DST,4400,8.7,,11.8,14,,,,,,,,,,,,,,,,,,
Total,,60000,125.942,,,108.48,,,,,,,,,,,,,,,,,,
,,,,,,,,,,,,,,,,,,,,,,,,
Optimal Lineup - NumberFire,POS,Salary,Projection,2025-09-28 12:37,Roster %,Result,,,,,,,,,,,,,,,,,,
Josh Allen,QB,9000,24.3,Slate: Main,8.9,25.86,,,,,,,,,,,,,,,,,,
Christian McCaffrey,RB,9300,22.7,,25.27,23.1,,,,,,,,,,,,,,,,,,
Omarion Hampton,RB,7000,15.4,,21.1,28,,,,,,,,,,,,,,,,,,
Emeka Egbuka,WR,7000,13.7,,6.84,21.1,,,,,,,,,,,,,,,,,,
Tetairoa McMillan,WR,5800,11,,10.04,8.2,,,,,,,,,,,,,,,,,,
Ricky Pearsall,WR,6300,12.7,,9.09,6.6000000000000005,,,,,,,,,,,,,,,,,,
Tyler Warren,TE,5800,9.7,,15.3,15.8,,,,,,,,,,,,,,,,,,
Cam Skattebo,FLEX,5400,13.3,,15.73,10,,,,,,,,,,,,,,,,,,
Texans,DST,4400,8.7,,11.8,14,,,,,,,,,,,,,,,,,,
Total,,60000,131.5,,,152.66,,,,,,,,,,,,,,,,,,
,,,,,,,,,,,,,,,,,,,,,,,,
Optimal Lineup - RotoWire,POS,Salary,Projection,2025-09-28 12:37,Roster %,Result,,,,,,,,,,,,,,,,,,
Brock Purdy,QB,6600,20.08,Slate: Main,6.1,22.66,,,,,,,,,,,,,,,,,,
Christian McCaffrey,RB,9300,23.51,,25.27,23.1,,,,,,,,,,,,,,,,,,
Bucky Irving,RB,7300,18.95,,14.61,26.000000000000004,,,,,,,,,,,,,,,,,,
Puka Nacua,WR,9400,23.5,,22.6,32.5,,,,,,,,,,,,,,,,,,
Jakobi Meyers,WR,6100,15.05,,17.4,5,,,,,,,,,,,,,,,,,,
Tetairoa McMillan,WR,5800,14.4,,10.04,8.2,,,,,,,,,,,,,,,,,,
Tyler Warren,TE,5800,13.89,,15.3,15.8,,,,,,,,,,,,,,,,,,
Cam Skattebo,FLEX,5400,16.04,,15.73,10,,,,,,,,,,,,,,,,,,
Patriots,DST,4300,7.58,,8.3,11,,,,,,,,,,,,,,,,,,
Total,,60000,153,,,154.26000000000002,,,,,,,,,,,,,,,,,,
,,,,,,,,,,,,,,,,,,,,,,,,
Optimal Lineup - FantasyLabs,POS,Salary,Projection,2025-09-28 12:37,Roster %,Result,,,,,,,,,,,,,,,,,,
Lamar Jackson,QB,8700,22.34,Slate: Main,4.1,13.68,,,,,,,,,,,,,,,,,,
Christian McCaffrey,RB,9300,21.49,,25.27,23.1,,,,,,,,,,,,,,,,,,
Bijan Robinson,RB,8900,19.57,,13.48,29.1,,,,,,,,,,,,,,,,,,
Jakobi Meyers,WR,6100,12.25,,17.4,5,,,,,,,,,,,,,,,,,,
Chris Olave,WR,6000,11.54,,11.5,8.5,,,,,,,,,,,,,,,,,,
Tetairoa McMillan,WR,5800,12.12,,10.04,8.2,,,,,,,,,,,,,,,,,,
Brock Bowers,TE,6700,12.56,,7.73,7.1000000000000005,,,,,,,,,,,,,,,,,,
Cam Skattebo,FLEX,5400,12.97,,15.73,10,,,,,,,,,,,,,,,,,,
Giants,DST,3100,5.62,,6.64,7,,,,,,,,,,,,,,,,,,
Total,,60000,130.46,,,111.67999999999999,,,,,,,,,,,,,,,,,,
,,,,,,,,,,,,,,,,,,,,,,,,
Optimal Lineup - DraftEdge,POS,Salary,Projection,2025-09-28 12:37,Roster %,Result,,,,,,,,,,,,,,,,,,
Brock Purdy,QB,6600,20.2,Slate: Main,6.1,22.66,,,,,,,,,,,,,,,,,,
Christian McCaffrey,RB,9300,22.3,,25.27,23.1,,,,,,,,,,,,,,,,,,
Bucky Irving,RB,7300,17.4,,14.61,26.000000000000004,,,,,,,,,,,,,,,,,,
Puka Nacua,WR,9400,18.4,,22.6,32.5,,,,,,,,,,,,,,,,,,
Jakobi Meyers,WR,6100,14.2,,17.4,5,,,,,,,,,,,,,,,,,,
Tetairoa McMillan,WR,5800,13.6,,10.04,8.2,,,,,,,,,,,,,,,,,,
Brock Bowers,TE,6700,12.2,,7.73,7.1000000000000005,,,,,,,,,,,,,,,,,,
Cam Skattebo,FLEX,5400,13.4,,15.73,10,,,,,,,,,,,,,,,,,,
Falcons,DST,3400,6,,4.9,4,,,,,,,,,,,,,,,,,,
Total,,60000,137.7,,,138.56,,,,,,,,,,,,,,,,,,
,,,,,,,,,,,,,,,,,,,,,,,,
Optimal Lineup - FootballGuys,POS,Salary,Projection,2025-09-28 12:37,Roster %,Result,,,,,,,,,,,,,,,,,,
Josh Allen,QB,9000,23.682800000000004,Slate: Main,8.9,25.86,,,,,,,,,,,,,,,,,,
Christian McCaffrey,RB,9300,20.633000000000003,,25.27,23.1,,,,,,,,,,,,,,,,,,
Bucky Irving,RB,7300,15.320000000000002,,14.61,26.000000000000004,,,,,,,,,,,,,,,,,,
Rome Odunze,WR,7200,14.468,,7.39,14.9,,,,,,,,,,,,,,,,,,
Tetairoa McMillan,WR,5800,12.229000000000001,,10.04,8.2,,,,,,,,,,,,,,,,,,
Ricky Pearsall,WR,6300,13.140999999999998,,9.09,6.6000000000000005,,,,,,,,,,,,,,,,,,
Hunter Henry,TE,5500,9.778,,5.69,10.9,,,,,,,,,,,,,,,,,,
Cam Skattebo,FLEX,5400,14.356000000000002,,15.73,10,,,,,,,,,,,,,,,,,,
Chargers,DST,4000,10.08,,4.83,6,,,,,,,,,,,,,,,,,,
Total,,59800,133.68780000000004,,,131.56,,,,,,,,,,,,,,,,,,
,,,,,,,,,,,,,,,,,,,,,,,,
Optimal Lineup - SportsLine,POS,Salary,Projection,2025-09-28 12:37,Roster %,Result,,,,,,,,,,,,,,,,,,
Josh Allen,QB,9000,26.41,Slate: Main,8.9,25.86,,,,,,,,,,,,,,,,,,
Christian McCaffrey,RB,9300,19.18,,25.27,23.1,,,,,,,,,,,,,,,,,,
Kyren Williams,RB,7800,16.07,,14.6,8.9,,,,,,,,,,,,,,,,,,
Davante Adams,WR,7400,14.34,,15.1,13.600000000000001,,,,,,,,,,,,,,,,,,
Ricky Pearsall,WR,6300,11.76,,9.09,6.6000000000000005,,,,,,,,,,,,,,,,,,
Tyquan Thornton,WR,5400,9.57,,3.13,7.6,,,,,,,,,,,,,,,,,,
Zach Ertz,TE,5000,9.23,,6.16,3.1,,,,,,,,,,,,,,,,,,
Cam Skattebo,FLEX,5400,13.41,,15.73,10,,,,,,,,,,,,,,,,,,
Texans,DST,4400,12.64,,11.8,14,,,,,,,,,,,,,,,,,,
Total,,60000,132.61,,,112.75999999999999,,,,,,,,,,,,,,,,,,
,,,,,,,,,,,,,,,,,,,,,,,,
Optimal Lineup - Weighted,POS,Salary,Projection,2025-09-28 12:38,Roster %,Result,,,,,,,,,,,,,,,,,,
Josh Allen,QB,9000,23.7449645925926,Slate: Main,8.9,25.86,,,,,,,,,,,,,,,,,,
Christian McCaffrey,RB,9300,20.845829259259258,GPP Plays: 1 @ <5%,25.27,23.1,,,,,,,,,,,,,,,,,,
Bucky Irving,RB,7300,15.69665925925926,,14.61,26.000000000000004,,,,,,,,,,,,,,,,,,
Jakobi Meyers,WR,6100,13.055487037037036,,17.4,5,,,,,,,,,,,,,,,,,,
Tetairoa McMillan,WR,5800,12.261002592592595,,10.04,8.2,,,,,,,,,,,,,,,,,,
Ricky Pearsall,WR,6300,12.917589999999999,,9.09,6.6000000000000005,,,,,,,,,,,,,,,,,,
Brock Bowers,TE,6700,12.40221111111111,,7.73,7.1000000000000005,,,,,,,,,,,,,,,,,,
Cam Skattebo,FLEX,5400,13.589714074074074,,15.73,10,,,,,,,,,,,,,,,,,,
Chargers,DST,4000,8.280088888888889,,4.83,6,,,,,,,,,,,,,,,,,,
Total,,59900,132.79354681481482,,,117.86,,,,,,,,,,,,,,,,,,
,,,,,,,,,,,,,,,,,,,,,,,,
Optimal Lineup - Weighted,POS,Salary,Projection,2025-09-28 12:39,Roster %,Result,,,,,,,,,,,,,,,,,,
Lamar Jackson,QB,8700,22.595768074074076,Slate: Main,4.1,13.68,,,,,,,,,,,,,,,,,,
Christian McCaffrey,RB,9300,20.845829259259258,GPP Plays: 2 @ <5%,25.27,23.1,,,,,,,,,,,,,,,,,,
Omarion Hampton,RB,7000,15.258694814814815,,21.1,28,,,,,,,,,,,,,,,,,,
Puka Nacua,WR,9400,18.751671481481484,,22.6,32.5,,,,,,,,,,,,,,,,,,
Jakobi Meyers,WR,6100,13.055487037037036,,17.4,5,,,,,,,,,,,,,,,,,,
Tetairoa McMillan,WR,5800,12.261002592592595,,10.04,8.2,,,,,,,,,,,,,,,,,,
Zach Ertz,TE,5000,8.768491111111109,,6.16,3.1,,,,,,,,,,,,,,,,,,
Cam Skattebo,FLEX,5400,13.589714074074074,,15.73,10,,,,,,,,,,,,,,,,,,
Raiders,DST,3300,6.6544,,4.76,3,,,,,,,,,,,,,,,,,,
Total,,60000,131.78105844444445,,,126.58,,,,,,,,,,,,,,,,,,
,,,,,,,,,,,,,,,,,,,,,,,,
Optimal Lineup - Weighted,POS,Salary,Projection,2025-09-28 12:39,Roster %,Result,,,,,,,,,,,,,,,,,,
Lamar Jackson,QB,8700,22.595768074074076,Slate: Main,4.1,13.68,,,,,,,,,,,,,,,,,,
Christian McCaffrey,RB,9300,20.845829259259258,GPP Plays: 3 @ <5%,25.27,23.1,,,,,,,,,,,,,,,,,,
Jahmyr Gibbs,RB,8300,17.443553333333337,,13.5,16.7,,,,,,,,,,,,,,,,,,
Jakobi Meyers,WR,6100,13.055487037037036,,17.4,5,,,,,,,,,,,,,,,,,,
Tetairoa McMillan,WR,5800,12.261002592592595,,10.04,8.2,,,,,,,,,,,,,,,,,,
Ricky Pearsall,WR,6300,12.917589999999999,,9.09,6.6000000000000005,,,,,,,,,,,,,,,,,,
Travis Kelce,TE,6100,9.538488148148149,,4.26,7.300000000000001,,,,,,,,,,,,,,,,,,
Cam Skattebo,FLEX,5400,13.589714074074074,,15.73,10,,,,,,,,,,,,,,,,,,
Chargers,DST,4000,8.280088888888889,,4.83,6,,,,,,,,,,,,,,,,,,
Total,,60000,130.52752140740742,,,96.58,,,,,,,,,,,,,,,,,,
,,,,,,,,,,,,,,,,,,,,,,,,
Optimal Lineup - Weighted,POS,Salary,Projection,2025-09-28 19:04,Roster %,Result,,,,,,,,,,,,,,,,,,
Bo Nix,QB,7400,18.95714755555556,Slate: SNF-MNF,18.6,29.740000000000002,,,,,,,,,,,,,,,,,,
De'Von Achane,RB,7700,17.52849555555556,,18.1,16.6,,,,,,,,,,,,,,,,,,
Josh Jacobs,RB,8000,16.581745185185188,,16.5,29.700000000000003,,,,,,,,,,,,,,,,,,
Garrett Wilson,WR,7100,12.830037777777779,,12.3,17.200000000000003,,,,,,,,,,,,,,,,,,
Tyreek Hill,WR,7300,12.744762592592593,,11.7,9.7,,,,,,,,,,,,,,,,,,
Jaylen Waddle,WR,5600,10.11429888888889,,8.9,6.300000000000001,,,,,,,,,,,,,,,,,,
Jake Ferguson,TE,6200,10.331091111111112,,10.6,13.5,,,,,,,,,,,,,,,,,,
J.K. Dobbins,FLEX,6600,14.067562592592594,,13.9,14.000000000000002,,,,,,,,,,,,,,,,,,
Dolphins,DST,3400,6.728755555555556,,6.2,8,,,,,,,,,,,,,,,,,,
Total,,59300,119.88389681481482,,,144.74,,,,,,,,,,,,,,,,,,
,,,,,,,,,,,,,,,,,,,,,,,,
Optimal Lineup - AVG,POS,Salary,Projection,2025-09-28 19:04,Roster %,Result,,,,,,,,,,,,,,,,,,
Bo Nix,QB,7400,19.33231111111111,Slate: SNF-MNF,18.6,29.740000000000002,,,,,,,,,,,,,,,,,,
De'Von Achane,RB,7700,17.72511111111111,,18.1,16.6,,,,,,,,,,,,,,,,,,
Josh Jacobs,RB,8000,16.7497037037037,,16.5,29.700000000000003,,,,,,,,,,,,,,,,,,
Garrett Wilson,WR,7100,12.711555555555556,,12.3,17.200000000000003,,,,,,,,,,,,,,,,,,
Tyreek Hill,WR,7300,12.648851851851852,,11.7,9.7,,,,,,,,,,,,,,,,,,
Jaylen Waddle,WR,5600,10.008777777777777,,8.9,6.300000000000001,,,,,,,,,,,,,,,,,,
Tucker Kraft,TE,6100,10.285555555555554,,9.4,8.100000000000001,,,,,,,,,,,,,,,,,,
J.K. Dobbins,FLEX,6600,13.898851851851852,,13.9,14.000000000000002,,,,,,,,,,,,,,,,,,
Dolphins,DST,3400,6.691111111111112,,6.2,8,,,,,,,,,,,,,,,,,,
Total,,59200,120.05182962962961,,,139.34,,,,,,,,,,,,,,,,,,
,,,,,,,,,,,,,,,,,,,,,,,,
Optimal Lineup - My Projection,POS,Salary,Projection,2025-09-28 19:05,Roster %,Result,,,,,,,,,,,,,,,,,,
Jordan Love,QB,7600,19.616666666666664,Slate: SNF-MNF,18,31.28,,,,,,,,,,,,,,,,,,
De'Von Achane,RB,7700,18.549999999999997,,18.1,16.6,,,,,,,,,,,,,,,,,,
Josh Jacobs,RB,8000,16.28333333333333,,16.5,29.700000000000003,,,,,,,,,,,,,,,,,,
Tyreek Hill,WR,7300,15.516666666666666,,11.7,9.7,,,,,,,,,,,,,,,,,,
Jaylen Waddle,WR,5600,13.950000000000001,,8.9,6.300000000000001,,,,,,,,,,,,,,,,,,
Romeo Doubs,WR,6000,14.633333333333333,,8.1,26.8,,,,,,,,,,,,,,,,,,
Jake Ferguson,TE,6200,13.35,,10.6,13.5,,,,,,,,,,,,,,,,,,
J.K. Dobbins,FLEX,6600,18.166666666666668,,13.9,14.000000000000002,,,,,,,,,,,,,,,,,,
Broncos,DST,5000,13.16,,8.1,10,,,,,,,,,,,,,,,,,,
Total,,60000,143.22666666666663,,,157.88,,,,,,,,,,,,,,,,,,
,,,,,,,,,,,,,,,,,,,,,,,,
Optimal Lineup - DFF,POS,Salary,Projection,2025-09-28 19:05,Roster %,Result,,,,,,,,,,,,,,,,,,
Justin Fields,QB,7300,19.2,Slate: SNF-MNF,19.2,27.14,,,,,,,,,,,,,,,,,,
De'Von Achane,RB,7700,18.1,,18.1,16.6,,,,,,,,,,,,,,,,,,
Josh Jacobs,RB,8000,16.5,,16.5,29.700000000000003,,,,,,,,,,,,,,,,,,
Garrett Wilson,WR,7100,12.3,,12.3,17.200000000000003,,,,,,,,,,,,,,,,,,
George Pickens,WR,7200,11.9,,11.9,32.4,,,,,,,,,,,,,,,,,,
Jaylen Waddle,WR,5600,8.9,,8.9,6.300000000000001,,,,,,,,,,,,,,,,,,
Jake Ferguson,TE,6200,10.6,,10.6,13.5,,,,,,,,,,,,,,,,,,
J.K. Dobbins,FLEX,6600,13.9,,13.9,14.000000000000002,,,,,,,,,,,,,,,,,,
Dolphins,DST,3400,6.2,,6.2,8,,,,,,,,,,,,,,,,,,
Total,,59100,117.60000000000001,,,164.84,,,,,,,,,,,,,,,,,,
,,,,,,,,,,,,,,,,,,,,,,,,
Optimal Lineup - FantasyPros,POS,Salary,Projection,2025-09-28 19:05,Roster %,Result,,,,,,,,,,,,,,,,,,
Bo Nix,QB,7400,18.454000000000004,Slate: SNF-MNF,18.6,29.740000000000002,,,,,,,,,,,,,,,,,,
De'Von Achane,RB,7700,16.32,,18.1,16.6,,,,,,,,,,,,,,,,,,
Josh Jacobs,RB,8000,16.660000000000004,,16.5,29.700000000000003,,,,,,,,,,,,,,,,,,
Garrett Wilson,WR,7100,11.99,,12.3,17.200000000000003,,,,,,,,,,,,,,,,,,
Tyreek Hill,WR,7300,12.620000000000001,,11.7,9.7,,,,,,,,,,,,,,,,,,
Jaylen Waddle,WR,5600,9.27,,8.9,6.300000000000001,,,,,,,,,,,,,,,,,,
Tucker Kraft,TE,6100,9.770000000000001,,9.4,8.100000000000001,,,,,,,,,,,,,,,,,,
J.K. Dobbins,FLEX,6600,13.14,,13.9,14.000000000000002,,,,,,,,,,,,,,,,,,
Dolphins,DST,3400,6.2,,6.2,8,,,,,,,,,,,,,,,,,,
Total,,59200,114.424,,,139.34,,,,,,,,,,,,,,,,,,
,,,,,,,,,,,,,,,,,,,,,,,,
Optimal Lineup - FootballGuys,POS,Salary,Projection,2025-09-28 19:05,Roster %,Result,,,,,,,,,,,,,,,,,,
Justin Fields,QB,7300,19.5278,Slate: SNF-MNF,19.2,27.14,,,,,,,,,,,,,,,,,,
De'Von Achane,RB,7700,16.636000000000003,,18.1,16.6,,,,,,,,,,,,,,,,,,
Josh Jacobs,RB,8000,16.094,,16.5,29.700000000000003,,,,,,,,,,,,,,,,,,
Garrett Wilson,WR,7100,14.514000000000001,,12.3,17.200000000000003,,,,,,,,,,,,,,,,,,
Courtland Sutton,WR,7000,12.761,,10.6,16.6,,,,,,,,,,,,,,,,,,
Jaylen Waddle,WR,5600,10.529000000000002,,8.9,6.300000000000001,,,,,,,,,,,,,,,,,,
Tucker Kraft,TE,6100,10.16,,9.4,8.100000000000001,,,,,,,,,,,,,,,,,,
Breece Hall,FLEX,6800,14.034,,13.3,13.6,,,,,,,,,,,,,,,,,,
Jets,DST,4100,8.36,,5.9,0,,,,,,,,,,,,,,,,,,
Total,,59700,122.6158,,,135.24,,,,,,,,,,,,,,,,,,
,,,,,,,,,,,,,,,,,,,,,,,,
Optimal Lineup - FantasyLabs,POS,Salary,Projection,2025-09-28 19:05,Roster %,Result,,,,,,,,,,,,,,,,,,
Justin Fields,QB,7300,18.37,Slate: SNF-MNF,19.2,27.14,,,,,,,,,,,,,,,,,,
De'Von Achane,RB,7700,17.32,,18.1,16.6,,,,,,,,,,,,,,,,,,
Josh Jacobs,RB,8000,16.46,,16.5,29.700000000000003,,,,,,,,,,,,,,,,,,
Garrett Wilson,WR,7100,12.52,,12.3,17.200000000000003,,,,,,,,,,,,,,,,,,
Tyreek Hill,WR,7300,13.2,,11.7,9.7,,,,,,,,,,,,,,,,,,
Jaylen Waddle,WR,5600,10.3,,8.9,6.300000000000001,,,,,,,,,,,,,,,,,,
Jake Ferguson,TE,6200,10.31,,10.6,13.5,,,,,,,,,,,,,,,,,,
J.K. Dobbins,FLEX,6600,13.42,,13.9,14.000000000000002,,,,,,,,,,,,,,,,,,
Dolphins,DST,3400,6.12,,6.2,8,,,,,,,,,,,,,,,,,,
Total,,59200,118.02000000000001,,,142.14000000000001,,,,,,,,,,,,,,,,,,
,,,,,,,,,,,,,,,,,,,,,,,,
Optimal Lineup - DraftEdge,POS,Salary,Projection,2025-09-28 19:05,Roster %,Result,,,,,,,,,,,,,,,,,,
Bo Nix,QB,7400,21.5,Slate: SNF-MNF,18.6,29.740000000000002,,,,,,,,,,,,,,,,,,
De'Von Achane,RB,7700,18.3,,18.1,16.6,,,,,,,,,,,,,,,,,,
Josh Jacobs,RB,8000,18.9,,16.5,29.700000000000003,,,,,,,,,,,,,,,,,,
Garrett Wilson,WR,7100,12.9,,12.3,17.200000000000003,,,,,,,,,,,,,,,,,,
Courtland Sutton,WR,7000,13.1,,10.6,16.6,,,,,,,,,,,,,,,,,,
Jaylen Waddle,WR,5600,9.9,,8.9,6.300000000000001,,,,,,,,,,,,,,,,,,
Jake Ferguson,TE,6200,10.7,,10.6,13.5,,,,,,,,,,,,,,,,,,
Javonte Williams,FLEX,6900,14.8,,12.1,17.5,,,,,,,,,,,,,,,,,,
Dolphins,DST,3400,6.1,,6.2,8,,,,,,,,,,,,,,,,,,
Total,,59300,126.19999999999999,,,155.14,,,,,,,,,,,,,,,,,,
,,,,,,,,,,,,,,,,,,,,,,,,
Optimal Lineup - SportsLine,POS,Salary,Projection,2025-09-28 19:06,Roster %,Result,,,,,,,,,,,,,,,,,,
Bo Nix,QB,7400,21.58,Slate: SNF-MNF,18.6,29.740000000000002,,,,,,,,,,,,,,,,,,
De'Von Achane,RB,7700,18.1,,18.1,16.6,,,,,,,,,,,,,,,,,,
Josh Jacobs,RB,8000,16.85,,16.5,29.700000000000003,,,,,,,,,,,,,,,,,,
George Pickens,WR,7200,12.1,,11.9,32.4,,,,,,,,,,,,,,,,,,
Courtland Sutton,WR,7000,13.32,,10.6,16.6,,,,,,,,,,,,,,,,,,
Malik Heath,WR,4200,5.76,,1.8,1.4,,,,,,,,,,,,,,,,,,
Tucker Kraft,TE,6100,11.42,,9.4,8.100000000000001,,,,,,,,,,,,,,,,,,
Chase Brown,FLEX,7400,13.24,,11.5,8.6,,,,,,,,,,,,,,,,,,
Broncos,DST,5000,11.26,,8.1,10,,,,,,,,,,,,,,,,,,
Total,,60000,123.63,,,153.14,,,,,,,,,,,,,,,,,,
,,,,,,,,,,,,,,,,,,,,,,,,
Optimal Lineup - Weighted,POS,Salary,Projection,2025-09-28 19:19,Roster %,Result,,,,,,,,,,,,,,,,,,
Justin Fields,QB,7300,18.795044962962965,Slate: SNF-MNF,19.2,27.14,,,,,,,,,,,,,,,,,,
De'Von Achane,RB,7700,17.52849555555556,QB/WR Stack,18.1,16.6,,,,,,,,,,,,,,,,,,
Josh Jacobs,RB,8000,16.581745185185188,,16.5,29.700000000000003,,,,,,,,,,,,,,,,,,
Garrett Wilson,WR,7100,12.830037777777779,,12.3,17.200000000000003,,,,,,,,,,,,,,,,,,
Tyreek Hill,WR,7300,12.744762592592593,,11.7,9.7,,,,,,,,,,,,,,,,,,
Jaylen Waddle,WR,5600,10.11429888888889,,8.9,6.300000000000001,,,,,,,,,,,,,,,,,,
Jake Ferguson,TE,6200,10.331091111111112,,10.6,13.5,,,,,,,,,,,,,,,,,,
J.K. Dobbins,FLEX,6600,14.067562592592594,,13.9,14.000000000000002,,,,,,,,,,,,,,,,,,
Dolphins,DST,3400,6.728755555555556,,6.2,8,,,,,,,,,,,,,,,,,,
Total,,59200,119.72179422222223,,,142.14000000000001,,,,,,,,,,,,,,,,,,
,,,,,,,,,,,,,,,,,,,,,,,,
Optimal Lineup - Weighted,POS,Salary,Projection,2025-09-28 19:19,Roster %,Result,,,,,,,,,,,,,,,,,,
Brock Purdy,QB,6600,19.04323740740741,Slate: Main,6.1,22.66,,,,,,,,,,,,,,,,,,
Christian McCaffrey,RB,9300,20.835366296296296,QB/WR Stack,25.27,23.1,,,,,,,,,,,,,,,,,,
Omarion Hampton,RB,7000,15.258694814814815,,21.1,28,,,,,,,,,,,,,,,,,,
Puka Nacua,WR,9400,18.751671481481484,,22.6,32.5,,,,,,,,,,,,,,,,,,
Jakobi Meyers,WR,6100,13.055487037037036,,17.4,5,,,,,,,,,,,,,,,,,,
Ricky Pearsall,WR,6300,12.907127037037036,,9.09,6.6000000000000005,,,,,,,,,,,,,,,,,,
Hunter Henry,TE,5500,9.675853333333334,,5.69,10.9,,,,,,,,,,,,,,,,,,
Cam Skattebo,FLEX,5400,13.589714074074074,,15.73,10,,,,,,,,,,,,,,,,,,
Texans,DST,4400,9.37968888888889,,11.8,14,,,,,,,,,,,,,,,,,,
Total,,60000,132.4968403703704,,,152.76,,,,,,,,,,,,,,,,,,
,,,,,,,,,,,,,,,,,,,,,,,,
Optimal Lineup - Weighted,POS,Salary,Projection,2025-09-28 19:19,Roster %,Result,,,,,,,,,,,,,,,,,,
Geno Smith,QB,7200,18.18147985185185,Slate: Main,4.13,12.78,,,,,,,,,,,,,,,,,,
Christian McCaffrey,RB,9300,21.16193,GPP Plays: 3 @ <5%,25.27,23.1,,,,,,,,,,,,,,,,,,
Bucky Irving,RB,7300,15.807392592592594,QB/WR Stack,14.61,26.000000000000004,,,,,,,,,,,,,,,,,,
Puka Nacua,WR,9400,18.81848777777778,,22.6,32.5,,,,,,,,,,,,,,,,,,
Jakobi Meyers,WR,6100,12.81472037037037,,17.4,5,,,,,,,,,,,,,,,,,,
Tetairoa McMillan,WR,5800,12.192415925925927,,10.04,8.2,,,,,,,,,,,,,,,,,,
Mark Andrews,TE,5300,7.801984074074074,,3.16,6.5,,,,,,,,,,,,,,,,,,
Cam Skattebo,FLEX,5400,13.694874814814815,,15.73,10,,,,,,,,,,,,,,,,,,
Chargers,DST,4000,8.203488888888888,,4.83,6,,,,,,,,,,,,,,,,,,
Total,,59800,128.6767742962963,,,130.08,,,,,,,,,,,,,,,,,,
,,,,,,,,,,,,,,,,,,,,,,,,
Optimal Lineup - Weighted,POS,Salary,Projection,2025-09-29 19:10,Roster %,Result,,,,,,,,,,,,,,,,,,
Bo Nix,QB,7500,19.02878355555556,Slate: Mon Main,18.6,29.740000000000002,,,,,,,,,,,,,,,,,,
De'Von Achane,RB,8000,17.473715555555557,,18.1,16.6,,,,,,,,,,,,,,,,,,
J.K. Dobbins,RB,6700,13.93151888888889,,14.4,14.000000000000002,,,,,,,,,,,,,,,,,,
Tyreek Hill,WR,7500,12.82098925925926,,12.6,9.7,,,,,,,,,,,,,,,,,,
Courtland Sutton,WR,7100,12.538195185185186,,12.3,16.6,,,,,,,,,,,,,,,,,,
Garrett Wilson,WR,7300,12.766317777777779,,12.3,17.200000000000003,,,,,,,,,,,,,,,,,,
Evan Engram,TE,4900,5.24838,,5.3,4.9,,,,,,,,,,,,,,,,,,
Breece Hall,FLEX,7000,13.196891851851852,,13.3,13.6,,,,,,,,,,,,,,,,,,
Dolphins,DST,3800,6.603555555555555,,6.2,8,,,,,,,,,,,,,,,,,,
Total,,59800,113.60834762962965,,,130.34000000000003,,,,,,,,,,,,,,,,,,
,,,,,,,,,,,,,,,,,,,,,,,,
Optimal Lineup - AVG,POS,Salary,Projection,2025-09-29 19:10,Roster %,Result,,,,,,,,,,,,,,,,,,
Bo Nix,QB,7500,19.33231111111111,Slate: Mon Main,18.6,29.740000000000002,,,,,,,,,,,,,,,,,,
De'Von Achane,RB,8000,17.72511111111111,,18.1,16.6,,,,,,,,,,,,,,,,,,
J.K. Dobbins,RB,6700,14.074777777777777,,14.4,14.000000000000002,,,,,,,,,,,,,,,,,,
Tyreek Hill,WR,7500,12.965518518518516,,12.6,9.7,,,,,,,,,,,,,,,,,,
Courtland Sutton,WR,7100,12.83937037037037,,12.3,16.6,,,,,,,,,,,,,,,,,,
Jaylen Waddle,WR,5800,10.431,,10.1,6.300000000000001,,,,,,,,,,,,,,,,,,
Evan Engram,TE,4900,5.361999999999999,,5.3,4.9,,,,,,,,,,,,,,,,,,
Breece Hall,FLEX,7000,13.259703703703703,,13.3,13.6,,,,,,,,,,,,,,,,,,
Broncos,DST,4800,9.208888888888888,,8.1,10,,,,,,,,,,,,,,,,,,
Total,,59300,115.19868148148149,,,121.44000000000001,,,,,,,,,,,,,,,,,,
,,,,,,,,,,,,,,,,,,,,,,,,
Optimal Lineup - My Projection,POS,Salary,Projection,2025-09-29 19:10,Roster %,Result,,,,,,,,,,,,,,,,,,
Bo Nix,QB,7500,19.05,Slate: Mon Main,18.6,29.740000000000002,,,,,,,,,,,,,,,,,,
De'Von Achane,RB,8000,18.549999999999997,,18.1,16.6,,,,,,,,,,,,,,,,,,
J.K. Dobbins,RB,6700,18.25,,14.4,14.000000000000002,,,,,,,,,,,,,,,,,,
Tyreek Hill,WR,7500,15.666666666666664,,12.6,9.7,,,,,,,,,,,,,,,,,,
Courtland Sutton,WR,7100,15.583333333333334,,12.3,16.6,,,,,,,,,,,,,,,,,,
Jaylen Waddle,WR,5800,14.149999999999999,,10.1,6.300000000000001,,,,,,,,,,,,,,,,,,
Evan Engram,TE,4900,5.3,,5.3,4.9,,,,,,,,,,,,,,,,,,
Breece Hall,FLEX,7000,15.383333333333333,,13.3,13.6,,,,,,,,,,,,,,,,,,
Broncos,DST,4800,13.16,,8.1,10,,,,,,,,,,,,,,,,,,
Total,,59300,135.0933333333333,,,121.44000000000001,,,,,,,,,,,,,,,,,,
,,,,,,,,,,,,,,,,,,,,,,,,
Optimal Lineup - DFF,POS,Salary,Projection,2025-09-29 19:10,Roster %,Result,,,,,,,,,,,,,,,,,,
Justin Fields,QB,7600,18.7,Slate: Mon Main,18.7,27.14,,,,,,,,,,,,,,,,,,
De'Von Achane,RB,8000,18.1,,18.1,16.6,,,,,,,,,,,,,,,,,,
J.K. Dobbins,RB,6700,14.4,,14.4,14.000000000000002,,,,,,,,,,,,,,,,,,
Tyreek Hill,WR,7500,12.6,,12.6,9.7,,,,,,,,,,,,,,,,,,
Courtland Sutton,WR,7100,12.3,,12.3,16.6,,,,,,,,,,,,,,,,,,
Garrett Wilson,WR,7300,12.3,,12.3,17.200000000000003,,,,,,,,,,,,,,,,,,
Evan Engram,TE,4900,5.3,,5.3,4.9,,,,,,,,,,,,,,,,,,
Breece Hall,FLEX,7000,13.3,,13.3,13.6,,,,,,,,,,,,,,,,,,
Dolphins,DST,3800,6.2,,6.2,8,,,,,,,,,,,,,,,,,,
Total,,59900,113.19999999999999,,,127.74,,,,,,,,,,,,,,,,,,
,,,,,,,,,,,,,,,,,,,,,,,,
Optimal Lineup - FantasyPros,POS,Salary,Projection,2025-09-29 19:11,Roster %,Result,,,,,,,,,,,,,,,,,,
Bo Nix,QB,7500,18.454000000000004,Slate: Mon Main,18.6,29.740000000000002,,,,,,,,,,,,,,,,,,
De'Von Achane,RB,8000,16.32,,18.1,16.6,,,,,,,,,,,,,,,,,,
J.K. Dobbins,RB,6700,13.14,,14.4,14.000000000000002,,,,,,,,,,,,,,,,,,
Tyreek Hill,WR,7500,12.620000000000001,,12.6,9.7,,,,,,,,,,,,,,,,,,
Courtland Sutton,WR,7100,11.57,,12.3,16.6,,,,,,,,,,,,,,,,,,
Garrett Wilson,WR,7300,11.99,,12.3,17.200000000000003,,,,,,,,,,,,,,,,,,
Evan Engram,TE,4900,5.67,,5.3,4.9,,,,,,,,,,,,,,,,,,
Breece Hall,FLEX,7000,12.540000000000001,,13.3,13.6,,,,,,,,,,,,,,,,,,
Dolphins,DST,3800,6.2,,6.2,8,,,,,,,,,,,,,,,,,,
Total,,59800,108.50400000000002,,,130.34000000000003,,,,,,,,,,,,,,,,,,
,,,,,,,,,,,,,,,,,,,,,,,,
Optimal Lineup - FootballGuys,POS,Salary,Projection,2025-09-29 19:11,Roster %,Result,,,,,,,,,,,,,,,,,,
Justin Fields,QB,7600,19.5278,Slate: Mon Main,18.7,27.14,,,,,,,,,,,,,,,,,,
De'Von Achane,RB,8000,16.636000000000003,,18.1,16.6,,,,,,,,,,,,,,,,,,
J.K. Dobbins,RB,6700,13.383,,14.4,14.000000000000002,,,,,,,,,,,,,,,,,,
Courtland Sutton,WR,7100,12.761,,12.3,16.6,,,,,,,,,,,,,,,,,,
Garrett Wilson,WR,7300,14.514000000000001,,12.3,17.200000000000003,,,,,,,,,,,,,,,,,,
Jaylen Waddle,WR,5800,10.529000000000002,,10.1,6.300000000000001,,,,,,,,,,,,,,,,,,
Mike Gesicki,TE,4700,5.708,,4.9,1.3,,,,,,,,,,,,,,,,,,
Breece Hall,FLEX,7000,14.034,,13.3,13.6,,,,,,,,,,,,,,,,,,
Broncos,DST,4800,10.48,,8.1,10,,,,,,,,,,,,,,,,,,
Total,,59000,117.5728,,,122.74,,,,,,,,,,,,,,,,,,
,,,,,,,,,,,,,,,,,,,,,,,,
Optimal Lineup - FantasyLabs,POS,Salary,Projection,2025-09-29 19:11,Roster %,Result,,,,,,,,,,,,,,,,,,
Justin Fields,QB,7600,18.37,Slate: Mon Main,18.7,27.14,,,,,,,,,,,,,,,,,,
De'Von Achane,RB,8000,17.32,,18.1,16.6,,,,,,,,,,,,,,,,,,
J.K. Dobbins,RB,6700,13.42,,14.4,14.000000000000002,,,,,,,,,,,,,,,,,,
Tyreek Hill,WR,7500,13.2,,12.6,9.7,,,,,,,,,,,,,,,,,,
Courtland Sutton,WR,7100,12.32,,12.3,16.6,,,,,,,,,,,,,,,,,,
Garrett Wilson,WR,7300,12.52,,12.3,17.200000000000003,,,,,,,,,,,,,,,,,,
Evan Engram,TE,4900,5.12,,5.3,4.9,,,,,,,,,,,,,,,,,,
Breece Hall,FLEX,7000,12.11,,13.3,13.6,,,,,,,,,,,,,,,,,,
Dolphins,DST,3800,6.12,,6.2,8,,,,,,,,,,,,,,,,,,
Total,,59900,110.5,,,127.74,,,,,,,,,,,,,,,,,,
,,,,,,,,,,,,,,,,,,,,,,,,
Optimal Lineup - DraftEdge,POS,Salary,Projection,2025-09-29 19:11,Roster %,Result,,,,,,,,,,,,,,,,,,
Bo Nix,QB,7500,21.5,Slate: Mon Main,18.6,29.740000000000002,,,,,,,,,,,,,,,,,,
De'Von Achane,RB,8000,18.3,,18.1,16.6,,,,,,,,,,,,,,,,,,
J.K. Dobbins,RB,6700,13.9,,14.4,14.000000000000002,,,,,,,,,,,,,,,,,,
Tyreek Hill,WR,7500,12.2,,12.6,9.7,,,,,,,,,,,,,,,,,,
Courtland Sutton,WR,7100,13.1,,12.3,16.6,,,,,,,,,,,,,,,,,,
Garrett Wilson,WR,7300,12.9,,12.3,17.200000000000003,,,,,,,,,,,,,,,,,,
Mason Taylor,TE,4500,4.7,,4.3,9,,,,,,,,,,,,,,,,,,
Chase Brown,FLEX,7500,14.6,,13.1,8.6,,,,,,,,,,,,,,,,,,
Dolphins,DST,3800,6.1,,6.2,8,,,,,,,,,,,,,,,,,,
Total,,59900,117.29999999999998,,,129.44,,,,,,,,,,,,,,,,,,
,,,,,,,,,,,,,,,,,,,,,,,,
Optimal Lineup - SportsLine,POS,Salary,Projection,2025-09-29 19:11,Roster %,Result,,,,,,,,,,,,,,,,,,
Bo Nix,QB,7500,21.58,Slate: Mon Main,18.6,29.740000000000002,,,,,,,,,,,,,,,,,,
De'Von Achane,RB,8000,18.1,,18.1,16.6,,,,,,,,,,,,,,,,,,
J.K. Dobbins,RB,6700,11.38,,14.4,14.000000000000002,,,,,,,,,,,,,,,,,,
Tyreek Hill,WR,7500,12.65,,12.6,9.7,,,,,,,,,,,,,,,,,,
Courtland Sutton,WR,7100,13.32,,12.3,16.6,,,,,,,,,,,,,,,,,,
Jaylen Waddle,WR,5800,9.43,,10.1,6.300000000000001,,,,,,,,,,,,,,,,,,
Evan Engram,TE,4900,7.51,,5.3,4.9,,,,,,,,,,,,,,,,,,
Chase Brown,FLEX,7500,13.24,,13.1,8.6,,,,,,,,,,,,,,,,,,
Broncos,DST,4800,11.26,,8.1,10,,,,,,,,,,,,,,,,,,
Total,,59800,118.47000000000001,,,116.44000000000001,,,,,,,,,,,,,,,,,,
,,,,,,,,,,,,,,,,,,,,,,,,
Optimal Lineup - Weighted,POS,Salary,Projection,2025-10-02 13:23,Roster %,Result,,,,,,,,,,,,,,,,,,
Mac Jones,MVP,1500,21.5,Slate: Single,1.44,37.769999999999996,,,,,,,,,,,,,,,,,,
Christian McCaffrey,RB,13200,19.78,,17.2,23.900000000000002,,,,,,,,,,,,,,,,,,
Puka Nacua,WR,12800,18.87,,14.6,19.5,,,,,,,,,,,,,,,,,,
Matthew Stafford,QB,11800,16.8,,0.13,28.560000000000002,,,,,,,,,,,,,,,,,,
Kyren Williams,RB,10800,14.52,,5.35,27.1,,,,,,,,,,,,,,,,,,
Davante Adams,WR,9800,12.72,,7.79,11.3,,,,,,,,,,,,,,,,,,
,,,,,0,,,,,,,,,,,,,,,,,,,
,,,,,0,,,,,,,,,,,,,,,,,,,
,,,,,0,,,,,,,,,,,,,,,,,,,
Total,,59900,104.19,,,148.13000000000002,,,,,,,,,,,,,,,,,,
,,,,,,,,,,,,,,,,,,,,,,,,
Optimal Lineup - AVG,POS,Salary,Projection,2025-10-02 13:23,Roster %,Result,,,,,,,,,,,,,,,,,,
Mac Jones,MVP,1500,21.55,Slate: Single,1.44,37.769999999999996,,,,,,,,,,,,,,,,,,
Christian McCaffrey,RB,13200,19.26,,17.2,23.900000000000002,,,,,,,,,,,,,,,,,,
Puka Nacua,WR,12800,18.79,,14.6,19.5,,,,,,,,,,,,,,,,,,
Matthew Stafford,QB,11800,16.84,,0.13,28.560000000000002,,,,,,,,,,,,,,,,,,
Kyren Williams,RB,10800,14.53,,5.35,27.1,,,,,,,,,,,,,,,,,,
Davante Adams,WR,9800,12.91,,7.79,11.3,,,,,,,,,,,,,,,,,,
,,,,,0,,,,,,,,,,,,,,,,,,,
,,,,,0,,,,,,,,,,,,,,,,,,,
,,,,,0,,,,,,,,,,,,,,,,,,,
Total,,59900,103.88,,,148.13000000000002,,,,,,,,,,,,,,,,,,
,,,,,,,,,,,,,,,,,,,,,,,,
Optimal Lineup - My Projection,POS,Salary,Projection,2025-10-02 13:23,Roster %,Result,,,,,,,,,,,,,,,,,,
Mac Jones,MVP,1500,23.02,Slate: Single,1.44,37.769999999999996,,,,,,,,,,,,,,,,,,
Christian McCaffrey,RB,13200,16.05,,17.2,23.900000000000002,,,,,,,,,,,,,,,,,,
Puka Nacua,WR,12800,19.47,,14.6,19.5,,,,,,,,,,,,,,,,,,
Matthew Stafford,QB,11800,17.38,,0.13,28.560000000000002,,,,,,,,,,,,,,,,,,
Kyren Williams,RB,10800,15.37,,5.35,27.1,,,,,,,,,,,,,,,,,,
Davante Adams,WR,9800,14.95,,7.79,11.3,,,,,,,,,,,,,,,,,,
,,,,,0,,,,,,,,,,,,,,,,,,,
,,,,,0,,,,,,,,,,,,,,,,,,,
,,,,,0,,,,,,,,,,,,,,,,,,,
Total,,59900,106.24000000000001,,,148.13000000000002,,,,,,,,,,,,,,,,,,
,,,,,,,,,,,,,,,,,,,,,,,,
Optimal Lineup - DFF,POS,Salary,Projection,2025-10-02 13:23,Roster %,Result,,,,,,,,,,,,,,,,,,
Mac Jones,MVP,1500,21.9,Slate: Single,1.44,37.769999999999996,,,,,,,,,,,,,,,,,,
Christian McCaffrey,RB,13200,21.7,,17.2,23.900000000000002,,,,,,,,,,,,,,,,,,
Puka Nacua,WR,12800,19.3,,14.6,19.5,,,,,,,,,,,,,,,,,,
Matthew Stafford,QB,11800,17.4,,0.13,28.560000000000002,,,,,,,,,,,,,,,,,,
Kyren Williams,RB,10800,15.4,,5.35,27.1,,,,,,,,,,,,,,,,,,
Davante Adams,WR,9800,11.9,,7.79,11.3,,,,,,,,,,,,,,,,,,
,,,,,0,,,,,,,,,,,,,,,,,,,
,,,,,0,,,,,,,,,,,,,,,,,,,
,,,,,0,,,,,,,,,,,,,,,,,,,
Total,,59900,107.6,,,148.13000000000002,,,,,,,,,,,,,,,,,,
,,,,,,,,,,,,,,,,,,,,,,,,
Optimal Lineup - FantasyPros,POS,Salary,Projection,2025-10-02 13:23,Roster %,Result,,,,,,,,,,,,,,,,,,
Mac Jones,MVP,1500,20.93,Slate: Single,1.44,37.769999999999996,,,,,,,,,,,,,,,,,,
Christian McCaffrey,RB,13200,18.7,,17.2,23.900000000000002,,,,,,,,,,,,,,,,,,
Puka Nacua,WR,12800,17.92,,14.6,19.5,,,,,,,,,,,,,,,,,,
Matthew Stafford,QB,11800,15.55,,0.13,28.560000000000002,,,,,,,,,,,,,,,,,,
Kyren Williams,RB,10800,13.44,,5.35,27.1,,,,,,,,,,,,,,,,,,
Davante Adams,WR,9800,12.45,,7.79,11.3,,,,,,,,,,,,,,,,,,
,,,,,0,,,,,,,,,,,,,,,,,,,
,,,,,0,,,,,,,,,,,,,,,,,,,
,,,,,0,,,,,,,,,,,,,,,,,,,
Total,,59900,98.99,,,148.13000000000002,,,,,,,,,,,,,,,,,,
,,,,,,,,,,,,,,,,,,,,,,,,
Optimal Lineup - FootballGuys,POS,Salary,Projection,2025-10-02 13:24,Roster %,Result,,,,,,,,,,,,,,,,,,
Mac Jones,MVP,1500,21.85,Slate: Single,1.44,37.769999999999996,,,,,,,,,,,,,,,,,,
Christian McCaffrey,RB,13200,19.95,,17.2,23.900000000000002,,,,,,,,,,,,,,,,,,
Puka Nacua,WR,12800,19.29,,14.6,19.5,,,,,,,,,,,,,,,,,,
Matthew Stafford,QB,11800,17.36,,0.13,28.560000000000002,,,,,,,,,,,,,,,,,,
Kyren Williams,RB,10800,15.17,,5.35,27.1,,,,,,,,,,,,,,,,,,
Davante Adams,WR,9800,13.5,,7.79,11.3,,,,,,,,,,,,,,,,,,
,,,,,0,,,,,,,,,,,,,,,,,,,
,,,,,0,,,,,,,,,,,,,,,,,,,
,,,,,0,,,,,,,,,,,,,,,,,,,
Total,,59900,107.11999999999999,,,148.13000000000002,,,,,,,,,,,,,,,,,,
,,,,,,,,,,,,,,,,,,,,,,,,
Optimal Lineup - FantasyLabs,POS,Salary,Projection,2025-10-02 13:24,Roster %,Result,,,,,,,,,,,,,,,,,,
Mac Jones,MVP,1500,21.27,Slate: Single,1.44,37.769999999999996,,,,,,,,,,,,,,,,,,
Christian McCaffrey,RB,13200,20.64,,17.2,23.900000000000002,,,,,,,,,,,,,,,,,,
Puka Nacua,WR,12800,19.22,,14.6,19.5,,,,,,,,,,,,,,,,,,
Matthew Stafford,QB,11800,16.93,,0.13,28.560000000000002,,,,,,,,,,,,,,,,,,
Kyren Williams,RB,10800,15.34,,5.35,27.1,,,,,,,,,,,,,,,,,,
Davante Adams,WR,9800,11.86,,7.79,11.3,,,,,,,,,,,,,,,,,,
,,,,,0,,,,,,,,,,,,,,,,,,,
,,,,,0,,,,,,,,,,,,,,,,,,,
,,,,,0,,,,,,,,,,,,,,,,,,,
Total,,59900,105.26,,,148.13000000000002,,,,,,,,,,,,,,,,,,
,,,,,,,,,,,,,,,,,,,,,,,,
Optimal Lineup - RotoWire,POS,Salary,Projection,2025-10-02 13:24,Roster %,Result,,,,,,,,,,,,,,,,,,
Mac Jones,MVP,1500,21.21,Slate: Single,1.44,37.769999999999996,,,,,,,,,,,,,,,,,,
Christian McCaffrey,RB,13200,20.48,,17.2,23.900000000000002,,,,,,,,,,,,,,,,,,
Puka Nacua,WR,12800,16.94,,14.6,19.5,,,,,,,,,,,,,,,,,,
Matthew Stafford,QB,11800,15.34,,0.13,28.560000000000002,,,,,,,,,,,,,,,,,,
Kyren Williams,RB,10800,13.02,,5.35,27.1,,,,,,,,,,,,,,,,,,
Davante Adams,WR,9800,11.85,,7.79,11.3,,,,,,,,,,,,,,,,,,
,,,,,0,,,,,,,,,,,,,,,,,,,
,,,,,0,,,,,,,,,,,,,,,,,,,
,,,,,0,,,,,,,,,,,,,,,,,,,
Total,,59900,98.83999999999999,,,148.13000000000002,,,,,,,,,,,,,,,,,,
,,,,,,,,,,,,,,,,,,,,,,,,
Optimal Lineup - NumberFire,POS,Salary,Projection,2025-10-02 13:24,Roster %,Result,,,,,,,,,,,,,,,,,,
Mac Jones,MVP,1500,19.5,Slate: Single,1.44,37.769999999999996,,,,,,,,,,,,,,,,,,
Christian McCaffrey,RB,13200,18.3,,17.2,23.900000000000002,,,,,,,,,,,,,,,,,,
Puka Nacua,WR,12800,17.3,,14.6,19.5,,,,,,,,,,,,,,,,,,
Matthew Stafford,QB,11800,16.2,,0.13,28.560000000000002,,,,,,,,,,,,,,,,,,
Kyren Williams,RB,10800,13.6,,5.35,27.1,,,,,,,,,,,,,,,,,,
Davante Adams,WR,9800,12,,7.79,11.3,,,,,,,,,,,,,,,,,,
,,,,,0,,,,,,,,,,,,,,,,,,,
,,,,,0,,,,,,,,,,,,,,,,,,,
,,,,,0,,,,,,,,,,,,,,,,,,,
Total,,59900,96.89999999999999,,,148.13000000000002,,,,,,,,,,,,,,,,,,
,,,,,,,,,,,,,,,,,,,,,,,,
Optimal Lineup - DraftEdge,POS,Salary,Projection,2025-10-02 13:24,Roster %,Result,,,,,,,,,,,,,,,,,,
Mac Jones,MVP,1500,21.9,Slate: Single,1.44,37.769999999999996,,,,,,,,,,,,,,,,,,
Christian McCaffrey,RB,13200,19.8,,17.2,23.900000000000002,,,,,,,,,,,,,,,,,,
Puka Nacua,WR,12800,22.1,,14.6,19.5,,,,,,,,,,,,,,,,,,
Matthew Stafford,QB,11800,18.9,,0.13,28.560000000000002,,,,,,,,,,,,,,,,,,
Kyren Williams,RB,10800,14.4,,5.35,27.1,,,,,,,,,,,,,,,,,,
Davante Adams,WR,9800,14.6,,7.79,11.3,,,,,,,,,,,,,,,,,,
,,,,,0,,,,,,,,,,,,,,,,,,,
,,,,,0,,,,,,,,,,,,,,,,,,,
,,,,,0,,,,,,,,,,,,,,,,,,,
Total,,59900,111.7,,,148.13000000000002,,,,,,,,,,,,,,,,,,
,,,,,,,,,,,,,,,,,,,,,,,,
Optimal Lineup - SportsLine,POS,Salary,Projection,2025-10-02 13:24,Roster %,Result,,,,,,,,,,,,,,,,,,
Mac Jones,MVP,1500,22.36,Slate: Single,1.44,37.769999999999996,,,,,,,,,,,,,,,,,,
Christian McCaffrey,RB,13200,17.73,,17.2,23.900000000000002,,,,,,,,,,,,,,,,,,
Puka Nacua,WR,12800,17.56,,14.6,19.5,,,,,,,,,,,,,,,,,,
Matthew Stafford,QB,11800,16.48,,0.13,28.560000000000002,,,,,,,,,,,,,,,,,,
Kyren Williams,RB,10800,15.01,,5.35,27.1,,,,,,,,,,,,,,,,,,
Davante Adams,WR,9800,13.08,,7.79,11.3,,,,,,,,,,,,,,,,,,
,,,,,0,,,,,,,,,,,,,,,,,,,
,,,,,0,,,,,,,,,,,,,,,,,,,
,,,,,0,,,,,,,,,,,,,,,,,,,
Total,,59900,102.22000000000001,,,148.13000000000002,,,,,,,,,,,,,,,,,,
,,,,,,,,,,,,,,,,,,,,,,,,
Optimal Lineup - Weighted,POS,Salary,Projection,2025-10-05 11:43,Roster %,Result,,,,,,,,,,,,,,,,,,
Justin Fields,QB,7700,20.49462866666667,Slate: Main,13.39,21.92,,,,,,,,,,,,,,,,,,
De'Von Achane,RB,8100,18.38840740740741,,22.24,13.6,,,,,,,,,,,,,,,,,,
Omarion Hampton,RB,7500,16.889357407407406,,14.02,10,,,,,,,,,,,,,,,,,,
George Pickens,WR,7100,14.50618962962963,,9.48,12.7,,,,,,,,,,,,,,,,,,
Jakobi Meyers,WR,6000,13.401787037037037,,6.53,5.2,,,,,,,,,,,,,,,,,,
Jaylen Waddle,WR,5800,11.98037962962963,,10.64,23,,,,,,,,,,,,,,,,,,
Trey McBride,TE,7000,11.998996666666667,,7.82,6.6000000000000005,,,,,,,,,,,,,,,,,,
Cam Skattebo,FLEX,6200,14.89195740740741,,17.72,11.4,,,,,,,,,,,,,,,,,,
Cardinals,DST,4400,8.714755555555556,,5.86,12,,,,,,,,,,,,,,,,,,
Total,,59800,131.2664594074074,,,116.42,,,,,,,,,,,,,,,,,,
,,,,,,,,,,,,,,,,,,,,,,,,
Optimal Lineup - AVG,POS,Salary,Projection,2025-10-05 11:43,Roster %,Result,,,,,,,,,,,,,,,,,,
Justin Herbert,QB,8000,20.665814814814816,Slate: Main,5.66,15.64,,,,,,,,,,,,,,,,,,
De'Von Achane,RB,8100,18.524814814814814,,22.24,13.6,,,,,,,,,,,,,,,,,,
Omarion Hampton,RB,7500,16.939814814814817,,14.02,10,,,,,,,,,,,,,,,,,,
George Pickens,WR,7100,14.74325925925926,,9.48,12.7,,,,,,,,,,,,,,,,,,
Jakobi Meyers,WR,6000,13.549074074074074,,6.53,5.2,,,,,,,,,,,,,,,,,,
Jaylen Waddle,WR,5800,11.95425925925926,,10.64,23,,,,,,,,,,,,,,,,,,
Tyler Warren,TE,6100,11.311,,7.51,12.4,,,,,,,,,,,,,,,,,,
Breece Hall,FLEX,7000,15.571296296296298,,8.67,18.5,,,,,,,,,,,,,,,,,,
Cardinals,DST,4400,8.991111111111111,,5.86,12,,,,,,,,,,,,,,,,,,
Total,,60000,132.25044444444444,,,123.04,,,,,,,,,,,,,,,,,,
,,,,,,,,,,,,,,,,,,,,,,,,
Optimal Lineup - My Projection,POS,Salary,Projection,2025-10-05 11:43,Roster %,Result,,,,,,,,,,,,,,,,,,
Jared Goff,QB,7800,22.25,Slate: Main,2.78,22.12,,,,,,,,,,,,,,,,,,
Jahmyr Gibbs,RB,9000,23.683333333333334,,13.7,15.700000000000001,,,,,,,,,,,,,,,,,,
Woody Marks,RB,5400,15.283333333333333,,3.98,2.4000000000000004,,,,,,,,,,,,,,,,,,
Amon-Ra St. Brown,WR,9300,21.600000000000005,,10.93,17,,,,,,,,,,,,,,,,,,
Michael Pittman Jr.,WR,5900,17.433333333333334,,8.48,12.4,,,,,,,,,,,,,,,,,,
Tre Tucker,WR,5700,16.23333333333333,,2.76,9.1,,,,,,,,,,,,,,,,,,
Jake Ferguson,TE,6000,15.433333333333332,,5.71,20.4,,,,,,,,,,,,,,,,,,
David Montgomery,FLEX,6300,18.266666666666666,,4.05,17.72,,,,,,,,,,,,,,,,,,
Cardinals,DST,4400,11.52,,5.86,12,,,,,,,,,,,,,,,,,,
Total,,59800,161.70333333333335,,,128.84,,,,,,,,,,,,,,,,,,
,,,,,,,,,,,,,,,,,,,,,,,,
Optimal Lineup - DFF,POS,Salary,Projection,2025-10-05 11:43,Roster %,Result,,,,,,,,,,,,,,,,,,
Justin Fields,QB,7700,20.8,Slate: Main,13.39,21.92,,,,,,,,,,,,,,,,,,
Jonathan Taylor,RB,9500,20,,11.15,28.1,,,,,,,,,,,,,,,,,,
De'Von Achane,RB,8100,18.7,,22.24,13.6,,,,,,,,,,,,,,,,,,
Jakobi Meyers,WR,6000,13.3,,6.53,5.2,,,,,,,,,,,,,,,,,,
Tetairoa McMillan,WR,6200,12.1,,10.44,10.3,,,,,,,,,,,,,,,,,,
Jaylen Waddle,WR,5800,12,,10.64,23,,,,,,,,,,,,,,,,,,
Tyler Warren,TE,6100,11.3,,7.51,12.4,,,,,,,,,,,,,,,,,,
Breece Hall,FLEX,7000,16.2,,8.67,18.5,,,,,,,,,,,,,,,,,,
Texans,DST,3600,6.7,,8.08,11,,,,,,,,,,,,,,,,,,
Total,,60000,131.1,,,144.02,,,,,,,,,,,,,,,,,,
,,,,,,,,,,,,,,,,,,,,,,,,
Optimal Lineup - FantasyPros,POS,Salary,Projection,2025-10-05 11:43,Roster %,Result,,,,,,,,,,,,,,,,,,
Justin Fields,QB,7700,20.152,Slate: Main,13.39,21.92,,,,,,,,,,,,,,,,,,
De'Von Achane,RB,8100,17.91,,22.24,13.6,,,,,,,,,,,,,,,,,,
Omarion Hampton,RB,7500,16.650000000000002,,14.02,10,,,,,,,,,,,,,,,,,,
George Pickens,WR,7100,14.250000000000002,,9.48,12.7,,,,,,,,,,,,,,,,,,
Jakobi Meyers,WR,6000,12.010000000000002,,6.53,5.2,,,,,,,,,,,,,,,,,,
Jaylen Waddle,WR,5800,11.66,,10.64,23,,,,,,,,,,,,,,,,,,
Trey McBride,TE,7000,12.24,,7.82,6.6000000000000005,,,,,,,,,,,,,,,,,,
Cam Skattebo,FLEX,6200,14.790000000000001,,17.72,11.4,,,,,,,,,,,,,,,,,,
Cardinals,DST,4400,7.9,,5.86,12,,,,,,,,,,,,,,,,,,
Total,,59800,127.56200000000001,,,116.42,,,,,,,,,,,,,,,,,,
,,,,,,,,,,,,,,,,,,,,,,,,
Optimal Lineup - FootballGuys,POS,Salary,Projection,2025-10-05 11:43,Roster %,Result,,,,,,,,,,,,,,,,,,
Justin Fields,QB,7700,22.3322,Slate: Main,13.39,21.92,,,,,,,,,,,,,,,,,,
De'Von Achane,RB,8100,17.04,,22.24,13.6,,,,,,,,,,,,,,,,,,
Omarion Hampton,RB,7500,16.595000000000002,,14.02,10,,,,,,,,,,,,,,,,,,
George Pickens,WR,7100,14.846000000000002,,9.48,12.7,,,,,,,,,,,,,,,,,,
Jakobi Meyers,WR,6000,14.205,,6.53,5.2,,,,,,,,,,,,,,,,,,
Garrett Wilson,WR,7800,16.19,,9.55,16.1,,,,,,,,,,,,,,,,,,
Jake Ferguson,TE,6000,10.845,,5.71,20.4,,,,,,,,,,,,,,,,,,
Cam Skattebo,FLEX,6200,15.645000000000003,,17.72,11.4,,,,,,,,,,,,,,,,,,
Texans,DST,3600,9.18,,8.08,11,,,,,,,,,,,,,,,,,,
Total,,60000,136.87820000000002,,,122.32000000000002,,,,,,,,,,,,,,,,,,
,,,,,,,,,,,,,,,,,,,,,,,,
Optimal Lineup - FantasyLabs,POS,Salary,Projection,2025-10-05 11:44,Roster %,Result,,,,,,,,,,,,,,,,,,
Justin Herbert,QB,8000,20.63,Slate: Main,5.66,15.64,,,,,,,,,,,,,,,,,,
Jonathan Taylor,RB,9500,19.71,,11.15,28.1,,,,,,,,,,,,,,,,,,
Breece Hall,RB,7000,15.95,,8.67,18.5,,,,,,,,,,,,,,,,,,
George Pickens,WR,7100,14.1,,9.48,12.7,,,,,,,,,,,,,,,,,,
Jakobi Meyers,WR,6000,13.02,,6.53,5.2,,,,,,,,,,,,,,,,,,
Jaylen Waddle,WR,5800,11.5,,10.64,23,,,,,,,,,,,,,,,,,,
Tyler Warren,TE,6100,11.04,,7.51,12.4,,,,,,,,,,,,,,,,,,
Javonte Williams,FLEX,6900,15.87,,10.31,29.4,,,,,,,,,,,,,,,,,,
Texans,DST,3600,6.92,,8.08,11,,,,,,,,,,,,,,,,,,
Total,,60000,128.73999999999998,,,155.94,,,,,,,,,,,,,,,,,,
,,,,,,,,,,,,,,,,,,,,,,,,
Optimal Lineup - RotoWire,POS,Salary,Projection,2025-10-05 11:44,Roster %,Result,,,,,,,,,,,,,,,,,,
Justin Fields,QB,7700,20.2,Slate: Main,13.39,21.92,,,,,,,,,,,,,,,,,,
De'Von Achane,RB,8100,19.53,,22.24,13.6,,,,,,,,,,,,,,,,,,
Omarion Hampton,RB,7500,17.27,,14.02,10,,,,,,,,,,,,,,,,,,
George Pickens,WR,7100,13.58,,9.48,12.7,,,,,,,,,,,,,,,,,,
Jakobi Meyers,WR,6000,12.84,,6.53,5.2,,,,,,,,,,,,,,,,,,
Jaylen Waddle,WR,5800,11.31,,10.64,23,,,,,,,,,,,,,,,,,,
Trey McBride,TE,7000,11.69,,7.82,6.6000000000000005,,,,,,,,,,,,,,,,,,
Cam Skattebo,FLEX,6200,16,,17.72,11.4,,,,,,,,,,,,,,,,,,
Cardinals,DST,4400,7.92,,5.86,12,,,,,,,,,,,,,,,,,,
Total,,59800,130.34,,,116.42,,,,,,,,,,,,,,,,,,
,,,,,,,,,,,,,,,,,,,,,,,,
Optimal Lineup - NumberFire,POS,Salary,Projection,2025-10-05 11:44,Roster %,Result,,,,,,,,,,,,,,,,,,
Kyler Murray,QB,7500,20.5,Slate: Main,4.73,15.3,,,,,,,,,,,,,,,,,,
Jonathan Taylor,RB,9500,20,,11.15,28.1,,,,,,,,,,,,,,,,,,
Omarion Hampton,RB,7500,17.3,,14.02,10,,,,,,,,,,,,,,,,,,
George Pickens,WR,7100,14.7,,9.48,12.7,,,,,,,,,,,,,,,,,,
Jaylen Waddle,WR,5800,12.4,,10.64,23,,,,,,,,,,,,,,,,,,
Chris Godwin Jr.,WR,5900,12.2,,5.41,4.1,,,,,,,,,,,,,,,,,,
Tyler Warren,TE,6100,10.9,,7.51,12.4,,,,,,,,,,,,,,,,,,
Cam Skattebo,FLEX,6200,14.6,,17.72,11.4,,,,,,,,,,,,,,,,,,
Cardinals,DST,4400,7.9,,5.86,12,,,,,,,,,,,,,,,,,,
Total,,60000,130.5,,,129,,,,,,,,,,,,,,,,,,
,,,,,,,,,,,,,,,,,,,,,,,,
Optimal Lineup - DraftEdge,POS,Salary,Projection,2025-10-05 11:44,Roster %,Result,,,,,,,,,,,,,,,,,,
Justin Herbert,QB,8000,21.6,Slate: Main,5.66,15.64,,,,,,,,,,,,,,,,,,
Jonathan Taylor,RB,9500,21.8,,11.15,28.1,,,,,,,,,,,,,,,,,,
De'Von Achane,RB,8100,20.5,,22.24,13.6,,,,,,,,,,,,,,,,,,
George Pickens,WR,7100,15.7,,9.48,12.7,,,,,,,,,,,,,,,,,,
Jakobi Meyers,WR,6000,15.1,,6.53,5.2,,,,,,,,,,,,,,,,,,
Jaylen Waddle,WR,5800,13.2,,10.64,23,,,,,,,,,,,,,,,,,,
Tyler Warren,TE,6100,12.1,,7.51,12.4,,,,,,,,,,,,,,,,,,
Rico Dowdle,FLEX,4900,13.9,,0.38,33.900000000000006,,,,,,,,,,,,,,,,,,
Cardinals,DST,4400,9.7,,5.86,12,,,,,,,,,,,,,,,,,,
Total,,59900,143.6,,,156.54000000000002,,,,,,,,,,,,,,,,,,
,,,,,,,,,,,,,,,,,,,,,,,,
Optimal Lineup - SportsLine,POS,Salary,Projection,2025-10-05 11:44,Roster %,Result,,,,,,,,,,,,,,,,,,
Daniel Jones,QB,7400,22.86,Slate: Main,3.27,16.68,,,,,,,,,,,,,,,,,,
De'Von Achane,RB,8100,18.7,,22.24,13.6,,,,,,,,,,,,,,,,,,
Cam Skattebo,RB,6200,15.21,,17.72,11.4,,,,,,,,,,,,,,,,,,
Amon-Ra St. Brown,WR,9300,17.77,,10.93,17,,,,,,,,,,,,,,,,,,
George Pickens,WR,7100,14.68,,9.48,12.7,,,,,,,,,,,,,,,,,,
Jaylen Waddle,WR,5800,11.58,,10.64,23,,,,,,,,,,,,,,,,,,
Tyler Warren,TE,6100,13.07,,7.51,12.4,,,,,,,,,,,,,,,,,,
Rico Dowdle,FLEX,4900,13.26,,0.38,33.900000000000006,,,,,,,,,,,,,,,,,,
Lions,DST,5000,12.42,,3.22,10,,,,,,,,,,,,,,,,,,
Total,,59900,139.55,,,150.68,,,,,,,,,,,,,,,,,,
,,,,,,,,,,,,,,,,,,,,,,,,
Optimal Lineup - Weighted,POS,Salary,Projection,2025-10-05 11:55,Roster %,Result,,,,,,,,,,,,,,,,,,
Daniel Jones,QB,7400,19.29600333333333,Slate: Main,3.27,16.68,,,,,,,,,,,,,,,,,,
De'Von Achane,RB,8100,18.38840740740741,GPP Plays: 2 @ <5%,22.24,13.6,,,,,,,,,,,,,,,,,,
Omarion Hampton,RB,7500,16.889357407407406,,14.02,10,,,,,,,,,,,,,,,,,,
George Pickens,WR,7100,14.50618962962963,,9.48,12.7,,,,,,,,,,,,,,,,,,
Jakobi Meyers,WR,6000,13.401787037037037,,6.53,5.2,,,,,,,,,,,,,,,,,,
Jaylen Waddle,WR,5800,11.98037962962963,,10.64,23,,,,,,,,,,,,,,,,,,
Tyler Warren,TE,6100,10.976090000000001,,7.51,12.4,,,,,,,,,,,,,,,,,,
Breece Hall,FLEX,7000,15.580598148148148,,8.67,18.5,,,,,,,,,,,,,,,,,,
Lions,DST,5000,8.987722222222223,,3.22,10,,,,,,,,,,,,,,,,,,
Total,,60000,130.0065348148148,,,122.08000000000001,,,,,,,,,,,,,,,,,,
,,,,,,,,,,,,,,,,,,,,,,,,
Optimal Lineup - Weighted,POS,Salary,Projection,2025-10-05 11:56,Roster %,Result,,,,,,,,,,,,,,,,,,
Kyler Murray,QB,7500,19.45783518518519,Slate: Main,4.73,15.3,,,,,,,,,,,,,,,,,,
Jonathan Taylor,RB,9500,19.545105185185186,GPP Plays: 3 @ <5%,11.15,28.1,,,,,,,,,,,,,,,,,,
De'Von Achane,RB,8100,18.38840740740741,,22.24,13.6,,,,,,,,,,,,,,,,,,
George Pickens,WR,7100,14.50618962962963,,9.48,12.7,,,,,,,,,,,,,,,,,,
Jakobi Meyers,WR,6000,13.401787037037037,,6.53,5.2,,,,,,,,,,,,,,,,,,
Jaylen Waddle,WR,5800,11.98037962962963,,10.64,23,,,,,,,,,,,,,,,,,,
Tyler Warren,TE,6100,10.976090000000001,,7.51,12.4,,,,,,,,,,,,,,,,,,
Rico Dowdle,FLEX,4900,12.47347888888889,,0.38,33.900000000000006,,,,,,,,,,,,,,,,,,
Lions,DST,5000,8.987722222222223,,3.22,10,,,,,,,,,,,,,,,,,,
Total,,60000,129.7169951851852,,,154.20000000000002,,,,,,,,,,,,,,,,,,
,,,,,,,,,,,,,,,,,,,,,,,,
Optimal Lineup - Weighted,POS,Salary,Projection,2025-10-05 11:57,Roster %,Result,,,,,,,,,,,,,,,,,,
Justin Herbert,QB,8000,20.67779740740741,Slate: Main,5.66,15.64,,,,,,,,,,,,,,,,,,
De'Von Achane,RB,8100,18.38840740740741,QB/WR Stack,22.24,13.6,,,,,,,,,,,,,,,,,,
Omarion Hampton,RB,7500,16.889357407407406,,14.02,10,,,,,,,,,,,,,,,,,,
George Pickens,WR,7100,14.50618962962963,,9.48,12.7,,,,,,,,,,,,,,,,,,
Jakobi Meyers,WR,6000,13.401787037037037,,6.53,5.2,,,,,,,,,,,,,,,,,,
Keenan Allen,WR,6500,11.618161111111112,,6.96,8.3,,,,,,,,,,,,,,,,,,
Tyler Warren,TE,6100,10.976090000000001,,7.51,12.4,,,,,,,,,,,,,,,,,,
Cam Skattebo,FLEX,6200,14.89195740740741,,17.72,11.4,,,,,,,,,,,,,,,,,,
Cardinals,DST,4400,8.714755555555556,,5.86,12,,,,,,,,,,,,,,,,,,
Total,,59900,130.064502962963,,,101.24000000000001,,,,,,,,,,,,,,,,,,
,,,,,,,,,,,,,,,,,,,,,,,,
Optimal Lineup - Weighted,POS,Salary,Projection,2025-10-05 19:27,Roster %,,,,,,,,,,,,,,,,,,,
Patrick Mahomes,QB,8100,23.679940740740747,Slate: SNF-MNF,7.96,,,,,,,,,,,,,,,,,,,
James Cook III,RB,8800,17.155751481481484,,7.49,,,,,,,,,,,,,,,,,,,
Travis Etienne Jr.,RB,7300,12.062092592592592,,3.18,,,,,,,,,,,,,,,,,,,
Brian Thomas Jr.,WR,7400,13.69191851851852,,5.21,,,,,,,,,,,,,,,,,,,
Xavier Worthy,WR,7000,12.458285185185185,,6.44,,,,,,,,,,,,,,,,,,,
Hollywood Brown,WR,5700,9.50714074074074,,3.45,,,,,,,,,,,,,,,,,,,
Travis Kelce,TE,5900,9.053553703703704,,4.19,,,,,,,,,,,,,,,,,,,
Stefon Diggs,FLEX,5700,9.118694444444445,,4.52,,,,,,,,,,,,,,,,,,,
Chiefs,DST,3900,7.0284555555555555,,1.45,,,,,,,,,,,,,,,,,,,
Total,,59800,113.75583296296297,,,,,,,,,,,,,,,,,,,,,
,,,,,,,,,,,,,,,,,,,,,,,,
Optimal Lineup - AVG,POS,Salary,Projection,2025-10-05 19:27,Roster %,,,,,,,,,,,,,,,,,,,
Patrick Mahomes,QB,8100,22.77148148148148,Slate: SNF-MNF,7.96,,,,,,,,,,,,,,,,,,,
James Cook III,RB,8800,17.365962962962964,,7.49,,,,,,,,,,,,,,,,,,,
Travis Etienne Jr.,RB,7300,12.595185185185187,,3.18,,,,,,,,,,,,,,,,,,,
Brian Thomas Jr.,WR,7400,13.707037037037034,,5.21,,,,,,,,,,,,,,,,,,,
Xavier Worthy,WR,7000,12.39037037037037,,6.44,,,,,,,,,,,,,,,,,,,
Hollywood Brown,WR,5700,9.711481481481481,,3.45,,,,,,,,,,,,,,,,,,,
Travis Kelce,TE,5900,9.262407407407407,,4.19,,,,,,,,,,,,,,,,,,,
Keon Coleman,FLEX,5600,9.378555555555558,,5.43,,,,,,,,,,,,,,,,,,,
Chiefs,DST,3900,6.9911111111111115,,1.45,,,,,,,,,,,,,,,,,,,
Total,,59700,114.1735925925926,,,,,,,,,,,,,,,,,,,,,
,,,,,,,,,,,,,,,,,,,,,,,,
Optimal Lineup - My Projection,POS,Salary,Projection,2025-10-05 19:27,Roster %,,,,,,,,,,,,,,,,,,,
Josh Allen,QB,9100,24.2,Slate: SNF-MNF,16.08,,,,,,,,,,,,,,,,,,,
James Cook III,RB,8800,20.71666666666667,,7.49,,,,,,,,,,,,,,,,,,,
Travis Etienne Jr.,RB,7300,16.616666666666667,,3.18,,,,,,,,,,,,,,,,,,,
Xavier Worthy,WR,7000,15.983333333333333,,6.44,,,,,,,,,,,,,,,,,,,
Hollywood Brown,WR,5700,13.283333333333333,,3.45,,,,,,,,,,,,,,,,,,,
Khalil Shakir,WR,6100,13.983333333333333,,4.54,,,,,,,,,,,,,,,,,,,
Dalton Kincaid,TE,5600,15.600000000000001,,4.17,,,,,,,,,,,,,,,,,,,
Keon Coleman,FLEX,5600,13.200000000000001,,5.43,,,,,,,,,,,,,,,,,,,
Bills,DST,4700,9.440000000000001,,0.87,,,,,,,,,,,,,,,,,,,
Total,,59900,143.0233333333333,,,,,,,,,,,,,,,,,,,,,
,,,,,,,,,,,,,,,,,,,,,,,,
Optimal Lineup - DFF,POS,Salary,Projection,2025-10-05 19:27,Roster %,,,,,,,,,,,,,,,,,,,
Patrick Mahomes,QB,8100,26.7,Slate: SNF-MNF,7.96,,,,,,,,,,,,,,,,,,,
James Cook III,RB,8800,17,,7.49,,,,,,,,,,,,,,,,,,,
Travis Etienne Jr.,RB,7300,10.2,,3.18,,,,,,,,,,,,,,,,,,,
Brian Thomas Jr.,WR,7400,18.4,,5.21,,,,,,,,,,,,,,,,,,,
Xavier Worthy,WR,7000,13.8,,6.44,,,,,,,,,,,,,,,,,,,
Hollywood Brown,WR,5700,9.7,,3.45,,,,,,,,,,,,,,,,,,,
Travis Kelce,TE,5900,9.7,,4.19,,,,,,,,,,,,,,,,,,,
Stefon Diggs,FLEX,5700,9.4,,4.52,,,,,,,,,,,,,,,,,,,
Chiefs,DST,3900,7.1,,1.45,,,,,,,,,,,,,,,,,,,
Total,,59800,122.00000000000001,,,,,,,,,,,,,,,,,,,,,
,,,,,,,,,,,,,,,,,,,,,,,,
Optimal Lineup - FantasyPros,POS,Salary,Projection,2025-10-05 19:27,Roster %,,,,,,,,,,,,,,,,,,,
Patrick Mahomes,QB,8100,26.7,Slate: SNF-MNF,7.96,,,,,,,,,,,,,,,,,,,
James Cook III,RB,8800,16.630000000000003,,7.49,,,,,,,,,,,,,,,,,,,
Travis Etienne Jr.,RB,7300,12.64,,3.18,,,,,,,,,,,,,,,,,,,
Brian Thomas Jr.,WR,7400,10.059999999999999,,5.21,,,,,,,,,,,,,,,,,,,
Xavier Worthy,WR,7000,11.15,,6.44,,,,,,,,,,,,,,,,,,,
Hollywood Brown,WR,5700,9.7,,3.45,,,,,,,,,,,,,,,,,,,
Hunter Henry,TE,5500,8.879999999999999,,4.92,,,,,,,,,,,,,,,,,,,
Keon Coleman,FLEX,5600,9.38,,5.43,,,,,,,,,,,,,,,,,,,
Chiefs,DST,3900,7.1,,1.45,,,,,,,,,,,,,,,,,,,
Total,,59300,112.24,,,,,,,,,,,,,,,,,,,,,
,,,,,,,,,,,,,,,,,,,,,,,,
Optimal Lineup - FootballGuys,POS,Salary,Projection,2025-10-05 19:28,Roster %,,,,,,,,,,,,,,,,,,,
Patrick Mahomes,QB,8100,26.7,Slate: SNF-MNF,7.96,,,,,,,,,,,,,,,,,,,
James Cook III,RB,8800,16.957,,7.49,,,,,,,,,,,,,,,,,,,
Travis Etienne Jr.,RB,7300,10.2,,3.18,,,,,,,,,,,,,,,,,,,
Brian Thomas Jr.,WR,7400,18.4,,5.21,,,,,,,,,,,,,,,,,,,
Xavier Worthy,WR,7000,12.040000000000001,,6.44,,,,,,,,,,,,,,,,,,,
Hollywood Brown,WR,5700,9.7,,3.45,,,,,,,,,,,,,,,,,,,
Hunter Henry,TE,5500,8.89,,4.92,,,,,,,,,,,,,,,,,,,
Khalil Shakir,FLEX,6100,9.694,,4.54,,,,,,,,,,,,,,,,,,,
Chiefs,DST,3900,8.36,,1.45,,,,,,,,,,,,,,,,,,,
Total,,59800,120.94100000000002,,,,,,,,,,,,,,,,,,,,,
,,,,,,,,,,,,,,,,,,,,,,,,
Optimal Lineup - FantasyLabs,POS,Salary,Projection,2025-10-05 19:28,Roster %,,,,,,,,,,,,,,,,,,,
Josh Allen,QB,9100,23.31,Slate: SNF-MNF,16.08,,,,,,,,,,,,,,,,,,,
James Cook III,RB,8800,16.51,,7.49,,,,,,,,,,,,,,,,,,,
Travis Etienne Jr.,RB,7300,12.26,,3.18,,,,,,,,,,,,,,,,,,,
Brian Thomas Jr.,WR,7400,11.17,,5.21,,,,,,,,,,,,,,,,,,,
Xavier Worthy,WR,7000,13.78,,6.44,,,,,,,,,,,,,,,,,,,
Hollywood Brown,WR,5700,9.7,,3.45,,,,,,,,,,,,,,,,,,,
Brenton Strange,TE,5000,7.13,,4.13,,,,,,,,,,,,,,,,,,,
Stefon Diggs,FLEX,5700,9.09,,4.52,,,,,,,,,,,,,,,,,,,
Chiefs,DST,3900,6.2,,1.45,,,,,,,,,,,,,,,,,,,
Total,,59900,109.15,,,,,,,,,,,,,,,,,,,,,
,,,,,,,,,,,,,,,,,,,,,,,,
Optimal Lineup - RotoWire,POS,Salary,Projection,2025-10-05 19:28,Roster %,,,,,,,,,,,,,,,,,,,
Josh Allen,QB,9100,22.93,Slate: SNF-MNF,16.08,,,,,,,,,,,,,,,,,,,
James Cook III,RB,8800,15.91,,7.49,,,,,,,,,,,,,,,,,,,
Travis Etienne Jr.,RB,7300,11.55,,3.18,,,,,,,,,,,,,,,,,,,
Brian Thomas Jr.,WR,7400,10.95,,5.21,,,,,,,,,,,,,,,,,,,
Xavier Worthy,WR,7000,11.08,,6.44,,,,,,,,,,,,,,,,,,,
Stefon Diggs,WR,5700,8.8,,4.52,,,,,,,,,,,,,,,,,,,
Hunter Henry,TE,5500,8.13,,4.92,,,,,,,,,,,,,,,,,,,
Kareem Hunt,FLEX,5200,8.31,,1.7,,,,,,,,,,,,,,,,,,,
Chiefs,DST,3900,6.19,,1.45,,,,,,,,,,,,,,,,,,,
Total,,59900,103.85,,,,,,,,,,,,,,,,,,,,,
,,,,,,,,,,,,,,,,,,,,,,,,
Optimal Lineup - NumberFire,POS,Salary,Projection,2025-10-05 19:28,Roster %,,,,,,,,,,,,,,,,,,,
Josh Allen,QB,9100,23.2,Slate: SNF-MNF,16.08,,,,,,,,,,,,,,,,,,,
James Cook III,RB,8800,18,,7.49,,,,,,,,,,,,,,,,,,,
Travis Etienne Jr.,RB,7300,13,,3.18,,,,,,,,,,,,,,,,,,,
Brian Thomas Jr.,WR,7400,11.1,,5.21,,,,,,,,,,,,,,,,,,,
Hollywood Brown,WR,5700,9.7,,3.45,,,,,,,,,,,,,,,,,,,
Keon Coleman,WR,5600,9.8,,5.43,,,,,,,,,,,,,,,,,,,
Travis Kelce,TE,5900,9.2,,4.19,,,,,,,,,,,,,,,,,,,
Isiah Pacheco,FLEX,5900,9,,1.38,,,,,,,,,,,,,,,,,,,
Chiefs,DST,3900,7.1,,1.45,,,,,,,,,,,,,,,,,,,
Total,,59600,110.1,,,,,,,,,,,,,,,,,,,,,
,,,,,,,,,,,,,,,,,,,,,,,,
Optimal Lineup - DraftEdge,POS,Salary,Projection,2025-10-05 19:28,Roster %,,,,,,,,,,,,,,,,,,,
Josh Allen,QB,9100,26,Slate: SNF-MNF,16.08,,,,,,,,,,,,,,,,,,,
James Cook III,RB,8800,19.5,,7.49,,,,,,,,,,,,,,,,,,,
Travis Etienne Jr.,RB,7300,14.3,,3.18,,,,,,,,,,,,,,,,,,,
Xavier Worthy,WR,7000,13.2,,6.44,,,,,,,,,,,,,,,,,,,
Khalil Shakir,WR,6100,9.5,,4.54,,,,,,,,,,,,,,,,,,,
Keon Coleman,WR,5600,9.1,,5.43,,,,,,,,,,,,,,,,,,,
Travis Kelce,TE,5900,9.8,,4.19,,,,,,,,,,,,,,,,,,,
Rhamondre Stevenson,FLEX,5500,9.1,,1.66,,,,,,,,,,,,,,,,,,,
Bills,DST,4700,7.7,,0.87,,,,,,,,,,,,,,,,,,,
Total,,60000,118.19999999999999,,,,,,,,,,,,,,,,,,,,,
,,,,,,,,,,,,,,,,,,,,,,,,
Optimal Lineup - SportsLine,POS,Salary,Projection,2025-10-05 19:28,Roster %,,,,,,,,,,,,,,,,,,,
Josh Allen,QB,9100,26.42,Slate: SNF-MNF,16.08,,,,,,,,,,,,,,,,,,,
James Cook III,RB,8800,15.07,,7.49,,,,,,,,,,,,,,,,,,,
Travis Etienne Jr.,RB,7300,12.59,,3.18,,,,,,,,,,,,,,,,,,,
Brian Thomas Jr.,WR,7400,18.4,,5.21,,,,,,,,,,,,,,,,,,,
Hollywood Brown,WR,5700,9.7,,3.45,,,,,,,,,,,,,,,,,,,
Keon Coleman,WR,5600,8.69,,5.43,,,,,,,,,,,,,,,,,,,
Dalton Kincaid,TE,5600,8.12,,4.17,,,,,,,,,,,,,,,,,,,
TreVeyon Henderson,FLEX,5800,8.41,,1.19,,,,,,,,,,,,,,,,,,,
Bills,DST,4700,10.44,,0.87,,,,,,,,,,,,,,,,,,,
Total,,60000,117.83999999999999,,,,,,,,,,,,,,,,,,,,,
,,,,,,,,,,,,,,,,,,,,,,,,
Optimal Lineup - Weighted,POS,Salary,Projection,2025-10-09 17:40,Roster %,,,,,,,,,,,,,,,,,,,
Jalen Hurts,MVP,20400,31.75,Slate: Single,9.45,,,,,,,,,,,,,,,,,,,
Saquon Barkley,RB,13000,16.86,,10.85,,,,,,,,,,,,,,,,,,,
Jaxson Dart,QB,12200,15.42,,0.47,,,,,,,,,,,,,,,,,,,
A.J. Brown,WR,10000,11.73,,6.68,,,,,,,,,,,,,,,,,,,
Jalin Hyatt,WR,2200,3.57,,0.24,,,,,,,,,,,,,,,,,,,
Beaux Collins,WR,1800,3.38,,0.19,,,,,,,,,,,,,,,,,,,
,,,,,,,,,,,,,,,,,,,,,,,,
,,,,,,,,,,,,,,,,,,,,,,,,
,,,,,,,,,,,,,,,,,,,,,,,,
Total,,59600,82.71,,,,,,,,,,,,,,,,,,,,,
,,,,,,,,,,,,,,,,,,,,,,,,
Optimal Lineup - AVG,POS,Salary,Projection,2025-10-09 17:40,Roster %,Result,,,,,,,,,,,,,,,,,,
Jalen Hurts,MVP,20400,31.92,Slate: Single,9.45,32.43,,,,,,,,,,,,,,,,,,
Saquon Barkley,RB,13000,17.08,,10.85,7.700000000000001,,,,,,,,,,,,,,,,,,
Jaxson Dart,QB,12200,14.9,,0.47,23.6,,,,,,,,,,,,,,,,,,
A.J. Brown,WR,10000,11.94,,6.68,11,,,,,,,,,,,,,,,,,,
Jalin Hyatt,WR,2200,3.64,,0.24,3.2,,,,,,,,,,,,,,,,,,
Beaux Collins,WR,1800,3.61,,0.19,Not Found,,,,,,,,,,,,,,,,,,
,,,,,,,,,,,,,,,,,,,,,,,,
,,,,,,,,,,,,,,,,,,,,,,,,
,,,,,,,,,,,,,,,,,,,,,,,,
Total,,59600,83.09,,,77.93,,,,,,,,,,,,,,,,,,
,,,,,,,,,,,,,,,,,,,,,,,,
Optimal Lineup - My Projection,POS,Salary,Projection,2025-10-09 17:40,Roster %,Result,,,,,,,,,,,,,,,,,,
DeVonta Smith,MVP,14400,23.63,Slate: Single,7.72,10.350000000000001,,,,,,,,,,,,,,,,,,
Jalen Hurts,QB,13600,20.57,,9.45,21.62,,,,,,,,,,,,,,,,,,
Saquon Barkley,RB,13000,19.32,,10.85,7.700000000000001,,,,,,,,,,,,,,,,,,
A.J. Brown,WR,10000,14.92,,6.68,11,,,,,,,,,,,,,,,,,,
Eagles,DST,7200,11.02,,6.42,1,,,,,,,,,,,,,,,,,,
Beaux Collins,WR,1800,3.7,,0.19,Not Found,,,,,,,,,,,,,,,,,,
,,,,,,,,,,,,,,,,,,,,,,,,
,,,,,,,,,,,,,,,,,,,,,,,,
,,,,,,,,,,,,,,,,,,,,,,,,
Total,,60000,93.16,,,51.67,,,,,,,,,,,,,,,,,,
,,,,,,,,,,,,,,,,,,,,,,,,
Optimal Lineup - DFF,POS,Salary,Projection,2025-10-09 17:40,Roster %,Result,,,,,,,,,,,,,,,,,,
Jalen Hurts,MVP,20400,31.05,Slate: Single,9.45,32.43,,,,,,,,,,,,,,,,,,
Saquon Barkley,RB,13000,17.5,,10.85,7.700000000000001,,,,,,,,,,,,,,,,,,
Jaxson Dart,QB,12200,15.7,,0.47,23.6,,,,,,,,,,,,,,,,,,
A.J. Brown,WR,10000,12,,6.68,11,,,,,,,,,,,,,,,,,,
Jalin Hyatt,WR,2200,3.6,,0.24,3.2,,,,,,,,,,,,,,,,,,
Beaux Collins,WR,1800,3.7,,0.19,Not Found,,,,,,,,,,,,,,,,,,
,,,,,,,,,,,,,,,,,,,,,,,,
,,,,,,,,,,,,,,,,,,,,,,,,
,,,,,,,,,,,,,,,,,,,,,,,,
Total,,59600,83.55,,,77.93,,,,,,,,,,,,,,,,,,
,,,,,,,,,,,,,,,,,,,,,,,,
Optimal Lineup - FantasyPros,POS,Salary,Projection,2025-10-09 17:41,Roster %,Result,,,,,,,,,,,,,,,,,,
Jalen Hurts,MVP,20400,32.73,Slate: Single,9.45,32.43,,,,,,,,,,,,,,,,,,
Saquon Barkley,RB,13000,15.89,,10.85,7.700000000000001,,,,,,,,,,,,,,,,,,
Jaxson Dart,QB,12200,14.98,,0.47,23.6,,,,,,,,,,,,,,,,,,
A.J. Brown,WR,10000,11.29,,6.68,11,,,,,,,,,,,,,,,,,,
Jalin Hyatt,WR,2200,4.41,,0.24,3.2,,,,,,,,,,,,,,,,,,
Beaux Collins,WR,1800,3.74,,0.19,Not Found,,,,,,,,,,,,,,,,,,
,,,,,,,,,,,,,,,,,,,,,,,,
,,,,,,,,,,,,,,,,,,,,,,,,
,,,,,,,,,,,,,,,,,,,,,,,,
Total,,59600,83.03999999999998,,,77.93,,,,,,,,,,,,,,,,,,
,,,,,,,,,,,,,,,,,,,,,,,,
Optimal Lineup - FootballGuys,POS,Salary,Projection,2025-10-09 17:41,Roster %,Result,,,,,,,,,,,,,,,,,,
Jalen Hurts,MVP,20400,31.08,Slate: Single,9.45,32.43,,,,,,,,,,,,,,,,,,
Jaxson Dart,QB,12200,17.3,,0.47,23.6,,,,,,,,,,,,,,,,,,
Cam Skattebo,RB,11000,15.65,,4.16,30,,,,,,,,,,,,,,,,,,
Eagles,DST,7200,9.68,,6.42,1,,,,,,,,,,,,,,,,,,
Giants,DST,6000,7.86,,3.74,8,,,,,,,,,,,,,,,,,,
Jalin Hyatt,WR,2200,1.99,,0.24,3.2,,,,,,,,,,,,,,,,,,
,,,,,,,,,,,,,,,,,,,,,,,,
,,,,,,,,,,,,,,,,,,,,,,,,
,,,,,,,,,,,,,,,,,,,,,,,,
Total,,59000,83.56,,,98.23,,,,,,,,,,,,,,,,,,
,,,,,,,,,,,,,,,,,,,,,,,,
Optimal Lineup - FantasyLabs,POS,Salary,Projection,2025-10-09 17:41,Roster %,Result,,,,,,,,,,,,,,,,,,
Jalen Hurts,MVP,20400,30.69,Slate: Single,9.45,32.43,,,,,,,,,,,,,,,,,,
Saquon Barkley,RB,13000,16.18,,10.85,7.700000000000001,,,,,,,,,,,,,,,,,,
Jaxson Dart,QB,12200,15.4,,0.47,23.6,,,,,,,,,,,,,,,,,,
A.J. Brown,WR,10000,11.99,,6.68,11,,,,,,,,,,,,,,,,,,
Jalin Hyatt,WR,2200,3.81,,0.24,3.2,,,,,,,,,,,,,,,,,,
Beaux Collins,WR,1800,4.3,,0.19,Not Found,,,,,,,,,,,,,,,,,,
,,,,,,,,,,,,,,,,,,,,,,,,
,,,,,,,,,,,,,,,,,,,,,,,,
,,,,,,,,,,,,,,,,,,,,,,,,
Total,,59600,82.37,,,77.93,,,,,,,,,,,,,,,,,,
,,,,,,,,,,,,,,,,,,,,,,,,
Optimal Lineup - RotoWire,POS,Salary,Projection,2025-10-09 17:41,Roster %,Result,,,,,,,,,,,,,,,,,,
Jalen Hurts,MVP,20400,31.72,Slate: Single,9.45,32.43,,,,,,,,,,,,,,,,,,
Saquon Barkley,RB,13000,16.94,,10.85,7.700000000000001,,,,,,,,,,,,,,,,,,
Jaxson Dart,QB,12200,14.95,,0.47,23.6,,,,,,,,,,,,,,,,,,
A.J. Brown,WR,10000,11.81,,6.68,11,,,,,,,,,,,,,,,,,,
Jalin Hyatt,WR,2200,2.72,,0.24,3.2,,,,,,,,,,,,,,,,,,
Beaux Collins,WR,1800,3.14,,0.19,Not Found,,,,,,,,,,,,,,,,,,
,,,,,,,,,,,,,,,,,,,,,,,,
,,,,,,,,,,,,,,,,,,,,,,,,
,,,,,,,,,,,,,,,,,,,,,,,,
Total,,59600,81.28,,,77.93,,,,,,,,,,,,,,,,,,
,,,,,,,,,,,,,,,,,,,,,,,,
Optimal Lineup - NumberFire,POS,Salary,Projection,2025-10-09 17:41,Roster %,Result,,,,,,,,,,,,,,,,,,
Jalen Hurts,MVP,20400,29.25,Slate: Single,9.45,32.43,,,,,,,,,,,,,,,,,,
Saquon Barkley,RB,13000,16.4,,10.85,7.700000000000001,,,,,,,,,,,,,,,,,,
Jaxson Dart,QB,12200,14.9,,0.47,23.6,,,,,,,,,,,,,,,,,,
A.J. Brown,WR,10000,12,,6.68,11,,,,,,,,,,,,,,,,,,
Jalin Hyatt,WR,2200,5.6,,0.24,3.2,,,,,,,,,,,,,,,,,,
Beaux Collins,WR,1800,5.6,,0.19,Not Found,,,,,,,,,,,,,,,,,,
,,,,,,,,,,,,,,,,,,,,,,,,
,,,,,,,,,,,,,,,,,,,,,,,,
,,,,,,,,,,,,,,,,,,,,,,,,
Total,,59600,83.74999999999999,,,77.93,,,,,,,,,,,,,,,,,,
,,,,,,,,,,,,,,,,,,,,,,,,
Optimal Lineup - DraftEdge,POS,Salary,Projection,2025-10-09 17:41,Roster %,Result,,,,,,,,,,,,,,,,,,
Jalen Hurts,MVP,20400,34.35,Slate: Single,9.45,32.43,,,,,,,,,,,,,,,,,,
Saquon Barkley,RB,13000,17.9,,10.85,7.700000000000001,,,,,,,,,,,,,,,,,,
Jaxson Dart,QB,12200,15.8,,0.47,23.6,,,,,,,,,,,,,,,,,,
A.J. Brown,WR,10000,12.7,,6.68,11,,,,,,,,,,,,,,,,,,
Jalin Hyatt,WR,2200,4.4,,0.24,3.2,,,,,,,,,,,,,,,,,,
Beaux Collins,WR,1800,3.3,,0.19,Not Found,,,,,,,,,,,,,,,,,,
,,,,,,,,,,,,,,,,,,,,,,,,
,,,,,,,,,,,,,,,,,,,,,,,,
,,,,,,,,,,,,,,,,,,,,,,,,
Total,,59600,88.45,,,77.93,,,,,,,,,,,,,,,,,,
,,,,,,,,,,,,,,,,,,,,,,,,
Optimal Lineup - SportsLine,POS,Salary,Projection,2025-10-09 17:41,Roster %,Result,,,,,,,,,,,,,,,,,,
Jalen Hurts,MVP,20400,35.6,Slate: Single,9.45,32.43,,,,,,,,,,,,,,,,,,
Saquon Barkley,RB,13000,17.04,,10.85,7.700000000000001,,,,,,,,,,,,,,,,,,
Jaxson Dart,QB,12200,13.23,,0.47,23.6,,,,,,,,,,,,,,,,,,
Eagles,DST,7200,11.16,,6.42,1,,,,,,,,,,,,,,,,,,
Theo Johnson,TE,5200,7.46,,2.62,3.7,,,,,,,,,,,,,,,,,,
Beaux Collins,WR,1800,3.89,,0.19,Not Found,,,,,,,,,,,,,,,,,,
,,,,,,,,,,,,,,,,,,,,,,,,
,,,,,,,,,,,,,,,,,,,,,,,,
,,,,,,,,,,,,,,,,,,,,,,,,
Total,,59800,88.38,,,68.43,,,,,,,,,,,,,,,,,,
,,,,,,,,,,,,,,,,,,,,,,,,
Optimal Lineup - Weighted,POS,Salary,Projection,2025-10-12 12:23,Roster %,Result,,,,,,,,,,,,,,,,,,
Trevor Lawrence,QB,6700,17.36971940740741,Slate: Main,4.52,19.22,,,,,,,,,,,,,,,,,,
De'Von Achane,RB,8100,16.996112222222223,,14.78,32,,,,,,,,,,,,,,,,,,
Rico Dowdle,RB,6600,15.730042962962962,,2.84,34.900000000000006,,,,,,,,,,,,,,,,,,
Puka Nacua,WR,9800,19.592872222222223,,18.78,3.8000000000000003,,,,,,,,,,,,,,,,,,
Stefon Diggs,WR,5900,11.60078037037037,,10.79,4.300000000000001,,,,,,,,,,,,,,,,,,
Chris Olave,WR,5900,11.448074444444446,,8.33,12.8,,,,,,,,,,,,,,,,,,
Trey McBride,TE,6400,11.635022592592595,,8.13,17.2,,,,,,,,,,,,,,,,,,
Rachaad White,FLEX,6800,15.28235037037037,,19.17,16.1,,,,,,,,,,,,,,,,,,
Raiders,DST,3800,8.071911111111111,,24.64,16,,,,,,,,,,,,,,,,,,
Total,,60000,127.7268857037037,,,156.32,,,,,,,,,,,,,,,,,,
,,,,,,,,,,,,,,,,,,,,,,,,
Optimal Lineup - AVG,POS,Salary,Projection,2025-10-12 12:23,Roster %,Result,,,,,,,,,,,,,,,,,,
Trevor Lawrence,QB,6700,17.310281481481482,Slate: Main,4.52,19.22,,,,,,,,,,,,,,,,,,
De'Von Achane,RB,8100,16.975444444444445,,14.78,32,,,,,,,,,,,,,,,,,,
Rico Dowdle,RB,6600,15.60459259259259,,2.84,34.900000000000006,,,,,,,,,,,,,,,,,,
Puka Nacua,WR,9800,19.78944444444444,,18.78,3.8000000000000003,,,,,,,,,,,,,,,,,,
Stefon Diggs,WR,5900,11.463074074074074,,10.79,4.300000000000001,,,,,,,,,,,,,,,,,,
Chris Olave,WR,5900,11.34588888888889,,8.33,12.8,,,,,,,,,,,,,,,,,,
Trey McBride,TE,6400,11.575518518518518,,8.13,17.2,,,,,,,,,,,,,,,,,,
Rachaad White,FLEX,6800,14.916074074074077,,19.17,16.1,,,,,,,,,,,,,,,,,,
Raiders,DST,3800,8.252222222222223,,24.64,16,,,,,,,,,,,,,,,,,,
Total,,60000,127.23254074074075,,,156.32,,,,,,,,,,,,,,,,,,
,,,,,,,,,,,,,,,,,,,,,,,,
Optimal Lineup - My Projection,POS,Salary,Projection,2025-10-12 12:23,Roster %,Result,,,,,,,,,,,,,,,,,,
Matthew Stafford,QB,7700,22.516666666666666,Slate: Main,0.87,11.34,,,,,,,,,,,,,,,,,,
Josh Jacobs,RB,8700,21.96666666666667,,13.2,29.5,,,,,,,,,,,,,,,,,,
Rico Dowdle,RB,6600,16.733333333333334,,2.84,34.900000000000006,,,,,,,,,,,,,,,,,,
Puka Nacua,WR,9800,23.7,,18.78,3.8000000000000003,,,,,,,,,,,,,,,,,,
Tetairoa McMillan,WR,6600,16.25,,10.52,16.4,,,,,,,,,,,,,,,,,,
Tre Tucker,WR,6100,15.200000000000001,,1.83,9.5,,,,,,,,,,,,,,,,,,
Hunter Henry,TE,5900,14.499999999999998,,4.24,4.2,,,,,,,,,,,,,,,,,,
Juwan Johnson,FLEX,5200,14.083333333333334,,3.54,0.5,,,,,,,,,,,,,,,,,,
Saints,DST,3400,9.48,,5.31,1,,,,,,,,,,,,,,,,,,
Total,,60000,154.43,,,111.14,,,,,,,,,,,,,,,,,,
,,,,,,,,,,,,,,,,,,,,,,,,
Optimal Lineup - DFF,POS,Salary,Projection,2025-10-12 12:23,Roster %,Result,,,,,,,,,,,,,,,,,,
Trevor Lawrence,QB,6700,17.9,Slate: Main,4.52,19.22,,,,,,,,,,,,,,,,,,
De'Von Achane,RB,8100,17.7,,14.78,32,,,,,,,,,,,,,,,,,,
Rico Dowdle,RB,6600,16,,2.84,34.900000000000006,,,,,,,,,,,,,,,,,,
Puka Nacua,WR,9800,20.2,,18.78,3.8000000000000003,,,,,,,,,,,,,,,,,,
Stefon Diggs,WR,5900,12.2,,10.79,4.300000000000001,,,,,,,,,,,,,,,,,,
Chris Olave,WR,5900,11.9,,8.33,12.8,,,,,,,,,,,,,,,,,,
Trey McBride,TE,6400,11.7,,8.13,17.2,,,,,,,,,,,,,,,,,,
Rachaad White,FLEX,6800,15.9,,19.17,16.1,,,,,,,,,,,,,,,,,,
Raiders,DST,3800,7.6,,24.64,16,,,,,,,,,,,,,,,,,,
Total,,60000,131.10000000000002,,,156.32,,,,,,,,,,,,,,,,,,
,,,,,,,,,,,,,,,,,,,,,,,,
Optimal Lineup - FantasyPros,POS,Salary,Projection,2025-10-12 12:23,Roster %,Result,,,,,,,,,,,,,,,,,,
Drake Maye,QB,7800,19.198000000000004,Slate: Main,4.69,25.240000000000002,,,,,,,,,,,,,,,,,,
De'Von Achane,RB,8100,16.660000000000004,,14.78,32,,,,,,,,,,,,,,,,,,
Rico Dowdle,RB,6600,14.54,,2.84,34.900000000000006,,,,,,,,,,,,,,,,,,
George Pickens,WR,7500,13.58,,7.39,30.3,,,,,,,,,,,,,,,,,,
Jaylen Waddle,WR,6700,12.44,,7.48,12.82,,,,,,,,,,,,,,,,,,
Keenan Allen,WR,6300,12.08,,7.47,4.7,,,,,,,,,,,,,,,,,,
Trey McBride,TE,6400,11.309999999999999,,8.13,17.2,,,,,,,,,,,,,,,,,,
Rachaad White,FLEX,6800,14.150000000000002,,19.17,16.1,,,,,,,,,,,,,,,,,,
Raiders,DST,3800,7.6,,24.64,16,,,,,,,,,,,,,,,,,,
Total,,60000,121.558,,,189.26,,,,,,,,,,,,,,,,,,
,,,,,,,,,,,,,,,,,,,,,,,,
Optimal Lineup - FootballGuys,POS,Salary,Projection,2025-10-12 12:23,Roster %,Result,,,,,,,,,,,,,,,,,,
Daniel Jones,QB,7600,19.633200000000002,Slate: Main,2.15,23.48,,,,,,,,,,,,,,,,,,
Christian McCaffrey,RB,9500,20.418000000000003,,15.22,20.6,,,,,,,,,,,,,,,,,,
Rico Dowdle,RB,6600,16.128,,2.84,34.900000000000006,,,,,,,,,,,,,,,,,,
Ladd McConkey,WR,6400,12.499,,6.79,22.5,,,,,,,,,,,,,,,,,,
Tetairoa McMillan,WR,6600,12.564,,10.52,16.4,,,,,,,,,,,,,,,,,,
Keenan Allen,WR,6300,13.504,,7.47,4.7,,,,,,,,,,,,,,,,,,
Trey McBride,TE,6400,11.353000000000002,,8.13,17.2,,,,,,,,,,,,,,,,,,
Rachaad White,FLEX,6800,15.848,,19.17,16.1,,,,,,,,,,,,,,,,,,
Raiders,DST,3800,9.98,,24.64,16,,,,,,,,,,,,,,,,,,
Total,,60000,131.9272,,,171.88,,,,,,,,,,,,,,,,,,
,,,,,,,,,,,,,,,,,,,,,,,,
Optimal Lineup - FantasyLabs,POS,Salary,Projection,2025-10-12 12:23,Roster %,Result,,,,,,,,,,,,,,,,,,
Drake Maye,QB,7800,19.67,Slate: Main,4.69,25.240000000000002,,,,,,,,,,,,,,,,,,
Javonte Williams,RB,7800,16.65,,13.64,5.9,,,,,,,,,,,,,,,,,,
Rico Dowdle,RB,6600,16.23,,2.84,34.900000000000006,,,,,,,,,,,,,,,,,,
Puka Nacua,WR,9800,19.74,,18.78,3.8000000000000003,,,,,,,,,,,,,,,,,,
Stefon Diggs,WR,5900,11.91,,10.79,4.300000000000001,,,,,,,,,,,,,,,,,,
Chris Olave,WR,5900,11.95,,8.33,12.8,,,,,,,,,,,,,,,,,,
Trey McBride,TE,6400,11.8,,8.13,17.2,,,,,,,,,,,,,,,,,,
Rachaad White,FLEX,6800,15.4,,19.17,16.1,,,,,,,,,,,,,,,,,,
Dolphins,DST,3000,6.52,,1.65,2,,,,,,,,,,,,,,,,,,
Total,,60000,129.87,,,122.24000000000001,,,,,,,,,,,,,,,,,,
,,,,,,,,,,,,,,,,,,,,,,,,
Optimal Lineup - RotoWire,POS,Salary,Projection,2025-10-12 12:24,Roster %,Result,,,,,,,,,,,,,,,,,,
Dak Prescott,QB,8000,21.02,Slate: Main,6.06,22.34,,,,,,,,,,,,,,,,,,
De'Von Achane,RB,8100,18.75,,14.78,32,,,,,,,,,,,,,,,,,,
Rico Dowdle,RB,6600,14.64,,2.84,34.900000000000006,,,,,,,,,,,,,,,,,,
Puka Nacua,WR,9800,21.19,,18.78,3.8000000000000003,,,,,,,,,,,,,,,,,,
Ladd McConkey,WR,6400,12.49,,6.79,22.5,,,,,,,,,,,,,,,,,,
Tre Harris,WR,4100,5.88,,0.09,4.7,,,,,,,,,,,,,,,,,,
Trey McBride,TE,6400,11.55,,8.13,17.2,,,,,,,,,,,,,,,,,,
Rachaad White,FLEX,6800,16.14,,19.17,16.1,,,,,,,,,,,,,,,,,,
Raiders,DST,3800,7.56,,24.64,16,,,,,,,,,,,,,,,,,,
Total,,60000,129.21999999999997,,,169.54,,,,,,,,,,,,,,,,,,
,,,,,,,,,,,,,,,,,,,,,,,,
Optimal Lineup - NumberFire,POS,Salary,Projection,2025-10-12 12:24,Roster %,Result,,,,,,,,,,,,,,,,,,
Drake Maye,QB,7800,19.1,Slate: Main,4.69,25.240000000000002,,,,,,,,,,,,,,,,,,
Christian McCaffrey,RB,9500,20.7,,15.22,20.6,,,,,,,,,,,,,,,,,,
Rico Dowdle,RB,6600,14.2,,2.84,34.900000000000006,,,,,,,,,,,,,,,,,,
Emeka Egbuka,WR,8100,17.1,,9.7,3.4000000000000004,,,,,,,,,,,,,,,,,,
Cooper Kupp,WR,5500,9.9,,5.48,11,,,,,,,,,,,,,,,,,,
Jerry Jeudy,WR,5600,10,,4.5,6.8,,,,,,,,,,,,,,,,,,
Trey McBride,TE,6400,12.1,,8.13,17.2,,,,,,,,,,,,,,,,,,
Quinshon Judkins,FLEX,7100,15.9,,8.53,3.6,,,,,,,,,,,,,,,,,,
Saints,DST,3400,6.5,,5.31,1,,,,,,,,,,,,,,,,,,
Total,,60000,125.5,,,123.74000000000001,,,,,,,,,,,,,,,,,,
,,,,,,,,,,,,,,,,,,,,,,,,
Optimal Lineup - DraftEdge,POS,Salary,Projection,2025-10-12 12:24,Roster %,Result,,,,,,,,,,,,,,,,,,
Baker Mayfield,QB,8200,22.1,Slate: Main,4.24,19.64,,,,,,,,,,,,,,,,,,
Rico Dowdle,RB,6600,17.8,,2.84,34.900000000000006,,,,,,,,,,,,,,,,,,
Rachaad White,RB,6800,16.6,,19.17,16.1,,,,,,,,,,,,,,,,,,
Puka Nacua,WR,9800,19.7,,18.78,3.8000000000000003,,,,,,,,,,,,,,,,,,
Stefon Diggs,WR,5900,13.3,,10.79,4.300000000000001,,,,,,,,,,,,,,,,,,
Chris Olave,WR,5900,13,,8.33,12.8,,,,,,,,,,,,,,,,,,
Trey McBride,TE,6400,12.5,,8.13,17.2,,,,,,,,,,,,,,,,,,
Tony Pollard,FLEX,6000,14.7,,3.75,5.7,,,,,,,,,,,,,,,,,,
Colts,DST,4200,8.3,,6.74,4,,,,,,,,,,,,,,,,,,
Total,,59800,138,,,118.44000000000001,,,,,,,,,,,,,,,,,,
,,,,,,,,,,,,,,,,,,,,,,,,
Optimal Lineup - SportsLine,POS,Salary,Projection,2025-10-12 12:24,Roster %,Result,,,,,,,,,,,,,,,,,,
Daniel Jones,QB,7600,21.59,Slate: Main,2.15,23.48,,,,,,,,,,,,,,,,,,
De'Von Achane,RB,8100,17.7,,14.78,32,,,,,,,,,,,,,,,,,,
Kyren Williams,RB,8400,17.57,,5.68,15.7,,,,,,,,,,,,,,,,,,
George Pickens,WR,7500,14.88,,7.39,30.3,,,,,,,,,,,,,,,,,,
Keenan Allen,WR,6300,13.52,,7.47,4.7,,,,,,,,,,,,,,,,,,
Jakobi Meyers,WR,6000,13.14,,5.24,5.9,,,,,,,,,,,,,,,,,,
Darren Waller,TE,6000,10.89,,3.17,8.2,,,,,,,,,,,,,,,,,,
Rico Dowdle,FLEX,6600,14.17,,2.84,34.900000000000006,,,,,,,,,,,,,,,,,,
Saints,DST,3400,9.2,,5.31,1,,,,,,,,,,,,,,,,,,
Total,,59900,132.66,,,156.18,,,,,,,,,,,,,,,,,,
,,,,,,,,,,,,,,,,,,,,,,,,
Optimal Lineup - Weighted,POS,Salary,Projection,2025-10-12 12:24,Roster %,Result,,,,,,,,,,,,,,,,,,
Drake Maye,QB,7800,19.597776888888887,Slate: Main,4.69,25.240000000000002,,,,,,,,,,,,,,,,,,
Javonte Williams,RB,7800,16.126631481481482,QB/WR Stack,13.64,5.9,,,,,,,,,,,,,,,,,,
Rico Dowdle,RB,6600,15.730042962962962,,2.84,34.900000000000006,,,,,,,,,,,,,,,,,,
Puka Nacua,WR,9800,19.592872222222223,,18.78,3.8000000000000003,,,,,,,,,,,,,,,,,,
Stefon Diggs,WR,5900,11.60078037037037,,10.79,4.300000000000001,,,,,,,,,,,,,,,,,,
Chris Olave,WR,5900,11.448074444444446,,8.33,12.8,,,,,,,,,,,,,,,,,,
Trey McBride,TE,6400,11.635022592592595,,8.13,17.2,,,,,,,,,,,,,,,,,,
Rachaad White,FLEX,6800,15.28235037037037,,19.17,16.1,,,,,,,,,,,,,,,,,,
Dolphins,DST,3000,6.006322222222223,,1.65,2,,,,,,,,,,,,,,,,,,
Total,,60000,127.01987355555555,,,122.24000000000001,,,,,,,,,,,,,,,,,,
,,,,,,,,,,,,,,,,,,,,,,,,
Optimal Lineup - Weighted,POS,Salary,Projection,2025-10-12 12:24,Roster %,Result,,,,,,,,,,,,,,,,,,
Drake Maye,QB,7800,19.597776888888887,Slate: Main,4.69,25.240000000000002,,,,,,,,,,,,,,,,,,
Javonte Williams,RB,7800,16.126631481481482,GPP Plays: 3 @ <5%,13.64,5.9,,,,,,,,,,,,,,,,,,
Rico Dowdle,RB,6600,15.730042962962962,,2.84,34.900000000000006,,,,,,,,,,,,,,,,,,
Puka Nacua,WR,9800,19.592872222222223,,18.78,3.8000000000000003,,,,,,,,,,,,,,,,,,
Stefon Diggs,WR,5900,11.60078037037037,,10.79,4.300000000000001,,,,,,,,,,,,,,,,,,
Chris Olave,WR,5900,11.448074444444446,,8.33,12.8,,,,,,,,,,,,,,,,,,
Trey McBride,TE,6400,11.635022592592595,,8.13,17.2,,,,,,,,,,,,,,,,,,
Rachaad White,FLEX,6800,15.28235037037037,,19.17,16.1,,,,,,,,,,,,,,,,,,
Dolphins,DST,3000,6.006322222222223,,1.65,2,,,,,,,,,,,,,,,,,,
Total,,60000,127.01987355555555,,,122.24000000000001,,,,,,,,,,,,,,,,,,
,,,,,,,,,,,,,,,,,,,,,,,,
Optimal Lineup - Weighted,POS,Salary,Projection,2025-10-12 20:25,Roster %,Result,,,,,,,,,,,,,,,,,,
Patrick Mahomes,QB,7900,22.770629629629628,Slate: SNF-MNF,6.44,31.479999999999997,,,,,,,,,,,,,,,,,,
Bijan Robinson,RB,9100,18.288454814814816,,11.23,35.8,,,,,,,,,,,,,,,,,,
Jahmyr Gibbs,RB,8900,16.481264814814814,,11.13,7,,,,,,,,,,,,,,,,,,
Deebo Samuel Sr.,WR,6700,13.125092222222221,,10.48,3.4,,,,,,,,,,,,,,,,,,
Khalil Shakir,WR,5800,9.646146296296296,,4.97,4.800000000000001,,,,,,,,,,,,,,,,,,
Keon Coleman,WR,5500,9.076165925925924,,6.14,2.6,,,,,,,,,,,,,,,,,,
Travis Kelce,TE,6000,9.605882222222222,,4.19,10.8,,,,,,,,,,,,,,,,,,
Jacory Croskey-Merritt,FLEX,6200,13.002224444444442,,5.35,5.300000000000001,,,,,,,,,,,,,,,,,,
Commanders,DST,3900,6.712611111111112,,1.54,5,,,,,,,,,,,,,,,,,,
Total,,60000,118.70847148148147,,,106.17999999999999,,,,,,,,,,,,,,,,,,
,,,,,,,,,,,,,,,,,,,,,,,,
Optimal Lineup - AVG,POS,Salary,Projection,2025-10-12 20:25,Roster %,Result,,,,,,,,,,,,,,,,,,
Patrick Mahomes,QB,7900,22.45592592592593,Slate: SNF-MNF,6.44,31.479999999999997,,,,,,,,,,,,,,,,,,
Bijan Robinson,RB,9100,18.388962962962964,,11.23,35.8,,,,,,,,,,,,,,,,,,
James Cook III,RB,8600,16.288296296296295,,7.9,8.700000000000001,,,,,,,,,,,,,,,,,,
Deebo Samuel Sr.,WR,6700,13.387444444444444,,10.48,3.4,,,,,,,,,,,,,,,,,,
Xavier Worthy,WR,7200,12.504037037037035,,4.63,9.6,,,,,,,,,,,,,,,,,,
Khalil Shakir,WR,5800,9.70425925925926,,4.97,4.800000000000001,,,,,,,,,,,,,,,,,,
Zach Ertz,TE,5000,8.04111111111111,,3.88,13.3,,,,,,,,,,,,,,,,,,
Jacory Croskey-Merritt,FLEX,6200,13.110888888888889,,5.35,5.300000000000001,,,,,,,,,,,,,,,,,,
Chiefs,DST,3500,5.713333333333333,,0.81,2,,,,,,,,,,,,,,,,,,
Total,,60000,119.59425925925926,,,114.38,,,,,,,,,,,,,,,,,,
,,,,,,,,,,,,,,,,,,,,,,,,
Optimal Lineup - My Projection,POS,Salary,Projection,2025-10-12 20:25,Roster %,Result,,,,,,,,,,,,,,,,,,
Patrick Mahomes,QB,7900,23.53333333333333,Slate: SNF-MNF,6.44,31.479999999999997,,,,,,,,,,,,,,,,,,
Bijan Robinson,RB,9100,21.86666666666667,,11.23,35.8,,,,,,,,,,,,,,,,,,
Jacory Croskey-Merritt,RB,6200,17.900000000000002,,5.35,5.300000000000001,,,,,,,,,,,,,,,,,,
Deebo Samuel Sr.,WR,6700,17.75,,10.48,3.4,,,,,,,,,,,,,,,,,,
Xavier Worthy,WR,7200,17.133333333333333,,4.63,9.6,,,,,,,,,,,,,,,,,,
Rome Odunze,WR,7600,17.383333333333336,,6.21,4.2,,,,,,,,,,,,,,,,,,
Zach Ertz,TE,5000,12.499999999999998,,3.88,13.3,,,,,,,,,,,,,,,,,,
DJ Moore,FLEX,6200,14.316666666666668,,4.59,6.7,,,,,,,,,,,,,,,,,,
Commanders,DST,3900,7.640000000000001,,1.54,5,,,,,,,,,,,,,,,,,,
Total,,59800,150.0233333333333,,,114.78,,,,,,,,,,,,,,,,,,
,,,,,,,,,,,,,,,,,,,,,,,,
Optimal Lineup - DFF,POS,Salary,Projection,2025-10-12 20:25,Roster %,Result,,,,,,,,,,,,,,,,,,
Patrick Mahomes,QB,7900,23.4,Slate: SNF-MNF,6.44,31.479999999999997,,,,,,,,,,,,,,,,,,
Bijan Robinson,RB,9100,17.8,,11.23,35.8,,,,,,,,,,,,,,,,,,
Jahmyr Gibbs,RB,8900,16.8,,11.13,7,,,,,,,,,,,,,,,,,,
Deebo Samuel Sr.,WR,6700,13.6,,10.48,3.4,,,,,,,,,,,,,,,,,,
Xavier Worthy,WR,7200,13.4,,4.63,9.6,,,,,,,,,,,,,,,,,,
Keon Coleman,WR,5500,9.2,,6.14,2.6,,,,,,,,,,,,,,,,,,
Zach Ertz,TE,5000,7.1,,3.88,13.3,,,,,,,,,,,,,,,,,,
Jacory Croskey-Merritt,FLEX,6200,13.2,,5.35,5.300000000000001,,,,,,,,,,,,,,,,,,
Chiefs,DST,3500,5.5,,0.81,2,,,,,,,,,,,,,,,,,,
Total,,60000,120,,,110.47999999999999,,,,,,,,,,,,,,,,,,
,,,,,,,,,,,,,,,,,,,,,,,,
Optimal Lineup - FantasyPros,POS,Salary,Projection,2025-10-12 20:25,Roster %,Result,,,,,,,,,,,,,,,,,,
Patrick Mahomes,QB,7900,23.4,Slate: SNF-MNF,6.44,31.479999999999997,,,,,,,,,,,,,,,,,,
Bijan Robinson,RB,9100,17.7,,11.23,35.8,,,,,,,,,,,,,,,,,,
James Cook III,RB,8600,16.13,,7.9,8.700000000000001,,,,,,,,,,,,,,,,,,
Deebo Samuel Sr.,WR,6700,13.29,,10.48,3.4,,,,,,,,,,,,,,,,,,
Drake London,WR,7400,12.21,,7.21,29.8,,,,,,,,,,,,,,,,,,
Keon Coleman,WR,5500,9.080000000000002,,6.14,2.6,,,,,,,,,,,,,,,,,,
Zach Ertz,TE,5000,8.07,,3.88,13.3,,,,,,,,,,,,,,,,,,
Jacory Croskey-Merritt,FLEX,6200,11.950000000000001,,5.35,5.300000000000001,,,,,,,,,,,,,,,,,,
Chiefs,DST,3500,5.5,,0.81,2,,,,,,,,,,,,,,,,,,
Total,,59900,117.33,,,132.38,,,,,,,,,,,,,,,,,,
,,,,,,,,,,,,,,,,,,,,,,,,
Optimal Lineup - FootballGuys,POS,Salary,Projection,2025-10-12 20:25,Roster %,Result,,,,,,,,,,,,,,,,,,
Patrick Mahomes,QB,7900,23.4,Slate: SNF-MNF,6.44,31.479999999999997,,,,,,,,,,,,,,,,,,
Bijan Robinson,RB,9100,18.474,,11.23,35.8,,,,,,,,,,,,,,,,,,
Jacory Croskey-Merritt,RB,6200,13.718,,5.35,5.300000000000001,,,,,,,,,,,,,,,,,,
Deebo Samuel Sr.,WR,6700,13.536999999999999,,10.48,3.4,,,,,,,,,,,,,,,,,,
Rome Odunze,WR,7600,13.884,,6.21,4.2,,,,,,,,,,,,,,,,,,
Drake London,WR,7400,12.239,,7.21,29.8,,,,,,,,,,,,,,,,,,
Kyle Pitts Sr.,TE,5300,8.94,,3.6,3.3,,,,,,,,,,,,,,,,,,
D'Andre Swift,FLEX,6400,12.254999999999999,,5.55,27.5,,,,,,,,,,,,,,,,,,
Falcons,DST,3300,6.359999999999999,,0.22,9,,,,,,,,,,,,,,,,,,
Total,,59900,122.80699999999999,,,149.78,,,,,,,,,,,,,,,,,,
,,,,,,,,,,,,,,,,,,,,,,,,
Optimal Lineup - FantasyLabs,POS,Salary,Projection,2025-10-12 20:25,Roster %,Result,,,,,,,,,,,,,,,,,,
Patrick Mahomes,QB,7900,22.81,Slate: SNF-MNF,6.44,31.479999999999997,,,,,,,,,,,,,,,,,,
Bijan Robinson,RB,9100,18.84,,11.23,35.8,,,,,,,,,,,,,,,,,,
Jacory Croskey-Merritt,RB,6200,13.66,,5.35,5.300000000000001,,,,,,,,,,,,,,,,,,
Deebo Samuel Sr.,WR,6700,12.93,,10.48,3.4,,,,,,,,,,,,,,,,,,
Xavier Worthy,WR,7200,13.56,,4.63,9.6,,,,,,,,,,,,,,,,,,
Drake London,WR,7400,13.95,,7.21,29.8,,,,,,,,,,,,,,,,,,
Sam LaPorta,TE,5700,9.23,,6.16,14,,,,,,,,,,,,,,,,,,
Khalil Shakir,FLEX,5800,9.51,,4.97,4.800000000000001,,,,,,,,,,,,,,,,,,
Commanders,DST,3900,7.04,,1.54,5,,,,,,,,,,,,,,,,,,
Total,,59900,121.53000000000003,,,139.18,,,,,,,,,,,,,,,,,,
,,,,,,,,,,,,,,,,,,,,,,,,
Optimal Lineup - RotoWire,POS,Salary,Projection,2025-10-12 20:25,Roster %,Result,,,,,,,,,,,,,,,,,,
Josh Allen,QB,9100,24.14,Slate: SNF-MNF,21.56,17.4,,,,,,,,,,,,,,,,,,
Jahmyr Gibbs,RB,8900,17.76,,11.13,7,,,,,,,,,,,,,,,,,,
James Cook III,RB,8600,16.04,,7.9,8.700000000000001,,,,,,,,,,,,,,,,,,
Deebo Samuel Sr.,WR,6700,12.05,,10.48,3.4,,,,,,,,,,,,,,,,,,
Khalil Shakir,WR,5800,8.96,,4.97,4.800000000000001,,,,,,,,,,,,,,,,,,
Keon Coleman,WR,5500,9.15,,6.14,2.6,,,,,,,,,,,,,,,,,,
Sam LaPorta,TE,5700,9.85,,6.16,14,,,,,,,,,,,,,,,,,,
Jacory Croskey-Merritt,FLEX,6200,11.51,,5.35,5.300000000000001,,,,,,,,,,,,,,,,,,
Chiefs,DST,3500,5.28,,0.81,2,,,,,,,,,,,,,,,,,,
Total,,60000,114.74000000000002,,,65.2,,,,,,,,,,,,,,,,,,
,,,,,,,,,,,,,,,,,,,,,,,,
Optimal Lineup - NumberFire,POS,Salary,Projection,2025-10-12 20:26,Roster %,Result,,,,,,,,,,,,,,,,,,
Jayden Daniels,QB,8400,22.6,Slate: SNF-MNF,11.36,22.64,,,,,,,,,,,,,,,,,,
Bijan Robinson,RB,9100,16.7,,11.23,35.8,,,,,,,,,,,,,,,,,,
James Cook III,RB,8600,17.3,,7.9,8.700000000000001,,,,,,,,,,,,,,,,,,
Drake London,WR,7400,13.7,,7.21,29.8,,,,,,,,,,,,,,,,,,
Khalil Shakir,WR,5800,9.5,,4.97,4.800000000000001,,,,,,,,,,,,,,,,,,
Keon Coleman,WR,5500,10.3,,6.14,2.6,,,,,,,,,,,,,,,,,,
Zach Ertz,TE,5000,8.4,,3.88,13.3,,,,,,,,,,,,,,,,,,
D'Andre Swift,FLEX,6400,12.5,,5.55,27.5,,,,,,,,,,,,,,,,,,
Chiefs,DST,3500,5.5,,0.81,2,,,,,,,,,,,,,,,,,,
Total,,59700,116.5,,,147.14,,,,,,,,,,,,,,,,,,
,,,,,,,,,,,,,,,,,,,,,,,,
Optimal Lineup - DraftEdge,POS,Salary,Projection,2025-10-12 20:26,Roster %,Result,,,,,,,,,,,,,,,,,,
Patrick Mahomes,QB,7900,25.5,Slate: SNF-MNF,6.44,31.479999999999997,,,,,,,,,,,,,,,,,,
Bijan Robinson,RB,9100,19.1,,11.23,35.8,,,,,,,,,,,,,,,,,,
Jahmyr Gibbs,RB,8900,17,,11.13,7,,,,,,,,,,,,,,,,,,
Xavier Worthy,WR,7200,15,,4.63,9.6,,,,,,,,,,,,,,,,,,
Khalil Shakir,WR,5800,11.3,,4.97,4.800000000000001,,,,,,,,,,,,,,,,,,
Keon Coleman,WR,5500,10.1,,6.14,2.6,,,,,,,,,,,,,,,,,,
Travis Kelce,TE,6000,10.2,,4.19,10.8,,,,,,,,,,,,,,,,,,
Jacory Croskey-Merritt,FLEX,6200,13.4,,5.35,5.300000000000001,,,,,,,,,,,,,,,,,,
Falcons,DST,3300,5.8,,0.22,9,,,,,,,,,,,,,,,,,,
Total,,59900,127.39999999999999,,,116.37999999999998,,,,,,,,,,,,,,,,,,
,,,,,,,,,,,,,,,,,,,,,,,,
Optimal Lineup - SportsLine,POS,Salary,Projection,2025-10-12 20:26,Roster %,Result,,,,,,,,,,,,,,,,,,
Josh Allen,QB,9100,25.46,Slate: SNF-MNF,21.56,17.4,,,,,,,,,,,,,,,,,,
Bijan Robinson,RB,9100,17.35,,11.23,35.8,,,,,,,,,,,,,,,,,,
James Cook III,RB,8600,16.64,,7.9,8.700000000000001,,,,,,,,,,,,,,,,,,
Deebo Samuel Sr.,WR,6700,14.93,,10.48,3.4,,,,,,,,,,,,,,,,,,
DJ Moore,WR,6200,10.07,,4.59,6.7,,,,,,,,,,,,,,,,,,
Luke McCaffrey,WR,5100,10.52,,0.09,9.8,,,,,,,,,,,,,,,,,,
Zach Ertz,TE,5000,9.12,,3.88,13.3,,,,,,,,,,,,,,,,,,
Jacory Croskey-Merritt,FLEX,6200,13.06,,5.35,5.300000000000001,,,,,,,,,,,,,,,,,,
Commanders,DST,3900,9.13,,1.54,5,,,,,,,,,,,,,,,,,,
Total,,59900,126.27999999999999,,,105.39999999999999,,,,,,,,,,,,,,,,,,
,,,,,,,,,,,,,,,,,,,,,,,,
Optimal Lineup - Weighted,POS,Salary,Projection,2025-10-12 20:27,Roster %,Result,,,,,,,,,,,,,,,,,,
Josh Allen,QB,9100,23.629728148148146,Slate: Mon Main,21.56,17.4,,,,,,,,,,,,,,,,,,
Bijan Robinson,RB,9100,18.288454814814816,,11.23,35.8,,,,,,,,,,,,,,,,,,
James Cook III,RB,8600,16.111161481481485,,7.9,8.700000000000001,,,,,,,,,,,,,,,,,,
Deebo Samuel Sr.,WR,6700,13.125092222222221,,10.48,3.4,,,,,,,,,,,,,,,,,,
Khalil Shakir,WR,5800,9.646146296296296,,4.97,4.800000000000001,,,,,,,,,,,,,,,,,,
Keon Coleman,WR,5500,9.076165925925924,,6.14,2.6,,,,,,,,,,,,,,,,,,
Zach Ertz,TE,5000,7.486255555555555,,3.88,13.3,,,,,,,,,,,,,,,,,,
Jacory Croskey-Merritt,FLEX,6200,13.002224444444442,,5.35,5.300000000000001,,,,,,,,,,,,,,,,,,
Commanders,DST,3900,6.712611111111112,,1.54,5,,,,,,,,,,,,,,,,,,
Total,,59900,117.07784,,,96.29999999999998,,,,,,,,,,,,,,,,,,
,,,,,,,,,,,,,,,,,,,,,,,,
Optimal Lineup - AVG,POS,Salary,Projection,2025-10-12 20:27,Roster %,Result,,,,,,,,,,,,,,,,,,
Josh Allen,QB,9100,23.571629629629633,Slate: Mon Main,21.56,17.4,,,,,,,,,,,,,,,,,,
Bijan Robinson,RB,9100,18.388962962962964,,11.23,35.8,,,,,,,,,,,,,,,,,,
James Cook III,RB,8600,16.288296296296295,,7.9,8.700000000000001,,,,,,,,,,,,,,,,,,
Deebo Samuel Sr.,WR,6700,13.387444444444444,,10.48,3.4,,,,,,,,,,,,,,,,,,
Khalil Shakir,WR,5800,9.70425925925926,,4.97,4.800000000000001,,,,,,,,,,,,,,,,,,
Keon Coleman,WR,5500,9.321185185185186,,6.14,2.6,,,,,,,,,,,,,,,,,,
Zach Ertz,TE,5000,8.04111111111111,,3.88,13.3,,,,,,,,,,,,,,,,,,
Jacory Croskey-Merritt,FLEX,6200,13.110888888888889,,5.35,5.300000000000001,,,,,,,,,,,,,,,,,,
Commanders,DST,3900,6.902222222222222,,1.54,5,,,,,,,,,,,,,,,,,,
Total,,59900,118.71600000000001,,,96.29999999999998,,,,,,,,,,,,,,,,,,
,,,,,,,,,,,,,,,,,,,,,,,,
Optimal Lineup - My Projection,POS,Salary,Projection,2025-10-12 20:27,Roster %,Result,,,,,,,,,,,,,,,,,,
Jayden Daniels,QB,8400,22.95,Slate: Mon Main,11.36,22.64,,,,,,,,,,,,,,,,,,
Bijan Robinson,RB,9100,21.86666666666667,,11.23,35.8,,,,,,,,,,,,,,,,,,
Jacory Croskey-Merritt,RB,6200,17.900000000000002,,5.35,5.300000000000001,,,,,,,,,,,,,,,,,,
Deebo Samuel Sr.,WR,6700,17.75,,10.48,3.4,,,,,,,,,,,,,,,,,,
Rome Odunze,WR,7600,17.383333333333336,,6.21,4.2,,,,,,,,,,,,,,,,,,
DJ Moore,WR,6200,14.316666666666668,,4.59,6.7,,,,,,,,,,,,,,,,,,
Zach Ertz,TE,5000,12.499999999999998,,3.88,13.3,,,,,,,,,,,,,,,,,,
Chris Rodriguez Jr.,FLEX,5100,12.216666666666667,,0.66,Not Found,,,,,,,,,,,,,,,,,,
Bills,DST,4900,9.16,,0.31,4,,,,,,,,,,,,,,,,,,
Total,,59200,146.04333333333332,,,95.34,,,,,,,,,,,,,,,,,,
,,,,,,,,,,,,,,,,,,,,,,,,
Optimal Lineup - DFF,POS,Salary,Projection,2025-10-12 20:27,Roster %,Result,,,,,,,,,,,,,,,,,,
Josh Allen,QB,9100,24.1,Slate: Mon Main,21.56,17.4,,,,,,,,,,,,,,,,,,
Bijan Robinson,RB,9100,17.8,,11.23,35.8,,,,,,,,,,,,,,,,,,
James Cook III,RB,8600,16,,7.9,8.700000000000001,,,,,,,,,,,,,,,,,,
Deebo Samuel Sr.,WR,6700,13.6,,10.48,3.4,,,,,,,,,,,,,,,,,,
Khalil Shakir,WR,5800,9.2,,4.97,4.800000000000001,,,,,,,,,,,,,,,,,,
Keon Coleman,WR,5500,9.2,,6.14,2.6,,,,,,,,,,,,,,,,,,
Zach Ertz,TE,5000,7.1,,3.88,13.3,,,,,,,,,,,,,,,,,,
Jacory Croskey-Merritt,FLEX,6200,13.2,,5.35,5.300000000000001,,,,,,,,,,,,,,,,,,
Commanders,DST,3900,6.1,,1.54,5,,,,,,,,,,,,,,,,,,
Total,,59900,116.3,,,96.29999999999998,,,,,,,,,,,,,,,,,,
,,,,,,,,,,,,,,,,,,,,,,,,
Optimal Lineup - FantasyPros,POS,Salary,Projection,2025-10-12 20:28,Roster %,Result,,,,,,,,,,,,,,,,,,
Josh Allen,QB,9100,23.120000000000005,Slate: Mon Main,21.56,17.4,,,,,,,,,,,,,,,,,,
Bijan Robinson,RB,9100,17.7,,11.23,35.8,,,,,,,,,,,,,,,,,,
James Cook III,RB,8600,16.13,,7.9,8.700000000000001,,,,,,,,,,,,,,,,,,
Deebo Samuel Sr.,WR,6700,13.29,,10.48,3.4,,,,,,,,,,,,,,,,,,
Khalil Shakir,WR,5800,9.129999999999999,,4.97,4.800000000000001,,,,,,,,,,,,,,,,,,
Keon Coleman,WR,5500,9.080000000000002,,6.14,2.6,,,,,,,,,,,,,,,,,,
Zach Ertz,TE,5000,8.07,,3.88,13.3,,,,,,,,,,,,,,,,,,
Jacory Croskey-Merritt,FLEX,6200,11.950000000000001,,5.35,5.300000000000001,,,,,,,,,,,,,,,,,,
Commanders,DST,3900,6.1,,1.54,5,,,,,,,,,,,,,,,,,,
Total,,59900,114.57000000000001,,,96.29999999999998,,,,,,,,,,,,,,,,,,
,,,,,,,,,,,,,,,,,,,,,,,,
Optimal Lineup - FootballGuys,POS,Salary,Projection,2025-10-12 20:28,Roster %,Result,,,,,,,,,,,,,,,,,,
Caleb Williams,QB,7300,19.9238,Slate: Mon Main,2.48,19.88,,,,,,,,,,,,,,,,,,
Bijan Robinson,RB,9100,18.474,,11.23,35.8,,,,,,,,,,,,,,,,,,
James Cook III,RB,8600,16.138,,7.9,8.700000000000001,,,,,,,,,,,,,,,,,,
Deebo Samuel Sr.,WR,6700,13.536999999999999,,10.48,3.4,,,,,,,,,,,,,,,,,,
Rome Odunze,WR,7600,13.884,,6.21,4.2,,,,,,,,,,,,,,,,,,
Khalil Shakir,WR,5800,9.955,,4.97,4.800000000000001,,,,,,,,,,,,,,,,,,
Kyle Pitts Sr.,TE,5300,8.94,,3.6,3.3,,,,,,,,,,,,,,,,,,
Jacory Croskey-Merritt,FLEX,6200,13.718,,5.35,5.300000000000001,,,,,,,,,,,,,,,,,,
Falcons,DST,3300,6.359999999999999,,0.22,9,,,,,,,,,,,,,,,,,,
Total,,59900,120.9298,,,94.38,,,,,,,,,,,,,,,,,,
,,,,,,,,,,,,,,,,,,,,,,,,
Optimal Lineup - FantasyLabs,POS,Salary,Projection,2025-10-12 20:28,Roster %,Result,,,,,,,,,,,,,,,,,,
Caleb Williams,QB,7300,19,Slate: Mon Main,2.48,19.88,,,,,,,,,,,,,,,,,,
Bijan Robinson,RB,9100,18.84,,11.23,35.8,,,,,,,,,,,,,,,,,,
James Cook III,RB,8600,15.78,,7.9,8.700000000000001,,,,,,,,,,,,,,,,,,
Deebo Samuel Sr.,WR,6700,12.93,,10.48,3.4,,,,,,,,,,,,,,,,,,
Drake London,WR,7400,13.95,,7.21,29.8,,,,,,,,,,,,,,,,,,
Khalil Shakir,WR,5800,9.51,,4.97,4.800000000000001,,,,,,,,,,,,,,,,,,
Zach Ertz,TE,5000,7.18,,3.88,13.3,,,,,,,,,,,,,,,,,,
Jacory Croskey-Merritt,FLEX,6200,13.66,,5.35,5.300000000000001,,,,,,,,,,,,,,,,,,
Commanders,DST,3900,7.04,,1.54,5,,,,,,,,,,,,,,,,,,
Total,,60000,117.89000000000003,,,125.97999999999999,,,,,,,,,,,,,,,,,,
,,,,,,,,,,,,,,,,,,,,,,,,
Optimal Lineup - RotoWire,POS,Salary,Projection,2025-10-12 20:28,Roster %,Result,,,,,,,,,,,,,,,,,,
Josh Allen,QB,9100,24.14,Slate: Mon Main,21.56,17.4,,,,,,,,,,,,,,,,,,
Bijan Robinson,RB,9100,17.67,,11.23,35.8,,,,,,,,,,,,,,,,,,
James Cook III,RB,8600,16.04,,7.9,8.700000000000001,,,,,,,,,,,,,,,,,,
Deebo Samuel Sr.,WR,6700,12.05,,10.48,3.4,,,,,,,,,,,,,,,,,,
Khalil Shakir,WR,5800,8.96,,4.97,4.800000000000001,,,,,,,,,,,,,,,,,,
Keon Coleman,WR,5500,9.15,,6.14,2.6,,,,,,,,,,,,,,,,,,
Zach Ertz,TE,5000,7.46,,3.88,13.3,,,,,,,,,,,,,,,,,,
Jacory Croskey-Merritt,FLEX,6200,11.51,,5.35,5.300000000000001,,,,,,,,,,,,,,,,,,
Commanders,DST,3900,6.01,,1.54,5,,,,,,,,,,,,,,,,,,
Total,,59900,112.99000000000002,,,96.29999999999998,,,,,,,,,,,,,,,,,,
,,,,,,,,,,,,,,,,,,,,,,,,
Optimal Lineup - NumberFire,POS,Salary,Projection,2025-10-12 20:28,Roster %,Result,,,,,,,,,,,,,,,,,,
Jayden Daniels,QB,8400,22.6,Slate: Mon Main,11.36,22.64,,,,,,,,,,,,,,,,,,
Bijan Robinson,RB,9100,16.7,,11.23,35.8,,,,,,,,,,,,,,,,,,
James Cook III,RB,8600,17.3,,7.9,8.700000000000001,,,,,,,,,,,,,,,,,,
Drake London,WR,7400,13.7,,7.21,29.8,,,,,,,,,,,,,,,,,,
Khalil Shakir,WR,5800,9.5,,4.97,4.800000000000001,,,,,,,,,,,,,,,,,,
Keon Coleman,WR,5500,10.3,,6.14,2.6,,,,,,,,,,,,,,,,,,
Zach Ertz,TE,5000,8.4,,3.88,13.3,,,,,,,,,,,,,,,,,,
D'Andre Swift,FLEX,6400,12.5,,5.55,27.5,,,,,,,,,,,,,,,,,,
Bears,DST,3800,4.9,,1.5,9,,,,,,,,,,,,,,,,,,
Total,,60000,115.9,,,154.14,,,,,,,,,,,,,,,,,,
,,,,,,,,,,,,,,,,,,,,,,,,
Optimal Lineup - DraftEdge,POS,Salary,Projection,2025-10-12 20:28,Roster %,Result,,,,,,,,,,,,,,,,,,
Josh Allen,QB,9100,25.7,Slate: Mon Main,21.56,17.4,,,,,,,,,,,,,,,,,,
Bijan Robinson,RB,9100,19.1,,11.23,35.8,,,,,,,,,,,,,,,,,,
Jacory Croskey-Merritt,RB,6200,13.4,,5.35,5.300000000000001,,,,,,,,,,,,,,,,,,
Rome Odunze,WR,7600,13.9,,6.21,4.2,,,,,,,,,,,,,,,,,,
Drake London,WR,7400,13.4,,7.21,29.8,,,,,,,,,,,,,,,,,,
Khalil Shakir,WR,5800,11.3,,4.97,4.800000000000001,,,,,,,,,,,,,,,,,,
Kyle Pitts Sr.,TE,5300,8,,3.6,3.3,,,,,,,,,,,,,,,,,,
Keon Coleman,FLEX,5500,10.1,,6.14,2.6,,,,,,,,,,,,,,,,,,
Commanders,DST,3900,6.1,,1.54,5,,,,,,,,,,,,,,,,,,
Total,,59900,120.99999999999999,,,108.19999999999999,,,,,,,,,,,,,,,,,,
,,,,,,,,,,,,,,,,,,,,,,,,
Optimal Lineup - SportsLine,POS,Salary,Projection,2025-10-12 20:28,Roster %,Result,,,,,,,,,,,,,,,,,,
Josh Allen,QB,9100,25.46,Slate: Mon Main,21.56,17.4,,,,,,,,,,,,,,,,,,
Bijan Robinson,RB,9100,17.35,,11.23,35.8,,,,,,,,,,,,,,,,,,
James Cook III,RB,8600,16.64,,7.9,8.700000000000001,,,,,,,,,,,,,,,,,,
Deebo Samuel Sr.,WR,6700,14.93,,10.48,3.4,,,,,,,,,,,,,,,,,,
DJ Moore,WR,6200,10.07,,4.59,6.7,,,,,,,,,,,,,,,,,,
Luke McCaffrey,WR,5100,10.52,,0.09,9.8,,,,,,,,,,,,,,,,,,
Zach Ertz,TE,5000,9.12,,3.88,13.3,,,,,,,,,,,,,,,,,,
Jacory Croskey-Merritt,FLEX,6200,13.06,,5.35,5.300000000000001,,,,,,,,,,,,,,,,,,
Commanders,DST,3900,9.13,,1.54,5,,,,,,,,,,,,,,,,,,
Total,,59900,126.27999999999999,,,105.39999999999999,,,,,,,,,,,,,,,,,,
,,,,,,,,,,,,,,,,,,,,,,,,
Optimal Lineup - Weighted,POS,Salary,Projection,2025-10-16 16:49,Roster %,Result,,,,,,,,,,,,,,,,,,
Jaylen Warren,MVP,13800,18.73,Slate: Single,6.9,31.200000000000003,,,,,,,,,,,,,,,,,,
Ja'Marr Chase,WR,13200,15.15,,10.94,33.1,,,,,,,,,,,,,,,,,,
Aaron Rodgers,QB,12600,16.26,,1.62,24.560000000000002,,,,,,,,,,,,,,,,,,
Joe Flacco,QB,11200,14.16,,0.24,28.98,,,,,,,,,,,,,,,,,,
Kenneth Gainwell,RB,6600,9.61,,3.43,2.5,,,,,,,,,,,,,,,,,,
Darnell Washington,TE,2400,4.41,,1.14,7.7,,,,,,,,,,,,,,,,,,
,,,,,0,,,,,,,,,,,,,,,,,,,
,,,,,0,,,,,,,,,,,,,,,,,,,
,,,,,0,,,,,,,,,,,,,,,,,,,
Total,,59800,78.32,,,128.04000000000002,,,,,,,,,,,,,,,,,,
,,,,,,,,,,,,,,,,,,,,,,,,
Optimal Lineup - AVG,POS,Salary,Projection,2025-10-16 16:49,Roster %,Result,,,,,,,,,,,,,,,,,,
Jaylen Warren,MVP,13800,19.11,Slate: Single,6.9,31.200000000000003,,,,,,,,,,,,,,,,,,
Ja'Marr Chase,WR,13200,15.45,,10.94,33.1,,,,,,,,,,,,,,,,,,
Aaron Rodgers,QB,12600,16.57,,1.62,24.560000000000002,,,,,,,,,,,,,,,,,,
Joe Flacco,QB,11200,14.25,,0.24,28.98,,,,,,,,,,,,,,,,,,
Kenneth Gainwell,RB,6600,9.85,,3.43,2.5,,,,,,,,,,,,,,,,,,
Darnell Washington,TE,2400,4.49,,1.14,7.7,,,,,,,,,,,,,,,,,,
,,,,,0,,,,,,,,,,,,,,,,,,,
,,,,,0,,,,,,,,,,,,,,,,,,,
,,,,,0,,,,,,,,,,,,,,,,,,,
Total,,59800,79.71999999999998,,,128.04000000000002,,,,,,,,,,,,,,,,,,
,,,,,,,,,,,,,,,,,,,,,,,,
Optimal Lineup - My Projection,POS,Salary,Projection,2025-10-16 16:50,Roster %,Result,,,,,,,,,,,,,,,,,,
Aaron Rodgers,MVP,18900,28.35,Slate: Single,1.62,36.84,,,,,,,,,,,,,,,,,,
Ja'Marr Chase,WR,13200,18.23,,10.94,33.1,,,,,,,,,,,,,,,,,,
Jaylen Warren,RB,9200,16.5,,6.9,20.8,,,,,,,,,,,,,,,,,,
Kenneth Gainwell,RB,6600,15.58,,3.43,2.5,,,,,,,,,,,,,,,,,,
Jonnu Smith,TE,5600,13.4,,3.34,10.3,,,,,,,,,,,,,,,,,,
Noah Fant,TE,5000,12.27,,2.14,12.4,,,,,,,,,,,,,,,,,,
,,,,,0,,,,,,,,,,,,,,,,,,,
,,,,,0,,,,,,,,,,,,,,,,,,,
,,,,,0,,,,,,,,,,,,,,,,,,,
Total,,58500,104.33,,,115.94,,,,,,,,,,,,,,,,,,
,,,,,,,,,,,,,,,,,,,,,,,,
Optimal Lineup - DFF,POS,Salary,Projection,2025-10-16 16:50,Roster %,Result,,,,,,,,,,,,,,,,,,
Aaron Rodgers,MVP,18900,25.2,Slate: Single,1.62,36.84,,,,,,,,,,,,,,,,,,
Ja'Marr Chase,WR,13200,15,,10.94,33.1,,,,,,,,,,,,,,,,,,
Joe Flacco,QB,11200,15.1,,0.24,28.98,,,,,,,,,,,,,,,,,,
Jaylen Warren,RB,9200,11.5,,6.9,20.8,,,,,,,,,,,,,,,,,,
Noah Fant,TE,5000,6.3,,2.14,12.4,,,,,,,,,,,,,,,,,,
Darnell Washington,TE,2400,5.1,,1.14,7.7,,,,,,,,,,,,,,,,,,
,,,,,0,,,,,,,,,,,,,,,,,,,
,,,,,0,,,,,,,,,,,,,,,,,,,
,,,,,0,,,,,,,,,,,,,,,,,,,
Total,,59900,78.2,,,139.82,,,,,,,,,,,,,,,,,,
,,,,,,,,,,,,,,,,,,,,,,,,
Optimal Lineup - FantasyPros,POS,Salary,Projection,2025-10-16 16:50,Roster %,Result,,,,,,,,,,,,,,,,,,
Aaron Rodgers,MVP,18900,25.05,Slate: Single,1.62,36.84,,,,,,,,,,,,,,,,,,
DK Metcalf,WR,12200,12.87,,8.18,6.5,,,,,,,,,,,,,,,,,,
Joe Flacco,QB,11200,12.74,,0.24,28.98,,,,,,,,,,,,,,,,,,
Jaylen Warren,RB,9200,11.92,,6.9,20.8,,,,,,,,,,,,,,,,,,
Kenneth Gainwell,RB,6600,9.23,,3.43,2.5,,,,,,,,,,,,,,,,,,
Scotty Miller,WR,1200,3.82,,0.26,Not Found,,,,,,,,,,,,,,,,,,
,,,,,0,,,,,,,,,,,,,,,,,,,
,,,,,0,,,,,,,,,,,,,,,,,,,
,,,,,0,,,,,,,,,,,,,,,,,,,
Total,,59300,75.63,,,95.62,,,,,,,,,,,,,,,,,,
,,,,,,,,,,,,,,,,,,,,,,,,
Optimal Lineup - FootballGuys,POS,Salary,Projection,2025-10-16 16:50,Roster %,Result,,,,,,,,,,,,,,,,,,
Jaylen Warren,MVP,13800,19.69,Slate: Single,6.9,31.200000000000003,,,,,,,,,,,,,,,,,,
Aaron Rodgers,QB,12600,14.13,,1.62,24.560000000000002,,,,,,,,,,,,,,,,,,
Joe Flacco,QB,11200,14.47,,0.24,28.98,,,,,,,,,,,,,,,,,,
Tee Higgins,WR,8600,9.01,,5.39,18.6,,,,,,,,,,,,,,,,,,
Steelers,DST,7200,10.7,,4.93,1,,,,,,,,,,,,,,,,,,
Kenneth Gainwell,RB,6600,9.98,,3.43,2.5,,,,,,,,,,,,,,,,,,
,,,,,0,,,,,,,,,,,,,,,,,,,
,,,,,0,,,,,,,,,,,,,,,,,,,
,,,,,0,,,,,,,,,,,,,,,,,,,
Total,,60000,77.98,,,106.84,,,,,,,,,,,,,,,,,,
,,,,,,,,,,,,,,,,,,,,,,,,
Optimal Lineup - FantasyLabs,POS,Salary,Projection,2025-10-16 16:50,Roster %,Result,,,,,,,,,,,,,,,,,,
Jaylen Warren,MVP,13800,17.88,Slate: Single,6.9,31.200000000000003,,,,,,,,,,,,,,,,,,
Ja'Marr Chase,WR,13200,14.71,,10.94,33.1,,,,,,,,,,,,,,,,,,
Aaron Rodgers,QB,12600,16.34,,1.62,24.560000000000002,,,,,,,,,,,,,,,,,,
Joe Flacco,QB,11200,14.19,,0.24,28.98,,,,,,,,,,,,,,,,,,
Kenneth Gainwell,RB,6600,8.5,,3.43,2.5,,,,,,,,,,,,,,,,,,
Darnell Washington,TE,2400,4.76,,1.14,7.7,,,,,,,,,,,,,,,,,,
,,,,,0,,,,,,,,,,,,,,,,,,,
,,,,,0,,,,,,,,,,,,,,,,,,,
,,,,,0,,,,,,,,,,,,,,,,,,,
Total,,59800,76.38000000000001,,,128.04000000000002,,,,,,,,,,,,,,,,,,
,,,,,,,,,,,,,,,,,,,,,,,,
Optimal Lineup - RotoWire,POS,Salary,Projection,2025-10-16 16:50,Roster %,Result,,,,,,,,,,,,,,,,,,
Aaron Rodgers,MVP,18900,25.38,Slate: Single,1.62,36.84,,,,,,,,,,,,,,,,,,
Ja'Marr Chase,WR,13200,14.95,,10.94,33.1,,,,,,,,,,,,,,,,,,
Joe Flacco,QB,11200,13.54,,0.24,28.98,,,,,,,,,,,,,,,,,,
Tee Higgins,WR,8600,9.91,,5.39,18.6,,,,,,,,,,,,,,,,,,
Kenneth Gainwell,RB,6600,9.64,,3.43,2.5,,,,,,,,,,,,,,,,,,
Scotty Miller,WR,1200,3.1,,0.26,Not Found,,,,,,,,,,,,,,,,,,
,,,,,0,,,,,,,,,,,,,,,,,,,
,,,,,0,,,,,,,,,,,,,,,,,,,
,,,,,0,,,,,,,,,,,,,,,,,,,
Total,,59700,76.52,,,120.02000000000001,,,,,,,,,,,,,,,,,,
,,,,,,,,,,,,,,,,,,,,,,,,
Optimal Lineup - NumberFire,POS,Salary,Projection,2025-10-16 16:50,Roster %,Result,,,,,,,,,,,,,,,,,,
Aaron Rodgers,MVP,18900,23.55,Slate: Single,1.62,36.84,,,,,,,,,,,,,,,,,,
Joe Flacco,QB,11200,13.4,,0.24,28.98,,,,,,,,,,,,,,,,,,
Chase Brown,RB,10600,12.8,,4.42,14,,,,,,,,,,,,,,,,,,
Jaylen Warren,RB,9200,11,,6.9,20.8,,,,,,,,,,,,,,,,,,
Kenneth Gainwell,RB,6600,9.2,,3.43,2.5,,,,,,,,,,,,,,,,,,
Darnell Washington,TE,2400,4.9,,1.14,7.7,,,,,,,,,,,,,,,,,,
,,,,,0,,,,,,,,,,,,,,,,,,,
,,,,,0,,,,,,,,,,,,,,,,,,,
,,,,,0,,,,,,,,,,,,,,,,,,,
Total,,58900,74.85000000000001,,,110.82000000000001,,,,,,,,,,,,,,,,,,
,,,,,,,,,,,,,,,,,,,,,,,,
Optimal Lineup - DraftEdge,POS,Salary,Projection,2025-10-16 16:51,Roster %,Result,,,,,,,,,,,,,,,,,,
Joe Flacco,MVP,16800,23.7,Slate: Single,0.24,43.47,,,,,,,,,,,,,,,,,,
Ja'Marr Chase,WR,13200,19.9,,10.94,33.1,,,,,,,,,,,,,,,,,,
Jaylen Warren,RB,9200,15.5,,6.9,20.8,,,,,,,,,,,,,,,,,,
Tee Higgins,WR,8600,13.4,,5.39,18.6,,,,,,,,,,,,,,,,,,
Kenneth Gainwell,RB,6600,10.5,,3.43,2.5,,,,,,,,,,,,,,,,,,
Noah Fant,TE,5000,8.4,,2.14,12.4,,,,,,,,,,,,,,,,,,
,,,,,0,,,,,,,,,,,,,,,,,,,
,,,,,0,,,,,,,,,,,,,,,,,,,
,,,,,0,,,,,,,,,,,,,,,,,,,
Total,,59400,91.4,,,130.87,,,,,,,,,,,,,,,,,,
,,,,,,,,,,,,,,,,,,,,,,,,
Optimal Lineup - SportsLine,POS,Salary,Projection,2025-10-16 16:51,Roster %,Result,,,,,,,,,,,,,,,,,,
Aaron Rodgers,MVP,18900,26.7,Slate: Single,1.62,36.84,,,,,,,,,,,,,,,,,,
DK Metcalf,WR,12200,15.95,,8.18,6.5,,,,,,,,,,,,,,,,,,
Joe Flacco,QB,11200,13.92,,0.24,28.98,,,,,,,,,,,,,,,,,,
Jaylen Warren,RB,9200,12.02,,6.9,20.8,,,,,,,,,,,,,,,,,,
Steelers,DST,7200,11.33,,4.93,1,,,,,,,,,,,,,,,,,,
Scotty Miller,WR,1200,2.6,,0.26,Not Found,,,,,,,,,,,,,,,,,,
,,,,,0,,,,,,,,,,,,,,,,,,,
,,,,,0,,,,,,,,,,,,,,,,,,,
,,,,,0,,,,,,,,,,,,,,,,,,,
Total,,59900,82.52,,,94.12,,,,,,,,,,,,,,,,,,
,,,,,,,,,,,,,,,,,,,,,,,,
Optimal Lineup - Weighted,POS,Salary,Projection,2025-10-19 11:49,Roster %,Result,,,,,,,,,,,,,,,,,,
Patrick Mahomes,QB,8000,23.05214814814815,Slate: Main,12.26,26.240000000000002,,,,,,,,,,,,,,,,,,
Quinshon Judkins,RB,7400,15.618851481481482,,8.1,26.4,,,,,,,,,,,,,,,,,,
Breece Hall,RB,7000,15.112005555555555,,11.73,6.200000000000001,,,,,,,,,,,,,,,,,,
CeeDee Lamb,WR,8600,16.03103111111111,,7.56,22.5,,,,,,,,,,,,,,,,,,
Chris Olave,WR,6200,11.700954074074074,,11.24,24.3,,,,,,,,,,,,,,,,,,
Michael Pittman Jr.,WR,5800,10.851614814814816,,7.65,15.3,,,,,,,,,,,,,,,,,,
Zach Ertz,TE,5100,9.48468888888889,,3.97,11.2,,,,,,,,,,,,,,,,,,
Javonte Williams,FLEX,7500,15.506664814814815,,10.67,21.3,,,,,,,,,,,,,,,,,,
Broncos,DST,4300,9.280066666666666,,10.62,5,,,,,,,,,,,,,,,,,,
Total,,59900,126.63802555555556,,,158.44,,,,,,,,,,,,,,,,,,
,,,,,,,,,,,,,,,,,,,,,,,,
Optimal Lineup - AVG,POS,Salary,Projection,2025-10-19 11:50,Roster %,Result,,,,,,,,,,,,,,,,,,
Patrick Mahomes,QB,8000,22.919629629629625,Slate: Main,12.26,26.240000000000002,,,,,,,,,,,,,,,,,,
Quinshon Judkins,RB,7400,15.789296296296296,,8.1,26.4,,,,,,,,,,,,,,,,,,
Javonte Williams,RB,7500,15.697962962962963,,10.67,21.3,,,,,,,,,,,,,,,,,,
CeeDee Lamb,WR,8600,16.500222222222224,,7.56,22.5,,,,,,,,,,,,,,,,,,
Chris Olave,WR,6200,11.736814814814814,,11.24,24.3,,,,,,,,,,,,,,,,,,
Keenan Allen,WR,6200,11.661222222222223,,8.16,26.4,,,,,,,,,,,,,,,,,,
Zach Ertz,TE,5100,9.667777777777777,,3.97,11.2,,,,,,,,,,,,,,,,,,
Jacory Croskey-Merritt,FLEX,6600,14.542481481481483,,9.68,3.7,,,,,,,,,,,,,,,,,,
Broncos,DST,4300,9.613333333333332,,10.62,5,,,,,,,,,,,,,,,,,,
Total,,59900,128.12874074074074,,,167.03999999999996,,,,,,,,,,,,,,,,,,
,,,,,,,,,,,,,,,,,,,,,,,,
Optimal Lineup - My Projection,POS,Salary,Projection,2025-10-19 11:50,Roster %,Result,,,,,,,,,,,,,,,,,,
Jayden Daniels,QB,8700,24.05,Slate: Main,18.77,19.740000000000002,,,,,,,,,,,,,,,,,,
Javonte Williams,RB,7500,18.616666666666667,,10.67,21.3,,,,,,,,,,,,,,,,,,
Jacory Croskey-Merritt,RB,6600,17.333333333333336,,9.68,3.7,,,,,,,,,,,,,,,,,,
George Pickens,WR,8000,19.849999999999998,,7.09,10.200000000000001,,,,,,,,,,,,,,,,,,
Quentin Johnston,WR,7200,17.85,,4.03,10,,,,,,,,,,,,,,,,,,
Keenan Allen,WR,6200,16.05,,8.16,26.4,,,,,,,,,,,,,,,,,,
Dallas Goedert,TE,5900,15.049999999999999,,3.7,3.3,,,,,,,,,,,,,,,,,,
Hollywood Brown,FLEX,5600,14.666666666666666,,1.61,8.4,,,,,,,,,,,,,,,,,,
Broncos,DST,4300,11.679999999999998,,10.62,5,,,,,,,,,,,,,,,,,,
Total,,60000,155.14666666666668,,,108.04,,,,,,,,,,,,,,,,,,
,,,,,,,,,,,,,,,,,,,,,,,,
Optimal Lineup - DFF,POS,Salary,Projection,2025-10-19 11:50,Roster %,Result,,,,,,,,,,,,,,,,,,
Patrick Mahomes,QB,8000,23.7,Slate: Main,12.26,26.240000000000002,,,,,,,,,,,,,,,,,,
Quinshon Judkins,RB,7400,16.2,,8.1,26.4,,,,,,,,,,,,,,,,,,
Breece Hall,RB,7000,15.5,,11.73,6.200000000000001,,,,,,,,,,,,,,,,,,
CeeDee Lamb,WR,8600,15.4,,7.56,22.5,,,,,,,,,,,,,,,,,,
Chris Olave,WR,6200,11.5,,11.24,24.3,,,,,,,,,,,,,,,,,,
Stefon Diggs,WR,5800,11.3,,9.74,10.4,,,,,,,,,,,,,,,,,,
Zach Ertz,TE,5100,9.3,,3.97,11.2,,,,,,,,,,,,,,,,,,
Javonte Williams,FLEX,7500,15.2,,10.67,21.3,,,,,,,,,,,,,,,,,,
Broncos,DST,4300,8.8,,10.62,5,,,,,,,,,,,,,,,,,,
Total,,59900,126.89999999999999,,,153.54000000000002,,,,,,,,,,,,,,,,,,
,,,,,,,,,,,,,,,,,,,,,,,,
Optimal Lineup - FantasyPros,POS,Salary,Projection,2025-10-19 11:50,Roster %,Result,,,,,,,,,,,,,,,,,,
Patrick Mahomes,QB,8000,23.7,Slate: Main,12.26,26.240000000000002,,,,,,,,,,,,,,,,,,
De'Von Achane,RB,8500,17.150000000000002,,14.14,11.3,,,,,,,,,,,,,,,,,,
Quinshon Judkins,RB,7400,14.9,,8.1,26.4,,,,,,,,,,,,,,,,,,
CeeDee Lamb,WR,8600,15.42,,7.56,22.5,,,,,,,,,,,,,,,,,,
Chris Olave,WR,6200,11.25,,11.24,24.3,,,,,,,,,,,,,,,,,,
Keenan Allen,WR,6200,10.85,,8.16,26.4,,,,,,,,,,,,,,,,,,
Zach Ertz,TE,5100,8.920000000000002,,3.97,11.2,,,,,,,,,,,,,,,,,,
Breece Hall,FLEX,7000,15.110000000000003,,11.73,6.200000000000001,,,,,,,,,,,,,,,,,,
Saints,DST,3000,6.3,,5.81,3,,,,,,,,,,,,,,,,,,
Total,,60000,123.6,,,157.53999999999996,,,,,,,,,,,,,,,,,,
,,,,,,,,,,,,,,,,,,,,,,,,
Optimal Lineup - FootballGuys,POS,Salary,Projection,2025-10-19 11:50,Roster %,Result,,,,,,,,,,,,,,,,,,
Patrick Mahomes,QB,8000,23.7,Slate: Main,12.26,26.240000000000002,,,,,,,,,,,,,,,,,,
Josh Jacobs,RB,9200,18.121000000000002,,9.69,18.3,,,,,,,,,,,,,,,,,,
Javonte Williams,RB,7500,16.535000000000004,,10.67,21.3,,,,,,,,,,,,,,,,,,
Chris Olave,WR,6200,11.788000000000002,,11.24,24.3,,,,,,,,,,,,,,,,,,
Michael Pittman Jr.,WR,5800,10.8,,7.65,15.3,,,,,,,,,,,,,,,,,,
Keenan Allen,WR,6200,10.751,,8.16,26.4,,,,,,,,,,,,,,,,,,
Trey McBride,TE,6900,12.999,,6.59,24.4,,,,,,,,,,,,,,,,,,
D'Andre Swift,FLEX,6300,14.318,,5.93,23.3,,,,,,,,,,,,,,,,,,
Browns,DST,3900,11.1,,12.66,25,,,,,,,,,,,,,,,,,,
Total,,60000,130.112,,,204.54000000000002,,,,,,,,,,,,,,,,,,
,,,,,,,,,,,,,,,,,,,,,,,,
Optimal Lineup - FantasyLabs,POS,Salary,Projection,2025-10-19 11:50,Roster %,Result,,,,,,,,,,,,,,,,,,
Patrick Mahomes,QB,8000,23.54,Slate: Main,12.26,26.240000000000002,,,,,,,,,,,,,,,,,,
Quinshon Judkins,RB,7400,16.14,,8.1,26.4,,,,,,,,,,,,,,,,,,
Breece Hall,RB,7000,14.99,,11.73,6.200000000000001,,,,,,,,,,,,,,,,,,
Justin Jefferson,WR,9000,16.07,,5.49,10.4,,,,,,,,,,,,,,,,,,
Stefon Diggs,WR,5800,11.33,,9.74,10.4,,,,,,,,,,,,,,,,,,
Michael Pittman Jr.,WR,5800,10.71,,7.65,15.3,,,,,,,,,,,,,,,,,,
Zach Ertz,TE,5100,9.5,,3.97,11.2,,,,,,,,,,,,,,,,,,
Javonte Williams,FLEX,7500,15.07,,10.67,21.3,,,,,,,,,,,,,,,,,,
Broncos,DST,4300,8.3,,10.62,5,,,,,,,,,,,,,,,,,,
Total,,59900,125.64999999999999,,,132.44,,,,,,,,,,,,,,,,,,
,,,,,,,,,,,,,,,,,,,,,,,,
Optimal Lineup - RotoWire,POS,Salary,Projection,2025-10-19 11:50,Roster %,Result,,,,,,,,,,,,,,,,,,
Patrick Mahomes,QB,8000,21.3,Slate: Main,12.26,26.240000000000002,,,,,,,,,,,,,,,,,,
De'Von Achane,RB,8500,18.58,,14.14,11.3,,,,,,,,,,,,,,,,,,
Ashton Jeanty,RB,7300,15.61,,8.98,3.9000000000000004,,,,,,,,,,,,,,,,,,
CeeDee Lamb,WR,8600,14.98,,7.56,22.5,,,,,,,,,,,,,,,,,,
Chris Olave,WR,6200,11.42,,11.24,24.3,,,,,,,,,,,,,,,,,,
Stefon Diggs,WR,5800,10.96,,9.74,10.4,,,,,,,,,,,,,,,,,,
Zach Ertz,TE,5100,9.26,,3.97,11.2,,,,,,,,,,,,,,,,,,
Jacory Croskey-Merritt,FLEX,6600,15.7,,9.68,3.7,,,,,,,,,,,,,,,,,,
Panthers,DST,3700,6.86,,17.84,17,,,,,,,,,,,,,,,,,,
Total,,59800,124.67,,,130.54000000000002,,,,,,,,,,,,,,,,,,
,,,,,,,,,,,,,,,,,,,,,,,,
Optimal Lineup - NumberFire,POS,Salary,Projection,2025-10-19 11:50,Roster %,Result,,,,,,,,,,,,,,,,,,
Jayden Daniels,QB,8700,22,Slate: Main,18.77,19.740000000000002,,,,,,,,,,,,,,,,,,
Quinshon Judkins,RB,7400,16.1,,8.1,26.4,,,,,,,,,,,,,,,,,,
Breece Hall,RB,7000,14.6,,11.73,6.200000000000001,,,,,,,,,,,,,,,,,,
CeeDee Lamb,WR,8600,15.1,,7.56,22.5,,,,,,,,,,,,,,,,,,
Keenan Allen,WR,6200,11.7,,8.16,26.4,,,,,,,,,,,,,,,,,,
Alec Pierce,WR,5200,9.5,,1.55,12.3,,,,,,,,,,,,,,,,,,
Tucker Kraft,TE,6300,11.3,,4.32,14.3,,,,,,,,,,,,,,,,,,
D'Andre Swift,FLEX,6300,13.5,,5.93,23.3,,,,,,,,,,,,,,,,,,
Broncos,DST,4300,8.8,,10.62,5,,,,,,,,,,,,,,,,,,
Total,,60000,122.6,,,156.14000000000001,,,,,,,,,,,,,,,,,,
,,,,,,,,,,,,,,,,,,,,,,,,
Optimal Lineup - DraftEdge,POS,Salary,Projection,2025-10-19 11:50,Roster %,Result,,,,,,,,,,,,,,,,,,
Patrick Mahomes,QB,8000,23.3,Slate: Main,12.26,26.240000000000002,,,,,,,,,,,,,,,,,,
Breece Hall,RB,7000,18.6,,11.73,6.200000000000001,,,,,,,,,,,,,,,,,,
Jacory Croskey-Merritt,RB,6600,16.2,,9.68,3.7,,,,,,,,,,,,,,,,,,
CeeDee Lamb,WR,8600,21.9,,7.56,22.5,,,,,,,,,,,,,,,,,,
Rashee Rice,WR,7500,17.8,,8.11,19.7,,,,,,,,,,,,,,,,,,
Chris Olave,WR,6200,14.1,,11.24,24.3,,,,,,,,,,,,,,,,,,
Trey McBride,TE,6900,16.2,,6.59,24.4,,,,,,,,,,,,,,,,,,
Kimani Vidal,FLEX,6200,15.9,,7.07,5.5,,,,,,,,,,,,,,,,,,
Saints,DST,3000,7.2,,5.81,3,,,,,,,,,,,,,,,,,,
Total,,60000,151.2,,,135.54,,,,,,,,,,,,,,,,,,
,,,,,,,,,,,,,,,,,,,,,,,,
Optimal Lineup - SportsLine,POS,Salary,Projection,2025-10-19 11:50,Roster %,Result,,,,,,,,,,,,,,,,,,
Patrick Mahomes,QB,8000,24.17,Slate: Main,12.26,26.240000000000002,,,,,,,,,,,,,,,,,,
Quinshon Judkins,RB,7400,15.31,,8.1,26.4,,,,,,,,,,,,,,,,,,
Breece Hall,RB,7000,14.29,,11.73,6.200000000000001,,,,,,,,,,,,,,,,,,
CeeDee Lamb,WR,8600,16.56,,7.56,22.5,,,,,,,,,,,,,,,,,,
Michael Pittman Jr.,WR,5800,10.8,,7.65,15.3,,,,,,,,,,,,,,,,,,
Keenan Allen,WR,6200,12.39,,8.16,26.4,,,,,,,,,,,,,,,,,,
Zach Ertz,TE,5100,9.63,,3.97,11.2,,,,,,,,,,,,,,,,,,
Javonte Williams,FLEX,7500,15.13,,10.67,21.3,,,,,,,,,,,,,,,,,,
Eagles,DST,4400,12.7,,0.66,12,,,,,,,,,,,,,,,,,,
Total,,60000,130.98,,,167.54,,,,,,,,,,,,,,,,,,
,,,,,,,,,,,,,,,,,,,,,,,,
Optimal Lineup - Weighted,POS,Salary,Projection,2025-10-19 11:52,Roster %,Result,,,,,,,,,,,,,,,,,,
Patrick Mahomes,QB,8000,23.05214814814815,Slate: Main,12.26,26.240000000000002,,,,,,,,,,,,,,,,,,
Quinshon Judkins,RB,7400,15.618851481481482,GPP Plays: 3 @ <5%,8.1,26.4,,,,,,,,,,,,,,,,,,
Breece Hall,RB,7000,15.112005555555555,,11.73,6.200000000000001,,,,,,,,,,,,,,,,,,
CeeDee Lamb,WR,8600,16.03103111111111,,7.56,22.5,,,,,,,,,,,,,,,,,,
Chris Olave,WR,6200,11.700954074074074,,11.24,24.3,,,,,,,,,,,,,,,,,,
Quentin Johnston,WR,7200,11.821425555555557,,4.03,10,,,,,,,,,,,,,,,,,,
Zach Ertz,TE,5100,9.48468888888889,,3.97,11.2,,,,,,,,,,,,,,,,,,
Jacory Croskey-Merritt,FLEX,6600,14.423597407407406,,9.68,3.7,,,,,,,,,,,,,,,,,,
Dolphins,DST,3800,7.821933333333334,,4.62,1,,,,,,,,,,,,,,,,,,
Total,,59900,125.06663555555556,,,131.54,,,,,,,,,,,,,,,,,,
,,,,,,,,,,,,,,,,,,,,,,,,
Optimal Lineup - Weighted,POS,Salary,Projection,2025-10-19 11:52,Roster %,Result,,,,,,,,,,,,,,,,,,
Patrick Mahomes,QB,8000,23.05214814814815,Slate: Main,12.26,26.240000000000002,,,,,,,,,,,,,,,,,,
Quinshon Judkins,RB,7400,15.618851481481482,QB/WR Stack,8.1,26.4,,,,,,,,,,,,,,,,,,
Breece Hall,RB,7000,15.112005555555555,,11.73,6.200000000000001,,,,,,,,,,,,,,,,,,
CeeDee Lamb,WR,8600,16.03103111111111,,7.56,22.5,,,,,,,,,,,,,,,,,,
Rashee Rice,WR,7500,13.180818888888886,,8.11,19.7,,,,,,,,,,,,,,,,,,
Michael Pittman Jr.,WR,5800,10.851614814814816,,7.65,15.3,,,,,,,,,,,,,,,,,,
Zach Ertz,TE,5100,9.48468888888889,,3.97,11.2,,,,,,,,,,,,,,,,,,
Jacory Croskey-Merritt,FLEX,6600,14.423597407407406,,9.68,3.7,,,,,,,,,,,,,,,,,,
Browns,DST,3900,8.037688888888889,,12.66,25,,,,,,,,,,,,,,,,,,
Total,,59900,125.79244518518517,,,156.24,,,,,,,,,,,,,,,,,,
,,,,,,,,,,,,,,,,,,,,,,,,
Optimal Lineup - Weighted,POS,Salary,Projection,2025-10-19 19:47,Roster %,Result,,,,,,,,,,,,,,,,,,
Michael Penix Jr.,QB,6700,15.409980000000003,Slate: SNF-MNF,0.64,14.24,,,,,,,,,,,,,,,,,,
Christian McCaffrey,RB,9600,20.302768888888888,,18.15,38.6,,,,,,,,,,,,,,,,,,
Bijan Robinson,RB,9300,19.768093333333336,,13.54,18.2,,,,,,,,,,,,,,,,,,
Drake London,WR,7900,14.273828148148151,,9.19,6.2,,,,,,,,,,,,,,,,,,
Kendrick Bourne,WR,6200,9.703891111111112,,6.26,2.4000000000000004,,,,,,,,,,,,,,,,,,
Cooper Kupp,WR,5400,8.792094814814815,,5.1,2.7,,,,,,,,,,,,,,,,,,
George Kittle,TE,5800,10.842173333333333,,6.48,0,,,,,,,,,,,,,,,,,,
Sam LaPorta,FLEX,5900,10.647845925925926,,6.47,3,,,,,,,,,,,,,,,,,,
Falcons,DST,3200,7.1276222222222225,,4.11,4,,,,,,,,,,,,,,,,,,
Total,,60000,116.8682977777778,,,89.34000000000002,,,,,,,,,,,,,,,,,,
,,,,,,,,,,,,,,,,,,,,,,,,
Optimal Lineup - AVG,POS,Salary,Projection,2025-10-19 19:47,Roster %,Result,,,,,,,,,,,,,,,,,,
Michael Penix Jr.,QB,6700,15.526000000000002,Slate: SNF-MNF,0.64,14.24,,,,,,,,,,,,,,,,,,
Christian McCaffrey,RB,9600,20.253777777777778,,18.15,38.6,,,,,,,,,,,,,,,,,,
Bijan Robinson,RB,9300,19.713666666666665,,13.54,18.2,,,,,,,,,,,,,,,,,,
Drake London,WR,7900,14.26562962962963,,9.19,6.2,,,,,,,,,,,,,,,,,,
Kendrick Bourne,WR,6200,9.783222222222221,,6.26,2.4000000000000004,,,,,,,,,,,,,,,,,,
Cooper Kupp,WR,5400,8.843962962962962,,5.1,2.7,,,,,,,,,,,,,,,,,,
George Kittle,TE,5800,10.919666666666668,,6.48,0,,,,,,,,,,,,,,,,,,
Sam LaPorta,FLEX,5900,10.924185185185186,,6.47,3,,,,,,,,,,,,,,,,,,
Falcons,DST,3200,7.434444444444446,,4.11,4,,,,,,,,,,,,,,,,,,
Total,,60000,117.66455555555557,,,89.34000000000002,,,,,,,,,,,,,,,,,,
,,,,,,,,,,,,,,,,,,,,,,,,
Optimal Lineup - My Projection,POS,Salary,Projection,2025-10-19 19:47,Roster %,Result,,,,,,,,,,,,,,,,,,
Jared Goff,QB,8000,22.400000000000002,Slate: SNF-MNF,8.15,13.34,,,,,,,,,,,,,,,,,,
Bijan Robinson,RB,9300,22.849999999999998,,13.54,18.2,,,,,,,,,,,,,,,,,,
David Montgomery,RB,6200,16.13333333333333,,3.5,4.9,,,,,,,,,,,,,,,,,,
Amon-Ra St. Brown,WR,9100,19.599999999999998,,16.74,17.6,,,,,,,,,,,,,,,,,,
Mike Evans,WR,7800,16.883333333333333,,8.86,0,,,,,,,,,,,,,,,,,,
Tez Johnson,WR,5300,11.983333333333334,,2.12,13.8,,,,,,,,,,,,,,,,,,
Sam LaPorta,TE,5900,14.816666666666665,,6.47,3,,,,,,,,,,,,,,,,,,
Dalton Schultz,FLEX,5100,10.983333333333333,,2.34,14.3,,,,,,,,,,,,,,,,,,
Falcons,DST,3200,10.559999999999999,,4.11,4,,,,,,,,,,,,,,,,,,
Total,,59900,146.20999999999998,,,89.14,,,,,,,,,,,,,,,,,,
,,,,,,,,,,,,,,,,,,,,,,,,
Optimal Lineup - DFF,POS,Salary,Projection,2025-10-19 19:48,Roster %,Result,,,,,,,,,,,,,,,,,,
Mac Jones,QB,7200,17.8,Slate: SNF-MNF,0,6.18,,,,,,,,,,,,,,,,,,
Christian McCaffrey,RB,9600,21,,18.15,38.6,,,,,,,,,,,,,,,,,,
Bijan Robinson,RB,9300,20.5,,13.54,18.2,,,,,,,,,,,,,,,,,,
Kendrick Bourne,WR,6200,10,,6.26,2.4000000000000004,,,,,,,,,,,,,,,,,,
Cooper Kupp,WR,5400,8.7,,5.1,2.7,,,,,,,,,,,,,,,,,,
Tez Johnson,WR,5300,6.8,,2.12,13.8,,,,,,,,,,,,,,,,,,
George Kittle,TE,5800,10.9,,6.48,0,,,,,,,,,,,,,,,,,,
Rachaad White,FLEX,7700,15.3,,9.7,6.4,,,,,,,,,,,,,,,,,,
Falcons,DST,3200,6.8,,4.11,4,,,,,,,,,,,,,,,,,,
Total,,59700,117.8,,,92.28000000000002,,,,,,,,,,,,,,,,,,
,,,,,,,,,,,,,,,,,,,,,,,,
Optimal Lineup - FantasyPros,POS,Salary,Projection,2025-10-19 19:48,Roster %,Result,,,,,,,,,,,,,,,,,,
Michael Penix Jr.,QB,6700,15.254000000000003,Slate: SNF-MNF,0.64,14.24,,,,,,,,,,,,,,,,,,
Christian McCaffrey,RB,9600,19.26,,18.15,38.6,,,,,,,,,,,,,,,,,,
Bijan Robinson,RB,9300,18.87,,13.54,18.2,,,,,,,,,,,,,,,,,,
Drake London,WR,7900,12.89,,9.19,6.2,,,,,,,,,,,,,,,,,,
Kendrick Bourne,WR,6200,9.67,,6.26,2.4000000000000004,,,,,,,,,,,,,,,,,,
Cooper Kupp,WR,5400,8.35,,5.1,2.7,,,,,,,,,,,,,,,,,,
George Kittle,TE,5800,10.34,,6.48,0,,,,,,,,,,,,,,,,,,
Sam LaPorta,FLEX,5900,9.72,,6.47,3,,,,,,,,,,,,,,,,,,
Falcons,DST,3200,6.8,,4.11,4,,,,,,,,,,,,,,,,,,
Total,,60000,111.154,,,89.34000000000002,,,,,,,,,,,,,,,,,,
,,,,,,,,,,,,,,,,,,,,,,,,
Optimal Lineup - FootballGuys,POS,Salary,Projection,2025-10-19 19:48,Roster %,Result,,,,,,,,,,,,,,,,,,
Mac Jones,QB,7200,17.7656,Slate: SNF-MNF,0,6.18,,,,,,,,,,,,,,,,,,
Christian McCaffrey,RB,9600,20.334,,18.15,38.6,,,,,,,,,,,,,,,,,,
Bijan Robinson,RB,9300,20.333,,13.54,18.2,,,,,,,,,,,,,,,,,,
Drake London,WR,7900,14.864,,9.19,6.2,,,,,,,,,,,,,,,,,,
Kendrick Bourne,WR,6200,8.679,,6.26,2.4000000000000004,,,,,,,,,,,,,,,,,,
Cooper Kupp,WR,5400,8.199,,5.1,2.7,,,,,,,,,,,,,,,,,,
Sam LaPorta,TE,5900,10.531,,6.47,3,,,,,,,,,,,,,,,,,,
Kyle Pitts Sr.,FLEX,5300,8.248,,2.99,9.7,,,,,,,,,,,,,,,,,,
Falcons,DST,3200,8.260000000000002,,4.11,4,,,,,,,,,,,,,,,,,,
Total,,60000,117.21360000000001,,,90.98000000000002,,,,,,,,,,,,,,,,,,
,,,,,,,,,,,,,,,,,,,,,,,,
Optimal Lineup - FantasyLabs,POS,Salary,Projection,2025-10-19 19:48,Roster %,Result,,,,,,,,,,,,,,,,,,
Mac Jones,QB,7200,17.67,Slate: SNF-MNF,0,6.18,,,,,,,,,,,,,,,,,,
Bijan Robinson,RB,9300,19.01,,13.54,18.2,,,,,,,,,,,,,,,,,,
Zach Charbonnet,RB,6000,9.13,,1.76,18.5,,,,,,,,,,,,,,,,,,
Amon-Ra St. Brown,WR,9100,16.81,,16.74,17.6,,,,,,,,,,,,,,,,,,
Drake London,WR,7900,14.07,,9.19,6.2,,,,,,,,,,,,,,,,,,
Cooper Kupp,WR,5400,8.45,,5.1,2.7,,,,,,,,,,,,,,,,,,
George Kittle,TE,5800,10.77,,6.48,0,,,,,,,,,,,,,,,,,,
Sam LaPorta,FLEX,5900,10.26,,6.47,3,,,,,,,,,,,,,,,,,,
Falcons,DST,3200,6.62,,4.11,4,,,,,,,,,,,,,,,,,,
Total,,59800,112.79,,,76.38,,,,,,,,,,,,,,,,,,
,,,,,,,,,,,,,,,,,,,,,,,,
Optimal Lineup - RotoWire,POS,Salary,Projection,2025-10-19 19:48,Roster %,Result,,,,,,,,,,,,,,,,,,
Michael Penix Jr.,QB,6700,14.76,Slate: SNF-MNF,0.64,14.24,,,,,,,,,,,,,,,,,,
Bijan Robinson,RB,9300,19.02,,13.54,18.2,,,,,,,,,,,,,,,,,,
Rachaad White,RB,7700,15.46,,9.7,6.4,,,,,,,,,,,,,,,,,,
Jaxon Smith-Njigba,WR,9400,19.83,,12.87,25.3,,,,,,,,,,,,,,,,,,
Kendrick Bourne,WR,6200,9.69,,6.26,2.4000000000000004,,,,,,,,,,,,,,,,,,
Cooper Kupp,WR,5400,8.64,,5.1,2.7,,,,,,,,,,,,,,,,,,
George Kittle,TE,5800,10.22,,6.48,0,,,,,,,,,,,,,,,,,,
David Montgomery,FLEX,6200,10.58,,3.5,4.9,,,,,,,,,,,,,,,,,,
Falcons,DST,3200,5.49,,4.11,4,,,,,,,,,,,,,,,,,,
Total,,59900,113.68999999999998,,,78.14000000000001,,,,,,,,,,,,,,,,,,
,,,,,,,,,,,,,,,,,,,,,,,,
Optimal Lineup - NumberFire,POS,Salary,Projection,2025-10-19 19:48,Roster %,Result,,,,,,,,,,,,,,,,,,
Michael Penix Jr.,QB,6700,16.9,Slate: SNF-MNF,0.64,14.24,,,,,,,,,,,,,,,,,,
Christian McCaffrey,RB,9600,20.6,,18.15,38.6,,,,,,,,,,,,,,,,,,
Bijan Robinson,RB,9300,16.8,,13.54,18.2,,,,,,,,,,,,,,,,,,
Nico Collins,WR,8200,14.6,,7.76,4.7,,,,,,,,,,,,,,,,,,
Cooper Kupp,WR,5400,9.7,,5.1,2.7,,,,,,,,,,,,,,,,,,
Sterling Shepard,WR,6000,9.3,,1.6,4,,,,,,,,,,,,,,,,,,
George Kittle,TE,5800,8.6,,6.48,0,,,,,,,,,,,,,,,,,,
Woody Marks,FLEX,5800,11.3,,1.21,11,,,,,,,,,,,,,,,,,,
Falcons,DST,3200,6.8,,4.11,4,,,,,,,,,,,,,,,,,,
Total,,60000,114.59999999999998,,,97.44000000000001,,,,,,,,,,,,,,,,,,
,,,,,,,,,,,,,,,,,,,,,,,,
Optimal Lineup - DraftEdge,POS,Salary,Projection,2025-10-19 19:48,Roster %,Result,,,,,,,,,,,,,,,,,,
Michael Penix Jr.,QB,6700,16.4,Slate: SNF-MNF,0.64,14.24,,,,,,,,,,,,,,,,,,
Christian McCaffrey,RB,9600,25.5,,18.15,38.6,,,,,,,,,,,,,,,,,,
Rachaad White,RB,7700,17.4,,9.7,6.4,,,,,,,,,,,,,,,,,,
Drake London,WR,7900,19,,9.19,6.2,,,,,,,,,,,,,,,,,,
Mike Evans,WR,7800,19.5,,8.86,0,,,,,,,,,,,,,,,,,,
Cooper Kupp,WR,5400,10.9,,5.1,2.7,,,,,,,,,,,,,,,,,,
George Kittle,TE,5800,15.2,,6.48,0,,,,,,,,,,,,,,,,,,
Sam LaPorta,FLEX,5900,13.7,,6.47,3,,,,,,,,,,,,,,,,,,
Falcons,DST,3200,7.2,,4.11,4,,,,,,,,,,,,,,,,,,
Total,,60000,144.79999999999998,,,75.14,,,,,,,,,,,,,,,,,,
,,,,,,,,,,,,,,,,,,,,,,,,
Optimal Lineup - SportsLine,POS,Salary,Projection,2025-10-19 19:49,Roster %,Result,,,,,,,,,,,,,,,,,,
Baker Mayfield,QB,8400,20.54,Slate: SNF-MNF,6.93,12.120000000000001,,,,,,,,,,,,,,,,,,
Christian McCaffrey,RB,9600,20.39,,18.15,38.6,,,,,,,,,,,,,,,,,,
Rachaad White,RB,7700,13.67,,9.7,6.4,,,,,,,,,,,,,,,,,,
Amon-Ra St. Brown,WR,9100,16.61,,16.74,17.6,,,,,,,,,,,,,,,,,,
Tez Johnson,WR,5300,8.3,,2.12,13.8,,,,,,,,,,,,,,,,,,
Tory Horton,WR,4600,6.61,,0.85,0,,,,,,,,,,,,,,,,,,
George Kittle,TE,5800,10.56,,6.48,0,,,,,,,,,,,,,,,,,,
David Montgomery,FLEX,6200,11.05,,3.5,4.9,,,,,,,,,,,,,,,,,,
Falcons,DST,3200,8.38,,4.11,4,,,,,,,,,,,,,,,,,,
Total,,59900,116.11,,,97.42,,,,,,,,,,,,,,,,,,
,,,,,,,,,,,,,,,,,,,,,,,,
Optimal Lineup - Weighted,POS,Salary,Projection,2025-10-23 16:09,Roster %,Result,,,,,,,,,,,,,,,,,,
Kimani Vidal,MVP,13200,17.82,Slate: Single,6.13,33.300000000000004,,,,,,,,,,,,,,,,,,
Justin Herbert,QB,13000,19.77,,8.13,26.28,,,,,,,,,,,,,,,,,,
Carson Wentz,QB,11400,16.04,,0.38,8.76,,,,,,,,,,,,,,,,,,
Jordan Addison,WR,8400,10.4,,4.63,10.1,,,,,,,,,,,,,,,,,,
Ladd McConkey,WR,7800,11.45,,9.39,17.8,,,,,,,,,,,,,,,,,,
Chargers,DST,6200,7.24,,2.2,11,,,,,,,,,,,,,,,,,,
,,,,,0,,,,,,,,,,,,,,,,,,,
,,,,,0,,,,,,,,,,,,,,,,,,,
,,,,,0,,,,,,,,,,,,,,,,,,,
Total,,60000,82.72,,,107.24,,,,,,,,,,,,,,,,,,
,,,,,,,,,,,,,,,,,,,,,,,,
Optimal Lineup - AVG,POS,Salary,Projection,2025-10-23 16:09,Roster %,Result,,,,,,,,,,,,,,,,,,
Kimani Vidal,MVP,13200,17.93,Slate: Single,6.13,33.300000000000004,,,,,,,,,,,,,,,,,,
Justin Herbert,QB,13000,19.58,,8.13,26.28,,,,,,,,,,,,,,,,,,
Carson Wentz,QB,11400,15.94,,0.38,8.76,,,,,,,,,,,,,,,,,,
Jordan Addison,WR,8400,10.6,,4.63,10.1,,,,,,,,,,,,,,,,,,
Ladd McConkey,WR,7800,11.57,,9.39,17.8,,,,,,,,,,,,,,,,,,
Chargers,DST,6200,7.76,,2.2,11,,,,,,,,,,,,,,,,,,
,,,,,0,,,,,,,,,,,,,,,,,,,
,,,,,0,,,,,,,,,,,,,,,,,,,
,,,,,0,,,,,,,,,,,,,,,,,,,
Total,,60000,83.38000000000001,,,107.24,,,,,,,,,,,,,,,,,,
,,,,,,,,,,,,,,,,,,,,,,,,
Optimal Lineup - My Projection,POS,Salary,Projection,2025-10-23 16:09,Roster %,Result,,,,,,,,,,,,,,,,,,
Ladd McConkey,MVP,11700,19.52,Slate: Single,9.39,26.700000000000003,,,,,,,,,,,,,,,,,,
Justin Herbert,QB,13000,18.65,,8.13,26.28,,,,,,,,,,,,,,,,,,
Jordan Mason,RB,10600,15.02,,3.13,1.1,,,,,,,,,,,,,,,,,,
Jordan Addison,WR,8400,12.78,,4.63,10.1,,,,,,,,,,,,,,,,,,
Aaron Jones Sr.,RB,8200,13.28,,0.54,Not Found,,,,,,,,,,,,,,,,,,
Oronde Gadsden II,TE,8000,12.32,,3.71,16.2,,,,,,,,,,,,,,,,,,
,,,,,0,,,,,,,,,,,,,,,,,,,
,,,,,0,,,,,,,,,,,,,,,,,,,
,,,,,0,,,,,,,,,,,,,,,,,,,
Total,,59900,91.57,,,80.38000000000001,,,,,,,,,,,,,,,,,,
,,,,,,,,,,,,,,,,,,,,,,,,
Optimal Lineup - DFF,POS,Salary,Projection,2025-10-23 16:09,Roster %,Result,,,,,,,,,,,,,,,,,,
Justin Herbert,MVP,19500,31.05,Slate: Single,8.13,39.42,,,,,,,,,,,,,,,,,,
Carson Wentz,QB,11400,16.2,,0.38,8.76,,,,,,,,,,,,,,,,,,
Jordan Mason,RB,10600,13.5,,3.13,1.1,,,,,,,,,,,,,,,,,,
Kimani Vidal,RB,8800,12.9,,6.13,22.200000000000003,,,,,,,,,,,,,,,,,,
Ladd McConkey,WR,7800,11.7,,9.39,17.8,,,,,,,,,,,,,,,,,,
Nyheim Miller-Hines,RB,1000,1.8,,1.8,Not Found,,,,,,,,,,,,,,,,,,
,,,,,0,,,,,,,,,,,,,,,,,,,
,,,,,0,,,,,,,,,,,,,,,,,,,
,,,,,0,,,,,,,,,,,,,,,,,,,
Total,,59100,87.15,,,89.28,,,,,,,,,,,,,,,,,,
,,,,,,,,,,,,,,,,,,,,,,,,
Optimal Lineup - FantasyPros,POS,Salary,Projection,2025-10-23 16:10,Roster %,Result,,,,,,,,,,,,,,,,,,
Justin Herbert,MVP,19500,28.91,Slate: Single,8.13,39.42,,,,,,,,,,,,,,,,,,
Carson Wentz,QB,11400,15.76,,0.38,8.76,,,,,,,,,,,,,,,,,,
Kimani Vidal,RB,8800,10.37,,6.13,22.200000000000003,,,,,,,,,,,,,,,,,,
Jordan Addison,WR,8400,10.02,,4.63,10.1,,,,,,,,,,,,,,,,,,
Ladd McConkey,WR,7800,10.71,,9.39,17.8,,,,,,,,,,,,,,,,,,
Zavier Scott,RB,3800,4.07,,0.01,3.4000000000000004,,,,,,,,,,,,,,,,,,
,,,,,0,,,,,,,,,,,,,,,,,,,
,,,,,0,,,,,,,,,,,,,,,,,,,
,,,,,0,,,,,,,,,,,,,,,,,,,
Total,,59700,79.84,,,101.67999999999999,,,,,,,,,,,,,,,,,,
,,,,,,,,,,,,,,,,,,,,,,,,
Optimal Lineup - FootballGuys,POS,Salary,Projection,2025-10-23 16:10,Roster %,Result,,,,,,,,,,,,,,,,,,
Carson Wentz,MVP,17100,25.83,Slate: Single,0.38,13.14,,,,,,,,,,,,,,,,,,
Justin Herbert,QB,13000,19.61,,8.13,26.28,,,,,,,,,,,,,,,,,,
Quentin Johnston,WR,9200,12.25,,8.11,Not Found,,,,,,,,,,,,,,,,,,
Kimani Vidal,RB,8800,12.96,,6.13,22.200000000000003,,,,,,,,,,,,,,,,,,
Ladd McConkey,WR,7800,11.65,,9.39,17.8,,,,,,,,,,,,,,,,,,
Zavier Scott,RB,3800,4.03,,0.01,3.4000000000000004,,,,,,,,,,,,,,,,,,
,,,,,0,,,,,,,,,,,,,,,,,,,
,,,,,0,,,,,,,,,,,,,,,,,,,
,,,,,0,,,,,,,,,,,,,,,,,,,
Total,,59700,86.33000000000001,,,82.82000000000001,,,,,,,,,,,,,,,,,,
,,,,,,,,,,,,,,,,,,,,,,,,
Optimal Lineup - FantasyLabs,POS,Salary,Projection,2025-10-23 16:10,Roster %,Result,,,,,,,,,,,,,,,,,,
Kimani Vidal,MVP,13200,19.44,Slate: Single,6.13,33.300000000000004,,,,,,,,,,,,,,,,,,
Justin Herbert,QB,13000,20.73,,8.13,26.28,,,,,,,,,,,,,,,,,,
Carson Wentz,QB,11400,16.28,,0.38,8.76,,,,,,,,,,,,,,,,,,
Jordan Addison,WR,8400,11.15,,4.63,10.1,,,,,,,,,,,,,,,,,,
Ladd McConkey,WR,7800,11.27,,9.39,17.8,,,,,,,,,,,,,,,,,,
Chargers,DST,6200,6.74,,2.2,11,,,,,,,,,,,,,,,,,,
,,,,,0,,,,,,,,,,,,,,,,,,,
,,,,,0,,,,,,,,,,,,,,,,,,,
,,,,,0,,,,,,,,,,,,,,,,,,,
Total,,60000,85.61,,,107.24,,,,,,,,,,,,,,,,,,
,,,,,,,,,,,,,,,,,,,,,,,,
Optimal Lineup - RotoWire,POS,Salary,Projection,2025-10-23 16:11,Roster %,Result,,,,,,,,,,,,,,,,,,
Justin Herbert,MVP,19500,29.38,Slate: Single,8.13,39.42,,,,,,,,,,,,,,,,,,
Carson Wentz,QB,11400,14.93,,0.38,8.76,,,,,,,,,,,,,,,,,,
Jordan Mason,RB,10600,10.56,,3.13,1.1,,,,,,,,,,,,,,,,,,
Kimani Vidal,RB,8800,11.01,,6.13,22.200000000000003,,,,,,,,,,,,,,,,,,
Ladd McConkey,WR,7800,11.07,,9.39,17.8,,,,,,,,,,,,,,,,,,
Nyheim Miller-Hines,RB,1000,1.8,,1.8,Not Found,,,,,,,,,,,,,,,,,,
,,,,,0,,,,,,,,,,,,,,,,,,,
,,,,,0,,,,,,,,,,,,,,,,,,,
,,,,,0,,,,,,,,,,,,,,,,,,,
Total,,59100,78.75000000000001,,,89.28,,,,,,,,,,,,,,,,,,
,,,,,,,,,,,,,,,,,,,,,,,,
Optimal Lineup - NumberFire,POS,Salary,Projection,2025-10-23 16:11,Roster %,Result,,,,,,,,,,,,,,,,,,
Justin Herbert,MVP,19500,29.7,Slate: Single,8.13,39.42,,,,,,,,,,,,,,,,,,
Carson Wentz,QB,11400,15.7,,0.38,8.76,,,,,,,,,,,,,,,,,,
Keenan Allen,WR,10200,10.7,,6.25,6.4,,,,,,,,,,,,,,,,,,
Quentin Johnston,WR,9200,10.6,,8.11,Not Found,,,,,,,,,,,,,,,,,,
Ladd McConkey,WR,7800,10.3,,9.39,17.8,,,,,,,,,,,,,,,,,,
Nyheim Miller-Hines,RB,1000,1.8,,1.8,Not Found,,,,,,,,,,,,,,,,,,
,,,,,0,,,,,,,,,,,,,,,,,,,
,,,,,0,,,,,,,,,,,,,,,,,,,
,,,,,0,,,,,,,,,,,,,,,,,,,
Total,,59100,78.79999999999998,,,72.38,,,,,,,,,,,,,,,,,,
,,,,,,,,,,,,,,,,,,,,,,,,
Optimal Lineup - DraftEdge,POS,Salary,Projection,2025-10-23 16:11,Roster %,Result,,,,,,,,,,,,,,,,,,
Justin Herbert,MVP,19500,29.55,Slate: Single,8.13,39.42,,,,,,,,,,,,,,,,,,
Kimani Vidal,RB,8800,14.5,,6.13,22.200000000000003,,,,,,,,,,,,,,,,,,
Jordan Addison,WR,8400,12.3,,4.63,10.1,,,,,,,,,,,,,,,,,,
Oronde Gadsden II,TE,8000,11.4,,3.71,16.2,,,,,,,,,,,,,,,,,,
Ladd McConkey,WR,7800,14.3,,9.39,17.8,,,,,,,,,,,,,,,,,,
T.J. Hockenson,TE,7200,9.9,,3.44,3.6,,,,,,,,,,,,,,,,,,
,,,,,0,,,,,,,,,,,,,,,,,,,
,,,,,0,,,,,,,,,,,,,,,,,,,
,,,,,0,,,,,,,,,,,,,,,,,,,
Total,,59700,91.95,,,109.32,,,,,,,,,,,,,,,,,,
,,,,,,,,,,,,,,,,,,,,,,,,
Optimal Lineup - SportsLine,POS,Salary,Projection,2025-10-23 16:11,Roster %,Result,,,,,,,,,,,,,,,,,,
Carson Wentz,MVP,17100,24.32,Slate: Single,0.38,13.14,,,,,,,,,,,,,,,,,,
Justin Herbert,QB,13000,18.2,,8.13,26.28,,,,,,,,,,,,,,,,,,
Kimani Vidal,RB,8800,12.14,,6.13,22.200000000000003,,,,,,,,,,,,,,,,,,
Ladd McConkey,WR,7800,10.12,,9.39,17.8,,,,,,,,,,,,,,,,,,
Vikings,DST,6800,8.15,,0.66,0,,,,,,,,,,,,,,,,,,
Chargers,DST,6200,11.31,,2.2,11,,,,,,,,,,,,,,,,,,
,,,,,0,,,,,,,,,,,,,,,,,,,
,,,,,0,,,,,,,,,,,,,,,,,,,
,,,,,0,,,,,,,,,,,,,,,,,,,
Total,,59700,84.24000000000001,,,90.42,,,,,,,,,,,,,,,,,,
,,,,,,,,,,,,,,,,,,,,,,,,
Optimal Lineup - Weighted,POS,Salary,Projection,2025-10-26 12:23,Roster %,,,,,,,,,,,,,,,,,,,
Daniel Jones,QB,7700,20.308662962962966,Slate: Main,7.11,,,,,,,,,,,,,,,,,,,
Bijan Robinson,RB,10000,22.824183703703707,,16.68,,,,,,,,,,,,,,,,,,,
Christian McCaffrey,RB,9100,20.358586666666667,,20.06,,,,,,,,,,,,,,,,,,,
DeVonta Smith,WR,6700,14.300538518518518,,9.18,,,,,,,,,,,,,,,,,,,
Chris Olave,WR,6600,12.599477037037039,,16.3,,,,,,,,,,,,,,,,,,,
Jaylin Noel,WR,4500,7.060594074074076,,1.31,,,,,,,,,,,,,,,,,,,
Dalton Schultz,TE,5100,8.862862962962964,,5.12,,,,,,,,,,,,,,,,,,,
Rachaad White,FLEX,7300,15.873317037037037,,23.41,,,,,,,,,,,,,,,,,,,
Saints,DST,3000,6.108066666666667,,8.04,,,,,,,,,,,,,,,,,,,
Total,,60000,128.29628962962963,,,,,,,,,,,,,,,,,,,,,
,,,,,,,,,,,,,,,,,,,,,,,,
Optimal Lineup - AVG,POS,Salary,Projection,2025-10-26 12:23,Roster %,,,,,,,,,,,,,,,,,,,
Bo Nix,QB,7800,21.18702222222222,Slate: Main,6.85,,,,,,,,,,,,,,,,,,,
Bijan Robinson,RB,10000,23.121740740740737,,16.68,,,,,,,,,,,,,,,,,,,
De'Von Achane,RB,7900,17.14325925925926,,18.23,,,,,,,,,,,,,,,,,,,
Emeka Egbuka,WR,7500,15.214222222222222,,16.55,,,,,,,,,,,,,,,,,,,
DeVonta Smith,WR,6700,14.702703703703706,,9.18,,,,,,,,,,,,,,,,,,,
Jaylin Noel,WR,4500,7.043814814814816,,1.31,,,,,,,,,,,,,,,,,,,
Kyle Pitts Sr.,TE,5300,9.812555555555555,,4.44,,,,,,,,,,,,,,,,,,,
Rachaad White,FLEX,7300,15.80840740740741,,23.41,,,,,,,,,,,,,,,,,,,
Saints,DST,3000,6.033333333333332,,8.04,,,,,,,,,,,,,,,,,,,
Total,,60000,130.06705925925928,,,,,,,,,,,,,,,,,,,,,
,,,,,,,,,,,,,,,,,,,,,,,,
Optimal Lineup - My Projection,POS,Salary,Projection,2025-10-26 12:24,Roster %,,,,,,,,,,,,,,,,,,,
Bo Nix,QB,7800,23.700000000000003,Slate: Main,6.85,,,,,,,,,,,,,,,,,,,
Bijan Robinson,RB,10000,25.21666666666667,,16.68,,,,,,,,,,,,,,,,,,,
Jonathan Taylor,RB,10200,27.21666666666667,,21,,,,,,,,,,,,,,,,,,,
DeVonta Smith,WR,6700,17.733333333333334,,9.18,,,,,,,,,,,,,,,,,,,
Troy Franklin,WR,5400,14.383333333333333,,3.27,,,,,,,,,,,,,,,,,,,
Marvin Mims Jr.,WR,5200,15.066666666666665,,3.64,,,,,,,,,,,,,,,,,,,
Dalton Kincaid,TE,5700,15.41666666666667,,4.53,,,,,,,,,,,,,,,,,,,
Mason Taylor,FLEX,4900,12.216666666666667,,4.28,,,,,,,,,,,,,,,,,,,
Falcons,DST,4100,11.82,,7.02,,,,,,,,,,,,,,,,,,,
Total,,60000,162.76999999999998,,,,,,,,,,,,,,,,,,,,,
,,,,,,,,,,,,,,,,,,,,,,,,
Optimal Lineup - DFF,POS,Salary,Projection,2025-10-26 12:24,Roster %,,,,,,,,,,,,,,,,,,,
Tyler Huntley,QB,6000,16.2,Slate: Main,0,,,,,,,,,,,,,,,,,,,
Bijan Robinson,RB,10000,24.1,,16.68,,,,,,,,,,,,,,,,,,,
Jonathan Taylor,RB,10200,23.9,,21,,,,,,,,,,,,,,,,,,,
DeVonta Smith,WR,6700,13.7,,9.18,,,,,,,,,,,,,,,,,,,
Stefon Diggs,WR,6200,11.7,,9.82,,,,,,,,,,,,,,,,,,,
Jaylin Noel,WR,4500,7.4,,1.31,,,,,,,,,,,,,,,,,,,
Kyle Pitts Sr.,TE,5300,10.7,,4.44,,,,,,,,,,,,,,,,,,,
Saquon Barkley,FLEX,8100,17.6,,11.84,,,,,,,,,,,,,,,,,,,
Saints,DST,3000,5.9,,8.04,,,,,,,,,,,,,,,,,,,
Total,,60000,131.20000000000002,,,,,,,,,,,,,,,,,,,,,
,,,,,,,,,,,,,,,,,,,,,,,,
Optimal Lineup - FantasyPros,POS,Salary,Projection,2025-10-26 12:24,Roster %,,,,,,,,,,,,,,,,,,,
Bo Nix,QB,7800,20.348,Slate: Main,6.85,,,,,,,,,,,,,,,,,,,
Bijan Robinson,RB,10000,21.98,,16.68,,,,,,,,,,,,,,,,,,,
De'Von Achane,RB,7900,16.77,,18.23,,,,,,,,,,,,,,,,,,,
Emeka Egbuka,WR,7500,13.88,,16.55,,,,,,,,,,,,,,,,,,,
DeVonta Smith,WR,6700,13.58,,9.18,,,,,,,,,,,,,,,,,,,
Jaylin Noel,WR,4500,6.32,,1.31,,,,,,,,,,,,,,,,,,,
Kyle Pitts Sr.,TE,5300,8.51,,4.44,,,,,,,,,,,,,,,,,,,
Rachaad White,FLEX,7300,15.510000000000002,,23.41,,,,,,,,,,,,,,,,,,,
Saints,DST,3000,5.9,,8.04,,,,,,,,,,,,,,,,,,,
Total,,60000,122.798,,,,,,,,,,,,,,,,,,,,,
,,,,,,,,,,,,,,,,,,,,,,,,
Optimal Lineup - FootballGuys,POS,Salary,Projection,2025-10-26 12:24,Roster %,,,,,,,,,,,,,,,,,,,
Daniel Jones,QB,7700,21.714000000000002,Slate: Main,7.11,,,,,,,,,,,,,,,,,,,
Bijan Robinson,RB,10000,22.849000000000004,,16.68,,,,,,,,,,,,,,,,,,,
Christian McCaffrey,RB,9100,21.686,,20.06,,,,,,,,,,,,,,,,,,,
DeVonta Smith,WR,6700,14.471,,9.18,,,,,,,,,,,,,,,,,,,
Chris Olave,WR,6600,13.292,,16.3,,,,,,,,,,,,,,,,,,,
Jaylin Noel,WR,4500,8.081,,1.31,,,,,,,,,,,,,,,,,,,
Kyle Pitts Sr.,TE,5300,9.893,,4.44,,,,,,,,,,,,,,,,,,,
Rhamondre Stevenson,FLEX,6000,12.948999999999998,,5.03,,,,,,,,,,,,,,,,,,,
Falcons,DST,4100,10.379999999999999,,7.02,,,,,,,,,,,,,,,,,,,
Total,,60000,135.315,,,,,,,,,,,,,,,,,,,,,
,,,,,,,,,,,,,,,,,,,,,,,,
Optimal Lineup - FantasyLabs,POS,Salary,Projection,2025-10-26 12:24,Roster %,,,,,,,,,,,,,,,,,,,
Tyler Huntley,QB,6000,15.65,Slate: Main,0,,,,,,,,,,,,,,,,,,,
Bijan Robinson,RB,10000,24.2,,16.68,,,,,,,,,,,,,,,,,,,
Jonathan Taylor,RB,10200,22.78,,21,,,,,,,,,,,,,,,,,,,
DeVonta Smith,WR,6700,13.59,,9.18,,,,,,,,,,,,,,,,,,,
Stefon Diggs,WR,6200,11.25,,9.82,,,,,,,,,,,,,,,,,,,
Jaylin Noel,WR,4500,7.32,,1.31,,,,,,,,,,,,,,,,,,,
Kyle Pitts Sr.,TE,5300,9.92,,4.44,,,,,,,,,,,,,,,,,,,
Saquon Barkley,FLEX,8100,16.84,,11.84,,,,,,,,,,,,,,,,,,,
Saints,DST,3000,6.3,,8.04,,,,,,,,,,,,,,,,,,,
Total,,60000,127.85,,,,,,,,,,,,,,,,,,,,,
,,,,,,,,,,,,,,,,,,,,,,,,
Optimal Lineup - RotoWire,POS,Salary,Projection,2025-10-26 12:24,Roster %,,,,,,,,,,,,,,,,,,,
Josh Allen,QB,9000,24.44,Slate: Main,19.54,,,,,,,,,,,,,,,,,,,
Christian McCaffrey,RB,9100,21.66,,20.06,,,,,,,,,,,,,,,,,,,
Rachaad White,RB,7300,17.56,,23.41,,,,,,,,,,,,,,,,,,,
DeVonta Smith,WR,6700,13.13,,9.18,,,,,,,,,,,,,,,,,,,
Rashid Shaheed,WR,5700,10.12,,7.91,,,,,,,,,,,,,,,,,,,
Elic Ayomanor,WR,5100,8.27,,4.74,,,,,,,,,,,,,,,,,,,
George Kittle,TE,6100,11.53,,6.41,,,,,,,,,,,,,,,,,,,
Derrick Henry,FLEX,8000,20.29,,14.36,,,,,,,,,,,,,,,,,,,
Saints,DST,3000,4.73,,8.04,,,,,,,,,,,,,,,,,,,
Total,,60000,131.73,,,,,,,,,,,,,,,,,,,,,
,,,,,,,,,,,,,,,,,,,,,,,,
Optimal Lineup - NumberFire,POS,Salary,Projection,2025-10-26 12:24,Roster %,,,,,,,,,,,,,,,,,,,
Kirk Cousins,QB,6000,16.2,Slate: Main,0,,,,,,,,,,,,,,,,,,,
Jonathan Taylor,RB,10200,23.1,,21,,,,,,,,,,,,,,,,,,,
Saquon Barkley,RB,8100,17.6,,11.84,,,,,,,,,,,,,,,,,,,
Emeka Egbuka,WR,7500,15.4,,16.55,,,,,,,,,,,,,,,,,,,
DeVonta Smith,WR,6700,14,,9.18,,,,,,,,,,,,,,,,,,,
Xavier Hutchinson,WR,5000,8.9,,0.67,,,,,,,,,,,,,,,,,,,
Juwan Johnson,TE,5200,8.8,,3.52,,,,,,,,,,,,,,,,,,,
James Cook III,FLEX,8200,18.4,,14.99,,,,,,,,,,,,,,,,,,,
Saints,DST,3000,5.9,,8.04,,,,,,,,,,,,,,,,,,,
Total,,59900,128.3,,,,,,,,,,,,,,,,,,,,,
,,,,,,,,,,,,,,,,,,,,,,,,
Optimal Lineup - DraftEdge,POS,Salary,Projection,2025-10-26 12:25,Roster %,,,,,,,,,,,,,,,,,,,
Tyler Huntley,QB,6000,17.5,Slate: Main,0,,,,,,,,,,,,,,,,,,,
Jonathan Taylor,RB,10200,28.5,,21,,,,,,,,,,,,,,,,,,,
Rachaad White,RB,7300,19.9,,23.41,,,,,,,,,,,,,,,,,,,
Emeka Egbuka,WR,7500,20.4,,16.55,,,,,,,,,,,,,,,,,,,
DeVonta Smith,WR,6700,18.6,,9.18,,,,,,,,,,,,,,,,,,,
Chris Olave,WR,6600,17.4,,16.3,,,,,,,,,,,,,,,,,,,
George Kittle,TE,6100,14.1,,6.41,,,,,,,,,,,,,,,,,,,
Alvin Kamara,FLEX,6600,15.8,,5.97,,,,,,,,,,,,,,,,,,,
Saints,DST,3000,6,,8.04,,,,,,,,,,,,,,,,,,,
Total,,60000,158.20000000000002,,,,,,,,,,,,,,,,,,,,,
,,,,,,,,,,,,,,,,,,,,,,,,
Optimal Lineup - SportsLine,POS,Salary,Projection,2025-10-26 12:25,Roster %,,,,,,,,,,,,,,,,,,,
Daniel Jones,QB,7700,23.82,Slate: Main,7.11,,,,,,,,,,,,,,,,,,,
Bijan Robinson,RB,10000,22.91,,16.68,,,,,,,,,,,,,,,,,,,
Rachaad White,RB,7300,15.14,,23.41,,,,,,,,,,,,,,,,,,,
DeVonta Smith,WR,6700,13.52,,9.18,,,,,,,,,,,,,,,,,,,
Chris Olave,WR,6600,11.47,,16.3,,,,,,,,,,,,,,,,,,,
Rashid Shaheed,WR,5700,9.36,,7.91,,,,,,,,,,,,,,,,,,,
Kyle Pitts Sr.,TE,5300,9.17,,4.44,,,,,,,,,,,,,,,,,,,
Rico Dowdle,FLEX,6300,14.33,,3.79,,,,,,,,,,,,,,,,,,,
Texans,DST,4200,10.23,,5.68,,,,,,,,,,,,,,,,,,,
Total,,59800,129.95,,,,,,,,,,,,,,,,,,,,,
,,,,,,,,,,,,,,,,,,,,,,,,
Optimal Lineup - Weighted,POS,Salary,Projection,2025-10-26 19:53,Roster %,,,,,,,,,,,,,,,,,,,
Patrick Mahomes,QB,8100,24.025251851851856,Slate: SNF-MNF,11.63,,,,,,,,,,,,,,,,,,,
Josh Jacobs,RB,9300,16.437914074074076,,7.77,,,,,,,,,,,,,,,,,,,
Jaylen Warren,RB,6600,12.450385925925929,,4.53,,,,,,,,,,,,,,,,,,,
Rashee Rice,WR,8400,14.08125851851852,,10.31,,,,,,,,,,,,,,,,,,,
Romeo Doubs,WR,6400,10.188977037037038,,6.25,,,,,,,,,,,,,,,,,,,
Matthew Golden,WR,6000,8.892143703703704,,3.16,,,,,,,,,,,,,,,,,,,
Travis Kelce,TE,5900,9.111987407407408,,4.35,,,,,,,,,,,,,,,,,,,
Kenneth Gainwell,FLEX,5100,7.3355525925925935,,1.72,,,,,,,,,,,,,,,,,,,
Packers,DST,4200,7.032733333333334,,1.4,,,,,,,,,,,,,,,,,,,
Total,,60000,109.55620444444448,,,,,,,,,,,,,,,,,,,,,
,,,,,,,,,,,,,,,,,,,,,,,,
Optimal Lineup - AVG,POS,Salary,Projection,2025-10-26 19:54,Roster %,,,,,,,,,,,,,,,,,,,
Patrick Mahomes,QB,8100,24.290370370370372,Slate: SNF-MNF,11.63,,,,,,,,,,,,,,,,,,,
Josh Jacobs,RB,9300,16.46281481481482,,7.77,,,,,,,,,,,,,,,,,,,
Jaylen Warren,RB,6600,12.447185185185187,,4.53,,,,,,,,,,,,,,,,,,,
DK Metcalf,WR,7500,11.96962962962963,,7.27,,,,,,,,,,,,,,,,,,,
Romeo Doubs,WR,6400,10.650407407407407,,6.25,,,,,,,,,,,,,,,,,,,
Matthew Golden,WR,6000,9.338740740740741,,3.16,,,,,,,,,,,,,,,,,,,
Tucker Kraft,TE,6500,11.211296296296295,,6.43,,,,,,,,,,,,,,,,,,,
Jonnu Smith,FLEX,5000,7.336555555555557,,3.63,,,,,,,,,,,,,,,,,,,
Chiefs,DST,4600,8.254444444444445,,6.04,,,,,,,,,,,,,,,,,,,
Total,,60000,111.96144444444448,,,,,,,,,,,,,,,,,,,,,
,,,,,,,,,,,,,,,,,,,,,,,,
Optimal Lineup - My Projection,POS,Salary,Projection,2025-10-26 19:54,Roster %,,,,,,,,,,,,,,,,,,,
Patrick Mahomes,QB,8100,25.333333333333332,Slate: SNF-MNF,11.63,,,,,,,,,,,,,,,,,,,
Josh Jacobs,RB,9300,18.733333333333334,,7.77,,,,,,,,,,,,,,,,,,,
Isiah Pacheco,RB,6300,13.433333333333332,,1.94,,,,,,,,,,,,,,,,,,,
Rashee Rice,WR,8400,19.633333333333333,,10.31,,,,,,,,,,,,,,,,,,,
Romeo Doubs,WR,6400,16.266666666666662,,6.25,,,,,,,,,,,,,,,,,,,
Matthew Golden,WR,6000,13.766666666666667,,3.16,,,,,,,,,,,,,,,,,,,
Travis Kelce,TE,5900,14.183333333333332,,4.35,,,,,,,,,,,,,,,,,,,
Jonnu Smith,FLEX,5000,13.1,,3.63,,,,,,,,,,,,,,,,,,,
Chiefs,DST,4600,8.34,,6.04,,,,,,,,,,,,,,,,,,,
Total,,60000,142.79,,,,,,,,,,,,,,,,,,,,,
,,,,,,,,,,,,,,,,,,,,,,,,
Optimal Lineup - DFF,POS,Salary,Projection,2025-10-26 19:54,Roster %,,,,,,,,,,,,,,,,,,,
Patrick Mahomes,QB,8100,24.2,Slate: SNF-MNF,11.63,,,,,,,,,,,,,,,,,,,
Jaylen Warren,RB,6600,12.3,,4.53,,,,,,,,,,,,,,,,,,,
Jacory Croskey-Merritt,RB,6800,10.8,,4.53,,,,,,,,,,,,,,,,,,,
Rashee Rice,WR,8400,14.3,,10.31,,,,,,,,,,,,,,,,,,,
DK Metcalf,WR,7500,11,,7.27,,,,,,,,,,,,,,,,,,,
Romeo Doubs,WR,6400,10.6,,6.25,,,,,,,,,,,,,,,,,,,
Tucker Kraft,TE,6500,10.8,,6.43,,,,,,,,,,,,,,,,,,,
Jonnu Smith,FLEX,5000,7,,3.63,,,,,,,,,,,,,,,,,,,
Chiefs,DST,4600,7.8,,6.04,,,,,,,,,,,,,,,,,,,
Total,,59900,108.79999999999998,,,,,,,,,,,,,,,,,,,,,
,,,,,,,,,,,,,,,,,,,,,,,,
Optimal Lineup - FantasyPros,POS,Salary,Projection,2025-10-26 19:54,Roster %,,,,,,,,,,,,,,,,,,,
Patrick Mahomes,QB,8100,24.2,Slate: SNF-MNF,11.63,,,,,,,,,,,,,,,,,,,
Josh Jacobs,RB,9300,16.600000000000005,,7.77,,,,,,,,,,,,,,,,,,,
Jaylen Warren,RB,6600,12.08,,4.53,,,,,,,,,,,,,,,,,,,
DK Metcalf,WR,7500,11.780000000000001,,7.27,,,,,,,,,,,,,,,,,,,
Romeo Doubs,WR,6400,9.370000000000001,,6.25,,,,,,,,,,,,,,,,,,,
Terry McLaurin,WR,6800,9.440000000000001,,3,,,,,,,,,,,,,,,,,,,
Travis Kelce,TE,5900,8.73,,4.35,,,,,,,,,,,,,,,,,,,
Kenneth Gainwell,FLEX,5100,7.529999999999999,,1.72,,,,,,,,,,,,,,,,,,,
Packers,DST,4200,6.9,,1.4,,,,,,,,,,,,,,,,,,,
Total,,59900,106.63000000000001,,,,,,,,,,,,,,,,,,,,,
,,,,,,,,,,,,,,,,,,,,,,,,
Optimal Lineup - FootballGuys,POS,Salary,Projection,2025-10-26 19:54,Roster %,,,,,,,,,,,,,,,,,,,
Patrick Mahomes,QB,8100,24.2,Slate: SNF-MNF,11.63,,,,,,,,,,,,,,,,,,,
Josh Jacobs,RB,9300,18.362,,7.77,,,,,,,,,,,,,,,,,,,
Jaylen Warren,RB,6600,13.498000000000001,,4.53,,,,,,,,,,,,,,,,,,,
Rashee Rice,WR,8400,13.367,,10.31,,,,,,,,,,,,,,,,,,,
Romeo Doubs,WR,6400,9.927000000000001,,6.25,,,,,,,,,,,,,,,,,,,
Matthew Golden,WR,6000,9.652000000000001,,3.16,,,,,,,,,,,,,,,,,,,
Travis Kelce,TE,5900,8.974,,4.35,,,,,,,,,,,,,,,,,,,
Kenneth Gainwell,FLEX,5100,7.318,,1.72,,,,,,,,,,,,,,,,,,,
Packers,DST,4200,8.58,,1.4,,,,,,,,,,,,,,,,,,,
Total,,60000,113.87800000000001,,,,,,,,,,,,,,,,,,,,,
,,,,,,,,,,,,,,,,,,,,,,,,
Optimal Lineup - FantasyLabs,POS,Salary,Projection,2025-10-26 19:55,Roster %,,,,,,,,,,,,,,,,,,,
Patrick Mahomes,QB,8100,23.75,Slate: SNF-MNF,11.63,,,,,,,,,,,,,,,,,,,
Jaylen Warren,RB,6600,12.39,,4.53,,,,,,,,,,,,,,,,,,,
Isiah Pacheco,RB,6300,9.84,,1.94,,,,,,,,,,,,,,,,,,,
Rashee Rice,WR,8400,13.89,,10.31,,,,,,,,,,,,,,,,,,,
Romeo Doubs,WR,6400,10.72,,6.25,,,,,,,,,,,,,,,,,,,
Xavier Worthy,WR,7000,9.86,,5.09,,,,,,,,,,,,,,,,,,,
Tucker Kraft,TE,6500,10.1,,6.43,,,,,,,,,,,,,,,,,,,
Matthew Golden,FLEX,6000,9,,3.16,,,,,,,,,,,,,,,,,,,
Chiefs,DST,4600,7.74,,6.04,,,,,,,,,,,,,,,,,,,
Total,,59900,107.28999999999999,,,,,,,,,,,,,,,,,,,,,
,,,,,,,,,,,,,,,,,,,,,,,,
Optimal Lineup - RotoWire,POS,Salary,Projection,2025-10-26 19:55,Roster %,,,,,,,,,,,,,,,,,,,
Patrick Mahomes,QB,8100,22.71,Slate: SNF-MNF,11.63,,,,,,,,,,,,,,,,,,,
Josh Jacobs,RB,9300,16.32,,7.77,,,,,,,,,,,,,,,,,,,
Jaylen Warren,RB,6600,11.79,,4.53,,,,,,,,,,,,,,,,,,,
Rashee Rice,WR,8400,13.67,,10.31,,,,,,,,,,,,,,,,,,,
Romeo Doubs,WR,6400,9.23,,6.25,,,,,,,,,,,,,,,,,,,
Calvin Austin III,WR,5200,7.13,,1.94,,,,,,,,,,,,,,,,,,,
Jonnu Smith,TE,5000,7.28,,3.63,,,,,,,,,,,,,,,,,,,
Jacory Croskey-Merritt,FLEX,6800,12.02,,4.53,,,,,,,,,,,,,,,,,,,
Packers,DST,4200,6.14,,1.4,,,,,,,,,,,,,,,,,,,
Total,,60000,106.28999999999999,,,,,,,,,,,,,,,,,,,,,
,,,,,,,,,,,,,,,,,,,,,,,,
Optimal Lineup - NumberFire,POS,Salary,Projection,2025-10-26 19:55,Roster %,,,,,,,,,,,,,,,,,,,
Patrick Mahomes,QB,8100,21.3,Slate: SNF-MNF,11.63,,,,,,,,,,,,,,,,,,,
Josh Jacobs,RB,9300,13.8,,7.77,,,,,,,,,,,,,,,,,,,
Jaylen Warren,RB,6600,10.5,,4.53,,,,,,,,,,,,,,,,,,,
DK Metcalf,WR,7500,11,,7.27,,,,,,,,,,,,,,,,,,,
Terry McLaurin,WR,6800,10.9,,3,,,,,,,,,,,,,,,,,,,
Matthew Golden,WR,6000,9.5,,3.16,,,,,,,,,,,,,,,,,,,
Travis Kelce,TE,5900,9,,4.35,,,,,,,,,,,,,,,,,,,
Kenneth Gainwell,FLEX,5100,8.7,,1.72,,,,,,,,,,,,,,,,,,,
Chiefs,DST,4600,7.8,,6.04,,,,,,,,,,,,,,,,,,,
Total,,59900,102.5,,,,,,,,,,,,,,,,,,,,,
,,,,,,,,,,,,,,,,,,,,,,,,
Optimal Lineup - DraftEdge,POS,Salary,Projection,2025-10-26 19:55,Roster %,,,,,,,,,,,,,,,,,,,
Patrick Mahomes,QB,8100,27.8,Slate: SNF-MNF,11.63,,,,,,,,,,,,,,,,,,,
Jaylen Warren,RB,6600,15.3,,4.53,,,,,,,,,,,,,,,,,,,
Isiah Pacheco,RB,6300,11.4,,1.94,,,,,,,,,,,,,,,,,,,
Rashee Rice,WR,8400,17.7,,10.31,,,,,,,,,,,,,,,,,,,
Romeo Doubs,WR,6400,13.3,,6.25,,,,,,,,,,,,,,,,,,,
Xavier Worthy,WR,7000,12.3,,5.09,,,,,,,,,,,,,,,,,,,
Tucker Kraft,TE,6500,13.9,,6.43,,,,,,,,,,,,,,,,,,,
Matthew Golden,FLEX,6000,11.4,,3.16,,,,,,,,,,,,,,,,,,,
Chiefs,DST,4600,9,,6.04,,,,,,,,,,,,,,,,,,,
Total,,59900,132.10000000000002,,,,,,,,,,,,,,,,,,,,,
,,,,,,,,,,,,,,,,,,,,,,,,
Optimal Lineup - SportsLine,POS,Salary,Projection,2025-10-26 19:55,Roster %,,,,,,,,,,,,,,,,,,,
Patrick Mahomes,QB,8100,25.12,Slate: SNF-MNF,11.63,,,,,,,,,,,,,,,,,,,
Josh Jacobs,RB,9300,16.09,,7.77,,,,,,,,,,,,,,,,,,,
Jaylen Warren,RB,6600,12.05,,4.53,,,,,,,,,,,,,,,,,,,
Rashee Rice,WR,8400,13.5,,10.31,,,,,,,,,,,,,,,,,,,
Romeo Doubs,WR,6400,9.14,,6.25,,,,,,,,,,,,,,,,,,,
Calvin Austin III,WR,5200,6.85,,1.94,,,,,,,,,,,,,,,,,,,
Travis Kelce,TE,5900,8.68,,4.35,,,,,,,,,,,,,,,,,,,
Kareem Hunt,FLEX,5500,7.71,,0.46,,,,,,,,,,,,,,,,,,,
Chiefs,DST,4600,8.78,,6.04,,,,,,,,,,,,,,,,,,,
Total,,60000,107.92,,,,,,,,,,,,,,,,,,,,,
,,,,,,,,,,,,,,,,,,,,,,,,
Optimal Lineup - Weighted,POS,Salary,Projection,2025-10-30 16:46,Roster %,,,,,,,,,,,,,,,,,,,
Lamar Jackson,MVP,20400,35.17,Slate: Single,11.54,,,,,,,,,,,,,,,,,,,
De'Von Achane,RB,12000,16.97,,11.25,,,,,,,,,,,,,,,,,,,
Tua Tagovailoa,QB,11400,14.6,,0.51,,,,,,,,,,,,,,,,,,,
Zay Flowers,WR,9800,12.89,,10.21,,,,,,,,,,,,,,,,,,,
Nick Westbrook-Ikhine,WR,3400,4.56,,0.91,,,,,,,,,,,,,,,,,,,
Justice Hill,RB,3000,5.79,,1.02,,,,,,,,,,,,,,,,,,,
,,,,,0,,,,,,,,,,,,,,,,,,,
,,,,,0,,,,,,,,,,,,,,,,,,,
,,,,,0,,,,,,,,,,,,,,,,,,,
Total,,60000,89.98,,,,,,,,,,,,,,,,,,,,,
,,,,,,,,,,,,,,,,,,,,,,,,
Optimal Lineup - AVG,POS,Salary,Projection,2025-10-30 16:46,Roster %,Result,,,,,,,,,,,,,,,,,,
Lamar Jackson,MVP,20400,35.57,Slate: Single,11.54,38.34,,,,,,,,,,,,,,,,,,
De'Von Achane,RB,12000,17.2,,11.25,13.600000000000001,,,,,,,,,,,,,,,,,,
Tua Tagovailoa,QB,11400,15.04,,0.51,9.54,,,,,,,,,,,,,,,,,,
Zay Flowers,WR,9800,13.05,,10.21,8.9,,,,,,,,,,,,,,,,,,
Nick Westbrook-Ikhine,WR,3400,4.51,,0.91,3.2,,,,,,,,,,,,,,,,,,
Justice Hill,RB,3000,5.76,,1.02,2.5,,,,,,,,,,,,,,,,,,
,,,,,0,,,,,,,,,,,,,,,,,,,
,,,,,0,,,,,,,,,,,,,,,,,,,
,,,,,0,,,,,,,,,,,,,,,,,,,
Total,,60000,91.13000000000001,,,76.08000000000001,,,,,,,,,,,,,,,,,,
,,,,,,,,,,,,,,,,,,,,,,,,
Optimal Lineup - My Projection,POS,Salary,Projection,2025-10-30 16:46,Roster %,Result,,,,,,,,,,,,,,,,,,
Lamar Jackson,MVP,20400,36.4,Slate: Single,11.54,38.34,,,,,,,,,,,,,,,,,,
De'Von Achane,RB,12000,20.02,,11.25,13.600000000000001,,,,,,,,,,,,,,,,,,
Tua Tagovailoa,QB,11400,18.48,,0.51,9.54,,,,,,,,,,,,,,,,,,
Malik Washington,WR,7400,12.45,,2.53,5.6000000000000005,,,,,,,,,,,,,,,,,,
Rashod Bateman,WR,5000,8.78,,2.38,8.3,,,,,,,,,,,,,,,,,,
Justice Hill,RB,3000,5.2,,1.02,2.5,,,,,,,,,,,,,,,,,,
,,,,,0,,,,,,,,,,,,,,,,,,,
,,,,,0,,,,,,,,,,,,,,,,,,,
,,,,,0,,,,,,,,,,,,,,,,,,,
Total,,59200,101.33000000000001,,,77.88,,,,,,,,,,,,,,,,,,
,,,,,,,,,,,,,,,,,,,,,,,,
Optimal Lineup - DFF,POS,Salary,Projection,2025-10-30 16:46,Roster %,Result,,,,,,,,,,,,,,,,,,
Lamar Jackson,MVP,20400,34.8,Slate: Single,11.54,38.34,,,,,,,,,,,,,,,,,,
De'Von Achane,RB,12000,16.6,,11.25,13.600000000000001,,,,,,,,,,,,,,,,,,
Tua Tagovailoa,QB,11400,14.8,,0.51,9.54,,,,,,,,,,,,,,,,,,
Zay Flowers,WR,9800,12.6,,10.21,8.9,,,,,,,,,,,,,,,,,,
Nick Westbrook-Ikhine,WR,3400,4.4,,0.91,3.2,,,,,,,,,,,,,,,,,,
Justice Hill,RB,3000,5.2,,1.02,2.5,,,,,,,,,,,,,,,,,,
,,,,,0,,,,,,,,,,,,,,,,,,,
,,,,,0,,,,,,,,,,,,,,,,,,,
,,,,,0,,,,,,,,,,,,,,,,,,,
Total,,60000,88.4,,,76.08000000000001,,,,,,,,,,,,,,,,,,
,,,,,,,,,,,,,,,,,,,,,,,,
Optimal Lineup - FantasyPros,POS,Salary,Projection,2025-10-30 16:46,Roster %,Result,,,,,,,,,,,,,,,,,,
Lamar Jackson,MVP,20400,34.54,Slate: Single,11.54,38.34,,,,,,,,,,,,,,,,,,
De'Von Achane,RB,12000,17.31,,11.25,13.600000000000001,,,,,,,,,,,,,,,,,,
Tua Tagovailoa,QB,11400,14.94,,0.51,9.54,,,,,,,,,,,,,,,,,,
Zay Flowers,WR,9800,13.42,,10.21,8.9,,,,,,,,,,,,,,,,,,
Nick Westbrook-Ikhine,WR,3400,5.52,,0.91,3.2,,,,,,,,,,,,,,,,,,
Justice Hill,RB,3000,5.59,,1.02,2.5,,,,,,,,,,,,,,,,,,
,,,,,0,,,,,,,,,,,,,,,,,,,
,,,,,0,,,,,,,,,,,,,,,,,,,
,,,,,0,,,,,,,,,,,,,,,,,,,
Total,,60000,91.32,,,76.08000000000001,,,,,,,,,,,,,,,,,,
,,,,,,,,,,,,,,,,,,,,,,,,
Optimal Lineup - FootballGuys,POS,Salary,Projection,2025-10-30 16:47,Roster %,Result,,,,,,,,,,,,,,,,,,
Lamar Jackson,MVP,20400,34.8,Slate: Single,11.54,38.34,,,,,,,,,,,,,,,,,,
De'Von Achane,RB,12000,16.59,,11.25,13.600000000000001,,,,,,,,,,,,,,,,,,
Jaylen Waddle,WR,10400,12.31,,8.47,11.200000000000001,,,,,,,,,,,,,,,,,,
Malik Washington,WR,7400,7.4,,2.53,5.6000000000000005,,,,,,,,,,,,,,,,,,
Ravens,DST,6200,8.06,,2.05,15,,,,,,,,,,,,,,,,,,
Justice Hill,RB,3000,6.56,,1.02,2.5,,,,,,,,,,,,,,,,,,
,,,,,0,,,,,,,,,,,,,,,,,,,
,,,,,0,,,,,,,,,,,,,,,,,,,
,,,,,0,,,,,,,,,,,,,,,,,,,
Total,,59400,85.72000000000001,,,86.24000000000001,,,,,,,,,,,,,,,,,,
,,,,,,,,,,,,,,,,,,,,,,,,
Optimal Lineup - FantasyLabs,POS,Salary,Projection,2025-10-30 16:47,Roster %,Result,,,,,,,,,,,,,,,,,,
Lamar Jackson,MVP,20400,34.29,Slate: Single,11.54,38.34,,,,,,,,,,,,,,,,,,
De'Von Achane,RB,12000,16.07,,11.25,13.600000000000001,,,,,,,,,,,,,,,,,,
Tua Tagovailoa,QB,11400,14.49,,0.51,9.54,,,,,,,,,,,,,,,,,,
Zay Flowers,WR,9800,13.26,,10.21,8.9,,,,,,,,,,,,,,,,,,
Nick Westbrook-Ikhine,WR,3400,4.29,,0.91,3.2,,,,,,,,,,,,,,,,,,
Justice Hill,RB,3000,4.79,,1.02,2.5,,,,,,,,,,,,,,,,,,
,,,,,0,,,,,,,,,,,,,,,,,,,
,,,,,0,,,,,,,,,,,,,,,,,,,
,,,,,0,,,,,,,,,,,,,,,,,,,
Total,,60000,87.19000000000001,,,76.08000000000001,,,,,,,,,,,,,,,,,,
,,,,,,,,,,,,,,,,,,,,,,,,
Optimal Lineup - RotoWire,POS,Salary,Projection,2025-10-30 16:47,Roster %,Result,,,,,,,,,,,,,,,,,,
Lamar Jackson,MVP,20400,34.39,Slate: Single,11.54,38.34,,,,,,,,,,,,,,,,,,
De'Von Achane,RB,12000,16.45,,11.25,13.600000000000001,,,,,,,,,,,,,,,,,,
Tua Tagovailoa,QB,11400,15.59,,0.51,9.54,,,,,,,,,,,,,,,,,,
Zay Flowers,WR,9800,12.74,,10.21,8.9,,,,,,,,,,,,,,,,,,
Nick Westbrook-Ikhine,WR,3400,5.16,,0.91,3.2,,,,,,,,,,,,,,,,,,
Justice Hill,RB,3000,5.59,,1.02,2.5,,,,,,,,,,,,,,,,,,
,,,,,0,,,,,,,,,,,,,,,,,,,
,,,,,0,,,,,,,,,,,,,,,,,,,
,,,,,0,,,,,,,,,,,,,,,,,,,
Total,,60000,89.92,,,76.08000000000001,,,,,,,,,,,,,,,,,,
,,,,,,,,,,,,,,,,,,,,,,,,
Optimal Lineup - NumberFire,POS,Salary,Projection,2025-10-30 16:47,Roster %,Result,,,,,,,,,,,,,,,,,,
Lamar Jackson,MVP,20400,37.5,Slate: Single,11.54,38.34,,,,,,,,,,,,,,,,,,
De'Von Achane,RB,12000,17.7,,11.25,13.600000000000001,,,,,,,,,,,,,,,,,,
Tua Tagovailoa,QB,11400,14.7,,0.51,9.54,,,,,,,,,,,,,,,,,,
Zay Flowers,WR,9800,15.5,,10.21,8.9,,,,,,,,,,,,,,,,,,
Nick Westbrook-Ikhine,WR,3400,4.6,,0.91,3.2,,,,,,,,,,,,,,,,,,
Justice Hill,RB,3000,7.3,,1.02,2.5,,,,,,,,,,,,,,,,,,
,,,,,0,,,,,,,,,,,,,,,,,,,
,,,,,0,,,,,,,,,,,,,,,,,,,
,,,,,0,,,,,,,,,,,,,,,,,,,
Total,,60000,97.3,,,76.08000000000001,,,,,,,,,,,,,,,,,,
,,,,,,,,,,,,,,,,,,,,,,,,
Optimal Lineup - DraftEdge,POS,Salary,Projection,2025-10-30 16:47,Roster %,Result,,,,,,,,,,,,,,,,,,
Lamar Jackson,MVP,20400,36.3,Slate: Single,11.54,38.34,,,,,,,,,,,,,,,,,,
Derrick Henry,RB,12600,19.3,,10.06,15.6,,,,,,,,,,,,,,,,,,
De'Von Achane,RB,12000,17.5,,11.25,13.600000000000001,,,,,,,,,,,,,,,,,,
Zay Flowers,WR,9800,14,,10.21,8.9,,,,,,,,,,,,,,,,,,
Justice Hill,RB,3000,6.1,,1.02,2.5,,,,,,,,,,,,,,,,,,
Greg Dulcich,TE,2000,2.2,,0.17,7.4,,,,,,,,,,,,,,,,,,
,,,,,0,,,,,,,,,,,,,,,,,,,
,,,,,0,,,,,,,,,,,,,,,,,,,
,,,,,0,,,,,,,,,,,,,,,,,,,
Total,,59800,95.39999999999999,,,86.34000000000002,,,,,,,,,,,,,,,,,,
,,,,,,,,,,,,,,,,,,,,,,,,
Optimal Lineup - SportsLine,POS,Salary,Projection,2025-10-30 16:47,Roster %,Result,,,,,,,,,,,,,,,,,,
Lamar Jackson,MVP,20400,37.08,Slate: Single,11.54,38.34,,,,,,,,,,,,,,,,,,
De'Von Achane,RB,12000,16.6,,11.25,13.600000000000001,,,,,,,,,,,,,,,,,,
Tua Tagovailoa,QB,11400,15.53,,0.51,9.54,,,,,,,,,,,,,,,,,,
Zay Flowers,WR,9800,12.97,,10.21,8.9,,,,,,,,,,,,,,,,,,
Isaiah Likely,TE,3800,6.82,,1.18,7.5,,,,,,,,,,,,,,,,,,
Keaton Mitchell,RB,2200,4.67,,0.03,2.3000000000000003,,,,,,,,,,,,,,,,,,
,,,,,0,,,,,,,,,,,,,,,,,,,
,,,,,0,,,,,,,,,,,,,,,,,,,
,,,,,0,,,,,,,,,,,,,,,,,,,
Total,,59600,93.67,,,80.18,,,,,,,,,,,,,,,,,,
,,,,,,,,,,,,,,,,,,,,,,,,
Optimal Lineup - Weighted,POS,Salary,Projection,2025-11-02 12:18,Roster %,Result,,,,,,,,,,,,,,,,,,
Patrick Mahomes,QB,8500,23.626640740740743,Slate: Main,16.41,9.5,,,,,,,,,,,,,,,,,,
Christian McCaffrey,RB,9500,22.115598518518517,,25.99,34.8,,,,,,,,,,,,,,,,,,
Kyle Monangai,RB,5200,14.704127407407405,,2.04,24.3,,,,,,,,,,,,,,,,,,
Puka Nacua,WR,9500,18.183563703703708,,18.02,19.3,,,,,,,,,,,,,,,,,,
Brian Thomas Jr.,WR,6900,12.694688888888887,,5.09,7,,,,,,,,,,,,,,,,,,
Wan'Dale Robinson,WR,5900,10.958342222222223,,7.69,9.100000000000001,,,,,,,,,,,,,,,,,,
Tucker Kraft,TE,6200,12.148215555555558,,7.7,3,,,,,,,,,,,,,,,,,,
TreVeyon Henderson,FLEX,5300,12.00275037037037,,0.67,10.7,,,,,,,,,,,,,,,,,,
Bengals,DST,3000,5.804222222222223,,6.12,0,,,,,,,,,,,,,,,,,,
Total,,60000,132.23814962962965,,,117.7,,,,,,,,,,,,,,,,,,
,,,,,,,,,,,,,,,,,,,,,,,,
Optimal Lineup - AVG,POS,Salary,Projection,2025-11-02 12:18,Roster %,Result,,,,,,,,,,,,,,,,,,
Patrick Mahomes,QB,8500,23.50814814814815,Slate: Main,16.41,9.5,,,,,,,,,,,,,,,,,,
Christian McCaffrey,RB,9500,22.389703703703706,,25.99,34.8,,,,,,,,,,,,,,,,,,
Kyle Monangai,RB,5200,14.67548148148148,,2.04,24.3,,,,,,,,,,,,,,,,,,
Ja'Marr Chase,WR,9700,18.712592592592593,,13.85,17.1,,,,,,,,,,,,,,,,,,
Brian Thomas Jr.,WR,6900,13.027777777777779,,5.09,7,,,,,,,,,,,,,,,,,,
Jakobi Meyers,WR,5400,9.674148148148149,,6.34,4.300000000000001,,,,,,,,,,,,,,,,,,
Tucker Kraft,TE,6200,12.743111111111112,,7.7,3,,,,,,,,,,,,,,,,,,
TreVeyon Henderson,FLEX,5300,12.155074074074074,,0.67,10.7,,,,,,,,,,,,,,,,,,
Giants,DST,3300,6.7,,12.65,3,,,,,,,,,,,,,,,,,,
Total,,60000,133.58603703703704,,,113.69999999999999,,,,,,,,,,,,,,,,,,
,,,,,,,,,,,,,,,,,,,,,,,,
Optimal Lineup - My Projection,POS,Salary,Projection,2025-11-02 12:18,Roster %,Result,,,,,,,,,,,,,,,,,,
Daniel Jones,QB,7900,23.01666666666667,Slate: Main,2.32,24.08,,,,,,,,,,,,,,,,,,
Christian McCaffrey,RB,9500,22.733333333333334,,25.99,34.8,,,,,,,,,,,,,,,,,,
Jahmyr Gibbs,RB,8900,20.883333333333336,,14.38,4.3,,,,,,,,,,,,,,,,,,
Tre Tucker,WR,5500,15.066666666666668,,3.71,5.300000000000001,,,,,,,,,,,,,,,,,,
Alec Pierce,WR,5700,15.216666666666669,,2.26,17.5,,,,,,,,,,,,,,,,,,
Kendrick Bourne,WR,5300,14.466666666666667,,2.69,4.4,,,,,,,,,,,,,,,,,,
Tucker Kraft,TE,6200,18.150000000000002,,7.7,3,,,,,,,,,,,,,,,,,,
Tyler Warren,FLEX,6700,17.633333333333333,,5.9,5.1,,,,,,,,,,,,,,,,,,
Jaguars,DST,4100,11.58,,2.86,3,,,,,,,,,,,,,,,,,,
Total,,59800,158.74666666666667,,,101.47999999999999,,,,,,,,,,,,,,,,,,
,,,,,,,,,,,,,,,,,,,,,,,,
Optimal Lineup - DFF,POS,Salary,Projection,2025-11-02 12:18,Roster %,Result,,,,,,,,,,,,,,,,,,
Patrick Mahomes,QB,8500,24.2,Slate: Main,16.41,9.5,,,,,,,,,,,,,,,,,,
Christian McCaffrey,RB,9500,22.8,,25.99,34.8,,,,,,,,,,,,,,,,,,
Kyle Monangai,RB,5200,15.6,,2.04,24.3,,,,,,,,,,,,,,,,,,
Ja'Marr Chase,WR,9700,19.6,,13.85,17.1,,,,,,,,,,,,,,,,,,
Brian Thomas Jr.,WR,6900,13,,5.09,7,,,,,,,,,,,,,,,,,,
Jakobi Meyers,WR,5400,9.9,,6.34,4.300000000000001,,,,,,,,,,,,,,,,,,
Tucker Kraft,TE,6200,12.1,,7.7,3,,,,,,,,,,,,,,,,,,
TreVeyon Henderson,FLEX,5300,13.3,,0.67,10.7,,,,,,,,,,,,,,,,,,
Giants,DST,3300,6.2,,12.65,3,,,,,,,,,,,,,,,,,,
Total,,60000,136.7,,,113.69999999999999,,,,,,,,,,,,,,,,,,
,,,,,,,,,,,,,,,,,,,,,,,,
Optimal Lineup - FantasyPros,POS,Salary,Projection,2025-11-02 12:18,Roster %,Result,,,,,,,,,,,,,,,,,,
Patrick Mahomes,QB,8500,24.2,Slate: Main,16.41,9.5,,,,,,,,,,,,,,,,,,
Christian McCaffrey,RB,9500,21.9,,25.99,34.8,,,,,,,,,,,,,,,,,,
Kyle Monangai,RB,5200,14.11,,2.04,24.3,,,,,,,,,,,,,,,,,,
Rashee Rice,WR,8200,14.67,,11.09,16.6,,,,,,,,,,,,,,,,,,
Michael Pittman Jr.,WR,7200,12.67,,6.51,19,,,,,,,,,,,,,,,,,,
Keenan Allen,WR,6600,11.270000000000001,,6.63,5.1000000000000005,,,,,,,,,,,,,,,,,,
Tucker Kraft,TE,6200,11.729999999999999,,7.7,3,,,,,,,,,,,,,,,,,,
TreVeyon Henderson,FLEX,5300,11.02,,0.67,10.7,,,,,,,,,,,,,,,,,,
Giants,DST,3300,6.2,,12.65,3,,,,,,,,,,,,,,,,,,
Total,,60000,127.77,,,125.99999999999999,,,,,,,,,,,,,,,,,,
,,,,,,,,,,,,,,,,,,,,,,,,
Optimal Lineup - FootballGuys,POS,Salary,Projection,2025-11-02 12:18,Roster %,Result,,,,,,,,,,,,,,,,,,
Patrick Mahomes,QB,8500,24.2,Slate: Main,16.41,9.5,,,,,,,,,,,,,,,,,,
Christian McCaffrey,RB,9500,20.784000000000002,,25.99,34.8,,,,,,,,,,,,,,,,,,
Kyle Monangai,RB,5200,14.116000000000001,,2.04,24.3,,,,,,,,,,,,,,,,,,
Rashee Rice,WR,8200,15.107,,11.09,16.6,,,,,,,,,,,,,,,,,,
Wan'Dale Robinson,WR,5900,12.061,,7.69,9.100000000000001,,,,,,,,,,,,,,,,,,
Jakobi Meyers,WR,5400,9.244000000000002,,6.34,4.300000000000001,,,,,,,,,,,,,,,,,,
Travis Kelce,TE,5800,10.451,,4.89,8.600000000000001,,,,,,,,,,,,,,,,,,
Jaylen Warren,FLEX,6500,14.445,,9.28,15.9,,,,,,,,,,,,,,,,,,
Rams,DST,4900,12.299999999999999,,7.62,9,,,,,,,,,,,,,,,,,,
Total,,59900,132.708,,,132.1,,,,,,,,,,,,,,,,,,
,,,,,,,,,,,,,,,,,,,,,,,,
Optimal Lineup - FantasyLabs,POS,Salary,Projection,2025-11-02 12:18,Roster %,Result,,,,,,,,,,,,,,,,,,
Patrick Mahomes,QB,8500,23.19,Slate: Main,16.41,9.5,,,,,,,,,,,,,,,,,,
Christian McCaffrey,RB,9500,21.56,,25.99,34.8,,,,,,,,,,,,,,,,,,
Kyle Monangai,RB,5200,15.6,,2.04,24.3,,,,,,,,,,,,,,,,,,
Ja'Marr Chase,WR,9700,20.29,,13.85,17.1,,,,,,,,,,,,,,,,,,
Brian Thomas Jr.,WR,6900,13.12,,5.09,7,,,,,,,,,,,,,,,,,,
Wan'Dale Robinson,WR,5900,10.92,,7.69,9.100000000000001,,,,,,,,,,,,,,,,,,
George Kittle,TE,6000,10.9,,6.11,4.9,,,,,,,,,,,,,,,,,,
TreVeyon Henderson,FLEX,5300,12.35,,0.67,10.7,,,,,,,,,,,,,,,,,,
Titans,DST,3000,5.88,,6.6,20,,,,,,,,,,,,,,,,,,
Total,,60000,133.81,,,137.39999999999998,,,,,,,,,,,,,,,,,,
,,,,,,,,,,,,,,,,,,,,,,,,
Optimal Lineup - RotoWire,POS,Salary,Projection,2025-11-02 12:18,Roster %,Result,,,,,,,,,,,,,,,,,,
Patrick Mahomes,QB,8500,22.69,Slate: Main,16.41,9.5,,,,,,,,,,,,,,,,,,
Christian McCaffrey,RB,9500,22.15,,25.99,34.8,,,,,,,,,,,,,,,,,,
Kyle Monangai,RB,5200,14.29,,2.04,24.3,,,,,,,,,,,,,,,,,,
Puka Nacua,WR,9500,20.48,,18.02,19.3,,,,,,,,,,,,,,,,,,
Wan'Dale Robinson,WR,5900,11.18,,7.69,9.100000000000001,,,,,,,,,,,,,,,,,,
Stefon Diggs,WR,6200,12.15,,8.85,11.3,,,,,,,,,,,,,,,,,,
George Kittle,TE,6000,12.1,,6.11,4.9,,,,,,,,,,,,,,,,,,
TreVeyon Henderson,FLEX,5300,11.59,,0.67,10.7,,,,,,,,,,,,,,,,,,
Texans,DST,3900,7.27,,6.3,6,,,,,,,,,,,,,,,,,,
Total,,60000,133.9,,,129.9,,,,,,,,,,,,,,,,,,
,,,,,,,,,,,,,,,,,,,,,,,,
Optimal Lineup - NumberFire,POS,Salary,Projection,2025-11-02 12:18,Roster %,Result,,,,,,,,,,,,,,,,,,
Drake Maye,QB,7800,20.4,Slate: Main,9.08,19.36,,,,,,,,,,,,,,,,,,
Christian McCaffrey,RB,9500,22.8,,25.99,34.8,,,,,,,,,,,,,,,,,,
Kyle Monangai,RB,5200,15,,2.04,24.3,,,,,,,,,,,,,,,,,,
Puka Nacua,WR,9500,16.5,,18.02,19.3,,,,,,,,,,,,,,,,,,
Brian Thomas Jr.,WR,6900,12.3,,5.09,7,,,,,,,,,,,,,,,,,,
Keon Coleman,WR,5200,9.7,,3.83,2.7,,,,,,,,,,,,,,,,,,
Tyler Warren,TE,6700,11.9,,5.9,5.1,,,,,,,,,,,,,,,,,,
TreVeyon Henderson,FLEX,5300,13.2,,0.67,10.7,,,,,,,,,,,,,,,,,,
Texans,DST,3900,7.3,,6.3,6,,,,,,,,,,,,,,,,,,
Total,,60000,129.10000000000002,,,129.26,,,,,,,,,,,,,,,,,,
,,,,,,,,,,,,,,,,,,,,,,,,
Optimal Lineup - DraftEdge,POS,Salary,Projection,2025-11-02 12:19,Roster %,Result,,,,,,,,,,,,,,,,,,
Patrick Mahomes,QB,8500,26.4,Slate: Main,16.41,9.5,,,,,,,,,,,,,,,,,,
Christian McCaffrey,RB,9500,23.3,,25.99,34.8,,,,,,,,,,,,,,,,,,
Kyle Monangai,RB,5200,15.6,,2.04,24.3,,,,,,,,,,,,,,,,,,
Ja'Marr Chase,WR,9700,19.9,,13.85,17.1,,,,,,,,,,,,,,,,,,
Stefon Diggs,WR,6200,12.3,,8.85,11.3,,,,,,,,,,,,,,,,,,
Jakobi Meyers,WR,5400,10.4,,6.34,4.300000000000001,,,,,,,,,,,,,,,,,,
Tucker Kraft,TE,6200,13.1,,7.7,3,,,,,,,,,,,,,,,,,,
Tyrone Tracy Jr.,FLEX,6000,14.3,,8.69,5.2,,,,,,,,,,,,,,,,,,
Giants,DST,3300,6,,12.65,3,,,,,,,,,,,,,,,,,,
Total,,60000,141.29999999999998,,,112.49999999999999,,,,,,,,,,,,,,,,,,
,,,,,,,,,,,,,,,,,,,,,,,,
Optimal Lineup - SportsLine,POS,Salary,Projection,2025-11-02 12:19,Roster %,Result,,,,,,,,,,,,,,,,,,
Caleb Williams,QB,7300,21.85,Slate: Main,2.69,37.7,,,,,,,,,,,,,,,,,,
Christian McCaffrey,RB,9500,23.48,,25.99,34.8,,,,,,,,,,,,,,,,,,
Kyle Monangai,RB,5200,13.83,,2.04,24.3,,,,,,,,,,,,,,,,,,
Ja'Marr Chase,WR,9700,19.6,,13.85,17.1,,,,,,,,,,,,,,,,,,
Keenan Allen,WR,6600,13.35,,6.63,5.1000000000000005,,,,,,,,,,,,,,,,,,
Jakobi Meyers,WR,5400,9.44,,6.34,4.300000000000001,,,,,,,,,,,,,,,,,,
Tucker Kraft,TE,6200,13.5,,7.7,3,,,,,,,,,,,,,,,,,,
TreVeyon Henderson,FLEX,5300,11.9,,0.67,10.7,,,,,,,,,,,,,,,,,,
Chargers,DST,4800,12.14,,6.46,5,,,,,,,,,,,,,,,,,,
Total,,60000,139.08999999999997,,,142,,,,,,,,,,,,,,,,,,
,,,,,,,,,,,,,,,,,,,,,,,,
Optimal Lineup - Weighted,POS,Salary,Projection,2025-11-02 12:26,Roster %,Result,,,,,,,,,,,,,,,,,,
Patrick Mahomes,QB,8500,23.626640740740743,Slate: Main,16.41,9.5,,,,,,,,,,,,,,,,,,
Christian McCaffrey,RB,9500,22.115598518518517,GPP Plays: 3 @ <5%,25.99,34.8,,,,,,,,,,,,,,,,,,
Kyle Monangai,RB,5200,14.704127407407405,,2.04,24.3,,,,,,,,,,,,,,,,,,
Puka Nacua,WR,9500,18.183563703703708,,18.02,19.3,,,,,,,,,,,,,,,,,,
Wan'Dale Robinson,WR,5900,10.958342222222223,,7.69,9.100000000000001,,,,,,,,,,,,,,,,,,
Stefon Diggs,WR,6200,11.026823703703704,,8.85,11.3,,,,,,,,,,,,,,,,,,
Tucker Kraft,TE,6200,12.148215555555558,,7.7,3,,,,,,,,,,,,,,,,,,
TreVeyon Henderson,FLEX,5300,12.00275037037037,,0.67,10.7,,,,,,,,,,,,,,,,,,
Falcons,DST,3600,6.411866666666666,,4.76,10,,,,,,,,,,,,,,,,,,
Total,,59900,131.17792888888889,,,132,,,,,,,,,,,,,,,,,,
,,,,,,,,,,,,,,,,,,,,,,,,
Optimal Lineup - Weighted,POS,Salary,Projection,2025-11-02 12:27,Roster %,Result,,,,,,,,,,,,,,,,,,
Patrick Mahomes,QB,8500,23.626640740740743,Slate: Main,16.41,9.5,,,,,,,,,,,,,,,,,,
Christian McCaffrey,RB,9500,22.115598518518517,QB/WR Stack,25.99,34.8,,,,,,,,,,,,,,,,,,
Kyle Monangai,RB,5200,14.704127407407405,,2.04,24.3,,,,,,,,,,,,,,,,,,
Rashee Rice,WR,8200,15.17151777777778,,11.09,16.6,,,,,,,,,,,,,,,,,,
Wan'Dale Robinson,WR,5900,10.958342222222223,,7.69,9.100000000000001,,,,,,,,,,,,,,,,,,
Stefon Diggs,WR,6200,11.026823703703704,,8.85,11.3,,,,,,,,,,,,,,,,,,
Tucker Kraft,TE,6200,12.148215555555558,,7.7,3,,,,,,,,,,,,,,,,,,
TreVeyon Henderson,FLEX,5300,12.00275037037037,,0.67,10.7,,,,,,,,,,,,,,,,,,
Rams,DST,4900,9.478977777777775,,7.62,9,,,,,,,,,,,,,,,,,,
Total,,59900,131.23299407407407,,,128.29999999999998,,,,,,,,,,,,,,,,,,
,,,,,,,,,,,,,,,,,,,,,,,,
Optimal Lineup - Weighted,POS,Salary,Projection,2025-11-02 12:30,Roster %,Result,,,,,,,,,,,,,,,,,,
Patrick Mahomes,QB,8500,23.626640740740743,Slate: Main,16.41,9.5,,,,,,,,,,,,,,,,,,
Christian McCaffrey,RB,9500,22.115598518518517,Locks:,25.99,34.8,,,,,,,,,,,,,,,,,,
Jonathan Taylor,RB,11000,20.833158518518516,Jonathan Taylor,13.14,6.7,,,,,,,,,,,,,,,,,,
Wan'Dale Robinson,WR,5900,10.958342222222223,,7.69,9.100000000000001,,,,,,,,,,,,,,,,,,
Jakobi Meyers,WR,5400,9.348620740740742,,6.34,4.300000000000001,,,,,,,,,,,,,,,,,,
Keon Coleman,WR,5200,8.256331851851852,,3.83,2.7,,,,,,,,,,,,,,,,,,
Tucker Kraft,TE,6200,12.148215555555558,,7.7,3,,,,,,,,,,,,,,,,,,
Kyle Monangai,FLEX,5200,14.704127407407405,,2.04,24.3,,,,,,,,,,,,,,,,,,
Bengals,DST,3000,5.804222222222223,,6.12,0,,,,,,,,,,,,,,,,,,
Total,,59900,127.79525777777778,,,94.4,,,,,,,,,,,,,,,,,,
,,,,,,,,,,,,,,,,,,,,,,,,
Optimal Lineup - Weighted,POS,Salary,Projection,2025-11-02 17:32,Roster %,Result,,,,,,,,,,,,,,,,,,
Dak Prescott,QB,7700,20.308726962962965,Slate: SNF-MNF,10.71,16.4,,,,,,,,,,,,,,,,,,
Javonte Williams,RB,8500,15.517667407407407,,9.28,6.800000000000001,,,,,,,,,,,,,,,,,,
Zonovan Knight,RB,5900,11.726692592592592,,12.2,5.7,,,,,,,,,,,,,,,,,,
Jaxon Smith-Njigba,WR,9600,19.458164444444442,,18.45,21,,,,,,,,,,,,,,,,,,
Marvin Harrison Jr.,WR,6600,11.94925925925926,,7.24,19.1,,,,,,,,,,,,,,,,,,
Tory Horton,WR,4700,7.475974074074075,,0.9,18.8,,,,,,,,,,,,,,,,,,
Trey McBride,TE,7000,14.048157777777778,,9.27,14,,,,,,,,,,,,,,,,,,
Zach Charbonnet,FLEX,6100,9.908895555555555,,3.34,5.1,,,,,,,,,,,,,,,,,,
Cowboys,DST,3800,6.4564666666666675,,1.49,7,,,,,,,,,,,,,,,,,,
Total,,59900,116.85000474074074,,,113.89999999999999,,,,,,,,,,,,,,,,,,
,,,,,,,,,,,,,,,,,,,,,,,,
Optimal Lineup - AVG,POS,Salary,Projection,2025-11-02 17:32,Roster %,Result,,,,,,,,,,,,,,,,,,
Dak Prescott,QB,7700,20.293392592592593,Slate: SNF-MNF,10.71,16.4,,,,,,,,,,,,,,,,,,
Javonte Williams,RB,8500,15.61848148148148,,9.28,6.800000000000001,,,,,,,,,,,,,,,,,,
Zonovan Knight,RB,5900,12.00851851851852,,12.2,5.7,,,,,,,,,,,,,,,,,,
Jaxon Smith-Njigba,WR,9600,19.402888888888885,,18.45,21,,,,,,,,,,,,,,,,,,
Marvin Harrison Jr.,WR,6600,12.201851851851853,,7.24,19.1,,,,,,,,,,,,,,,,,,
Tory Horton,WR,4700,7.729814814814816,,0.9,18.8,,,,,,,,,,,,,,,,,,
Trey McBride,TE,7000,14.056555555555555,,9.27,14,,,,,,,,,,,,,,,,,,
Zach Charbonnet,FLEX,6100,10.154111111111112,,3.34,5.1,,,,,,,,,,,,,,,,,,
Cowboys,DST,3800,6.433333333333334,,1.49,7,,,,,,,,,,,,,,,,,,
Total,,59900,117.89894814814814,,,113.89999999999999,,,,,,,,,,,,,,,,,,
,,,,,,,,,,,,,,,,,,,,,,,,
Optimal Lineup - My Projection,POS,Salary,Projection,2025-11-02 17:33,Roster %,Result,,,,,,,,,,,,,,,,,,
Sam Darnold,QB,7300,20.45,Slate: SNF-MNF,2.3,31.200000000000003,,,,,,,,,,,,,,,,,,
Javonte Williams,RB,8500,19.133333333333333,,9.28,6.800000000000001,,,,,,,,,,,,,,,,,,
Zonovan Knight,RB,5900,14.816666666666665,,12.2,5.7,,,,,,,,,,,,,,,,,,
Jaxon Smith-Njigba,WR,9600,21.700000000000003,,18.45,21,,,,,,,,,,,,,,,,,,
George Pickens,WR,7400,16.96666666666667,,8.19,10.9,,,,,,,,,,,,,,,,,,
Tory Horton,WR,4700,12.133333333333335,,0.9,18.8,,,,,,,,,,,,,,,,,,
Jake Ferguson,TE,6700,16.25,,3.6,5.5,,,,,,,,,,,,,,,,,,
AJ Barner,FLEX,5200,13.383333333333333,,2.28,10,,,,,,,,,,,,,,,,,,
Seahawks,DST,4500,9.540000000000001,,0.56,9,,,,,,,,,,,,,,,,,,
Total,,59800,144.37333333333333,,,118.9,,,,,,,,,,,,,,,,,,
,,,,,,,,,,,,,,,,,,,,,,,,
Optimal Lineup - DFF,POS,Salary,Projection,2025-11-02 17:33,Roster %,Result,,,,,,,,,,,,,,,,,,
Dak Prescott,QB,7700,20.6,Slate: SNF-MNF,10.71,16.4,,,,,,,,,,,,,,,,,,
Javonte Williams,RB,8500,15.2,,9.28,6.800000000000001,,,,,,,,,,,,,,,,,,
Zonovan Knight,RB,5900,12.2,,12.2,5.7,,,,,,,,,,,,,,,,,,
Jaxon Smith-Njigba,WR,9600,20.4,,18.45,21,,,,,,,,,,,,,,,,,,
Marvin Harrison Jr.,WR,6600,11.7,,7.24,19.1,,,,,,,,,,,,,,,,,,
Tory Horton,WR,4700,7.4,,0.9,18.8,,,,,,,,,,,,,,,,,,
Trey McBride,TE,7000,14.5,,9.27,14,,,,,,,,,,,,,,,,,,
Zach Charbonnet,FLEX,6100,10,,3.34,5.1,,,,,,,,,,,,,,,,,,
Cowboys,DST,3800,6,,1.49,7,,,,,,,,,,,,,,,,,,
Total,,59900,118.00000000000001,,,113.89999999999999,,,,,,,,,,,,,,,,,,
,,,,,,,,,,,,,,,,,,,,,,,,
Optimal Lineup - FantasyPros,POS,Salary,Projection,2025-11-02 17:33,Roster %,Result,,,,,,,,,,,,,,,,,,
Dak Prescott,QB,7700,19.278,Slate: SNF-MNF,10.71,16.4,,,,,,,,,,,,,,,,,,
Javonte Williams,RB,8500,14.590000000000002,,9.28,6.800000000000001,,,,,,,,,,,,,,,,,,
Zonovan Knight,RB,5900,9.97,,12.2,5.7,,,,,,,,,,,,,,,,,,
Jaxon Smith-Njigba,WR,9600,18.09,,18.45,21,,,,,,,,,,,,,,,,,,
Marvin Harrison Jr.,WR,6600,12.010000000000002,,7.24,19.1,,,,,,,,,,,,,,,,,,
Tory Horton,WR,4700,7,,0.9,18.8,,,,,,,,,,,,,,,,,,
Trey McBride,TE,7000,13.92,,9.27,14,,,,,,,,,,,,,,,,,,
Zach Charbonnet,FLEX,6100,9.569999999999999,,3.34,5.1,,,,,,,,,,,,,,,,,,
Cowboys,DST,3800,6,,1.49,7,,,,,,,,,,,,,,,,,,
Total,,59900,110.428,,,113.89999999999999,,,,,,,,,,,,,,,,,,
,,,,,,,,,,,,,,,,,,,,,,,,
Optimal Lineup - FootballGuys,POS,Salary,Projection,2025-11-02 17:33,Roster %,Result,,,,,,,,,,,,,,,,,,
Dak Prescott,QB,7700,20.559199999999997,Slate: SNF-MNF,10.71,16.4,,,,,,,,,,,,,,,,,,
Javonte Williams,RB,8500,15.763000000000002,,9.28,6.800000000000001,,,,,,,,,,,,,,,,,,
Zonovan Knight,RB,5900,12.2,,12.2,5.7,,,,,,,,,,,,,,,,,,
Jaxon Smith-Njigba,WR,9600,18.826,,18.45,21,,,,,,,,,,,,,,,,,,
Marvin Harrison Jr.,WR,6600,11.7,,7.24,19.1,,,,,,,,,,,,,,,,,,
Tory Horton,WR,4700,7.785000000000001,,0.9,18.8,,,,,,,,,,,,,,,,,,
Trey McBride,TE,7000,13.699000000000002,,9.27,14,,,,,,,,,,,,,,,,,,
Zach Charbonnet,FLEX,6100,10.127,,3.34,5.1,,,,,,,,,,,,,,,,,,
Cowboys,DST,3800,8.16,,1.49,7,,,,,,,,,,,,,,,,,,
Total,,59900,118.81919999999998,,,113.89999999999999,,,,,,,,,,,,,,,,,,
,,,,,,,,,,,,,,,,,,,,,,,,
Optimal Lineup - FantasyLabs,POS,Salary,Projection,2025-11-02 17:33,Roster %,Result,,,,,,,,,,,,,,,,,,
Dak Prescott,QB,7700,21.16,Slate: SNF-MNF,10.71,16.4,,,,,,,,,,,,,,,,,,
Javonte Williams,RB,8500,14.75,,9.28,6.800000000000001,,,,,,,,,,,,,,,,,,
Zonovan Knight,RB,5900,12.2,,12.2,5.7,,,,,,,,,,,,,,,,,,
Jaxon Smith-Njigba,WR,9600,19.75,,18.45,21,,,,,,,,,,,,,,,,,,
George Pickens,WR,7400,12.75,,8.19,10.9,,,,,,,,,,,,,,,,,,
Tory Horton,WR,4700,7.39,,0.9,18.8,,,,,,,,,,,,,,,,,,
Trey McBride,TE,7000,14.23,,9.27,14,,,,,,,,,,,,,,,,,,
Zach Ertz,FLEX,5300,8.35,,3.46,6.6000000000000005,,,,,,,,,,,,,,,,,,
Commanders,DST,3700,6.4,,4.41,-2,,,,,,,,,,,,,,,,,,
Total,,59800,116.98,,,98.19999999999999,,,,,,,,,,,,,,,,,,
,,,,,,,,,,,,,,,,,,,,,,,,
Optimal Lineup - RotoWire,POS,Salary,Projection,2025-11-02 17:33,Roster %,Result,,,,,,,,,,,,,,,,,,
Dak Prescott,QB,7700,20.42,Slate: SNF-MNF,10.71,16.4,,,,,,,,,,,,,,,,,,
Javonte Williams,RB,8500,16.75,,9.28,6.800000000000001,,,,,,,,,,,,,,,,,,
Zonovan Knight,RB,5900,12.2,,12.2,5.7,,,,,,,,,,,,,,,,,,
Jaxon Smith-Njigba,WR,9600,22.08,,18.45,21,,,,,,,,,,,,,,,,,,
Marvin Harrison Jr.,WR,6600,12.02,,7.24,19.1,,,,,,,,,,,,,,,,,,
Tory Horton,WR,4700,7.96,,0.9,18.8,,,,,,,,,,,,,,,,,,
Trey McBride,TE,7000,14.47,,9.27,14,,,,,,,,,,,,,,,,,,
Zach Charbonnet,FLEX,6100,10.33,,3.34,5.1,,,,,,,,,,,,,,,,,,
Cowboys,DST,3800,5.94,,1.49,7,,,,,,,,,,,,,,,,,,
Total,,59900,122.16999999999999,,,113.89999999999999,,,,,,,,,,,,,,,,,,
,,,,,,,,,,,,,,,,,,,,,,,,
Optimal Lineup - NumberFire,POS,Salary,Projection,2025-11-02 17:33,Roster %,Result,,,,,,,,,,,,,,,,,,
Dak Prescott,QB,7700,19.7,Slate: SNF-MNF,10.71,16.4,,,,,,,,,,,,,,,,,,
Javonte Williams,RB,8500,15.2,,9.28,6.800000000000001,,,,,,,,,,,,,,,,,,
Jacory Croskey-Merritt,RB,6500,10.4,,4.21,4.6000000000000005,,,,,,,,,,,,,,,,,,
Deebo Samuel Sr.,WR,7200,11.2,,5.12,6.9,,,,,,,,,,,,,,,,,,
George Pickens,WR,7400,12.2,,8.19,10.9,,,,,,,,,,,,,,,,,,
Marvin Harrison Jr.,WR,6600,12.3,,7.24,19.1,,,,,,,,,,,,,,,,,,
Trey McBride,TE,7000,13.9,,9.27,14,,,,,,,,,,,,,,,,,,
Zach Ertz,FLEX,5300,8.2,,3.46,6.6000000000000005,,,,,,,,,,,,,,,,,,
Cowboys,DST,3800,6,,1.49,7,,,,,,,,,,,,,,,,,,
Total,,60000,109.10000000000001,,,92.3,,,,,,,,,,,,,,,,,,
,,,,,,,,,,,,,,,,,,,,,,,,
Optimal Lineup - DraftEdge,POS,Salary,Projection,2025-11-02 17:33,Roster %,Result,,,,,,,,,,,,,,,,,,
Dak Prescott,QB,7700,21.3,Slate: SNF-MNF,10.71,16.4,,,,,,,,,,,,,,,,,,
Javonte Williams,RB,8500,16,,9.28,6.800000000000001,,,,,,,,,,,,,,,,,,
Zonovan Knight,RB,5900,15.8,,12.2,5.7,,,,,,,,,,,,,,,,,,
Jaxon Smith-Njigba,WR,9600,19.7,,18.45,21,,,,,,,,,,,,,,,,,,
George Pickens,WR,7400,13.4,,8.19,10.9,,,,,,,,,,,,,,,,,,
Tory Horton,WR,4700,7.3,,0.9,18.8,,,,,,,,,,,,,,,,,,
Trey McBride,TE,7000,12.9,,9.27,14,,,,,,,,,,,,,,,,,,
Zach Ertz,FLEX,5300,8.7,,3.46,6.6000000000000005,,,,,,,,,,,,,,,,,,
Cowboys,DST,3800,6.1,,1.49,7,,,,,,,,,,,,,,,,,,
Total,,59900,121.2,,,107.19999999999999,,,,,,,,,,,,,,,,,,
,,,,,,,,,,,,,,,,,,,,,,,,
Optimal Lineup - SportsLine,POS,Salary,Projection,2025-11-02 17:34,Roster %,Result,,,,,,,,,,,,,,,,,,
Dak Prescott,QB,7700,19.34,Slate: SNF-MNF,10.71,16.4,,,,,,,,,,,,,,,,,,
Zonovan Knight,RB,5900,10.99,,12.2,5.7,,,,,,,,,,,,,,,,,,
Kenneth Walker III,RB,6800,11.68,,3.25,7.1000000000000005,,,,,,,,,,,,,,,,,,
Jaxon Smith-Njigba,WR,9600,16.68,,18.45,21,,,,,,,,,,,,,,,,,,
George Pickens,WR,7400,12.51,,8.19,10.9,,,,,,,,,,,,,,,,,,
Marvin Harrison Jr.,WR,6600,11.7,,7.24,19.1,,,,,,,,,,,,,,,,,,
Trey McBride,TE,7000,13.59,,9.27,14,,,,,,,,,,,,,,,,,,
Zach Ertz,FLEX,5300,7.4,,3.46,6.6000000000000005,,,,,,,,,,,,,,,,,,
Commanders,DST,3700,7.29,,4.41,-2,,,,,,,,,,,,,,,,,,
Total,,60000,111.18000000000002,,,98.8,,,,,,,,,,,,,,,,,,
,,,,,,,,,,,,,,,,,,,,,,,,
Optimal Lineup - Weighted,POS,Salary,Projection,2025-11-06 13:30,Roster %,Result,,,,,,,,,,,,,,,,,,
Bo Nix,MVP,20700,28.68,Slate: Single,3.61,11.700000000000001,,,,,,,,,,,,,,,,,,
Geno Smith,QB,11400,13.67,,1.01,5.42,,,,,,,,,,,,,,,,,,
Troy Franklin,WR,7800,9.2,,4.73,12.5,,,,,,,,,,,,,,,,,,
RJ Harvey,RB,7600,8.06,,1.09,2.8,,,,,,,,,,,,,,,,,,
Broncos,DST,6800,8.52,,3.92,14,,,,,,,,,,,,,,,,,,
Evan Engram,TE,5600,6.65,,2.64,2.2,,,,,,,,,,,,,,,,,,
,,,,,0,,,,,,,,,,,,,,,,,,,
,,,,,0,,,,,,,,,,,,,,,,,,,
,,,,,0,,,,,,,,,,,,,,,,,,,
Total,,59900,74.78,,,48.620000000000005,,,,,,,,,,,,,,,,,,
,,,,,,,,,,,,,,,,,,,,,,,,
Optimal Lineup - AVG,POS,Salary,Projection,2025-11-06 13:30,Roster %,Result,,,,,,,,,,,,,,,,,,
Bo Nix,MVP,20700,29.03,Slate: Single,3.61,11.700000000000001,,,,,,,,,,,,,,,,,,
Geno Smith,QB,11400,13.54,,1.01,5.42,,,,,,,,,,,,,,,,,,
Troy Franklin,WR,7800,9.72,,4.73,12.5,,,,,,,,,,,,,,,,,,
RJ Harvey,RB,7600,8.52,,1.09,2.8,,,,,,,,,,,,,,,,,,
Broncos,DST,6800,8.85,,3.92,14,,,,,,,,,,,,,,,,,,
Evan Engram,TE,5600,6.9,,2.64,2.2,,,,,,,,,,,,,,,,,,
,,,,,0,,,,,,,,,,,,,,,,,,,
,,,,,0,,,,,,,,,,,,,,,,,,,
,,,,,0,,,,,,,,,,,,,,,,,,,
Total,,59900,76.56,,,48.620000000000005,,,,,,,,,,,,,,,,,,
,,,,,,,,,,,,,,,,,,,,,,,,
Optimal Lineup - My Projection,POS,Salary,Projection,2025-11-06 13:30,Roster %,Result,,,,,,,,,,,,,,,,,,
Broncos,MVP,10200,17.94,Slate: Single,3.92,21,,,,,,,,,,,,,,,,,,
Bo Nix,QB,13800,20.27,,3.61,7.800000000000001,,,,,,,,,,,,,,,,,,
J.K. Dobbins,RB,10600,15.15,,4.92,8.9,,,,,,,,,,,,,,,,,,
Courtland Sutton,WR,9800,15.85,,6.03,3.9000000000000004,,,,,,,,,,,,,,,,,,
Troy Franklin,WR,7800,14.8,,4.73,12.5,,,,,,,,,,,,,,,,,,
RJ Harvey,RB,7600,13.72,,1.09,2.8,,,,,,,,,,,,,,,,,,
,,,,,0,,,,,,,,,,,,,,,,,,,
,,,,,0,,,,,,,,,,,,,,,,,,,
,,,,,0,,,,,,,,,,,,,,,,,,,
Total,,59800,97.72999999999999,,,56.9,,,,,,,,,,,,,,,,,,
,,,,,,,,,,,,,,,,,,,,,,,,
Optimal Lineup - DFF,POS,Salary,Projection,2025-11-06 13:30,Roster %,Result,,,,,,,,,,,,,,,,,,
Bo Nix,MVP,20700,27.45,Slate: Single,3.61,11.700000000000001,,,,,,,,,,,,,,,,,,
Geno Smith,QB,11400,13.8,,1.01,5.42,,,,,,,,,,,,,,,,,,
J.K. Dobbins,RB,10600,13,,4.92,8.9,,,,,,,,,,,,,,,,,,
Tre Tucker,WR,8200,8.8,,4.76,4.5,,,,,,,,,,,,,,,,,,
Broncos,DST,6800,7.9,,3.92,14,,,,,,,,,,,,,,,,,,
Adam Trautman,TE,1800,2.4,,0.12,0.7,,,,,,,,,,,,,,,,,,
,,,,,0,,,,,,,,,,,,,,,,,,,
,,,,,0,,,,,,,,,,,,,,,,,,,
,,,,,0,,,,,,,,,,,,,,,,,,,
Total,,59500,73.35000000000001,,,45.220000000000006,,,,,,,,,,,,,,,,,,
,,,,,,,,,,,,,,,,,,,,,,,,
Optimal Lineup - FantasyPros,POS,Salary,Projection,2025-11-06 13:30,Roster %,Result,,,,,,,,,,,,,,,,,,
Bo Nix,MVP,20700,29.63,Slate: Single,3.61,11.700000000000001,,,,,,,,,,,,,,,,,,
Geno Smith,QB,11400,12.95,,1.01,5.42,,,,,,,,,,,,,,,,,,
Courtland Sutton,WR,9800,11.16,,6.03,3.9000000000000004,,,,,,,,,,,,,,,,,,
Troy Franklin,WR,7800,8.94,,4.73,12.5,,,,,,,,,,,,,,,,,,
Broncos,DST,6800,7.9,,3.92,14,,,,,,,,,,,,,,,,,,
Jack Bech,WR,3400,3.38,,1.08,0,,,,,,,,,,,,,,,,,,
,,,,,0,,,,,,,,,,,,,,,,,,,
,,,,,0,,,,,,,,,,,,,,,,,,,
,,,,,0,,,,,,,,,,,,,,,,,,,
Total,,59900,73.96,,,47.52,,,,,,,,,,,,,,,,,,
,,,,,,,,,,,,,,,,,,,,,,,,
Optimal Lineup - FootballGuys,POS,Salary,Projection,2025-11-06 13:30,Roster %,Result,,,,,,,,,,,,,,,,,,
Geno Smith,MVP,17100,21.97,Slate: Single,1.01,8.129999999999999,,,,,,,,,,,,,,,,,,
Bo Nix,QB,13800,17.21,,3.61,7.800000000000001,,,,,,,,,,,,,,,,,,
Ashton Jeanty,RB,12200,14.64,,7.13,13.8,,,,,,,,,,,,,,,,,,
Broncos,DST,6800,8.08,,3.92,14,,,,,,,,,,,,,,,,,,
Raiders,DST,6000,7.76,,0.08,10,,,,,,,,,,,,,,,,,,
Pat Bryant,WR,3800,4.63,,0.49,4.8,,,,,,,,,,,,,,,,,,
,,,,,0,,,,,,,,,,,,,,,,,,,
,,,,,0,,,,,,,,,,,,,,,,,,,
,,,,,0,,,,,,,,,,,,,,,,,,,
Total,,59700,74.28999999999999,,,58.53,,,,,,,,,,,,,,,,,,
,,,,,,,,,,,,,,,,,,,,,,,,
Optimal Lineup - FantasyLabs,POS,Salary,Projection,2025-11-06 13:30,Roster %,Result,,,,,,,,,,,,,,,,,,
Bo Nix,MVP,20700,27.94,Slate: Single,3.61,11.700000000000001,,,,,,,,,,,,,,,,,,
Geno Smith,QB,11400,13.8,,1.01,5.42,,,,,,,,,,,,,,,,,,
J.K. Dobbins,RB,10600,12.82,,4.92,8.9,,,,,,,,,,,,,,,,,,
Troy Franklin,WR,7800,9.51,,4.73,12.5,,,,,,,,,,,,,,,,,,
Evan Engram,TE,5600,6.95,,2.64,2.2,,,,,,,,,,,,,,,,,,
Pat Bryant,WR,3800,4.56,,0.49,4.8,,,,,,,,,,,,,,,,,,
,,,,,0,,,,,,,,,,,,,,,,,,,
,,,,,0,,,,,,,,,,,,,,,,,,,
,,,,,0,,,,,,,,,,,,,,,,,,,
Total,,59900,75.58000000000001,,,45.52,,,,,,,,,,,,,,,,,,
,,,,,,,,,,,,,,,,,,,,,,,,
Optimal Lineup - RotoWire,POS,Salary,Projection,2025-11-06 13:30,Roster %,Result,,,,,,,,,,,,,,,,,,
Bo Nix,MVP,20700,29.02,Slate: Single,3.61,11.700000000000001,,,,,,,,,,,,,,,,,,
Geno Smith,QB,11400,15.31,,1.01,5.42,,,,,,,,,,,,,,,,,,
J.K. Dobbins,RB,10600,11.45,,4.92,8.9,,,,,,,,,,,,,,,,,,
Tre Tucker,WR,8200,9.08,,4.76,4.5,,,,,,,,,,,,,,,,,,
Evan Engram,TE,5600,6.45,,2.64,2.2,,,,,,,,,,,,,,,,,,
Jack Bech,WR,3400,5.6,,1.08,0,,,,,,,,,,,,,,,,,,
,,,,,0,,,,,,,,,,,,,,,,,,,
,,,,,0,,,,,,,,,,,,,,,,,,,
,,,,,0,,,,,,,,,,,,,,,,,,,
Total,,59900,76.91,,,32.720000000000006,,,,,,,,,,,,,,,,,,
,,,,,,,,,,,,,,,,,,,,,,,,
Optimal Lineup - NumberFire,POS,Salary,Projection,2025-11-06 13:31,Roster %,Result,,,,,,,,,,,,,,,,,,
Bo Nix,MVP,20700,27.9,Slate: Single,3.61,11.700000000000001,,,,,,,,,,,,,,,,,,
Ashton Jeanty,RB,12200,13.9,,7.13,13.8,,,,,,,,,,,,,,,,,,
J.K. Dobbins,RB,10600,13.3,,4.92,8.9,,,,,,,,,,,,,,,,,,
Troy Franklin,WR,7800,9.9,,4.73,12.5,,,,,,,,,,,,,,,,,,
Michael Mayer,TE,4600,6.5,,0.65,3.7,,,,,,,,,,,,,,,,,,
Pat Bryant,WR,3800,5.6,,0.49,4.8,,,,,,,,,,,,,,,,,,
,,,,,0,,,,,,,,,,,,,,,,,,,
,,,,,0,,,,,,,,,,,,,,,,,,,
,,,,,0,,,,,,,,,,,,,,,,,,,
Total,,59700,77.1,,,55.4,,,,,,,,,,,,,,,,,,
,,,,,,,,,,,,,,,,,,,,,,,,
Optimal Lineup - DraftEdge,POS,Salary,Projection,2025-11-06 13:31,Roster %,Result,,,,,,,,,,,,,,,,,,
Bo Nix,MVP,20700,29.1,Slate: Single,3.61,11.700000000000001,,,,,,,,,,,,,,,,,,
Geno Smith,QB,11400,13.8,,1.01,5.42,,,,,,,,,,,,,,,,,,
J.K. Dobbins,RB,10600,12.7,,4.92,8.9,,,,,,,,,,,,,,,,,,
Troy Franklin,WR,7800,10.1,,4.73,12.5,,,,,,,,,,,,,,,,,,
Evan Engram,TE,5600,7.3,,2.64,2.2,,,,,,,,,,,,,,,,,,
Jack Bech,WR,3400,6.2,,1.08,0,,,,,,,,,,,,,,,,,,
,,,,,0,,,,,,,,,,,,,,,,,,,
,,,,,0,,,,,,,,,,,,,,,,,,,
,,,,,0,,,,,,,,,,,,,,,,,,,
Total,,59500,79.2,,,40.720000000000006,,,,,,,,,,,,,,,,,,
,,,,,,,,,,,,,,,,,,,,,,,,
Optimal Lineup - SportsLine,POS,Salary,Projection,2025-11-06 13:31,Roster %,Result,,,,,,,,,,,,,,,,,,
Bo Nix,MVP,20700,33.99,Slate: Single,3.61,11.700000000000001,,,,,,,,,,,,,,,,,,
Courtland Sutton,WR,9800,12.11,,6.03,3.9000000000000004,,,,,,,,,,,,,,,,,,
Troy Franklin,WR,7800,9.34,,4.73,12.5,,,,,,,,,,,,,,,,,,
RJ Harvey,RB,7600,9.65,,1.09,2.8,,,,,,,,,,,,,,,,,,
Broncos,DST,6800,11.89,,3.92,14,,,,,,,,,,,,,,,,,,
Evan Engram,TE,5600,6.93,,2.64,2.2,,,,,,,,,,,,,,,,,,
,,,,,0,,,,,,,,,,,,,,,,,,,
,,,,,0,,,,,,,,,,,,,,,,,,,
,,,,,0,,,,,,,,,,,,,,,,,,,
Total,,58300,83.91,,,47.10000000000001,,,,,,,,,,,,,,,,,,
,,,,,,,,,,,,,,,,,,,,,,,,
Optimal Lineup - DraftEdge,POS,Salary,Projection,2025-11-06 19:35,Roster %,Result,,,,,,,,,,,,,,,,,,
Bo Nix,MVP,20700,29.1,Slate: Single,3.25,11.700000000000001,,,,,,,,,,,,,,,,,,
Geno Smith,QB,11400,13.8,,2.03,5.42,,,,,,,,,,,,,,,,,,
J.K. Dobbins,RB,10600,12.7,,4.19,8.9,,,,,,,,,,,,,,,,,,
Troy Franklin,WR,7800,10.1,,5.72,12.5,,,,,,,,,,,,,,,,,,
Evan Engram,TE,5600,7.3,,2.65,2.2,,,,,,,,,,,,,,,,,,
Jack Bech,WR,3400,6.2,,1.07,0,,,,,,,,,,,,,,,,,,
,,,,,0,,,,,,,,,,,,,,,,,,,
,,,,,0,,,,,,,,,,,,,,,,,,,
,,,,,0,,,,,,,,,,,,,,,,,,,
Total,,59500,79.2,,,40.720000000000006,,,,,,,,,,,,,,,,,,
,,,,,,,,,,,,,,,,,,,,,,,,
Optimal Lineup - Weighted,POS,Salary,Projection,2025-11-06 19:35,Roster %,Result,,,,,,,,,,,,,,,,,,
Bo Nix,MVP,20700,28.8,Slate: Single,3.25,11.700000000000001,,,,,,,,,,,,,,,,,,
Geno Smith,QB,11400,13.91,,2.03,5.42,,,,,,,,,,,,,,,,,,
Troy Franklin,WR,7800,9.47,,5.72,12.5,,,,,,,,,,,,,,,,,,
RJ Harvey,RB,7600,8.19,,1.44,2.8,,,,,,,,,,,,,,,,,,
Broncos,DST,6800,8.52,,3.75,14,,,,,,,,,,,,,,,,,,
Evan Engram,TE,5600,6.74,,2.65,2.2,,,,,,,,,,,,,,,,,,
,,,,,0,,,,,,,,,,,,,,,,,,,
,,,,,0,,,,,,,,,,,,,,,,,,,
,,,,,0,,,,,,,,,,,,,,,,,,,
Total,,59900,75.63,,,48.620000000000005,,,,,,,,,,,,,,,,,,
,,,,,,,,,,,,,,,,,,,,,,,,
Optimal Lineup - Weighted,POS,Salary,Projection,2025-11-09 11:02,Roster %,Result,,,,,,,,,,,,,,,,,,
Josh Allen,QB,9200,24.01985970370371,Slate: Main,13.09,23.34,,,,,,,,,,,,,,,,,,
Christian McCaffrey,RB,9700,20.807653333333338,,21.63,13.600000000000001,,,,,,,,,,,,,,,,,,
De'Von Achane,RB,8500,17.532291851851852,,13.99,40.5,,,,,,,,,,,,,,,,,,
Stefon Diggs,WR,6200,11.423612592592594,,10.22,13.100000000000001,,,,,,,,,,,,,,,,,,
Wan'Dale Robinson,WR,6000,10.717307407407407,,11.03,9.2,,,,,,,,,,,,,,,,,,
Parker Washington,WR,5600,8.703465925925926,,3.04,10.4,,,,,,,,,,,,,,,,,,
Hunter Henry,TE,5300,8.41229925925926,,4.13,1.4,,,,,,,,,,,,,,,,,,
TreVeyon Henderson,FLEX,5900,11.900328888888891,,1.41,30.5,,,,,,,,,,,,,,,,,,
Panthers,DST,3600,8.388344444444446,,36.22,3,,,,,,,,,,,,,,,,,,
Total,,60000,121.90516340740741,,,145.04000000000002,,,,,,,,,,,,,,,,,,
,,,,,,,,,,,,,,,,,,,,,,,,
Optimal Lineup - AVG,POS,Salary,Projection,2025-11-09 11:02,Roster %,Result,,,,,,,,,,,,,,,,,,
Josh Allen,QB,9200,24.193940740740743,Slate: Main,13.09,23.34,,,,,,,,,,,,,,,,,,
Christian McCaffrey,RB,9700,20.545666666666666,,21.63,13.600000000000001,,,,,,,,,,,,,,,,,,
De'Von Achane,RB,8500,17.72837037037037,,13.99,40.5,,,,,,,,,,,,,,,,,,
Stefon Diggs,WR,6200,11.622518518518518,,10.22,13.100000000000001,,,,,,,,,,,,,,,,,,
Wan'Dale Robinson,WR,6000,10.981481481481483,,11.03,9.2,,,,,,,,,,,,,,,,,,
Parker Washington,WR,5600,8.753185185185185,,3.04,10.4,,,,,,,,,,,,,,,,,,
Hunter Henry,TE,5300,8.67985185185185,,4.13,1.4,,,,,,,,,,,,,,,,,,
TreVeyon Henderson,FLEX,5900,12.110777777777777,,1.41,30.5,,,,,,,,,,,,,,,,,,
Panthers,DST,3600,8.398888888888889,,36.22,3,,,,,,,,,,,,,,,,,,
Total,,60000,123.01468148148147,,,145.04000000000002,,,,,,,,,,,,,,,,,,
,,,,,,,,,,,,,,,,,,,,,,,,
Optimal Lineup - My Projection,POS,Salary,Projection,2025-11-09 11:02,Roster %,Result,,,,,,,,,,,,,,,,,,
Caleb Williams,QB,7400,21.849999999999998,Slate: Main,1.56,25.1,,,,,,,,,,,,,,,,,,
Jahmyr Gibbs,RB,8800,20.25,,19.46,39.7,,,,,,,,,,,,,,,,,,
D'Andre Swift,RB,7100,18.116666666666667,,3.41,12.3,,,,,,,,,,,,,,,,,,
Amon-Ra St. Brown,WR,9300,21.099999999999998,,20.99,14.3,,,,,,,,,,,,,,,,,,
Wan'Dale Robinson,WR,6000,15.633333333333333,,11.03,9.2,,,,,,,,,,,,,,,,,,
Kendrick Bourne,WR,5100,12.366666666666665,,2.77,2.4000000000000004,,,,,,,,,,,,,,,,,,
Sam LaPorta,TE,6400,16.166666666666668,,5.81,7.800000000000001,,,,,,,,,,,,,,,,,,
Dalton Kincaid,FLEX,6200,16.883333333333333,,3.26,4.7,,,,,,,,,,,,,,,,,,
Panthers,DST,3600,10.46,,36.22,3,,,,,,,,,,,,,,,,,,
Total,,59900,152.82666666666665,,,118.50000000000001,,,,,,,,,,,,,,,,,,
,,,,,,,,,,,,,,,,,,,,,,,,
Optimal Lineup - DFF,POS,Salary,Projection,2025-11-09 11:02,Roster %,Result,,,,,,,,,,,,,,,,,,
Josh Allen,QB,9200,23.6,Slate: Main,13.09,23.34,,,,,,,,,,,,,,,,,,
Christian McCaffrey,RB,9700,21.7,,21.63,13.600000000000001,,,,,,,,,,,,,,,,,,
Rico Dowdle,RB,8000,16.5,,11.2,13.8,,,,,,,,,,,,,,,,,,
Emeka Egbuka,WR,7800,14.9,,8.39,23.5,,,,,,,,,,,,,,,,,,
Stefon Diggs,WR,6200,11.1,,10.22,13.100000000000001,,,,,,,,,,,,,,,,,,
Cedric Tillman,WR,4000,5.7,,2.55,2.1,,,,,,,,,,,,,,,,,,
George Kittle,TE,6100,10.9,,6.47,18.9,,,,,,,,,,,,,,,,,,
TreVeyon Henderson,FLEX,5900,12.1,,1.41,30.5,,,,,,,,,,,,,,,,,,
Giants,DST,3100,6,,5.52,0,,,,,,,,,,,,,,,,,,
Total,,60000,122.5,,,138.84,,,,,,,,,,,,,,,,,,
,,,,,,,,,,,,,,,,,,,,,,,,
Optimal Lineup - FantasyPros,POS,Salary,Projection,2025-11-09 11:03,Roster %,Result,,,,,,,,,,,,,,,,,,
Josh Allen,QB,9200,23.674000000000003,Slate: Main,13.09,23.34,,,,,,,,,,,,,,,,,,
Christian McCaffrey,RB,9700,20.14,,21.63,13.600000000000001,,,,,,,,,,,,,,,,,,
De'Von Achane,RB,8500,18,,13.99,40.5,,,,,,,,,,,,,,,,,,
Stefon Diggs,WR,6200,11.41,,10.22,13.100000000000001,,,,,,,,,,,,,,,,,,
Wan'Dale Robinson,WR,6000,10.510000000000002,,11.03,9.2,,,,,,,,,,,,,,,,,,
Khalil Shakir,WR,6100,10.290000000000001,,8.65,9.3,,,,,,,,,,,,,,,,,,
Hunter Henry,TE,5300,8.71,,4.13,1.4,,,,,,,,,,,,,,,,,,
TreVeyon Henderson,FLEX,5900,11.66,,1.41,30.5,,,,,,,,,,,,,,,,,,
Giants,DST,3100,6,,5.52,0,,,,,,,,,,,,,,,,,,
Total,,60000,120.394,,,140.94,,,,,,,,,,,,,,,,,,
,,,,,,,,,,,,,,,,,,,,,,,,
Optimal Lineup - FootballGuys,POS,Salary,Projection,2025-11-09 11:03,Roster %,Result,,,,,,,,,,,,,,,,,,
Matthew Stafford,QB,8000,20.844200000000004,Slate: Main,1.12,26.9,,,,,,,,,,,,,,,,,,
Christian McCaffrey,RB,9700,22.761,,21.63,13.600000000000001,,,,,,,,,,,,,,,,,,
Rico Dowdle,RB,8000,17.459000000000003,,11.2,13.8,,,,,,,,,,,,,,,,,,
Stefon Diggs,WR,6200,11.286000000000001,,10.22,13.100000000000001,,,,,,,,,,,,,,,,,,
Wan'Dale Robinson,WR,6000,10.76,,11.03,9.2,,,,,,,,,,,,,,,,,,
Parker Washington,WR,5600,8.812,,3.04,10.4,,,,,,,,,,,,,,,,,,
Trey McBride,TE,7000,13.307,,8.24,26.200000000000003,,,,,,,,,,,,,,,,,,
TreVeyon Henderson,FLEX,5900,10.876999999999999,,1.41,30.5,,,,,,,,,,,,,,,,,,
Panthers,DST,3600,10.98,,36.22,3,,,,,,,,,,,,,,,,,,
Total,,60000,127.0862,,,146.70000000000002,,,,,,,,,,,,,,,,,,
,,,,,,,,,,,,,,,,,,,,,,,,
Optimal Lineup - FantasyLabs,POS,Salary,Projection,2025-11-09 11:03,Roster %,Result,,,,,,,,,,,,,,,,,,
Marcus Mariota,QB,6300,16.15,Slate: Main,10.3,18.72,,,,,,,,,,,,,,,,,,
Christian McCaffrey,RB,9700,20.14,,21.63,13.600000000000001,,,,,,,,,,,,,,,,,,
Rico Dowdle,RB,8000,16.57,,11.2,13.8,,,,,,,,,,,,,,,,,,
Emeka Egbuka,WR,7800,15.38,,8.39,23.5,,,,,,,,,,,,,,,,,,
Zay Flowers,WR,7100,13.52,,11.44,10.1,,,,,,,,,,,,,,,,,,
Wan'Dale Robinson,WR,6000,10.5,,11.03,9.2,,,,,,,,,,,,,,,,,,
George Kittle,TE,6100,10.28,,6.47,18.9,,,,,,,,,,,,,,,,,,
TreVeyon Henderson,FLEX,5900,12.31,,1.41,30.5,,,,,,,,,,,,,,,,,,
Giants,DST,3100,6.56,,5.52,0,,,,,,,,,,,,,,,,,,
Total,,60000,121.41,,,138.32,,,,,,,,,,,,,,,,,,
,,,,,,,,,,,,,,,,,,,,,,,,
Optimal Lineup - RotoWire,POS,Salary,Projection,2025-11-09 11:03,Roster %,Result,,,,,,,,,,,,,,,,,,
Jaxson Dart,QB,7700,21.71,Slate: Main,14.4,26.28,,,,,,,,,,,,,,,,,,
David Montgomery,RB,6100,11.73,,6.19,7.6000000000000005,,,,,,,,,,,,,,,,,,
Emari Demercado,RB,4900,9.77,,4.35,11.9,,,,,,,,,,,,,,,,,,
Puka Nacua,WR,9900,21.01,,15.73,14.9,,,,,,,,,,,,,,,,,,
Jaxon Smith-Njigba,WR,9500,21.12,,22.83,17.8,,,,,,,,,,,,,,,,,,
Stefon Diggs,WR,6200,11.52,,10.22,13.100000000000001,,,,,,,,,,,,,,,,,,
George Kittle,TE,6100,10.76,,6.47,18.9,,,,,,,,,,,,,,,,,,
Wan'Dale Robinson,FLEX,6000,11.83,,11.03,9.2,,,,,,,,,,,,,,,,,,
Panthers,DST,3600,7.51,,36.22,3,,,,,,,,,,,,,,,,,,
Total,,60000,126.96000000000001,,,122.68000000000002,,,,,,,,,,,,,,,,,,
,,,,,,,,,,,,,,,,,,,,,,,,
Optimal Lineup - NumberFire,POS,Salary,Projection,2025-11-09 11:03,Roster %,Result,,,,,,,,,,,,,,,,,,
Lamar Jackson,QB,9000,23.3,Slate: Main,12.46,14.64,,,,,,,,,,,,,,,,,,
De'Von Achane,RB,8500,18.5,,13.99,40.5,,,,,,,,,,,,,,,,,,
Travis Etienne Jr.,RB,6900,13.8,,4.3,14.700000000000001,,,,,,,,,,,,,,,,,,
Emeka Egbuka,WR,7800,15.3,,8.39,23.5,,,,,,,,,,,,,,,,,,
Zay Flowers,WR,7100,14.8,,11.44,10.1,,,,,,,,,,,,,,,,,,
Stefon Diggs,WR,6200,11.6,,10.22,13.100000000000001,,,,,,,,,,,,,,,,,,
David Njoku,TE,5000,9.3,,2.42,9.1,,,,,,,,,,,,,,,,,,
TreVeyon Henderson,FLEX,5900,14,,1.41,30.5,,,,,,,,,,,,,,,,,,
Panthers,DST,3600,7.5,,36.22,3,,,,,,,,,,,,,,,,,,
Total,,60000,128.09999999999997,,,159.14,,,,,,,,,,,,,,,,,,
,,,,,,,,,,,,,,,,,,,,,,,,
Optimal Lineup - DraftEdge,POS,Salary,Projection,2025-11-09 11:03,Roster %,Result,,,,,,,,,,,,,,,,,,
Josh Allen,QB,9200,25.8,Slate: Main,13.09,23.34,,,,,,,,,,,,,,,,,,
Rico Dowdle,RB,8000,17.3,,11.2,13.8,,,,,,,,,,,,,,,,,,
Quinshon Judkins,RB,7600,16.1,,6.81,9.5,,,,,,,,,,,,,,,,,,
Emeka Egbuka,WR,7800,16.3,,8.39,23.5,,,,,,,,,,,,,,,,,,
Stefon Diggs,WR,6200,12.7,,10.22,13.100000000000001,,,,,,,,,,,,,,,,,,
Parker Washington,WR,5600,9.8,,3.04,10.4,,,,,,,,,,,,,,,,,,
George Kittle,TE,6100,11,,6.47,18.9,,,,,,,,,,,,,,,,,,
TreVeyon Henderson,FLEX,5900,12.4,,1.41,30.5,,,,,,,,,,,,,,,,,,
Panthers,DST,3600,8.3,,36.22,3,,,,,,,,,,,,,,,,,,
Total,,60000,129.70000000000002,,,146.04000000000002,,,,,,,,,,,,,,,,,,
,,,,,,,,,,,,,,,,,,,,,,,,
Optimal Lineup - SportsLine,POS,Salary,Projection,2025-11-09 11:03,Roster %,Result,,,,,,,,,,,,,,,,,,
Josh Allen,QB,9200,26.58,Slate: Main,13.09,23.34,,,,,,,,,,,,,,,,,,
Christian McCaffrey,RB,9700,20.12,,21.63,13.600000000000001,,,,,,,,,,,,,,,,,,
De'Von Achane,RB,8500,17.6,,13.99,40.5,,,,,,,,,,,,,,,,,,
Marvin Harrison Jr.,WR,6600,11.2,,5.31,10.8,,,,,,,,,,,,,,,,,,
Stefon Diggs,WR,6200,10.46,,10.22,13.100000000000001,,,,,,,,,,,,,,,,,,
Cedric Tillman,WR,4000,5.74,,2.55,2.1,,,,,,,,,,,,,,,,,,
Sam LaPorta,TE,6400,10.34,,5.81,7.800000000000001,,,,,,,,,,,,,,,,,,
TreVeyon Henderson,FLEX,5900,11.96,,1.41,30.5,,,,,,,,,,,,,,,,,,
Ravens,DST,3500,10.52,,3.46,8,,,,,,,,,,,,,,,,,,
Total,,60000,124.52,,,149.74,,,,,,,,,,,,,,,,,,
,,,,,,,,,,,,,,,,,,,,,,,,
Optimal Lineup - Weighted,POS,Salary,Projection,2025-11-09 11:27,Roster %,Result,,,,,,,,,,,,,,,,,,
Josh Allen,QB,9200,24.01985970370371,Slate: Main,13.09,23.34,,,,,,,,,,,,,,,,,,
Christian McCaffrey,RB,9700,20.807653333333338,QB/WR Stack,21.63,13.600000000000001,,,,,,,,,,,,,,,,,,
Rico Dowdle,RB,8000,16.15200962962963,,11.2,13.8,,,,,,,,,,,,,,,,,,
Stefon Diggs,WR,6200,11.423612592592594,,10.22,13.100000000000001,,,,,,,,,,,,,,,,,,
Wan'Dale Robinson,WR,6000,10.717307407407407,,11.03,9.2,,,,,,,,,,,,,,,,,,
Khalil Shakir,WR,6100,10.016966666666667,,8.65,9.3,,,,,,,,,,,,,,,,,,
Hunter Henry,TE,5300,8.41229925925926,,4.13,1.4,,,,,,,,,,,,,,,,,,
TreVeyon Henderson,FLEX,5900,11.900328888888891,,1.41,30.5,,,,,,,,,,,,,,,,,,
Panthers,DST,3600,8.388344444444446,,36.22,3,,,,,,,,,,,,,,,,,,
Total,,60000,121.83838192592593,,,117.24,,,,,,,,,,,,,,,,,,
,,,,,,,,,,,,,,,,,,,,,,,,
Optimal Lineup - Weighted,POS,Salary,Projection,2025-11-09 11:27,Roster %,Result,,,,,,,,,,,,,,,,,,
Josh Allen,QB,9200,24.01985970370371,Slate: Main,13.09,23.34,,,,,,,,,,,,,,,,,,
Christian McCaffrey,RB,9700,20.807653333333338,GPP Plays: 3 @ <5%,21.63,13.600000000000001,,,,,,,,,,,,,,,,,,
De'Von Achane,RB,8500,17.532291851851852,,13.99,40.5,,,,,,,,,,,,,,,,,,
Stefon Diggs,WR,6200,11.423612592592594,,10.22,13.100000000000001,,,,,,,,,,,,,,,,,,
Wan'Dale Robinson,WR,6000,10.717307407407407,,11.03,9.2,,,,,,,,,,,,,,,,,,
Parker Washington,WR,5600,8.703465925925926,,3.04,10.4,,,,,,,,,,,,,,,,,,
Hunter Henry,TE,5300,8.41229925925926,,4.13,1.4,,,,,,,,,,,,,,,,,,
TreVeyon Henderson,FLEX,5900,11.900328888888891,,1.41,30.5,,,,,,,,,,,,,,,,,,
Panthers,DST,3600,8.388344444444446,,36.22,3,,,,,,,,,,,,,,,,,,
Total,,60000,121.90516340740741,,,145.04000000000002,,,,,,,,,,,,,,,,,,
,,,,,,,,,,,,,,,,,,,,,,,,
Optimal Lineup - DFF,POS,Salary,Projection,2025-11-09 12:48,Roster %,Result,,,,,,,,,,,,,,,,,,
Marcus Mariota,QB,6300,16.8,Slate: Main,10.3,18.72,,,,,,,,,,,,,,,,,,
Christian McCaffrey,RB,9700,21.2,,21.63,13.600000000000001,,,,,,,,,,,,,,,,,,
TreVeyon Henderson,RB,5900,12.1,,1.41,30.5,,,,,,,,,,,,,,,,,,
Jaxon Smith-Njigba,WR,9500,19.4,,22.83,17.8,,,,,,,,,,,,,,,,,,
Zay Flowers,WR,7100,13.3,,11.44,10.1,,,,,,,,,,,,,,,,,,
Stefon Diggs,WR,6200,11.1,,10.22,13.100000000000001,,,,,,,,,,,,,,,,,,
George Kittle,TE,6100,10.9,,6.47,18.9,,,,,,,,,,,,,,,,,,
David Montgomery,FLEX,6100,11.7,,6.19,7.6000000000000005,,,,,,,,,,,,,,,,,,
Giants,DST,3100,6,,5.52,0,,,,,,,,,,,,,,,,,,
Total,,60000,122.5,,,130.32,,,,,,,,,,,,,,,,,,
,,,,,,,,,,,,,,,,,,,,,,,,
Optimal Lineup - FantasyPros,POS,Salary,Projection,2025-11-09 12:49,Roster %,Result,,,,,,,,,,,,,,,,,,
Josh Allen,QB,9200,23.674000000000003,Slate: Main,13.09,23.34,,,,,,,,,,,,,,,,,,
Christian McCaffrey,RB,9700,20.14,,21.63,13.600000000000001,,,,,,,,,,,,,,,,,,
De'Von Achane,RB,8500,18.01,,13.99,40.5,,,,,,,,,,,,,,,,,,
Stefon Diggs,WR,6200,11.41,,10.22,13.100000000000001,,,,,,,,,,,,,,,,,,
Wan'Dale Robinson,WR,6000,10.440000000000001,,11.03,9.2,,,,,,,,,,,,,,,,,,
Khalil Shakir,WR,6100,10.3,,8.65,9.3,,,,,,,,,,,,,,,,,,
Hunter Henry,TE,5300,8.71,,4.13,1.4,,,,,,,,,,,,,,,,,,
TreVeyon Henderson,FLEX,5900,11.66,,1.41,30.5,,,,,,,,,,,,,,,,,,
Giants,DST,3100,6,,5.52,0,,,,,,,,,,,,,,,,,,
Total,,60000,120.344,,,140.94,,,,,,,,,,,,,,,,,,
,,,,,,,,,,,,,,,,,,,,,,,,
Optimal Lineup - SportsLine,POS,Salary,Projection,2025-11-09 12:49,Roster %,Result,,,,,,,,,,,,,,,,,,
Josh Allen,QB,9200,26.58,Slate: Main,13.09,23.34,,,,,,,,,,,,,,,,,,
Christian McCaffrey,RB,9700,20.12,,21.63,13.600000000000001,,,,,,,,,,,,,,,,,,
De'Von Achane,RB,8500,17.6,,13.99,40.5,,,,,,,,,,,,,,,,,,
Marvin Harrison Jr.,WR,6600,11.2,,5.31,10.8,,,,,,,,,,,,,,,,,,
Stefon Diggs,WR,6200,10.46,,10.22,13.100000000000001,,,,,,,,,,,,,,,,,,
Cedric Tillman,WR,4000,5.74,,2.55,2.1,,,,,,,,,,,,,,,,,,
Sam LaPorta,TE,6400,10.34,,5.81,7.800000000000001,,,,,,,,,,,,,,,,,,
TreVeyon Henderson,FLEX,5900,11.96,,1.41,30.5,,,,,,,,,,,,,,,,,,
Ravens,DST,3500,10.52,,3.46,8,,,,,,,,,,,,,,,,,,
Total,,60000,124.52,,,149.74,,,,,,,,,,,,,,,,,,
,,,,,,,,,,,,,,,,,,,,,,,,
Optimal Lineup - FootballGuys,POS,Salary,Projection,2025-11-09 12:49,Roster %,Result,,,,,,,,,,,,,,,,,,
Matthew Stafford,QB,8000,20.844200000000004,Slate: Main,1.12,26.9,,,,,,,,,,,,,,,,,,
Christian McCaffrey,RB,9700,22.761,,21.63,13.600000000000001,,,,,,,,,,,,,,,,,,
Rico Dowdle,RB,8000,17.459000000000003,,11.2,13.8,,,,,,,,,,,,,,,,,,
Stefon Diggs,WR,6200,11.286000000000001,,10.22,13.100000000000001,,,,,,,,,,,,,,,,,,
Wan'Dale Robinson,WR,6000,10.76,,11.03,9.2,,,,,,,,,,,,,,,,,,
Parker Washington,WR,5600,8.812,,3.04,10.4,,,,,,,,,,,,,,,,,,
Trey McBride,TE,7000,13.307,,8.24,26.200000000000003,,,,,,,,,,,,,,,,,,
TreVeyon Henderson,FLEX,5900,10.876999999999999,,1.41,30.5,,,,,,,,,,,,,,,,,,
Panthers,DST,3600,10.98,,36.22,3,,,,,,,,,,,,,,,,,,
Total,,60000,127.0862,,,146.70000000000002,,,,,,,,,,,,,,,,,,
,,,,,,,,,,,,,,,,,,,,,,,,
Optimal Lineup - AVG,POS,Salary,Projection,2025-11-09 12:49,Roster %,Result,,,,,,,,,,,,,,,,,,
Josh Allen,QB,9200,23.896162962962958,Slate: Main,13.09,23.34,,,,,,,,,,,,,,,,,,
Christian McCaffrey,RB,9700,20.51196296296296,,21.63,13.600000000000001,,,,,,,,,,,,,,,,,,
De'Von Achane,RB,8500,17.822814814814816,,13.99,40.5,,,,,,,,,,,,,,,,,,
Stefon Diggs,WR,6200,11.500296296296296,,10.22,13.100000000000001,,,,,,,,,,,,,,,,,,
Wan'Dale Robinson,WR,6000,11.00037037037037,,11.03,9.2,,,,,,,,,,,,,,,,,,
Parker Washington,WR,5600,8.785407407407407,,3.04,10.4,,,,,,,,,,,,,,,,,,
Hunter Henry,TE,5300,8.702074074074073,,4.13,1.4,,,,,,,,,,,,,,,,,,
TreVeyon Henderson,FLEX,5900,12.121888888888888,,1.41,30.5,,,,,,,,,,,,,,,,,,
Panthers,DST,3600,8.406666666666666,,36.22,3,,,,,,,,,,,,,,,,,,
Total,,60000,122.74764444444445,,,145.04000000000002,,,,,,,,,,,,,,,,,,
,,,,,,,,,,,,,,,,,,,,,,,,
Optimal Lineup - Weighted,POS,Salary,Projection,2025-11-09 12:49,Roster %,Result,,,,,,,,,,,,,,,,,,
Josh Allen,QB,9200,23.816170814814818,Slate: Main,13.09,23.34,,,,,,,,,,,,,,,,,,
Christian McCaffrey,RB,9700,20.747434814814813,,21.63,13.600000000000001,,,,,,,,,,,,,,,,,,
De'Von Achane,RB,8500,17.605114074074073,,13.99,40.5,,,,,,,,,,,,,,,,,,
Stefon Diggs,WR,6200,11.340501481481482,,10.22,13.100000000000001,,,,,,,,,,,,,,,,,,
Wan'Dale Robinson,WR,6000,10.720751851851853,,11.03,9.2,,,,,,,,,,,,,,,,,,
Parker Washington,WR,5600,8.760577037037034,,3.04,10.4,,,,,,,,,,,,,,,,,,
Hunter Henry,TE,5300,8.42741037037037,,4.13,1.4,,,,,,,,,,,,,,,,,,
TreVeyon Henderson,FLEX,5900,11.907884444444445,,1.41,30.5,,,,,,,,,,,,,,,,,,
Panthers,DST,3600,8.392733333333334,,36.22,3,,,,,,,,,,,,,,,,,,
Total,,60000,121.71857822222225,,,145.04000000000002,,,,,,,,,,,,,,,,,,
,,,,,,,,,,,,,,,,,,,,,,,,
Optimal Lineup - Weighted,POS,Salary,Projection,2025-11-09 17:56,Roster %,Result,,,,,,,,,,,,,,,,,,
Justin Herbert,QB,8400,20.624093333333334,Slate: SNF-MNF,2.25,14.700000000000001,,,,,,,,,,,,,,,,,,
Saquon Barkley,RB,8300,14.628595555555558,,7.42,11.600000000000001,,,,,,,,,,,,,,,,,,
Jaylen Warren,RB,6800,13.241984444444444,,9.74,10.1,,,,,,,,,,,,,,,,,,
DeVonta Smith,WR,6800,11.264253333333333,,9.78,14.9,,,,,,,,,,,,,,,,,,
Romeo Doubs,WR,6500,10.032108148148149,,5.67,1,,,,,,,,,,,,,,,,,,
Keenan Allen,WR,6600,10.080522222222223,,5.95,2.9000000000000004,,,,,,,,,,,,,,,,,,
Oronde Gadsden II,TE,6300,10.118836296296296,,4.5,2.8,,,,,,,,,,,,,,,,,,
Dallas Goedert,FLEX,5900,8.712017037037038,,4.44,6.3,,,,,,,,,,,,,,,,,,
Steelers,DST,4300,7.134788888888889,,0.24,5,,,,,,,,,,,,,,,,,,
Total,,59900,105.83719925925928,,,69.3,,,,,,,,,,,,,,,,,,
,,,,,,,,,,,,,,,,,,,,,,,,
Optimal Lineup - AVG,POS,Salary,Projection,2025-11-09 17:56,Roster %,Result,,,,,,,,,,,,,,,,,,
Justin Herbert,QB,8400,20.778666666666666,Slate: SNF-MNF,2.25,14.700000000000001,,,,,,,,,,,,,,,,,,
Saquon Barkley,RB,8300,14.659111111111109,,7.42,11.600000000000001,,,,,,,,,,,,,,,,,,
Jaylen Warren,RB,6800,13.30188888888889,,9.74,10.1,,,,,,,,,,,,,,,,,,
DeVonta Smith,WR,6800,11.370666666666665,,9.78,14.9,,,,,,,,,,,,,,,,,,
Romeo Doubs,WR,6500,10.27662962962963,,5.67,1,,,,,,,,,,,,,,,,,,
Keenan Allen,WR,6600,10.429444444444446,,5.95,2.9000000000000004,,,,,,,,,,,,,,,,,,
Oronde Gadsden II,TE,6300,10.54225925925926,,4.5,2.8,,,,,,,,,,,,,,,,,,
Dallas Goedert,FLEX,5900,9.078407407407408,,4.44,6.3,,,,,,,,,,,,,,,,,,
Steelers,DST,4300,7.337777777777778,,0.24,5,,,,,,,,,,,,,,,,,,
Total,,59900,107.77485185185185,,,69.3,,,,,,,,,,,,,,,,,,
,,,,,,,,,,,,,,,,,,,,,,,,
Optimal Lineup - My Projection,POS,Salary,Projection,2025-11-09 17:56,Roster %,Result,,,,,,,,,,,,,,,,,,
Justin Herbert,QB,8400,23.850000000000005,Slate: SNF-MNF,2.25,14.700000000000001,,,,,,,,,,,,,,,,,,
Josh Jacobs,RB,9000,19.866666666666667,,8.3,17.200000000000003,,,,,,,,,,,,,,,,,,
Jaylen Warren,RB,6800,15.049999999999999,,9.74,10.1,,,,,,,,,,,,,,,,,,
Keenan Allen,WR,6600,15.950000000000001,,5.95,2.9000000000000004,,,,,,,,,,,,,,,,,,
Quentin Johnston,WR,6900,17.116666666666667,,3.08,6.7,,,,,,,,,,,,,,,,,,
Christian Watson,WR,5800,11.216666666666667,,2.43,5.5,,,,,,,,,,,,,,,,,,
Oronde Gadsden II,TE,6300,16.23333333333333,,4.5,2.8,,,,,,,,,,,,,,,,,,
Dallas Goedert,FLEX,5900,15.16666666666667,,4.44,6.3,,,,,,,,,,,,,,,,,,
Steelers,DST,4300,10.540000000000001,,0.24,5,,,,,,,,,,,,,,,,,,
Total,,60000,144.99,,,71.2,,,,,,,,,,,,,,,,,,
,,,,,,,,,,,,,,,,,,,,,,,,
Optimal Lineup - DFF,POS,Salary,Projection,2025-11-09 17:56,Roster %,Result,,,,,,,,,,,,,,,,,,
Justin Herbert,QB,8400,20.5,Slate: SNF-MNF,2.25,14.700000000000001,,,,,,,,,,,,,,,,,,
Saquon Barkley,RB,8300,15.1,,7.42,11.600000000000001,,,,,,,,,,,,,,,,,,
Jaylen Warren,RB,6800,14,,9.74,10.1,,,,,,,,,,,,,,,,,,
Ladd McConkey,WR,7600,11.8,,6.97,21.700000000000003,,,,,,,,,,,,,,,,,,
DeVonta Smith,WR,6800,11.2,,9.78,14.9,,,,,,,,,,,,,,,,,,
Romeo Doubs,WR,6500,9.5,,5.67,1,,,,,,,,,,,,,,,,,,
Oronde Gadsden II,TE,6300,9.7,,4.5,2.8,,,,,,,,,,,,,,,,,,
Jonnu Smith,FLEX,5000,6.2,,2.21,0.9,,,,,,,,,,,,,,,,,,
Steelers,DST,4300,6.7,,0.24,5,,,,,,,,,,,,,,,,,,
Total,,60000,104.70000000000002,,,82.70000000000002,,,,,,,,,,,,,,,,,,
,,,,,,,,,,,,,,,,,,,,,,,,
Optimal Lineup - FantasyPros,POS,Salary,Projection,2025-11-09 17:57,Roster %,Result,,,,,,,,,,,,,,,,,,
Justin Herbert,QB,8400,20.242,Slate: SNF-MNF,2.25,14.700000000000001,,,,,,,,,,,,,,,,,,
Saquon Barkley,RB,8300,14.68,,7.42,11.600000000000001,,,,,,,,,,,,,,,,,,
Jaylen Warren,RB,6800,12.890000000000002,,9.74,10.1,,,,,,,,,,,,,,,,,,
DeVonta Smith,WR,6800,11.34,,9.78,14.9,,,,,,,,,,,,,,,,,,
Romeo Doubs,WR,6500,10.110000000000001,,5.67,1,,,,,,,,,,,,,,,,,,
Keenan Allen,WR,6600,9.97,,5.95,2.9000000000000004,,,,,,,,,,,,,,,,,,
Oronde Gadsden II,TE,6300,9.97,,4.5,2.8,,,,,,,,,,,,,,,,,,
Dallas Goedert,FLEX,5900,8.57,,4.44,6.3,,,,,,,,,,,,,,,,,,
Steelers,DST,4300,6.7,,0.24,5,,,,,,,,,,,,,,,,,,
Total,,59900,104.472,,,69.3,,,,,,,,,,,,,,,,,,
,,,,,,,,,,,,,,,,,,,,,,,,
Optimal Lineup - FootballGuys,POS,Salary,Projection,2025-11-09 17:57,Roster %,Result,,,,,,,,,,,,,,,,,,
Justin Herbert,QB,8400,21.346,Slate: SNF-MNF,2.25,14.700000000000001,,,,,,,,,,,,,,,,,,
Saquon Barkley,RB,8300,14.501999999999999,,7.42,11.600000000000001,,,,,,,,,,,,,,,,,,
Jaylen Warren,RB,6800,13.137,,9.74,10.1,,,,,,,,,,,,,,,,,,
Ladd McConkey,WR,7600,11.938,,6.97,21.700000000000003,,,,,,,,,,,,,,,,,,
DeVonta Smith,WR,6800,11.486,,9.78,14.9,,,,,,,,,,,,,,,,,,
Romeo Doubs,WR,6500,10.023,,5.67,1,,,,,,,,,,,,,,,,,,
Dallas Goedert,TE,5900,9.019,,4.44,6.3,,,,,,,,,,,,,,,,,,
Christian Watson,FLEX,5800,8.382,,2.43,5.5,,,,,,,,,,,,,,,,,,
Packers,DST,3900,7.98,,0.67,6,,,,,,,,,,,,,,,,,,
Total,,60000,107.81300000000002,,,91.80000000000001,,,,,,,,,,,,,,,,,,
,,,,,,,,,,,,,,,,,,,,,,,,
Optimal Lineup - FantasyLabs,POS,Salary,Projection,2025-11-09 17:57,Roster %,Result,,,,,,,,,,,,,,,,,,
Justin Herbert,QB,8400,21.36,Slate: SNF-MNF,2.25,14.700000000000001,,,,,,,,,,,,,,,,,,
Saquon Barkley,RB,8300,14.1,,7.42,11.600000000000001,,,,,,,,,,,,,,,,,,
Jaylen Warren,RB,6800,12.44,,9.74,10.1,,,,,,,,,,,,,,,,,,
Ladd McConkey,WR,7600,12.71,,6.97,21.700000000000003,,,,,,,,,,,,,,,,,,
DeVonta Smith,WR,6800,10.97,,9.78,14.9,,,,,,,,,,,,,,,,,,
Romeo Doubs,WR,6500,11.06,,5.67,1,,,,,,,,,,,,,,,,,,
Oronde Gadsden II,TE,6300,10.72,,4.5,2.8,,,,,,,,,,,,,,,,,,
Luke Musgrave,FLEX,5100,6.65,,2.18,3.8000000000000003,,,,,,,,,,,,,,,,,,
Packers,DST,3900,5.96,,0.67,6,,,,,,,,,,,,,,,,,,
Total,,59700,105.97,,,86.60000000000001,,,,,,,,,,,,,,,,,,
,,,,,,,,,,,,,,,,,,,,,,,,
Optimal Lineup - RotoWire,POS,Salary,Projection,2025-11-09 17:57,Roster %,Result,,,,,,,,,,,,,,,,,,
Aaron Rodgers,QB,6900,16.44,Slate: SNF-MNF,1.07,8.440000000000001,,,,,,,,,,,,,,,,,,
Josh Jacobs,RB,9000,16.65,,8.3,17.200000000000003,,,,,,,,,,,,,,,,,,
Saquon Barkley,RB,8300,14.97,,7.42,11.600000000000001,,,,,,,,,,,,,,,,,,
DeVonta Smith,WR,6800,12.1,,9.78,14.9,,,,,,,,,,,,,,,,,,
Keenan Allen,WR,6600,10.71,,5.95,2.9000000000000004,,,,,,,,,,,,,,,,,,
Calvin Austin III,WR,5600,7.72,,1.89,2.4000000000000004,,,,,,,,,,,,,,,,,,
Dallas Goedert,TE,5900,9.04,,4.44,6.3,,,,,,,,,,,,,,,,,,
Jaylen Warren,FLEX,6800,14.29,,9.74,10.1,,,,,,,,,,,,,,,,,,
Packers,DST,3900,5.7,,0.67,6,,,,,,,,,,,,,,,,,,
Total,,59800,107.61999999999999,,,79.84,,,,,,,,,,,,,,,,,,
,,,,,,,,,,,,,,,,,,,,,,,,
Optimal Lineup - NumberFire,POS,Salary,Projection,2025-11-09 17:57,Roster %,Result,,,,,,,,,,,,,,,,,,
Justin Herbert,QB,8400,20.3,Slate: SNF-MNF,2.25,14.700000000000001,,,,,,,,,,,,,,,,,,
Saquon Barkley,RB,8300,15,,7.42,11.600000000000001,,,,,,,,,,,,,,,,,,
Jaylen Warren,RB,6800,11.3,,9.74,10.1,,,,,,,,,,,,,,,,,,
DeVonta Smith,WR,6800,10.4,,9.78,14.9,,,,,,,,,,,,,,,,,,
Romeo Doubs,WR,6500,11,,5.67,1,,,,,,,,,,,,,,,,,,
Quentin Johnston,WR,6900,9.3,,3.08,6.7,,,,,,,,,,,,,,,,,,
Oronde Gadsden II,TE,6300,9.8,,4.5,2.8,,,,,,,,,,,,,,,,,,
Kenneth Gainwell,FLEX,5500,9.6,,2.3,1.4,,,,,,,,,,,,,,,,,,
Chargers,DST,4500,7,,0.32,13,,,,,,,,,,,,,,,,,,
Total,,60000,103.69999999999999,,,76.2,,,,,,,,,,,,,,,,,,
,,,,,,,,,,,,,,,,,,,,,,,,
Optimal Lineup - DraftEdge,POS,Salary,Projection,2025-11-09 17:57,Roster %,Result,,,,,,,,,,,,,,,,,,
Justin Herbert,QB,8400,20.5,Slate: SNF-MNF,2.25,14.700000000000001,,,,,,,,,,,,,,,,,,
Saquon Barkley,RB,8300,15.1,,7.42,11.600000000000001,,,,,,,,,,,,,,,,,,
Jaylen Warren,RB,6800,14,,9.74,10.1,,,,,,,,,,,,,,,,,,
Ladd McConkey,WR,7600,11.8,,6.97,21.700000000000003,,,,,,,,,,,,,,,,,,
DeVonta Smith,WR,6800,11.2,,9.78,14.9,,,,,,,,,,,,,,,,,,
Romeo Doubs,WR,6500,9.5,,5.67,1,,,,,,,,,,,,,,,,,,
Oronde Gadsden II,TE,6300,9.7,,4.5,2.8,,,,,,,,,,,,,,,,,,
Jonnu Smith,FLEX,5000,6.2,,2.21,0.9,,,,,,,,,,,,,,,,,,
Steelers,DST,4300,6.7,,0.24,5,,,,,,,,,,,,,,,,,,
Total,,60000,104.70000000000002,,,82.70000000000002,,,,,,,,,,,,,,,,,,
,,,,,,,,,,,,,,,,,,,,,,,,
Optimal Lineup - SportsLine,POS,Salary,Projection,2025-11-09 17:57,Roster %,Result,,,,,,,,,,,,,,,,,,
Justin Herbert,QB,8400,20.24,Slate: SNF-MNF,2.25,14.700000000000001,,,,,,,,,,,,,,,,,,
Josh Jacobs,RB,9000,16.04,,8.3,17.200000000000003,,,,,,,,,,,,,,,,,,
Jaylen Warren,RB,6800,12.61,,9.74,10.1,,,,,,,,,,,,,,,,,,
Romeo Doubs,WR,6500,8.86,,5.67,1,,,,,,,,,,,,,,,,,,
Keenan Allen,WR,6600,10.71,,5.95,2.9000000000000004,,,,,,,,,,,,,,,,,,
Quentin Johnston,WR,6900,10.06,,3.08,6.7,,,,,,,,,,,,,,,,,,
Oronde Gadsden II,TE,6300,9.58,,4.5,2.8,,,,,,,,,,,,,,,,,,
Jaret Patterson,FLEX,5000,7.94,,0.37,0.1,,,,,,,,,,,,,,,,,,
Steelers,DST,4300,8.89,,0.24,5,,,,,,,,,,,,,,,,,,
Total,,59800,104.93,,,60.50000000000001,,,,,,,,,,,,,,,,,,
,,,,,,,,,,,,,,,,,,,,,,,,
Optimal Lineup - Weighted,POS,Salary,Projection,2025-11-13 17:20,Roster %,Result,,,,,,,,,,,,,,,,,,
Drake Maye,MVP,20700,33.19,Slate: Single,6.92,25.44,,,,,,,,,,,,,,,,,,
TreVeyon Henderson,RB,11400,15.08,,14.05,9.600000000000001,,,,,,,,,,,,,,,,,,
Stefon Diggs,WR,10200,11.88,,10.79,3,,,,,,,,,,,,,,,,,,
Patriots,DST,7000,7.49,,5.84,10,,,,,,,,,,,,,,,,,,
Mack Hollins,WR,5400,8.04,,3.91,4,,,,,,,,,,,,,,,,,,
DeMario Douglas,WR,4800,5.92,,1.19,5.6000000000000005,,,,,,,,,,,,,,,,,,
,,,,,0,,,,,,,,,,,,,,,,,,,
,,,,,0,,,,,,,,,,,,,,,,,,,
,,,,,0,,,,,,,,,,,,,,,,,,,
Total,,59500,81.60000000000001,,,57.64000000000001,,,,,,,,,,,,,,,,,,
,,,,,,,,,,,,,,,,,,,,,,,,
Optimal Lineup - AVG,POS,Salary,Projection,2025-11-13 17:21,Roster %,Result,,,,,,,,,,,,,,,,,,
Drake Maye,MVP,20700,33.39,Slate: Single,6.92,25.44,,,,,,,,,,,,,,,,,,
TreVeyon Henderson,RB,11400,15.45,,14.05,9.600000000000001,,,,,,,,,,,,,,,,,,
Stefon Diggs,WR,10200,12.1,,10.79,3,,,,,,,,,,,,,,,,,,
Patriots,DST,7000,7.83,,5.84,10,,,,,,,,,,,,,,,,,,
Mack Hollins,WR,5400,8.28,,3.91,4,,,,,,,,,,,,,,,,,,
DeMario Douglas,WR,4800,5.8,,1.19,5.6000000000000005,,,,,,,,,,,,,,,,,,
,,,,,0,,,,,,,,,,,,,,,,,,,
,,,,,0,,,,,,,,,,,,,,,,,,,
,,,,,0,,,,,,,,,,,,,,,,,,,
Total,,59500,82.85000000000001,,,57.64000000000001,,,,,,,,,,,,,,,,,,
,,,,,,,,,,,,,,,,,,,,,,,,
Optimal Lineup - My Projection,POS,Salary,Projection,2025-11-13 17:21,Roster %,Result,,,,,,,,,,,,,,,,,,
Drake Maye,MVP,20700,34.05,Slate: Single,6.92,25.44,,,,,,,,,,,,,,,,,,
Stefon Diggs,WR,10200,13.92,,10.79,3,,,,,,,,,,,,,,,,,,
Hunter Henry,TE,8200,13.72,,3.7,24,,,,,,,,,,,,,,,,,,
Mason Taylor,TE,7400,11.28,,3.17,3.6,,,,,,,,,,,,,,,,,,
Patriots,DST,7000,10.68,,5.84,10,,,,,,,,,,,,,,,,,,
Mack Hollins,WR,5400,12.05,,3.91,4,,,,,,,,,,,,,,,,,,
,,,,,0,,,,,,,,,,,,,,,,,,,
,,,,,0,,,,,,,,,,,,,,,,,,,
,,,,,0,,,,,,,,,,,,,,,,,,,
Total,,58900,95.7,,,70.03999999999999,,,,,,,,,,,,,,,,,,
,,,,,,,,,,,,,,,,,,,,,,,,
Optimal Lineup - DFF,POS,Salary,Projection,2025-11-13 17:21,Roster %,Result,,,,,,,,,,,,,,,,,,
Drake Maye,MVP,20700,32.55,Slate: Single,6.92,25.44,,,,,,,,,,,,,,,,,,
Justin Fields,QB,12400,13.7,,0.35,Not Found,,,,,,,,,,,,,,,,,,
TreVeyon Henderson,RB,11400,16.9,,14.05,9.600000000000001,,,,,,,,,,,,,,,,,,
Hunter Henry,TE,8200,8.4,,3.7,24,,,,,,,,,,,,,,,,,,
Mack Hollins,WR,5400,8.3,,3.91,4,,,,,,,,,,,,,,,,,,
John Metchie III,WR,1800,1.8,,0.04,15.5,,,,,,,,,,,,,,,,,,
,,,,,0,,,,,,,,,,,,,,,,,,,
,,,,,0,,,,,,,,,,,,,,,,,,,
,,,,,0,,,,,,,,,,,,,,,,,,,
Total,,59900,81.64999999999999,,,78.54,,,,,,,,,,,,,,,,,,
,,,,,,,,,,,,,,,,,,,,,,,,
Optimal Lineup - FantasyPros,POS,Salary,Projection,2025-11-13 17:21,Roster %,Result,,,,,,,,,,,,,,,,,,
Drake Maye,MVP,20700,33.43,Slate: Single,6.92,25.44,,,,,,,,,,,,,,,,,,
Justin Fields,QB,12400,14.75,,0.35,Not Found,,,,,,,,,,,,,,,,,,
TreVeyon Henderson,RB,11400,14.77,,14.05,9.600000000000001,,,,,,,,,,,,,,,,,,
Hunter Henry,TE,8200,8.53,,3.7,24,,,,,,,,,,,,,,,,,,
Mack Hollins,WR,5400,7.78,,3.91,4,,,,,,,,,,,,,,,,,,
John Metchie III,WR,1800,2.21,,0.04,15.5,,,,,,,,,,,,,,,,,,
,,,,,0,,,,,,,,,,,,,,,,,,,
,,,,,0,,,,,,,,,,,,,,,,,,,
,,,,,0,,,,,,,,,,,,,,,,,,,
Total,,59900,81.47,,,78.54,,,,,,,,,,,,,,,,,,
,,,,,,,,,,,,,,,,,,,,,,,,
Optimal Lineup - FootballGuys,POS,Salary,Projection,2025-11-13 17:21,Roster %,Result,,,,,,,,,,,,,,,,,,
Drake Maye,MVP,20700,31.86,Slate: Single,6.92,25.44,,,,,,,,,,,,,,,,,,
Justin Fields,QB,12400,15.75,,0.35,Not Found,,,,,,,,,,,,,,,,,,
Stefon Diggs,WR,10200,11.29,,10.79,3,,,,,,,,,,,,,,,,,,
Jets,DST,6200,9.28,,0.14,1,,,,,,,,,,,,,,,,,,
Mack Hollins,WR,5400,7.3,,3.91,4,,,,,,,,,,,,,,,,,,
DeMario Douglas,WR,4800,7.96,,1.19,5.6000000000000005,,,,,,,,,,,,,,,,,,
,,,,,0,,,,,,,,,,,,,,,,,,,
,,,,,0,,,,,,,,,,,,,,,,,,,
,,,,,0,,,,,,,,,,,,,,,,,,,
Total,,59700,83.43999999999998,,,39.04,,,,,,,,,,,,,,,,,,
,,,,,,,,,,,,,,,,,,,,,,,,
Optimal Lineup - FantasyLabs,POS,Salary,Projection,2025-11-13 17:21,Roster %,Result,,,,,,,,,,,,,,,,,,
Drake Maye,MVP,20700,32.34,Slate: Single,6.92,25.44,,,,,,,,,,,,,,,,,,
TreVeyon Henderson,RB,11400,16.67,,14.05,9.600000000000001,,,,,,,,,,,,,,,,,,
Stefon Diggs,WR,10200,11.69,,10.79,3,,,,,,,,,,,,,,,,,,
Patriots,DST,7000,7,,5.84,10,,,,,,,,,,,,,,,,,,
Mack Hollins,WR,5400,8.4,,3.91,4,,,,,,,,,,,,,,,,,,
DeMario Douglas,WR,4800,5.02,,1.19,5.6000000000000005,,,,,,,,,,,,,,,,,,
,,,,,0,,,,,,,,,,,,,,,,,,,
,,,,,0,,,,,,,,,,,,,,,,,,,
,,,,,0,,,,,,,,,,,,,,,,,,,
Total,,59500,81.12,,,57.64000000000001,,,,,,,,,,,,,,,,,,
,,,,,,,,,,,,,,,,,,,,,,,,
Optimal Lineup - RotoWire,POS,Salary,Projection,2025-11-13 17:21,Roster %,Result,,,,,,,,,,,,,,,,,,
Drake Maye,MVP,20700,31.41,Slate: Single,6.92,25.44,,,,,,,,,,,,,,,,,,
TreVeyon Henderson,RB,11400,15.96,,14.05,9.600000000000001,,,,,,,,,,,,,,,,,,
Stefon Diggs,WR,10200,12.24,,10.79,3,,,,,,,,,,,,,,,,,,
Patriots,DST,7000,8.01,,5.84,10,,,,,,,,,,,,,,,,,,
Mack Hollins,WR,5400,8.55,,3.91,4,,,,,,,,,,,,,,,,,,
Isaiah Davis,RB,4600,5.88,,0.52,0.7000000000000001,,,,,,,,,,,,,,,,,,
,,,,,0,,,,,,,,,,,,,,,,,,,
,,,,,0,,,,,,,,,,,,,,,,,,,
,,,,,0,,,,,,,,,,,,,,,,,,,
Total,,59300,82.05,,,52.74000000000001,,,,,,,,,,,,,,,,,,
,,,,,,,,,,,,,,,,,,,,,,,,
Optimal Lineup - NumberFire,POS,Salary,Projection,2025-11-13 17:21,Roster %,Result,,,,,,,,,,,,,,,,,,
Drake Maye,MVP,20700,32.85,Slate: Single,6.92,25.44,,,,,,,,,,,,,,,,,,
Justin Fields,QB,12400,15.6,,0.35,Not Found,,,,,,,,,,,,,,,,,,
TreVeyon Henderson,RB,11400,16.5,,14.05,9.600000000000001,,,,,,,,,,,,,,,,,,
Stefon Diggs,WR,10200,12.1,,10.79,3,,,,,,,,,,,,,,,,,,
Arian Smith,WR,3000,4.6,,0.1,0.8,,,,,,,,,,,,,,,,,,
John Metchie III,WR,1800,2.5,,0.04,15.5,,,,,,,,,,,,,,,,,,
,,,,,0,,,,,,,,,,,,,,,,,,,
,,,,,0,,,,,,,,,,,,,,,,,,,
,,,,,0,,,,,,,,,,,,,,,,,,,
Total,,59500,84.14999999999999,,,54.34,,,,,,,,,,,,,,,,,,
,,,,,,,,,,,,,,,,,,,,,,,,
Optimal Lineup - DraftEdge,POS,Salary,Projection,2025-11-13 17:21,Roster %,Result,,,,,,,,,,,,,,,,,,
Drake Maye,MVP,20700,32.55,Slate: Single,6.92,25.44,,,,,,,,,,,,,,,,,,
TreVeyon Henderson,RB,11400,16.7,,14.05,9.600000000000001,,,,,,,,,,,,,,,,,,
Stefon Diggs,WR,10200,12.7,,10.79,3,,,,,,,,,,,,,,,,,,
Patriots,DST,7000,9.1,,5.84,10,,,,,,,,,,,,,,,,,,
Mack Hollins,WR,5400,7.1,,3.91,4,,,,,,,,,,,,,,,,,,
DeMario Douglas,WR,4800,7.4,,1.19,5.6000000000000005,,,,,,,,,,,,,,,,,,
,,,,,0,,,,,,,,,,,,,,,,,,,
,,,,,0,,,,,,,,,,,,,,,,,,,
,,,,,0,,,,,,,,,,,,,,,,,,,
Total,,59500,85.55,,,57.64000000000001,,,,,,,,,,,,,,,,,,
,,,,,,,,,,,,,,,,,,,,,,,,
Optimal Lineup - SportsLine,POS,Salary,Projection,2025-11-13 17:22,Roster %,Result,,,,,,,,,,,,,,,,,,
Drake Maye,MVP,20700,39.51,Slate: Single,6.92,25.44,,,,,,,,,,,,,,,,,,
TreVeyon Henderson,RB,11400,15.27,,14.05,9.600000000000001,,,,,,,,,,,,,,,,,,
Stefon Diggs,WR,10200,11.55,,10.79,3,,,,,,,,,,,,,,,,,,
Hunter Henry,TE,8200,9.17,,3.7,24,,,,,,,,,,,,,,,,,,
Mack Hollins,WR,5400,7.88,,3.91,4,,,,,,,,,,,,,,,,,,
Terrell Jennings,RB,3800,5.87,,0.03,0,,,,,,,,,,,,,,,,,,
,,,,,0,,,,,,,,,,,,,,,,,,,
,,,,,0,,,,,,,,,,,,,,,,,,,
,,,,,0,,,,,,,,,,,,,,,,,,,
Total,,59700,89.25,,,66.04,,,,,,,,,,,,,,,,,,
,,,,,,,,,,,,,,,,,,,,,,,,
Optimal Lineup - Weighted,POS,Salary,Projection,2025-11-16 11:20,Roster %,Result,,,,,,,,,,,,,,,,,,
J.J. McCarthy,QB,6800,18.386472,Slate: Main,4.25,2.4800000000000004,,,,,,,,,,,,,,,,,,
Rico Dowdle,RB,8100,16.15312888888889,,7.27,9.4,,,,,,,,,,,,,,,,,,
Jaylen Warren,RB,7000,15.537822222222223,,11.5,12.8,,,,,,,,,,,,,,,,,,
Ja'Marr Chase,WR,9400,17.941124444444448,,12.48,Not Found,,,,,,,,,,,,,,,,,,
Wan'Dale Robinson,WR,5800,11.38525777777778,,8.4,29.1,,,,,,,,,,,,,,,,,,
Khalil Shakir,WR,6100,10.347084444444445,,8.43,16,,,,,,,,,,,,,,,,,,
Trey McBride,TE,7700,15.0203,,8.13,12.4,,,,,,,,,,,,,,,,,,
RJ Harvey,FLEX,5800,12.40595,,7.17,Not Found,,,,,,,,,,,,,,,,,,
Falcons,DST,3300,7.884900000000002,,19.14,13,,,,,,,,,,,,,,,,,,
Total,,60000,125.0620397777778,,,95.18,,,,,,,,,,,,,,,,,,
,,,,,,,,,,,,,,,,,,,,,,,,
Optimal Lineup - AVG,POS,Salary,Projection,2025-11-16 11:21,Roster %,Result,,,,,,,,,,,,,,,,,,
J.J. McCarthy,QB,6800,18.6408,Slate: Main,4.25,2.4800000000000004,,,,,,,,,,,,,,,,,,
Rico Dowdle,RB,8100,16.251925925925928,,7.27,9.4,,,,,,,,,,,,,,,,,,
Jaylen Warren,RB,7000,15.748148148148147,,11.5,12.8,,,,,,,,,,,,,,,,,,
Ja'Marr Chase,WR,9400,18.234962962962964,,12.48,Not Found,,,,,,,,,,,,,,,,,,
Wan'Dale Robinson,WR,5800,11.307185185185183,,8.4,29.1,,,,,,,,,,,,,,,,,,
Khalil Shakir,WR,6100,10.65562962962963,,8.43,16,,,,,,,,,,,,,,,,,,
Trey McBride,TE,7700,15.076666666666666,,8.13,12.4,,,,,,,,,,,,,,,,,,
RJ Harvey,FLEX,5800,12.341666666666665,,7.17,Not Found,,,,,,,,,,,,,,,,,,
Falcons,DST,3300,8,,19.14,13,,,,,,,,,,,,,,,,,,
Total,,60000,126.2569851851852,,,95.18,,,,,,,,,,,,,,,,,,
,,,,,,,,,,,,,,,,,,,,,,,,
Optimal Lineup - My Projection,POS,Salary,Projection,2025-11-16 11:21,Roster %,Result,,,,,,,,,,,,,,,,,,
Justin Herbert,QB,8200,23.799999999999997,Slate: Main,7.18,Not Found,,,,,,,,,,,,,,,,,,
Josh Jacobs,RB,9100,21.766666666666666,,13.07,Not Found,,,,,,,,,,,,,,,,,,
Jaylen Warren,RB,7000,18.533333333333335,,11.5,12.8,,,,,,,,,,,,,,,,,,
Ja'Marr Chase,WR,9400,21.816666666666666,,12.48,Not Found,,,,,,,,,,,,,,,,,,
Tee Higgins,WR,7300,17.116666666666667,,5.14,5.6,,,,,,,,,,,,,,,,,,
Ricky Pearsall,WR,5700,14.216666666666663,,5.34,1.8,,,,,,,,,,,,,,,,,,
Kyle Pitts Sr.,TE,5000,13.033333333333331,,4.92,3.5,,,,,,,,,,,,,,,,,,
Pat Freiermuth,FLEX,5000,15.066666666666665,,1.68,9.4,,,,,,,,,,,,,,,,,,
Falcons,DST,3300,10.42,,19.14,13,,,,,,,,,,,,,,,,,,
Total,,60000,155.76999999999998,,,46.1,,,,,,,,,,,,,,,,,,
,,,,,,,,,,,,,,,,,,,,,,,,
Optimal Lineup - DFF,POS,Salary,Projection,2025-11-16 11:21,Roster %,Result,,,,,,,,,,,,,,,,,,
J.J. McCarthy,QB,6800,18.9,Slate: Main,4.25,2.4800000000000004,,,,,,,,,,,,,,,,,,
Christian McCaffrey,RB,10000,22.5,,17.56,23.700000000000003,,,,,,,,,,,,,,,,,,
Rico Dowdle,RB,8100,17.1,,7.27,9.4,,,,,,,,,,,,,,,,,,
Rashee Rice,WR,8200,16.3,,8.56,21.1,,,,,,,,,,,,,,,,,,
Wan'Dale Robinson,WR,5800,11.6,,8.4,29.1,,,,,,,,,,,,,,,,,,
Parker Washington,WR,5900,10,,3.34,15.600000000000001,,,,,,,,,,,,,,,,,,
Kyle Pitts Sr.,TE,5000,8.8,,4.92,3.5,,,,,,,,,,,,,,,,,,
Jaylen Warren,FLEX,7000,15.7,,11.5,12.8,,,,,,,,,,,,,,,,,,
Cardinals,DST,3200,6.4,,3.32,17,,,,,,,,,,,,,,,,,,
Total,,60000,127.3,,,134.68,,,,,,,,,,,,,,,,,,
,,,,,,,,,,,,,,,,,,,,,,,,
Optimal Lineup - FantasyPros,POS,Salary,Projection,2025-11-16 11:21,Roster %,Result,,,,,,,,,,,,,,,,,,
Patrick Mahomes,QB,8300,21.4,Slate: Main,4.77,19.08,,,,,,,,,,,,,,,,,,
Christian McCaffrey,RB,10000,21.08,,17.56,23.700000000000003,,,,,,,,,,,,,,,,,,
Jaylen Warren,RB,7000,14.85,,11.5,12.8,,,,,,,,,,,,,,,,,,
Wan'Dale Robinson,WR,5800,10.690000000000001,,8.4,29.1,,,,,,,,,,,,,,,,,,
Tetairoa McMillan,WR,6200,10.25,,7.6,10.5,,,,,,,,,,,,,,,,,,
Parker Washington,WR,5900,9.170000000000002,,3.34,15.600000000000001,,,,,,,,,,,,,,,,,,
Trey McBride,TE,7700,14.89,,8.13,12.4,,,,,,,,,,,,,,,,,,
RJ Harvey,FLEX,5800,11.41,,7.17,Not Found,,,,,,,,,,,,,,,,,,
Falcons,DST,3300,7,,19.14,13,,,,,,,,,,,,,,,,,,
Total,,60000,120.74,,,136.18,,,,,,,,,,,,,,,,,,
,,,,,,,,,,,,,,,,,,,,,,,,
Optimal Lineup - FootballGuys,POS,Salary,Projection,2025-11-16 11:21,Roster %,Result,,,,,,,,,,,,,,,,,,
J.J. McCarthy,QB,6800,18.3952,Slate: Main,4.25,2.4800000000000004,,,,,,,,,,,,,,,,,,
Christian McCaffrey,RB,10000,22.393,,17.56,23.700000000000003,,,,,,,,,,,,,,,,,,
Jaylen Warren,RB,7000,15.81,,11.5,12.8,,,,,,,,,,,,,,,,,,
Emeka Egbuka,WR,7900,15.606,,6.74,4.7,,,,,,,,,,,,,,,,,,
Wan'Dale Robinson,WR,5800,12.258,,8.4,29.1,,,,,,,,,,,,,,,,,,
Ricky Pearsall,WR,5700,9.751,,5.34,1.8,,,,,,,,,,,,,,,,,,
Trey McBride,TE,7700,16.02,,8.13,12.4,,,,,,,,,,,,,,,,,,
RJ Harvey,FLEX,5800,13.055000000000001,,7.17,Not Found,,,,,,,,,,,,,,,,,,
Falcons,DST,3300,9.38,,19.14,13,,,,,,,,,,,,,,,,,,
Total,,60000,132.6682,,,99.98,,,,,,,,,,,,,,,,,,
,,,,,,,,,,,,,,,,,,,,,,,,
Optimal Lineup - FantasyLabs,POS,Salary,Projection,2025-11-16 11:21,Roster %,Result,,,,,,,,,,,,,,,,,,
J.J. McCarthy,QB,6800,18.06,Slate: Main,4.25,2.4800000000000004,,,,,,,,,,,,,,,,,,
Jaylen Warren,RB,7000,16.07,,11.5,12.8,,,,,,,,,,,,,,,,,,
Woody Marks,RB,6300,12.34,,6.24,7.4,,,,,,,,,,,,,,,,,,
Ja'Marr Chase,WR,9400,19.93,,12.48,Not Found,,,,,,,,,,,,,,,,,,
Rashee Rice,WR,8200,16.32,,8.56,21.1,,,,,,,,,,,,,,,,,,
Wan'Dale Robinson,WR,5800,12.07,,8.4,29.1,,,,,,,,,,,,,,,,,,
Trey McBride,TE,7700,14.77,,8.13,12.4,,,,,,,,,,,,,,,,,,
RJ Harvey,FLEX,5800,12.43,,7.17,Not Found,,,,,,,,,,,,,,,,,,
Bengals,DST,3000,5.94,,1.4,9,,,,,,,,,,,,,,,,,,
Total,,60000,127.92999999999998,,,94.28,,,,,,,,,,,,,,,,,,
,,,,,,,,,,,,,,,,,,,,,,,,
Optimal Lineup - RotoWire,POS,Salary,Projection,2025-11-16 11:21,Roster %,Result,,,,,,,,,,,,,,,,,,
J.J. McCarthy,QB,6800,18.43,Slate: Main,4.25,2.4800000000000004,,,,,,,,,,,,,,,,,,
Christian McCaffrey,RB,10000,21.29,,17.56,23.700000000000003,,,,,,,,,,,,,,,,,,
Kimani Vidal,RB,7400,15.99,,6.98,Not Found,,,,,,,,,,,,,,,,,,
Jaxon Smith-Njigba,WR,9700,20.78,,16.31,36.1,,,,,,,,,,,,,,,,,,
Wan'Dale Robinson,WR,5800,11.08,,8.4,29.1,,,,,,,,,,,,,,,,,,
Ricky Pearsall,WR,5700,10.16,,5.34,1.8,,,,,,,,,,,,,,,,,,
Kyle Pitts Sr.,TE,5000,8.36,,4.92,3.5,,,,,,,,,,,,,,,,,,
Woody Marks,FLEX,6300,13.13,,6.24,7.4,,,,,,,,,,,,,,,,,,
Falcons,DST,3300,7.25,,19.14,13,,,,,,,,,,,,,,,,,,
Total,,60000,126.47,,,117.08,,,,,,,,,,,,,,,,,,
,,,,,,,,,,,,,,,,,,,,,,,,
Optimal Lineup - NumberFire,POS,Salary,Projection,2025-11-16 11:21,Roster %,Result,,,,,,,,,,,,,,,,,,
J.J. McCarthy,QB,6800,18.6,Slate: Main,4.25,2.4800000000000004,,,,,,,,,,,,,,,,,,
Christian McCaffrey,RB,10000,21.1,,17.56,23.700000000000003,,,,,,,,,,,,,,,,,,
Jaylen Warren,RB,7000,14.2,,11.5,12.8,,,,,,,,,,,,,,,,,,
Zay Flowers,WR,7100,13.3,,6.92,9.4,,,,,,,,,,,,,,,,,,
Khalil Shakir,WR,6100,11.1,,8.43,16,,,,,,,,,,,,,,,,,,
Cooper Kupp,WR,5300,10.2,,0.85,3.4000000000000004,,,,,,,,,,,,,,,,,,
Trey McBride,TE,7700,14.8,,8.13,12.4,,,,,,,,,,,,,,,,,,
Travis Etienne Jr.,FLEX,6800,14.3,,6.14,19.1,,,,,,,,,,,,,,,,,,
Cardinals,DST,3200,6.4,,3.32,17,,,,,,,,,,,,,,,,,,
Total,,60000,124,,,116.28,,,,,,,,,,,,,,,,,,
,,,,,,,,,,,,,,,,,,,,,,,,
Optimal Lineup - DraftEdge,POS,Salary,Projection,2025-11-16 11:21,Roster %,Result,,,,,,,,,,,,,,,,,,
J.J. McCarthy,QB,6800,21.3,Slate: Main,4.25,2.4800000000000004,,,,,,,,,,,,,,,,,,
Josh Jacobs,RB,9100,22.1,,13.07,Not Found,,,,,,,,,,,,,,,,,,
Jaylen Warren,RB,7000,17.6,,11.5,12.8,,,,,,,,,,,,,,,,,,
Ja'Marr Chase,WR,9400,19.5,,12.48,Not Found,,,,,,,,,,,,,,,,,,
Wan'Dale Robinson,WR,5800,11.6,,8.4,29.1,,,,,,,,,,,,,,,,,,
Romeo Doubs,WR,6300,11.9,,4.79,3.3000000000000003,,,,,,,,,,,,,,,,,,
Kyle Pitts Sr.,TE,5000,8.2,,4.92,3.5,,,,,,,,,,,,,,,,,,
Chase Brown,FLEX,7200,18.3,,7.24,17,,,,,,,,,,,,,,,,,,
Falcons,DST,3300,7.3,,19.14,13,,,,,,,,,,,,,,,,,,
Total,,59900,137.8,,,81.18,,,,,,,,,,,,,,,,,,
,,,,,,,,,,,,,,,,,,,,,,,,
Optimal Lineup - SportsLine,POS,Salary,Projection,2025-11-16 11:22,Roster %,Result,,,,,,,,,,,,,,,,,,
Brock Purdy,QB,7100,19.73,Slate: Main,3.21,10.32,,,,,,,,,,,,,,,,,,
Jaylen Warren,RB,7000,14.66,,11.5,12.8,,,,,,,,,,,,,,,,,,
RJ Harvey,RB,5800,14.16,,7.17,Not Found,,,,,,,,,,,,,,,,,,
Ja'Marr Chase,WR,9400,18.6,,12.48,Not Found,,,,,,,,,,,,,,,,,,
Emeka Egbuka,WR,7900,14.84,,6.74,4.7,,,,,,,,,,,,,,,,,,
Wan'Dale Robinson,WR,5800,11.6,,8.4,29.1,,,,,,,,,,,,,,,,,,
Trey McBride,TE,7700,15.6,,8.13,12.4,,,,,,,,,,,,,,,,,,
Cade Otton,FLEX,5500,9.88,,3.99,4.1,,,,,,,,,,,,,,,,,,
Bears,DST,3800,12.26,,11.77,5,,,,,,,,,,,,,,,,,,
Total,,60000,131.32999999999998,,,78.42,,,,,,,,,,,,,,,,,,
,,,,,,,,,,,,,,,,,,,,,,,,
Optimal Lineup - DFF,POS,Salary,Projection,2025-11-16 13:00,Roster %,Result,,,,,,,,,,,,,,,,,,
J.J. McCarthy,QB,6800,18.9,Slate: Main,4.25,2.4800000000000004,,,,,,,,,,,,,,,,,,
Christian McCaffrey,RB,10000,22.5,,17.56,23.700000000000003,,,,,,,,,,,,,,,,,,
Jaylen Warren,RB,7000,15.7,,11.5,12.8,,,,,,,,,,,,,,,,,,
Rashee Rice,WR,8200,16.3,,8.56,21.1,,,,,,,,,,,,,,,,,,
Wan'Dale Robinson,WR,5800,11.6,,8.4,29.1,,,,,,,,,,,,,,,,,,
Michael Wilson,WR,5500,9,,3.7,19.8,,,,,,,,,,,,,,,,,,
Trey McBride,TE,7700,14.5,,8.13,12.4,,,,,,,,,,,,,,,,,,
RJ Harvey,FLEX,5800,12.4,,7.17,Not Found,,,,,,,,,,,,,,,,,,
Cardinals,DST,3200,6.3,,3.32,17,,,,,,,,,,,,,,,,,,
Total,,60000,127.19999999999999,,,138.38,,,,,,,,,,,,,,,,,,
,,,,,,,,,,,,,,,,,,,,,,,,
Optimal Lineup - FootballGuys,POS,Salary,Projection,2025-11-16 13:00,Roster %,Result,,,,,,,,,,,,,,,,,,
J.J. McCarthy,QB,6800,18.3952,Slate: Main,4.25,2.4800000000000004,,,,,,,,,,,,,,,,,,
Christian McCaffrey,RB,10000,22.426,,17.56,23.700000000000003,,,,,,,,,,,,,,,,,,
Jaylen Warren,RB,7000,15.81,,11.5,12.8,,,,,,,,,,,,,,,,,,
Emeka Egbuka,WR,7900,15.640000000000002,,6.74,4.7,,,,,,,,,,,,,,,,,,
Wan'Dale Robinson,WR,5800,12.258,,8.4,29.1,,,,,,,,,,,,,,,,,,
Ricky Pearsall,WR,5700,9.751,,5.34,1.8,,,,,,,,,,,,,,,,,,
Trey McBride,TE,7700,16.034999999999997,,8.13,12.4,,,,,,,,,,,,,,,,,,
RJ Harvey,FLEX,5800,13.022,,7.17,Not Found,,,,,,,,,,,,,,,,,,
Falcons,DST,3300,9.38,,19.14,13,,,,,,,,,,,,,,,,,,
Total,,60000,132.71720000000002,,,99.98,,,,,,,,,,,,,,,,,,
,,,,,,,,,,,,,,,,,,,,,,,,
Optimal Lineup - FantasyLabs,POS,Salary,Projection,2025-11-16 13:00,Roster %,Result,,,,,,,,,,,,,,,,,,
J.J. McCarthy,QB,6800,18,Slate: Main,4.25,2.4800000000000004,,,,,,,,,,,,,,,,,,
Jaylen Warren,RB,7000,16.01,,11.5,12.8,,,,,,,,,,,,,,,,,,
Woody Marks,RB,6300,12.34,,6.24,7.4,,,,,,,,,,,,,,,,,,
Ja'Marr Chase,WR,9400,19.87,,12.48,Not Found,,,,,,,,,,,,,,,,,,
Rashee Rice,WR,8200,16.5,,8.56,21.1,,,,,,,,,,,,,,,,,,
Wan'Dale Robinson,WR,5800,12.07,,8.4,29.1,,,,,,,,,,,,,,,,,,
Trey McBride,TE,7700,14.71,,8.13,12.4,,,,,,,,,,,,,,,,,,
RJ Harvey,FLEX,5800,12.31,,7.17,Not Found,,,,,,,,,,,,,,,,,,
Bengals,DST,3000,5.94,,1.4,9,,,,,,,,,,,,,,,,,,
Total,,60000,127.75000000000003,,,94.28,,,,,,,,,,,,,,,,,,
,,,,,,,,,,,,,,,,,,,,,,,,
Optimal Lineup - AVG,POS,Salary,Projection,2025-11-16 13:00,Roster %,Result,,,,,,,,,,,,,,,,,,
J.J. McCarthy,QB,6800,18.63413333333333,Slate: Main,4.25,2.4800000000000004,,,,,,,,,,,,,,,,,,
Rico Dowdle,RB,8100,16.16748148148148,,7.27,9.4,,,,,,,,,,,,,,,,,,
Jaylen Warren,RB,7000,15.741481481481483,,11.5,12.8,,,,,,,,,,,,,,,,,,
Ja'Marr Chase,WR,9400,18.37274074074074,,12.48,Not Found,,,,,,,,,,,,,,,,,,
Wan'Dale Robinson,WR,5800,11.307185185185183,,8.4,29.1,,,,,,,,,,,,,,,,,,
Khalil Shakir,WR,6100,10.818296296296296,,8.43,16,,,,,,,,,,,,,,,,,,
Trey McBride,TE,7700,15.071666666666665,,8.13,12.4,,,,,,,,,,,,,,,,,,
RJ Harvey,FLEX,5800,12.323555555555556,,7.17,Not Found,,,,,,,,,,,,,,,,,,
Falcons,DST,3300,8,,19.14,13,,,,,,,,,,,,,,,,,,
Total,,60000,126.43654074074074,,,95.18,,,,,,,,,,,,,,,,,,
,,,,,,,,,,,,,,,,,,,,,,,,
Optimal Lineup - Weighted,POS,Salary,Projection,2025-11-16 13:00,Roster %,Result,,,,,,,,,,,,,,,,,,
J.J. McCarthy,QB,6800,18.380072,Slate: Main,4.25,2.4800000000000004,,,,,,,,,,,,,,,,,,
Rico Dowdle,RB,8100,16.054062222222225,,7.27,9.4,,,,,,,,,,,,,,,,,,
Jaylen Warren,RB,7000,15.531422222222227,,11.5,12.8,,,,,,,,,,,,,,,,,,
Ja'Marr Chase,WR,9400,18.08539111111111,,12.48,Not Found,,,,,,,,,,,,,,,,,,
Wan'Dale Robinson,WR,5800,11.38525777777778,,8.4,29.1,,,,,,,,,,,,,,,,,,
Khalil Shakir,WR,6100,10.597324444444446,,8.43,16,,,,,,,,,,,,,,,,,,
Trey McBride,TE,7700,15.016549999999999,,8.13,12.4,,,,,,,,,,,,,,,,,,
RJ Harvey,FLEX,5800,12.385553333333334,,7.17,Not Found,,,,,,,,,,,,,,,,,,
Falcons,DST,3300,7.884900000000002,,19.14,13,,,,,,,,,,,,,,,,,,
Total,,60000,125.32053311111113,,,95.18,,,,,,,,,,,,,,,,,,
,,,,,,,,,,,,,,,,,,,,,,,,
Optimal Lineup - Weighted,POS,Salary,Projection,2025-11-16 19:58,Roster %,Result,,,,,,,,,,,,,,,,,,
Dak Prescott,QB,7900,19.74406955555556,Slate: SNF-MNF,8.32,31.060000000000002,,,,,,,,,,,,,,,,,,
Javonte Williams,RB,8700,15.811801111111116,,8.73,11.100000000000001,,,,,,,,,,,,,,,,,,
Ashton Jeanty,RB,7300,16.231134444444443,,13.7,20.8,,,,,,,,,,,,,,,,,,
DeVonta Smith,WR,6900,12.044794444444445,,9.84,11.9,,,,,,,,,,,,,,,,,,
Jameson Williams,WR,6800,10.712262222222222,,3.5,0,,,,,,,,,,,,,,,,,,
Tre Tucker,WR,5800,9.701715555555557,,7.07,4.300000000000001,,,,,,,,,,,,,,,,,,
Brock Bowers,TE,7200,13.44250888888889,,7.68,8.5,,,,,,,,,,,,,,,,,,
Dallas Goedert,FLEX,5800,9.115068888888889,,4.42,3,,,,,,,,,,,,,,,,,,
Cowboys,DST,3600,7.300766666666667,,3.23,3,,,,,,,,,,,,,,,,,,
Total,,60000,114.10412177777778,,,93.66000000000001,,,,,,,,,,,,,,,,,,
,,,,,,,,,,,,,,,,,,,,,,,,
Optimal Lineup - AVG,POS,Salary,Projection,2025-11-16 19:58,Roster %,Result,,,,,,,,,,,,,,,,,,
Dak Prescott,QB,7900,19.758303703703707,Slate: SNF-MNF,8.32,31.060000000000002,,,,,,,,,,,,,,,,,,
Javonte Williams,RB,8700,15.901740740740742,,8.73,11.100000000000001,,,,,,,,,,,,,,,,,,
Ashton Jeanty,RB,7300,16.33062962962963,,13.7,20.8,,,,,,,,,,,,,,,,,,
DeVonta Smith,WR,6900,12.311296296296298,,9.84,11.9,,,,,,,,,,,,,,,,,,
Jameson Williams,WR,6800,10.907481481481481,,3.5,0,,,,,,,,,,,,,,,,,,
Tre Tucker,WR,5800,10.147703703703705,,7.07,4.300000000000001,,,,,,,,,,,,,,,,,,
Brock Bowers,TE,7200,13.570592592592593,,7.68,8.5,,,,,,,,,,,,,,,,,,
Dallas Goedert,FLEX,5800,9.394592592592595,,4.42,3,,,,,,,,,,,,,,,,,,
Cowboys,DST,3600,7.497777777777778,,3.23,3,,,,,,,,,,,,,,,,,,
Total,,60000,115.82011851851856,,,93.66000000000001,,,,,,,,,,,,,,,,,,
,,,,,,,,,,,,,,,,,,,,,,,,
Optimal Lineup - My Projection,POS,Salary,Projection,2025-11-16 19:58,Roster %,Result,,,,,,,,,,,,,,,,,,
Geno Smith,QB,6700,18.53333333333333,Slate: SNF-MNF,8.9,16.200000000000003,,,,,,,,,,,,,,,,,,
Ashton Jeanty,RB,7300,18.116666666666664,,13.7,20.8,,,,,,,,,,,,,,,,,,
Jahmyr Gibbs,RB,9400,20.066666666666666,,10.04,52.900000000000006,,,,,,,,,,,,,,,,,,
George Pickens,WR,7600,18.733333333333334,,7.38,28.1,,,,,,,,,,,,,,,,,,
DeVonta Smith,WR,6900,17.166666666666668,,9.84,11.9,,,,,,,,,,,,,,,,,,
Tre Tucker,WR,5800,15.233333333333333,,7.07,4.300000000000001,,,,,,,,,,,,,,,,,,
Dallas Goedert,TE,5800,13.883333333333335,,4.42,3,,,,,,,,,,,,,,,,,,
David Montgomery,FLEX,6300,13.733333333333334,,2.24,5.2,,,,,,,,,,,,,,,,,,
Cowboys,DST,3600,10.14,,3.23,3,,,,,,,,,,,,,,,,,,
Total,,59400,145.60666666666668,,,145.4,,,,,,,,,,,,,,,,,,
,,,,,,,,,,,,,,,,,,,,,,,,
Optimal Lineup - DFF,POS,Salary,Projection,2025-11-16 19:58,Roster %,Result,,,,,,,,,,,,,,,,,,
Geno Smith,QB,6700,18.1,Slate: SNF-MNF,8.9,16.200000000000003,,,,,,,,,,,,,,,,,,
Javonte Williams,RB,8700,17.1,,8.73,11.100000000000001,,,,,,,,,,,,,,,,,,
Ashton Jeanty,RB,7300,16.3,,13.7,20.8,,,,,,,,,,,,,,,,,,
Amon-Ra St. Brown,WR,9200,16.8,,10.78,28.4,,,,,,,,,,,,,,,,,,
DeVonta Smith,WR,6900,11.3,,9.84,11.9,,,,,,,,,,,,,,,,,,
Tre Tucker,WR,5800,9.6,,7.07,4.300000000000001,,,,,,,,,,,,,,,,,,
Brock Bowers,TE,7200,14.1,,7.68,8.5,,,,,,,,,,,,,,,,,,
Michael Mayer,FLEX,4600,5.5,,1.09,1.9000000000000001,,,,,,,,,,,,,,,,,,
Cowboys,DST,3600,6.7,,3.23,3,,,,,,,,,,,,,,,,,,
Total,,60000,115.49999999999999,,,106.10000000000001,,,,,,,,,,,,,,,,,,
,,,,,,,,,,,,,,,,,,,,,,,,
Optimal Lineup - FantasyPros,POS,Salary,Projection,2025-11-16 19:58,Roster %,Result,,,,,,,,,,,,,,,,,,
Dak Prescott,QB,7900,18.652000000000005,Slate: SNF-MNF,8.32,31.060000000000002,,,,,,,,,,,,,,,,,,
Ashton Jeanty,RB,7300,15.52,,13.7,20.8,,,,,,,,,,,,,,,,,,
Saquon Barkley,RB,8600,14.82,,5.4,8.899999999999999,,,,,,,,,,,,,,,,,,
DeVonta Smith,WR,6900,11.639999999999999,,9.84,11.9,,,,,,,,,,,,,,,,,,
Jameson Williams,WR,6800,10.520000000000001,,3.5,0,,,,,,,,,,,,,,,,,,
Tre Tucker,WR,5800,8.850000000000001,,7.07,4.300000000000001,,,,,,,,,,,,,,,,,,
Brock Bowers,TE,7200,13.260000000000002,,7.68,8.5,,,,,,,,,,,,,,,,,,
Dallas Goedert,FLEX,5800,9.46,,4.42,3,,,,,,,,,,,,,,,,,,
Cowboys,DST,3600,6.7,,3.23,3,,,,,,,,,,,,,,,,,,
Total,,59900,109.42200000000001,,,91.46,,,,,,,,,,,,,,,,,,
,,,,,,,,,,,,,,,,,,,,,,,,
Optimal Lineup - FootballGuys,POS,Salary,Projection,2025-11-16 19:59,Roster %,Result,,,,,,,,,,,,,,,,,,
Dak Prescott,QB,7900,20.349400000000003,Slate: SNF-MNF,8.32,31.060000000000002,,,,,,,,,,,,,,,,,,
Javonte Williams,RB,8700,16.009,,8.73,11.100000000000001,,,,,,,,,,,,,,,,,,
Ashton Jeanty,RB,7300,17.049,,13.7,20.8,,,,,,,,,,,,,,,,,,
George Pickens,WR,7600,12.854000000000001,,7.38,28.1,,,,,,,,,,,,,,,,,,
DeVonta Smith,WR,6900,12.855,,9.84,11.9,,,,,,,,,,,,,,,,,,
Tre Tucker,WR,5800,8.966,,7.07,4.300000000000001,,,,,,,,,,,,,,,,,,
Brock Bowers,TE,7200,12.062000000000001,,7.68,8.5,,,,,,,,,,,,,,,,,,
Tyler Lockett,FLEX,5000,7.798,,2.56,8.2,,,,,,,,,,,,,,,,,,
Cowboys,DST,3600,7.96,,3.23,3,,,,,,,,,,,,,,,,,,
Total,,60000,115.9024,,,126.96000000000001,,,,,,,,,,,,,,,,,,
,,,,,,,,,,,,,,,,,,,,,,,,
Optimal Lineup - FantasyLabs,POS,Salary,Projection,2025-11-16 19:59,Roster %,Result,,,,,,,,,,,,,,,,,,
Geno Smith,QB,6700,17.28,Slate: SNF-MNF,8.9,16.200000000000003,,,,,,,,,,,,,,,,,,
Javonte Williams,RB,8700,15.75,,8.73,11.100000000000001,,,,,,,,,,,,,,,,,,
Ashton Jeanty,RB,7300,15.18,,13.7,20.8,,,,,,,,,,,,,,,,,,
Amon-Ra St. Brown,WR,9200,17.37,,10.78,28.4,,,,,,,,,,,,,,,,,,
Jameson Williams,WR,6800,11.59,,3.5,0,,,,,,,,,,,,,,,,,,
Tre Tucker,WR,5800,9.35,,7.07,4.300000000000001,,,,,,,,,,,,,,,,,,
Brock Bowers,TE,7200,13.9,,7.68,8.5,,,,,,,,,,,,,,,,,,
Michael Mayer,FLEX,4600,6.11,,1.09,1.9000000000000001,,,,,,,,,,,,,,,,,,
Cowboys,DST,3600,6.64,,3.23,3,,,,,,,,,,,,,,,,,,
Total,,59900,113.17,,,94.2,,,,,,,,,,,,,,,,,,
,,,,,,,,,,,,,,,,,,,,,,,,
Optimal Lineup - RotoWire,POS,Salary,Projection,2025-11-16 19:59,Roster %,Result,,,,,,,,,,,,,,,,,,
Geno Smith,QB,6700,18.76,Slate: SNF-MNF,8.9,16.200000000000003,,,,,,,,,,,,,,,,,,
Ashton Jeanty,RB,7300,15.8,,13.7,20.8,,,,,,,,,,,,,,,,,,
Jahmyr Gibbs,RB,9400,19.12,,10.04,52.900000000000006,,,,,,,,,,,,,,,,,,
Amon-Ra St. Brown,WR,9200,16.66,,10.78,28.4,,,,,,,,,,,,,,,,,,
DeVonta Smith,WR,6900,12.62,,9.84,11.9,,,,,,,,,,,,,,,,,,
Tre Tucker,WR,5800,10.11,,7.07,4.300000000000001,,,,,,,,,,,,,,,,,,
Brock Bowers,TE,7200,13.7,,7.68,8.5,,,,,,,,,,,,,,,,,,
Brock Wright,FLEX,4300,7.24,,0.06,4.4,,,,,,,,,,,,,,,,,,
Raiders,DST,3200,4.97,,0.64,5,,,,,,,,,,,,,,,,,,
Total,,60000,118.98,,,152.40000000000003,,,,,,,,,,,,,,,,,,
,,,,,,,,,,,,,,,,,,,,,,,,
Optimal Lineup - NumberFire,POS,Salary,Projection,2025-11-16 19:59,Roster %,Result,,,,,,,,,,,,,,,,,,
Geno Smith,QB,6700,15.8,Slate: SNF-MNF,8.9,16.200000000000003,,,,,,,,,,,,,,,,,,
Ashton Jeanty,RB,7300,14.7,,13.7,20.8,,,,,,,,,,,,,,,,,,
Jahmyr Gibbs,RB,9400,16.1,,10.04,52.900000000000006,,,,,,,,,,,,,,,,,,
Jameson Williams,WR,6800,10.8,,3.5,0,,,,,,,,,,,,,,,,,,
Tre Tucker,WR,5800,9.1,,7.07,4.300000000000001,,,,,,,,,,,,,,,,,,
Kalif Raymond,WR,4500,6.9,,0.11,4.7,,,,,,,,,,,,,,,,,,
Brock Bowers,TE,7200,11.3,,7.68,8.5,,,,,,,,,,,,,,,,,,
Saquon Barkley,FLEX,8600,16.3,,5.4,8.899999999999999,,,,,,,,,,,,,,,,,,
Cowboys,DST,3600,6.7,,3.23,3,,,,,,,,,,,,,,,,,,
Total,,59900,107.7,,,119.30000000000001,,,,,,,,,,,,,,,,,,
,,,,,,,,,,,,,,,,,,,,,,,,
Optimal Lineup - DraftEdge,POS,Salary,Projection,2025-11-16 19:59,Roster %,Result,,,,,,,,,,,,,,,,,,
Geno Smith,QB,6700,17.4,Slate: SNF-MNF,8.9,16.200000000000003,,,,,,,,,,,,,,,,,,
Ashton Jeanty,RB,7300,18,,13.7,20.8,,,,,,,,,,,,,,,,,,
Saquon Barkley,RB,8600,17.5,,5.4,8.899999999999999,,,,,,,,,,,,,,,,,,
George Pickens,WR,7600,14.3,,7.38,28.1,,,,,,,,,,,,,,,,,,
DeVonta Smith,WR,6900,12.2,,9.84,11.9,,,,,,,,,,,,,,,,,,
Tre Tucker,WR,5800,9.6,,7.07,4.300000000000001,,,,,,,,,,,,,,,,,,
Brock Bowers,TE,7200,14.5,,7.68,8.5,,,,,,,,,,,,,,,,,,
David Montgomery,FLEX,6300,10.2,,2.24,5.2,,,,,,,,,,,,,,,,,,
Cowboys,DST,3600,7.3,,3.23,3,,,,,,,,,,,,,,,,,,
Total,,60000,121,,,106.9,,,,,,,,,,,,,,,,,,
,,,,,,,,,,,,,,,,,,,,,,,,
Optimal Lineup - SportsLine,POS,Salary,Projection,2025-11-16 19:59,Roster %,Result,,,,,,,,,,,,,,,,,,
Geno Smith,QB,6700,16.32,Slate: SNF-MNF,8.9,16.200000000000003,,,,,,,,,,,,,,,,,,
Ashton Jeanty,RB,7300,16.31,,13.7,20.8,,,,,,,,,,,,,,,,,,
Saquon Barkley,RB,8600,15.47,,5.4,8.899999999999999,,,,,,,,,,,,,,,,,,
George Pickens,WR,7600,12.56,,7.38,28.1,,,,,,,,,,,,,,,,,,
DeVonta Smith,WR,6900,11.27,,9.84,11.9,,,,,,,,,,,,,,,,,,
Tre Tucker,WR,5800,10.52,,7.07,4.300000000000001,,,,,,,,,,,,,,,,,,
Brock Bowers,TE,7200,14.48,,7.68,8.5,,,,,,,,,,,,,,,,,,
Dallas Goedert,FLEX,5800,9.35,,4.42,3,,,,,,,,,,,,,,,,,,
Cowboys,DST,3600,9.59,,3.23,3,,,,,,,,,,,,,,,,,,
Total,,59500,115.86999999999999,,,104.7,,,,,,,,,,,,,,,,,,
,,,,,,,,,,,,,,,,,,,,,,,,
Optimal Lineup - Weighted,POS,Salary,Projection,2025-11-20 16:38,Roster %,Result,,,,,,,,,,,,,,,,,,
Josh Allen,MVP,20400,32.47,Slate: Single,13.74,15.180000000000001,,,,,,,,,,,,,,,,,,
James Cook III,RB,12000,16.26,,5.4,23.400000000000002,,,,,,,,,,,,,,,,,,
Davis Mills,QB,11600,14.77,,0,14.52,,,,,,,,,,,,,,,,,,
Bills,DST,6400,7.79,,2.69,0,,,,,,,,,,,,,,,,,,
Joshua Palmer,WR,4800,6.01,,0.63,3.1,,,,,,,,,,,,,,,,,,
Dawson Knox,TE,4600,5.55,,1.93,3.2,,,,,,,,,,,,,,,,,,
,,,,,0,,,,,,,,,,,,,,,,,,,
,,,,,0,,,,,,,,,,,,,,,,,,,
,,,,,0,,,,,,,,,,,,,,,,,,,
Total,,59800,82.85000000000001,,,59.40000000000001,,,,,,,,,,,,,,,,,,
,,,,,,,,,,,,,,,,,,,,,,,,
Optimal Lineup - AVG,POS,Salary,Projection,2025-11-20 16:38,Roster %,Result,,,,,,,,,,,,,,,,,,
Josh Allen,MVP,20400,32.55,Slate: Single,13.74,15.180000000000001,,,,,,,,,,,,,,,,,,
James Cook III,RB,12000,16.34,,5.4,23.400000000000002,,,,,,,,,,,,,,,,,,
Davis Mills,QB,11600,14.3,,0,14.52,,,,,,,,,,,,,,,,,,
Bills,DST,6400,7.79,,2.69,0,,,,,,,,,,,,,,,,,,
Joshua Palmer,WR,4800,6.04,,0.63,3.1,,,,,,,,,,,,,,,,,,
Dawson Knox,TE,4600,5.48,,1.93,3.2,,,,,,,,,,,,,,,,,,
,,,,,0,,,,,,,,,,,,,,,,,,,
,,,,,0,,,,,,,,,,,,,,,,,,,
,,,,,0,,,,,,,,,,,,,,,,,,,
Total,,59800,82.50000000000001,,,59.40000000000001,,,,,,,,,,,,,,,,,,
,,,,,,,,,,,,,,,,,,,,,,,,
Optimal Lineup - My Projection,POS,Salary,Projection,2025-11-20 16:38,Roster %,Result,,,,,,,,,,,,,,,,,,
Josh Allen,MVP,20400,32.12,Slate: Single,13.74,15.180000000000001,,,,,,,,,,,,,,,,,,
James Cook III,RB,12000,17.57,,5.4,23.400000000000002,,,,,,,,,,,,,,,,,,
Woody Marks,RB,10400,14.77,,6.24,7.4,,,,,,,,,,,,,,,,,,
Dalton Schultz,TE,7400,9.07,,2.98,1.3,,,,,,,,,,,,,,,,,,
Bills,DST,6400,7.9,,2.69,0,,,,,,,,,,,,,,,,,,
Ty Johnson,RB,3400,3.6,,0.43,6.7,,,,,,,,,,,,,,,,,,
,,,,,0,,,,,,,,,,,,,,,,,,,
,,,,,0,,,,,,,,,,,,,,,,,,,
,,,,,0,,,,,,,,,,,,,,,,,,,
Total,,60000,85.03,,,53.980000000000004,,,,,,,,,,,,,,,,,,
,,,,,,,,,,,,,,,,,,,,,,,,
Optimal Lineup - DFF,POS,Salary,Projection,2025-11-20 16:38,Roster %,Result,,,,,,,,,,,,,,,,,,
Josh Allen,MVP,20400,32.55,Slate: Single,13.74,15.180000000000001,,,,,,,,,,,,,,,,,,
James Cook III,RB,12000,15.4,,5.4,23.400000000000002,,,,,,,,,,,,,,,,,,
Davis Mills,QB,11600,14.5,,0,14.52,,,,,,,,,,,,,,,,,,
Dalton Schultz,TE,7400,8,,2.98,1.3,,,,,,,,,,,,,,,,,,
Joshua Palmer,WR,4800,5.9,,0.63,3.1,,,,,,,,,,,,,,,,,,
Tyrell Shavers,WR,3800,4.7,,0.3,Not Found,,,,,,,,,,,,,,,,,,
,,,,,0,,,,,,,,,,,,,,,,,,,
,,,,,0,,,,,,,,,,,,,,,,,,,
,,,,,0,,,,,,,,,,,,,,,,,,,
Total,,60000,81.05,,,57.50000000000001,,,,,,,,,,,,,,,,,,
,,,,,,,,,,,,,,,,,,,,,,,,
Optimal Lineup - FantasyPros,POS,Salary,Projection,2025-11-20 16:38,Roster %,Result,,,,,,,,,,,,,,,,,,
Josh Allen,MVP,20400,32,Slate: Single,13.74,15.180000000000001,,,,,,,,,,,,,,,,,,
James Cook III,RB,12000,15.44,,5.4,23.400000000000002,,,,,,,,,,,,,,,,,,
Davis Mills,QB,11600,15,,0,14.52,,,,,,,,,,,,,,,,,,
Woody Marks,RB,10400,11.86,,6.24,7.4,,,,,,,,,,,,,,,,,,
Ty Johnson,RB,3400,4.2,,0.43,6.7,,,,,,,,,,,,,,,,,,
Jackson Hawes,TE,2200,2.53,,0.74,3.6,,,,,,,,,,,,,,,,,,
,,,,,0,,,,,,,,,,,,,,,,,,,
,,,,,0,,,,,,,,,,,,,,,,,,,
,,,,,0,,,,,,,,,,,,,,,,,,,
Total,,60000,81.03,,,70.8,,,,,,,,,,,,,,,,,,
,,,,,,,,,,,,,,,,,,,,,,,,
Optimal Lineup - FootballGuys,POS,Salary,Projection,2025-11-20 16:38,Roster %,Result,,,,,,,,,,,,,,,,,,
Josh Allen,MVP,20400,32.36,Slate: Single,13.74,15.180000000000001,,,,,,,,,,,,,,,,,,
James Cook III,RB,12000,17.17,,5.4,23.400000000000002,,,,,,,,,,,,,,,,,,
Davis Mills,QB,11600,17.09,,0,14.52,,,,,,,,,,,,,,,,,,
Texans,DST,6200,11,,6.32,21,,,,,,,,,,,,,,,,,,
Joshua Palmer,WR,4800,5.9,,0.63,3.1,,,,,,,,,,,,,,,,,,
Dawson Knox,TE,4600,6.72,,1.93,3.2,,,,,,,,,,,,,,,,,,
,,,,,0,,,,,,,,,,,,,,,,,,,
,,,,,0,,,,,,,,,,,,,,,,,,,
,,,,,0,,,,,,,,,,,,,,,,,,,
Total,,59600,90.24000000000001,,,80.4,,,,,,,,,,,,,,,,,,
,,,,,,,,,,,,,,,,,,,,,,,,
Optimal Lineup - FantasyLabs,POS,Salary,Projection,2025-11-20 16:38,Roster %,Result,,,,,,,,,,,,,,,,,,
Josh Allen,MVP,20400,30.92,Slate: Single,13.74,15.180000000000001,,,,,,,,,,,,,,,,,,
James Cook III,RB,12000,15.62,,5.4,23.400000000000002,,,,,,,,,,,,,,,,,,
Davis Mills,QB,11600,14.23,,0,14.52,,,,,,,,,,,,,,,,,,
Bills,DST,6400,7.8,,2.69,0,,,,,,,,,,,,,,,,,,
Joshua Palmer,WR,4800,5.89,,0.63,3.1,,,,,,,,,,,,,,,,,,
Dawson Knox,TE,4600,5.1,,1.93,3.2,,,,,,,,,,,,,,,,,,
,,,,,0,,,,,,,,,,,,,,,,,,,
,,,,,0,,,,,,,,,,,,,,,,,,,
,,,,,0,,,,,,,,,,,,,,,,,,,
Total,,59800,79.55999999999999,,,59.40000000000001,,,,,,,,,,,,,,,,,,
,,,,,,,,,,,,,,,,,,,,,,,,
Optimal Lineup - RotoWire,POS,Salary,Projection,2025-11-20 16:39,Roster %,Result,,,,,,,,,,,,,,,,,,
Josh Allen,MVP,20400,34.76,Slate: Single,13.74,15.180000000000001,,,,,,,,,,,,,,,,,,
James Cook III,RB,12000,15.72,,5.4,23.400000000000002,,,,,,,,,,,,,,,,,,
Woody Marks,RB,10400,13.13,,6.24,7.4,,,,,,,,,,,,,,,,,,
Texans,DST,6200,7.67,,6.32,21,,,,,,,,,,,,,,,,,,
Nick Chubb,RB,5800,7.71,,1.76,2,,,,,,,,,,,,,,,,,,
Joshua Palmer,WR,4800,6.37,,0.63,3.1,,,,,,,,,,,,,,,,,,
,,,,,0,,,,,,,,,,,,,,,,,,,
,,,,,0,,,,,,,,,,,,,,,,,,,
,,,,,0,,,,,,,,,,,,,,,,,,,
Total,,59600,85.36,,,72.08,,,,,,,,,,,,,,,,,,
,,,,,,,,,,,,,,,,,,,,,,,,
Optimal Lineup - NumberFire,POS,Salary,Projection,2025-11-20 16:39,Roster %,Result,,,,,,,,,,,,,,,,,,
Josh Allen,MVP,20400,32.85,Slate: Single,13.74,15.180000000000001,,,,,,,,,,,,,,,,,,
James Cook III,RB,12000,18.3,,5.4,23.400000000000002,,,,,,,,,,,,,,,,,,
Davis Mills,QB,11600,14.1,,0,14.52,,,,,,,,,,,,,,,,,,
Bills,DST,6400,7.3,,2.69,0,,,,,,,,,,,,,,,,,,
Nick Chubb,RB,5800,7,,1.76,2,,,,,,,,,,,,,,,,,,
Tyrell Shavers,WR,3800,5.5,,0.3,Not Found,,,,,,,,,,,,,,,,,,
,,,,,0,,,,,,,,,,,,,,,,,,,
,,,,,0,,,,,,,,,,,,,,,,,,,
,,,,,0,,,,,,,,,,,,,,,,,,,
Total,,60000,85.05,,,55.10000000000001,,,,,,,,,,,,,,,,,,
,,,,,,,,,,,,,,,,,,,,,,,,
Optimal Lineup - DraftEdge,POS,Salary,Projection,2025-11-20 16:39,Roster %,Result,,,,,,,,,,,,,,,,,,
Josh Allen,MVP,20400,34.2,Slate: Single,13.74,15.180000000000001,,,,,,,,,,,,,,,,,,
James Cook III,RB,12000,17.6,,5.4,23.400000000000002,,,,,,,,,,,,,,,,,,
Davis Mills,QB,11600,15.2,,0,14.52,,,,,,,,,,,,,,,,,,
Bills,DST,6400,8.3,,2.69,0,,,,,,,,,,,,,,,,,,
Joshua Palmer,WR,4800,6.5,,0.63,3.1,,,,,,,,,,,,,,,,,,
Dawson Knox,TE,4600,5.1,,1.93,3.2,,,,,,,,,,,,,,,,,,
,,,,,0,,,,,,,,,,,,,,,,,,,
,,,,,0,,,,,,,,,,,,,,,,,,,
,,,,,0,,,,,,,,,,,,,,,,,,,
Total,,59800,86.89999999999999,,,59.40000000000001,,,,,,,,,,,,,,,,,,
,,,,,,,,,,,,,,,,,,,,,,,,
Optimal Lineup - SportsLine,POS,Salary,Projection,2025-11-20 16:39,Roster %,Result,,,,,,,,,,,,,,,,,,
Josh Allen,MVP,20400,31.2,Slate: Single,13.74,15.180000000000001,,,,,,,,,,,,,,,,,,
James Cook III,RB,12000,14.23,,5.4,23.400000000000002,,,,,,,,,,,,,,,,,,
Davis Mills,QB,11600,13.98,,0,14.52,,,,,,,,,,,,,,,,,,
Bills,DST,6400,9.34,,2.69,0,,,,,,,,,,,,,,,,,,
Texans,DST,6200,7.11,,6.32,21,,,,,,,,,,,,,,,,,,
Ty Johnson,RB,3400,4.9,,0.43,6.7,,,,,,,,,,,,,,,,,,
,,,,,0,,,,,,,,,,,,,,,,,,,
,,,,,0,,,,,,,,,,,,,,,,,,,
,,,,,0,,,,,,,,,,,,,,,,,,,
Total,,60000,80.76,,,80.80000000000001,,,,,,,,,,,,,,,,,,
,,,,,,,,,,,,,,,,,,,,,,,,
Optimal Lineup - Weighted,POS,Salary,Projection,2025-11-23 11:02,Roster %,Result,,,,,,,,,,,,,,,,,,
Patrick Mahomes,QB,8100,22.725406666666668,Slate: Main,10.62,19.08,,,,,,,,,,,,,,,,,,
Jahmyr Gibbs,RB,9100,18.995131333333333,,22.25,52.900000000000006,,,,,,,,,,,,,,,,,,
Chase Brown,RB,6900,15.173298000000004,,15.72,17,,,,,,,,,,,,,,,,,,
Rashee Rice,WR,8100,14.799850000000001,,12.09,21.1,,,,,,,,,,,,,,,,,,
Tee Higgins,WR,7500,13.766944666666667,,10.96,5.6,,,,,,,,,,,,,,,,,,
Wan'Dale Robinson,WR,5900,10.758174666666667,,8.31,29.1,,,,,,,,,,,,,,,,,,
Kyle Pitts Sr.,TE,4900,8.887381333333334,,6.24,3.5,,,,,,,,,,,,,,,,,,
Alvin Kamara,FLEX,6100,12.034093333333336,,6.49,2.5,,,,,,,,,,,,,,,,,,
Saints,DST,3200,7.235966666666667,,21.75,11,,,,,,,,,,,,,,,,,,
Total,,59800,124.37624666666667,,,161.78,,,,,,,,,,,,,,,,,,
,,,,,,,,,,,,,,,,,,,,,,,,
Optimal Lineup - AVG,POS,Salary,Projection,2025-11-23 11:02,Roster %,Result,,,,,,,,,,,,,,,,,,
Patrick Mahomes,QB,8100,22.653111111111116,Slate: Main,10.62,19.08,,,,,,,,,,,,,,,,,,
Jahmyr Gibbs,RB,9100,19.27462222222222,,22.25,52.900000000000006,,,,,,,,,,,,,,,,,,
Chase Brown,RB,6900,15.199066666666669,,15.72,17,,,,,,,,,,,,,,,,,,
Rashee Rice,WR,8100,14.803333333333335,,12.09,21.1,,,,,,,,,,,,,,,,,,
Tee Higgins,WR,7500,13.930844444444446,,10.96,5.6,,,,,,,,,,,,,,,,,,
Wan'Dale Robinson,WR,5900,10.738177777777778,,8.31,29.1,,,,,,,,,,,,,,,,,,
Kyle Pitts Sr.,TE,4900,8.95128888888889,,6.24,3.5,,,,,,,,,,,,,,,,,,
Alvin Kamara,FLEX,6100,12.056888888888887,,6.49,2.5,,,,,,,,,,,,,,,,,,
Saints,DST,3200,7.191111111111113,,21.75,11,,,,,,,,,,,,,,,,,,
Total,,59800,124.79844444444446,,,161.78,,,,,,,,,,,,,,,,,,
,,,,,,,,,,,,,,,,,,,,,,,,
Optimal Lineup - My Projection,POS,Salary,Projection,2025-11-23 11:02,Roster %,Result,,,,,,,,,,,,,,,,,,
Patrick Mahomes,QB,8100,22.538000000000004,Slate: Main,10.62,19.08,,,,,,,,,,,,,,,,,,
Jahmyr Gibbs,RB,9100,18.8486,,22.25,52.900000000000006,,,,,,,,,,,,,,,,,,
Chase Brown,RB,6900,15.018600000000001,,15.72,17,,,,,,,,,,,,,,,,,,
Tee Higgins,WR,7500,13.9846,,10.96,5.6,,,,,,,,,,,,,,,,,,
Zay Flowers,WR,7000,12.5286,,9.53,9.4,,,,,,,,,,,,,,,,,,
Wan'Dale Robinson,WR,5900,10.515600000000001,,8.31,29.1,,,,,,,,,,,,,,,,,,
Kyle Pitts Sr.,TE,4900,8.9336,,6.24,3.5,,,,,,,,,,,,,,,,,,
Ashton Jeanty,FLEX,7400,14.2738,,6.7,20.8,,,,,,,,,,,,,,,,,,
Saints,DST,3200,7.290000000000001,,21.75,11,,,,,,,,,,,,,,,,,,
Total,,60000,123.93140000000001,,,168.38000000000002,,,,,,,,,,,,,,,,,,
,,,,,,,,,,,,,,,,,,,,,,,,
Optimal Lineup - DFF,POS,Salary,Projection,2025-11-23 11:02,Roster %,Result,,,,,,,,,,,,,,,,,,
Patrick Mahomes,QB,8100,23.2,Slate: Main,10.62,19.08,,,,,,,,,,,,,,,,,,
Jahmyr Gibbs,RB,9100,20.5,,22.25,52.900000000000006,,,,,,,,,,,,,,,,,,
Chase Brown,RB,6900,16.2,,15.72,17,,,,,,,,,,,,,,,,,,
Rashee Rice,WR,8100,15.8,,12.09,21.1,,,,,,,,,,,,,,,,,,
Chris Olave,WR,7300,13.5,,11.63,11.5,,,,,,,,,,,,,,,,,,
Michael Wilson,WR,6300,10.9,,7.7,19.8,,,,,,,,,,,,,,,,,,
Kyle Pitts Sr.,TE,4900,9.3,,6.24,3.5,,,,,,,,,,,,,,,,,,
Alvin Kamara,FLEX,6100,12.4,,6.49,2.5,,,,,,,,,,,,,,,,,,
Saints,DST,3200,7.4,,21.75,11,,,,,,,,,,,,,,,,,,
Total,,60000,129.20000000000002,,,158.38000000000002,,,,,,,,,,,,,,,,,,
,,,,,,,,,,,,,,,,,,,,,,,,
Optimal Lineup - FantasyPros,POS,Salary,Projection,2025-11-23 11:02,Roster %,Result,,,,,,,,,,,,,,,,,,
Patrick Mahomes,QB,8100,23.2,Slate: Main,10.62,19.08,,,,,,,,,,,,,,,,,,
Jahmyr Gibbs,RB,9100,19.07,,22.25,52.900000000000006,,,,,,,,,,,,,,,,,,
Chase Brown,RB,6900,14.680000000000003,,15.72,17,,,,,,,,,,,,,,,,,,
Tee Higgins,WR,7500,14.23,,10.96,5.6,,,,,,,,,,,,,,,,,,
Chris Olave,WR,7300,12.94,,11.63,11.5,,,,,,,,,,,,,,,,,,
Stefon Diggs,WR,6700,12.13,,13.1,3,,,,,,,,,,,,,,,,,,
Kyle Pitts Sr.,TE,4900,8.75,,6.24,3.5,,,,,,,,,,,,,,,,,,
Alvin Kamara,FLEX,6100,11.430000000000001,,6.49,2.5,,,,,,,,,,,,,,,,,,
Saints,DST,3200,7.4,,21.75,11,,,,,,,,,,,,,,,,,,
Total,,59800,123.83000000000001,,,126.08,,,,,,,,,,,,,,,,,,
,,,,,,,,,,,,,,,,,,,,,,,,
Optimal Lineup - FootballGuys,POS,Salary,Projection,2025-11-23 11:03,Roster %,Result,,,,,,,,,,,,,,,,,,
Patrick Mahomes,QB,8100,23.2,Slate: Main,10.62,19.08,,,,,,,,,,,,,,,,,,
Chase Brown,RB,6900,14.503,,15.72,17,,,,,,,,,,,,,,,,,,
Ashton Jeanty,RB,7400,17.049,,6.7,20.8,,,,,,,,,,,,,,,,,,
Chris Olave,WR,7300,13.5,,11.63,11.5,,,,,,,,,,,,,,,,,,
Wan'Dale Robinson,WR,5900,12.258,,8.31,29.1,,,,,,,,,,,,,,,,,,
Parker Washington,WR,5700,10.386000000000001,,3.18,15.600000000000001,,,,,,,,,,,,,,,,,,
Trey McBride,TE,8500,16.034999999999997,,7.88,12.4,,,,,,,,,,,,,,,,,,
Jaylen Warren,FLEX,7100,15.81,,5.18,12.8,,,,,,,,,,,,,,,,,,
Titans,DST,3000,8.059999999999999,,3.13,6,,,,,,,,,,,,,,,,,,
Total,,59900,130.801,,,144.28,,,,,,,,,,,,,,,,,,
,,,,,,,,,,,,,,,,,,,,,,,,
Optimal Lineup - FantasyLabs,POS,Salary,Projection,2025-11-23 11:03,Roster %,Result,,,,,,,,,,,,,,,,,,
Patrick Mahomes,QB,8100,22.42,Slate: Main,10.62,19.08,,,,,,,,,,,,,,,,,,
Bijan Robinson,RB,9600,20.31,,13.46,11.7,,,,,,,,,,,,,,,,,,
Chase Brown,RB,6900,15.82,,15.72,17,,,,,,,,,,,,,,,,,,
Amon-Ra St. Brown,WR,9200,18.56,,16.02,28.4,,,,,,,,,,,,,,,,,,
Michael Wilson,WR,6300,11.96,,7.7,19.8,,,,,,,,,,,,,,,,,,
Wan'Dale Robinson,WR,5900,10.65,,8.31,29.1,,,,,,,,,,,,,,,,,,
Kyle Pitts Sr.,TE,4900,9.28,,6.24,3.5,,,,,,,,,,,,,,,,,,
Alvin Kamara,FLEX,6100,12.68,,6.49,2.5,,,,,,,,,,,,,,,,,,
Titans,DST,3000,5.54,,3.13,6,,,,,,,,,,,,,,,,,,
Total,,60000,127.22000000000001,,,137.08,,,,,,,,,,,,,,,,,,
,,,,,,,,,,,,,,,,,,,,,,,,
Optimal Lineup - RotoWire,POS,Salary,Projection,2025-11-23 11:03,Roster %,Result,,,,,,,,,,,,,,,,,,
Patrick Mahomes,QB,8100,22.53,Slate: Main,10.62,19.08,,,,,,,,,,,,,,,,,,
Jahmyr Gibbs,RB,9100,20.63,,22.25,52.900000000000006,,,,,,,,,,,,,,,,,,
Chase Brown,RB,6900,15.06,,15.72,17,,,,,,,,,,,,,,,,,,
Tee Higgins,WR,7500,14.26,,10.96,5.6,,,,,,,,,,,,,,,,,,
Chris Olave,WR,7300,13.96,,11.63,11.5,,,,,,,,,,,,,,,,,,
Stefon Diggs,WR,6700,13.17,,13.1,3,,,,,,,,,,,,,,,,,,
Kyle Pitts Sr.,TE,4900,8.68,,6.24,3.5,,,,,,,,,,,,,,,,,,
Alvin Kamara,FLEX,6100,11.44,,6.49,2.5,,,,,,,,,,,,,,,,,,
Saints,DST,3200,7.18,,21.75,11,,,,,,,,,,,,,,,,,,
Total,,59800,126.91,,,126.08,,,,,,,,,,,,,,,,,,
,,,,,,,,,,,,,,,,,,,,,,,,
Optimal Lineup - NumberFire,POS,Salary,Projection,2025-11-23 11:03,Roster %,Result,,,,,,,,,,,,,,,,,,
Lamar Jackson,QB,8500,24.2,Slate: Main,13.06,7.220000000000001,,,,,,,,,,,,,,,,,,
Jahmyr Gibbs,RB,9100,18.8,,22.25,52.900000000000006,,,,,,,,,,,,,,,,,,
Travis Etienne Jr.,RB,7000,15.6,,5.47,19.1,,,,,,,,,,,,,,,,,,
Tee Higgins,WR,7500,15.2,,10.96,5.6,,,,,,,,,,,,,,,,,,
Zay Flowers,WR,7000,14.8,,9.53,9.4,,,,,,,,,,,,,,,,,,
Alec Pierce,WR,6100,10.7,,5.35,3.1,,,,,,,,,,,,,,,,,,
Kyle Pitts Sr.,TE,4900,10,,6.24,3.5,,,,,,,,,,,,,,,,,,
Emanuel Wilson,FLEX,6500,16.3,,1.59,28.5,,,,,,,,,,,,,,,,,,
Saints,DST,3200,7.4,,21.75,11,,,,,,,,,,,,,,,,,,
Total,,59800,133,,,140.32,,,,,,,,,,,,,,,,,,
,,,,,,,,,,,,,,,,,,,,,,,,
Optimal Lineup - DraftEdge,POS,Salary,Projection,2025-11-23 11:03,Roster %,Result,,,,,,,,,,,,,,,,,,
Drake Maye,QB,8400,25.5,Slate: Main,13.07,16.96,,,,,,,,,,,,,,,,,,
Jahmyr Gibbs,RB,9100,21.4,,22.25,52.900000000000006,,,,,,,,,,,,,,,,,,
Ashton Jeanty,RB,7400,16,,6.7,20.8,,,,,,,,,,,,,,,,,,
Stefon Diggs,WR,6700,13.7,,13.1,3,,,,,,,,,,,,,,,,,,
Michael Wilson,WR,6300,12.5,,7.7,19.8,,,,,,,,,,,,,,,,,,
Wan'Dale Robinson,WR,5900,13.2,,8.31,29.1,,,,,,,,,,,,,,,,,,
Travis Kelce,TE,6000,11.9,,5.5,6.3999999999999995,,,,,,,,,,,,,,,,,,
Emanuel Wilson,FLEX,6500,15.1,,1.59,28.5,,,,,,,,,,,,,,,,,,
Raiders,DST,3700,9.1,,24.29,5,,,,,,,,,,,,,,,,,,
Total,,60000,138.4,,,182.46,,,,,,,,,,,,,,,,,,
,,,,,,,,,,,,,,,,,,,,,,,,
Optimal Lineup - SportsLine,POS,Salary,Projection,2025-11-23 11:03,Roster %,Result,,,,,,,,,,,,,,,,,,
Drake Maye,QB,8400,24.7,Slate: Main,13.07,16.96,,,,,,,,,,,,,,,,,,
Jahmyr Gibbs,RB,9100,19.89,,22.25,52.900000000000006,,,,,,,,,,,,,,,,,,
TreVeyon Henderson,RB,7500,15.36,,6.54,9.600000000000001,,,,,,,,,,,,,,,,,,
Tee Higgins,WR,7500,14.7,,10.96,5.6,,,,,,,,,,,,,,,,,,
Wan'Dale Robinson,WR,5900,10.4,,8.31,29.1,,,,,,,,,,,,,,,,,,
Parker Washington,WR,5700,10.29,,3.18,15.600000000000001,,,,,,,,,,,,,,,,,,
Kyle Pitts Sr.,TE,4900,8.74,,6.24,3.5,,,,,,,,,,,,,,,,,,
Alvin Kamara,FLEX,6100,12.93,,6.49,2.5,,,,,,,,,,,,,,,,,,
Packers,DST,4900,13.42,,4.3,16,,,,,,,,,,,,,,,,,,
Total,,60000,130.42999999999998,,,151.76,,,,,,,,,,,,,,,,,,
,,,,,,,,,,,,,,,,,,,,,,,,
Optimal Lineup - Weighted,POS,Salary,Projection,2025-11-23 12:39,Roster %,Result,,,,,,,,,,,,,,,,,,
Patrick Mahomes,QB,8100,22.829806666666666,Slate: Main,10.62,19.08,,,,,,,,,,,,,,,,,,
Jahmyr Gibbs,RB,9100,18.996991333333334,,22.25,52.900000000000006,,,,,,,,,,,,,,,,,,
Chase Brown,RB,6900,15.161698000000005,,15.72,17,,,,,,,,,,,,,,,,,,
Rashee Rice,WR,8100,14.735050000000003,,12.09,21.1,,,,,,,,,,,,,,,,,,
Tee Higgins,WR,7500,13.684591333333334,,10.96,5.6,,,,,,,,,,,,,,,,,,
Wan'Dale Robinson,WR,5900,10.846414666666668,,8.31,29.1,,,,,,,,,,,,,,,,,,
Kyle Pitts Sr.,TE,4900,8.918581333333332,,6.24,3.5,,,,,,,,,,,,,,,,,,
Alvin Kamara,FLEX,6100,12.025833333333335,,6.49,2.5,,,,,,,,,,,,,,,,,,
Saints,DST,3200,7.233366666666667,,21.75,11,,,,,,,,,,,,,,,,,,
Total,,59800,124.43233333333333,,,161.78,,,,,,,,,,,,,,,,,,
,,,,,,,,,,,,,,,,,,,,,,,,
Optimal Lineup - AVG,POS,Salary,Projection,2025-11-23 12:39,Roster %,Result,,,,,,,,,,,,,,,,,,
Patrick Mahomes,QB,8100,22.77311111111111,Slate: Main,10.62,19.08,,,,,,,,,,,,,,,,,,
Jahmyr Gibbs,RB,9100,19.27595555555555,,22.25,52.900000000000006,,,,,,,,,,,,,,,,,,
Chase Brown,RB,6900,15.185733333333332,,15.72,17,,,,,,,,,,,,,,,,,,
Rashee Rice,WR,8100,14.743333333333332,,12.09,21.1,,,,,,,,,,,,,,,,,,
Tee Higgins,WR,7500,13.83595555555556,,10.96,5.6,,,,,,,,,,,,,,,,,,
Wan'Dale Robinson,WR,5900,10.826844444444443,,8.31,29.1,,,,,,,,,,,,,,,,,,
Kyle Pitts Sr.,TE,4900,8.977955555555557,,6.24,3.5,,,,,,,,,,,,,,,,,,
Alvin Kamara,FLEX,6100,12.04888888888889,,6.49,2.5,,,,,,,,,,,,,,,,,,
Saints,DST,3200,7.187777777777779,,21.75,11,,,,,,,,,,,,,,,,,,
Total,,59800,124.85555555555554,,,161.78,,,,,,,,,,,,,,,,,,
,,,,,,,,,,,,,,,,,,,,,,,,
Optimal Lineup - My Projection,POS,Salary,Projection,2025-11-23 12:40,Roster %,Result,,,,,,,,,,,,,,,,,,
Patrick Mahomes,QB,8100,22.717999999999996,Slate: Main,10.62,19.08,,,,,,,,,,,,,,,,,,
Jahmyr Gibbs,RB,9100,18.8506,,22.25,52.900000000000006,,,,,,,,,,,,,,,,,,
Chase Brown,RB,6900,14.9986,,15.72,17,,,,,,,,,,,,,,,,,,
Tee Higgins,WR,7500,13.810600000000003,,10.96,5.6,,,,,,,,,,,,,,,,,,
Zay Flowers,WR,7000,12.2706,,9.53,9.4,,,,,,,,,,,,,,,,,,
Wan'Dale Robinson,WR,5900,10.7036,,8.31,29.1,,,,,,,,,,,,,,,,,,
Kyle Pitts Sr.,TE,4900,8.973600000000001,,6.24,3.5,,,,,,,,,,,,,,,,,,
Ashton Jeanty,FLEX,7400,14.2738,,6.7,20.8,,,,,,,,,,,,,,,,,,
Saints,DST,3200,7.290000000000001,,21.75,11,,,,,,,,,,,,,,,,,,
Total,,60000,123.88940000000001,,,168.38000000000002,,,,,,,,,,,,,,,,,,
,,,,,,,,,,,,,,,,,,,,,,,,
Optimal Lineup - DFF,POS,Salary,Projection,2025-11-23 12:40,Roster %,Result,,,,,,,,,,,,,,,,,,
Patrick Mahomes,QB,8100,23.2,Slate: Main,10.62,19.08,,,,,,,,,,,,,,,,,,
Bijan Robinson,RB,9600,20.9,,13.46,11.7,,,,,,,,,,,,,,,,,,
Jahmyr Gibbs,RB,9100,20.5,,22.25,52.900000000000006,,,,,,,,,,,,,,,,,,
Michael Wilson,WR,6300,11.6,,7.7,19.8,,,,,,,,,,,,,,,,,,
Wan'Dale Robinson,WR,5900,10.9,,8.31,29.1,,,,,,,,,,,,,,,,,,
Jakobi Meyers,WR,6000,9.6,,3.5,13,,,,,,,,,,,,,,,,,,
Kyle Pitts Sr.,TE,4900,9.5,,6.24,3.5,,,,,,,,,,,,,,,,,,
Chase Brown,FLEX,6900,16.2,,15.72,17,,,,,,,,,,,,,,,,,,
Saints,DST,3200,7.4,,21.75,11,,,,,,,,,,,,,,,,,,
Total,,60000,129.79999999999998,,,177.08,,,,,,,,,,,,,,,,,,
,,,,,,,,,,,,,,,,,,,,,,,,
Optimal Lineup - FantasyPros,POS,Salary,Projection,2025-11-23 12:40,Roster %,Result,,,,,,,,,,,,,,,,,,
Patrick Mahomes,QB,8100,23.2,Slate: Main,10.62,19.08,,,,,,,,,,,,,,,,,,
Jahmyr Gibbs,RB,9100,19.080000000000002,,22.25,52.900000000000006,,,,,,,,,,,,,,,,,,
Chase Brown,RB,6900,14.680000000000003,,15.72,17,,,,,,,,,,,,,,,,,,
Tee Higgins,WR,7500,14.26,,10.96,5.6,,,,,,,,,,,,,,,,,,
Chris Olave,WR,7300,13.6,,11.63,11.5,,,,,,,,,,,,,,,,,,
Stefon Diggs,WR,6700,12.13,,13.1,3,,,,,,,,,,,,,,,,,,
Kyle Pitts Sr.,TE,4900,8.75,,6.24,3.5,,,,,,,,,,,,,,,,,,
Alvin Kamara,FLEX,6100,11.42,,6.49,2.5,,,,,,,,,,,,,,,,,,
Saints,DST,3200,7.4,,21.75,11,,,,,,,,,,,,,,,,,,
Total,,59800,124.52000000000001,,,126.08,,,,,,,,,,,,,,,,,,
,,,,,,,,,,,,,,,,,,,,,,,,
Optimal Lineup - FootballGuys,POS,Salary,Projection,2025-11-23 12:40,Roster %,Result,,,,,,,,,,,,,,,,,,
Patrick Mahomes,QB,8100,23.2,Slate: Main,10.62,19.08,,,,,,,,,,,,,,,,,,
Ashton Jeanty,RB,7400,17.049,,6.7,20.8,,,,,,,,,,,,,,,,,,
Jaylen Warren,RB,7100,15.81,,5.18,12.8,,,,,,,,,,,,,,,,,,
Rashee Rice,WR,8100,14.985,,12.09,21.1,,,,,,,,,,,,,,,,,,
Wan'Dale Robinson,WR,5900,12.258,,8.31,29.1,,,,,,,,,,,,,,,,,,
Parker Washington,WR,5700,10.386000000000001,,3.18,15.600000000000001,,,,,,,,,,,,,,,,,,
Trey McBride,TE,8500,16.034999999999997,,7.88,12.4,,,,,,,,,,,,,,,,,,
Alvin Kamara,FLEX,6100,12.4,,6.49,2.5,,,,,,,,,,,,,,,,,,
Titans,DST,3000,8.059999999999999,,3.13,6,,,,,,,,,,,,,,,,,,
Total,,59900,130.183,,,139.38,,,,,,,,,,,,,,,,,,
,,,,,,,,,,,,,,,,,,,,,,,,
Optimal Lineup - FantasyLabs,POS,Salary,Projection,2025-11-23 12:40,Roster %,Result,,,,,,,,,,,,,,,,,,
Patrick Mahomes,QB,8100,22.42,Slate: Main,10.62,19.08,,,,,,,,,,,,,,,,,,
Chase Brown,RB,6900,15.82,,15.72,17,,,,,,,,,,,,,,,,,,
Emanuel Wilson,RB,6500,13.6,,1.59,28.5,,,,,,,,,,,,,,,,,,
Amon-Ra St. Brown,WR,9200,18.56,,16.02,28.4,,,,,,,,,,,,,,,,,,
Rashee Rice,WR,8100,15.59,,12.09,21.1,,,,,,,,,,,,,,,,,,
Michael Wilson,WR,6300,11.96,,7.7,19.8,,,,,,,,,,,,,,,,,,
Kyle Pitts Sr.,TE,4900,9.28,,6.24,3.5,,,,,,,,,,,,,,,,,,
Alvin Kamara,FLEX,6100,12.62,,6.49,2.5,,,,,,,,,,,,,,,,,,
Raiders,DST,3700,7.9,,24.29,5,,,,,,,,,,,,,,,,,,
Total,,59800,127.75000000000003,,,144.88,,,,,,,,,,,,,,,,,,
,,,,,,,,,,,,,,,,,,,,,,,,
Optimal Lineup - RotoWire,POS,Salary,Projection,2025-11-23 12:40,Roster %,Result,,,,,,,,,,,,,,,,,,
Patrick Mahomes,QB,8100,22.53,Slate: Main,10.62,19.08,,,,,,,,,,,,,,,,,,
Jahmyr Gibbs,RB,9100,20.63,,22.25,52.900000000000006,,,,,,,,,,,,,,,,,,
Chase Brown,RB,6900,15.06,,15.72,17,,,,,,,,,,,,,,,,,,
Chris Olave,WR,7300,13.96,,11.63,11.5,,,,,,,,,,,,,,,,,,
Stefon Diggs,WR,6700,13.17,,13.1,3,,,,,,,,,,,,,,,,,,
DeVonta Smith,WR,7200,13.29,,11.17,11.9,,,,,,,,,,,,,,,,,,
Kyle Pitts Sr.,TE,4900,8.68,,6.24,3.5,,,,,,,,,,,,,,,,,,
Emanuel Wilson,FLEX,6500,13.39,,1.59,28.5,,,,,,,,,,,,,,,,,,
Saints,DST,3200,7.15,,21.75,11,,,,,,,,,,,,,,,,,,
Total,,59900,127.86000000000003,,,158.38,,,,,,,,,,,,,,,,,,
,,,,,,,,,,,,,,,,,,,,,,,,
Optimal Lineup - NumberFire,POS,Salary,Projection,2025-11-23 12:40,Roster %,Result,,,,,,,,,,,,,,,,,,
Lamar Jackson,QB,8500,23.9,Slate: Main,13.06,7.220000000000001,,,,,,,,,,,,,,,,,,
Jahmyr Gibbs,RB,9100,18.8,,22.25,52.900000000000006,,,,,,,,,,,,,,,,,,
Chase Brown,RB,6900,15.2,,15.72,17,,,,,,,,,,,,,,,,,,
Tee Higgins,WR,7500,14.3,,10.96,5.6,,,,,,,,,,,,,,,,,,
Zay Flowers,WR,7000,13.4,,9.53,9.4,,,,,,,,,,,,,,,,,,
Alec Pierce,WR,6100,11.2,,5.35,3.1,,,,,,,,,,,,,,,,,,
Kyle Pitts Sr.,TE,4900,10,,6.24,3.5,,,,,,,,,,,,,,,,,,
Emanuel Wilson,FLEX,6500,16.4,,1.59,28.5,,,,,,,,,,,,,,,,,,
Saints,DST,3200,7.4,,21.75,11,,,,,,,,,,,,,,,,,,
Total,,59700,130.60000000000002,,,138.22,,,,,,,,,,,,,,,,,,
,,,,,,,,,,,,,,,,,,,,,,,,
Optimal Lineup - DraftEdge,POS,Salary,Projection,2025-11-23 12:40,Roster %,Result,,,,,,,,,,,,,,,,,,
Drake Maye,QB,8400,25.5,Slate: Main,13.07,16.96,,,,,,,,,,,,,,,,,,
Jahmyr Gibbs,RB,9100,21.4,,22.25,52.900000000000006,,,,,,,,,,,,,,,,,,
Ashton Jeanty,RB,7400,16,,6.7,20.8,,,,,,,,,,,,,,,,,,
Stefon Diggs,WR,6700,13.7,,13.1,3,,,,,,,,,,,,,,,,,,
Michael Wilson,WR,6300,12.5,,7.7,19.8,,,,,,,,,,,,,,,,,,
Wan'Dale Robinson,WR,5900,13.2,,8.31,29.1,,,,,,,,,,,,,,,,,,
Travis Kelce,TE,6000,11.9,,5.5,6.3999999999999995,,,,,,,,,,,,,,,,,,
Emanuel Wilson,FLEX,6500,15.1,,1.59,28.5,,,,,,,,,,,,,,,,,,
Raiders,DST,3700,9.1,,24.29,5,,,,,,,,,,,,,,,,,,
Total,,60000,138.4,,,182.46,,,,,,,,,,,,,,,,,,
,,,,,,,,,,,,,,,,,,,,,,,,
Optimal Lineup - SportsLine,POS,Salary,Projection,2025-11-23 12:41,Roster %,Result,,,,,,,,,,,,,,,,,,
Drake Maye,QB,8400,24.7,Slate: Main,13.07,16.96,,,,,,,,,,,,,,,,,,
Jahmyr Gibbs,RB,9100,19.89,,22.25,52.900000000000006,,,,,,,,,,,,,,,,,,
TreVeyon Henderson,RB,7500,15.36,,6.54,9.600000000000001,,,,,,,,,,,,,,,,,,
Tee Higgins,WR,7500,14.7,,10.96,5.6,,,,,,,,,,,,,,,,,,
Wan'Dale Robinson,WR,5900,10.9,,8.31,29.1,,,,,,,,,,,,,,,,,,
Parker Washington,WR,5700,10.29,,3.18,15.600000000000001,,,,,,,,,,,,,,,,,,
Kyle Pitts Sr.,TE,4900,8.74,,6.24,3.5,,,,,,,,,,,,,,,,,,
Alvin Kamara,FLEX,6100,12.93,,6.49,2.5,,,,,,,,,,,,,,,,,,
Packers,DST,4900,13.42,,4.3,16,,,,,,,,,,,,,,,,,,
Total,,60000,130.92999999999998,,,151.76,,,,,,,,,,,,,,,,,,
,,,,,,,,,,,,,,,,,,,,,,,,
Optimal Lineup - Weighted,POS,Salary,Projection,2025-11-23 18:11,Roster %,Result,,,,,,,,,,,,,,,,,,
Brock Purdy,QB,7500,20.392568533333336,Slate: SNF-MNF,8.83,10.32,,,,,,,,,,,,,,,,,,
Christian McCaffrey,RB,9800,22.614770666666665,,27.93,23.700000000000003,,,,,,,,,,,,,,,,,,
Rico Dowdle,RB,8200,15.505219333333335,,8.77,9.4,,,,,,,,,,,,,,,,,,
Tetairoa McMillan,WR,7000,12.359148666666668,,10.38,10.5,,,,,,,,,,,,,,,,,,
Ricky Pearsall,WR,5800,8.773833333333334,,5.13,1.8,,,,,,,,,,,,,,,,,,
Chris Godwin Jr.,WR,5000,6.681352,,2.79,1.9,,,,,,,,,,,,,,,,,,
George Kittle,TE,6800,12.344062000000005,,6.97,10.8,,,,,,,,,,,,,,,,,,
Cade Otton,FLEX,5200,7.5403713333333355,,3.38,4.1,,,,,,,,,,,,,,,,,,
Rams,DST,4300,7.073726666666667,,1.1,18,,,,,,,,,,,,,,,,,,
Total,,59600,113.28505253333336,,,90.52,,,,,,,,,,,,,,,,,,
,,,,,,,,,,,,,,,,,,,,,,,,
Optimal Lineup - AVG,POS,Salary,Projection,2025-11-23 18:11,Roster %,Result,,,,,,,,,,,,,,,,,,
Brock Purdy,QB,7500,20.587982222222223,Slate: SNF-MNF,8.83,10.32,,,,,,,,,,,,,,,,,,
Christian McCaffrey,RB,9800,22.666311111111114,,27.93,23.700000000000003,,,,,,,,,,,,,,,,,,
Rico Dowdle,RB,8200,15.532355555555556,,8.77,9.4,,,,,,,,,,,,,,,,,,
Tetairoa McMillan,WR,7000,12.342711111111111,,10.38,10.5,,,,,,,,,,,,,,,,,,
Ricky Pearsall,WR,5800,8.762222222222222,,5.13,1.8,,,,,,,,,,,,,,,,,,
Chris Godwin Jr.,WR,5000,6.630933333333335,,2.79,1.9,,,,,,,,,,,,,,,,,,
George Kittle,TE,6800,12.4056,,6.97,10.8,,,,,,,,,,,,,,,,,,
Cade Otton,FLEX,5200,7.599955555555558,,3.38,4.1,,,,,,,,,,,,,,,,,,
Rams,DST,4300,7.019111111111112,,1.1,18,,,,,,,,,,,,,,,,,,
Total,,59600,113.54718222222223,,,90.52,,,,,,,,,,,,,,,,,,
,,,,,,,,,,,,,,,,,,,,,,,,
Optimal Lineup - Best 5 Projection,POS,Salary,Projection,2025-11-23 18:11,Roster %,Result,,,,,,,,,,,,,,,,,,
Brock Purdy,QB,7500,20.508640000000003,Slate: SNF-MNF,8.83,10.32,,,,,,,,,,,,,,,,,,
Christian McCaffrey,RB,9800,22.932800000000004,,27.93,23.700000000000003,,,,,,,,,,,,,,,,,,
Rico Dowdle,RB,8200,15.150200000000002,,8.77,9.4,,,,,,,,,,,,,,,,,,
Tetairoa McMillan,WR,7000,11.967400000000001,,10.38,10.5,,,,,,,,,,,,,,,,,,
Ricky Pearsall,WR,5800,8.55,,5.13,1.8,,,,,,,,,,,,,,,,,,
Chris Godwin Jr.,WR,5000,6.486400000000001,,2.79,1.9,,,,,,,,,,,,,,,,,,
George Kittle,TE,6800,12.4334,,6.97,10.8,,,,,,,,,,,,,,,,,,
Cade Otton,FLEX,5200,7.656600000000002,,3.38,4.1,,,,,,,,,,,,,,,,,,
Rams,DST,4300,7.202000000000001,,1.1,18,,,,,,,,,,,,,,,,,,
Total,,59600,112.88744000000001,,,90.52,,,,,,,,,,,,,,,,,,
,,,,,,,,,,,,,,,,,,,,,,,,
Optimal Lineup - DFF,POS,Salary,Projection,2025-11-23 18:11,Roster %,Result,,,,,,,,,,,,,,,,,,
Brock Purdy,QB,7500,20.7,Slate: SNF-MNF,8.83,10.32,,,,,,,,,,,,,,,,,,
Christian McCaffrey,RB,9800,22.6,,27.93,23.700000000000003,,,,,,,,,,,,,,,,,,
Rico Dowdle,RB,8200,15.7,,8.77,9.4,,,,,,,,,,,,,,,,,,
Tetairoa McMillan,WR,7000,12.1,,10.38,10.5,,,,,,,,,,,,,,,,,,
Ricky Pearsall,WR,5800,9,,5.13,1.8,,,,,,,,,,,,,,,,,,
Chris Godwin Jr.,WR,5000,6.6,,2.79,1.9,,,,,,,,,,,,,,,,,,
George Kittle,TE,6800,12.3,,6.97,10.8,,,,,,,,,,,,,,,,,,
Cade Otton,FLEX,5200,7.9,,3.38,4.1,,,,,,,,,,,,,,,,,,
Rams,DST,4300,6.9,,1.1,18,,,,,,,,,,,,,,,,,,
Total,,59600,113.8,,,90.52,,,,,,,,,,,,,,,,,,
,,,,,,,,,,,,,,,,,,,,,,,,
Optimal Lineup - FantasyPros,POS,Salary,Projection,2025-11-23 18:12,Roster %,Result,,,,,,,,,,,,,,,,,,
Brock Purdy,QB,7500,19.736000000000004,Slate: SNF-MNF,8.83,10.32,,,,,,,,,,,,,,,,,,
Christian McCaffrey,RB,9800,23.23,,27.93,23.700000000000003,,,,,,,,,,,,,,,,,,
Rico Dowdle,RB,8200,14.49,,8.77,9.4,,,,,,,,,,,,,,,,,,
Tetairoa McMillan,WR,7000,11.9,,10.38,10.5,,,,,,,,,,,,,,,,,,
Jauan Jennings,WR,6500,9.96,,6.46,12.600000000000001,,,,,,,,,,,,,,,,,,
Ricky Pearsall,WR,5800,8.11,,5.13,1.8,,,,,,,,,,,,,,,,,,
George Kittle,TE,6800,12.5,,6.97,10.8,,,,,,,,,,,,,,,,,,
Chris Godwin Jr.,FLEX,5000,6.22,,2.79,1.9,,,,,,,,,,,,,,,,,,
Panthers,DST,3300,4.6,,0.55,7,,,,,,,,,,,,,,,,,,
Total,,59900,110.746,,,88.02000000000001,,,,,,,,,,,,,,,,,,
,,,,,,,,,,,,,,,,,,,,,,,,
Optimal Lineup - FootballGuys,POS,Salary,Projection,2025-11-23 18:12,Roster %,Result,,,,,,,,,,,,,,,,,,
Brock Purdy,QB,7500,19.5472,Slate: SNF-MNF,8.83,10.32,,,,,,,,,,,,,,,,,,
Christian McCaffrey,RB,9800,22.474000000000004,,27.93,23.700000000000003,,,,,,,,,,,,,,,,,,
Rico Dowdle,RB,8200,15.561,,8.77,9.4,,,,,,,,,,,,,,,,,,
Tetairoa McMillan,WR,7000,13.007000000000001,,10.38,10.5,,,,,,,,,,,,,,,,,,
Chris Godwin Jr.,WR,5000,7.602,,2.79,1.9,,,,,,,,,,,,,,,,,,
Xavier Legette,WR,5500,7.168,,1.76,3.7,,,,,,,,,,,,,,,,,,
George Kittle,TE,6800,11.907,,6.97,10.8,,,,,,,,,,,,,,,,,,
Sean Tucker,FLEX,6800,13.036,,0.73,5.1000000000000005,,,,,,,,,,,,,,,,,,
Panthers,DST,3300,6.26,,0.55,7,,,,,,,,,,,,,,,,,,
Total,,59900,116.56220000000002,,,82.42,,,,,,,,,,,,,,,,,,
,,,,,,,,,,,,,,,,,,,,,,,,
Optimal Lineup - FantasyLabs,POS,Salary,Projection,2025-11-23 18:12,Roster %,Result,,,,,,,,,,,,,,,,,,
Brock Purdy,QB,7500,19.87,Slate: SNF-MNF,8.83,10.32,,,,,,,,,,,,,,,,,,
Christian McCaffrey,RB,9800,20.58,,27.93,23.700000000000003,,,,,,,,,,,,,,,,,,
Rico Dowdle,RB,8200,17.17,,8.77,9.4,,,,,,,,,,,,,,,,,,
Emeka Egbuka,WR,7800,13.78,,6.94,4.7,,,,,,,,,,,,,,,,,,
Tetairoa McMillan,WR,7000,12.61,,10.38,10.5,,,,,,,,,,,,,,,,,,
Ricky Pearsall,WR,5800,8.59,,5.13,1.8,,,,,,,,,,,,,,,,,,
Cade Otton,TE,5200,7.96,,3.38,4.1,,,,,,,,,,,,,,,,,,
Terrance Ferguson,FLEX,4400,4.86,,0.72,0,,,,,,,,,,,,,,,,,,
Rams,DST,4300,7,,1.1,18,,,,,,,,,,,,,,,,,,
Total,,60000,112.42,,,82.52,,,,,,,,,,,,,,,,,,
,,,,,,,,,,,,,,,,,,,,,,,,
Optimal Lineup - RotoWire,POS,Salary,Projection,2025-11-23 18:12,Roster %,Result,,,,,,,,,,,,,,,,,,
Brock Purdy,QB,7500,20.77,Slate: SNF-MNF,8.83,10.32,,,,,,,,,,,,,,,,,,
Christian McCaffrey,RB,9800,21.52,,27.93,23.700000000000003,,,,,,,,,,,,,,,,,,
Rico Dowdle,RB,8200,15.22,,8.77,9.4,,,,,,,,,,,,,,,,,,
Jauan Jennings,WR,6500,10.02,,6.46,12.600000000000001,,,,,,,,,,,,,,,,,,
Ricky Pearsall,WR,5800,9.57,,5.13,1.8,,,,,,,,,,,,,,,,,,
Chris Godwin Jr.,WR,5000,7.42,,2.79,1.9,,,,,,,,,,,,,,,,,,
George Kittle,TE,6800,12.65,,6.97,10.8,,,,,,,,,,,,,,,,,,
Sean Tucker,FLEX,6800,14.4,,0.73,5.1000000000000005,,,,,,,,,,,,,,,,,,
Panthers,DST,3300,3.66,,0.55,7,,,,,,,,,,,,,,,,,,
Total,,59700,115.23,,,82.61999999999999,,,,,,,,,,,,,,,,,,
,,,,,,,,,,,,,,,,,,,,,,,,
Optimal Lineup - NumberFire,POS,Salary,Projection,2025-11-23 18:12,Roster %,Result,,,,,,,,,,,,,,,,,,
Brock Purdy,QB,7500,20.7,Slate: SNF-MNF,8.83,10.32,,,,,,,,,,,,,,,,,,
Christian McCaffrey,RB,9800,22.6,,27.93,23.700000000000003,,,,,,,,,,,,,,,,,,
Rico Dowdle,RB,8200,15.7,,8.77,9.4,,,,,,,,,,,,,,,,,,
Tetairoa McMillan,WR,7000,12.1,,10.38,10.5,,,,,,,,,,,,,,,,,,
Ricky Pearsall,WR,5800,9,,5.13,1.8,,,,,,,,,,,,,,,,,,
Chris Godwin Jr.,WR,5000,6.6,,2.79,1.9,,,,,,,,,,,,,,,,,,
George Kittle,TE,6800,12.3,,6.97,10.8,,,,,,,,,,,,,,,,,,
Cade Otton,FLEX,5200,7.9,,3.38,4.1,,,,,,,,,,,,,,,,,,
Rams,DST,4300,6.9,,1.1,18,,,,,,,,,,,,,,,,,,
Total,,59600,113.8,,,90.52,,,,,,,,,,,,,,,,,,
,,,,,,,,,,,,,,,,,,,,,,,,
Optimal Lineup - DraftEdge,POS,Salary,Projection,2025-11-23 18:12,Roster %,Result,,,,,,,,,,,,,,,,,,
Brock Purdy,QB,7500,21.6,Slate: SNF-MNF,8.83,10.32,,,,,,,,,,,,,,,,,,
Christian McCaffrey,RB,9800,24.3,,27.93,23.700000000000003,,,,,,,,,,,,,,,,,,
Sincere McCormick,RB,4000,4.5,,4.5,Not Found,,,,,,,,,,,,,,,,,,
Puka Nacua,WR,9400,21.1,,12.02,13.200000000000001,,,,,,,,,,,,,,,,,,
Tetairoa McMillan,WR,7000,14.4,,10.38,10.5,,,,,,,,,,,,,,,,,,
Ricky Pearsall,WR,5800,9.4,,5.13,1.8,,,,,,,,,,,,,,,,,,
George Kittle,TE,6800,12.4,,6.97,10.8,,,,,,,,,,,,,,,,,,
Cade Otton,FLEX,5200,8.3,,3.38,4.1,,,,,,,,,,,,,,,,,,
Rams,DST,4300,6.9,,1.1,18,,,,,,,,,,,,,,,,,,
Total,,59800,122.90000000000002,,,92.42,,,,,,,,,,,,,,,,,,
,,,,,,,,,,,,,,,,,,,,,,,,
Optimal Lineup - SportsLine,POS,Salary,Projection,2025-11-23 18:12,Roster %,Result,,,,,,,,,,,,,,,,,,
Brock Purdy,QB,7500,21.86,Slate: SNF-MNF,8.83,10.32,,,,,,,,,,,,,,,,,,
Christian McCaffrey,RB,9800,23.76,,27.93,23.700000000000003,,,,,,,,,,,,,,,,,,
Sincere McCormick,RB,4000,4.5,,4.5,Not Found,,,,,,,,,,,,,,,,,,
Puka Nacua,WR,9400,16.23,,12.02,13.200000000000001,,,,,,,,,,,,,,,,,,
Emeka Egbuka,WR,7800,12.66,,6.94,4.7,,,,,,,,,,,,,,,,,,
Ricky Pearsall,WR,5800,7.44,,5.13,1.8,,,,,,,,,,,,,,,,,,
George Kittle,TE,6800,13.16,,6.97,10.8,,,,,,,,,,,,,,,,,,
Cade Otton,FLEX,5200,8.13,,3.38,4.1,,,,,,,,,,,,,,,,,,
Buccaneers,DST,3600,5.68,,0.07,0,,,,,,,,,,,,,,,,,,
Total,,59900,113.41999999999999,,,68.62,,,,,,,,,,,,,,,,,,
,,,,,,,,,,,,,,,,,,,,,,,,
Optimal Lineup - Weighted,POS,Salary,Projection,2025-11-23 18:16,Roster %,Result,,,,,,,,,,,,,,,,,,
Brock Purdy,QB,7500,20.392568533333336,Slate: SNF-MNF,8.83,10.32,,,,,,,,,,,,,,,,,,
Christian McCaffrey,RB,9800,22.614770666666665,Locks:,27.93,23.700000000000003,,,,,,,,,,,,,,,,,,
Sean Tucker,RB,6800,10.962902666666668,Sean Tucker,0.73,5.1000000000000005,,,,,,,,,,,,,,,,,,
Emeka Egbuka,WR,7800,13.070304666666667,,6.94,4.7,,,,,,,,,,,,,,,,,,
Tetairoa McMillan,WR,7000,12.359148666666668,,10.38,10.5,,,,,,,,,,,,,,,,,,
Ricky Pearsall,WR,5800,8.773833333333334,,5.13,1.8,,,,,,,,,,,,,,,,,,
George Kittle,TE,6800,12.344062000000005,,6.97,10.8,,,,,,,,,,,,,,,,,,
Cade Otton,FLEX,5200,7.5403713333333355,,3.38,4.1,,,,,,,,,,,,,,,,,,
Panthers,DST,3300,4.71358,,0.55,7,,,,,,,,,,,,,,,,,,
Total,,60000,112.7715418666667,,,78.02,,,,,,,,,,,,,,,,,,
,,,,,,,,,,,,,,,,,,,,,,,,
Optimal Lineup - Weighted,POS,Salary,Projection,2025-11-23 18:18,Roster %,Result,,,,,,,,,,,,,,,,,,
Brock Purdy,QB,7500,20.392568533333336,Slate: SNF-MNF,8.83,10.32,,,,,,,,,,,,,,,,,,
Christian McCaffrey,RB,9800,22.614770666666665,Locks:,27.93,23.700000000000003,,,,,,,,,,,,,,,,,,
Rico Dowdle,RB,8200,15.505219333333335,Rico Dowdle,8.77,9.4,,,,,,,,,,,,,,,,,,
Tetairoa McMillan,WR,7000,12.359148666666668,Sean Tucker,10.38,10.5,,,,,,,,,,,,,,,,,,
Ricky Pearsall,WR,5800,8.773833333333334,,5.13,1.8,,,,,,,,,,,,,,,,,,
Chris Godwin Jr.,WR,5000,6.681352,,2.79,1.9,,,,,,,,,,,,,,,,,,
Cade Otton,TE,5200,7.5403713333333355,,3.38,4.1,,,,,,,,,,,,,,,,,,
Sean Tucker,FLEX,6800,10.962902666666668,,0.73,5.1000000000000005,,,,,,,,,,,,,,,,,,
Rams,DST,4300,7.073726666666667,,1.1,18,,,,,,,,,,,,,,,,,,
Total,,59600,111.90389320000001,,,84.82,,,,,,,,,,,,,,,,,,
,,,,,,,,,,,,,,,,,,,,,,,,
Optimal Lineup - Weighted,POS,Salary,Projection,2025-11-27 09:30,Roster %,Result,,,,,,,,,,,,,,,,,,
Patrick Mahomes,QB,8400,23.61569333333333,Slate: Thanksgiving,28.07,29.439999999999998,,,,,,,,,,,,,,,,,,
Jahmyr Gibbs,RB,9500,18.95263666666667,"Excl: Friday, Sunday, Monday",18.2,10.100000000000001,,,,,,,,,,,,,,,,,,
Chase Brown,RB,7200,13.331763333333335,,6.7,14.8,,,,,,,,,,,,,,,,,,
George Pickens,WR,8000,13.779154666666669,,10.56,11.8,,,,,,,,,,,,,,,,,,
Zay Flowers,WR,7100,12.77325666666667,,9.62,-0.3999999999999999,,,,,,,,,,,,,,,,,,
Romeo Doubs,WR,5800,9.402273333333335,,4.75,10,,,,,,,,,,,,,,,,,,
Travis Kelce,TE,6000,11.002890666666667,,5.66,13,,,,,,,,,,,,,,,,,,
Mike Gesicki,FLEX,4000,5.395719333333333,,2.18,2.9000000000000004,,,,,,,,,,,,,,,,,,
Packers,DST,4000,6.561473333333335,,0.34,3,,,,,,,,,,,,,,,,,,
Total,,60000,114.81486133333335,,,94.64,,,,,,,,,,,,,,,,,,
,,,,,,,,,,,,,,,,,,,,,,,,
Optimal Lineup - AVG,POS,Salary,Projection,2025-11-27 09:30,Roster %,Result,,,,,,,,,,,,,,,,,,
Patrick Mahomes,QB,8400,23.626888888888892,Slate: Thanksgiving,28.07,29.439999999999998,,,,,,,,,,,,,,,,,,
Jahmyr Gibbs,RB,9500,18.920444444444442,"Excl: Friday, Sunday, Monday",18.2,10.100000000000001,,,,,,,,,,,,,,,,,,
Derrick Henry,RB,8800,17.107555555555553,,13.31,16.9,,,,,,,,,,,,,,,,,,
Zay Flowers,WR,7100,12.826444444444444,,9.62,-0.3999999999999999,,,,,,,,,,,,,,,,,,
Jameson Williams,WR,6500,10.677733333333334,,5.69,26.4,,,,,,,,,,,,,,,,,,
Xavier Worthy,WR,5700,8.732755555555556,,6.42,9.400000000000002,,,,,,,,,,,,,,,,,,
Travis Kelce,TE,6000,10.915644444444446,,5.66,13,,,,,,,,,,,,,,,,,,
Mike Gesicki,FLEX,4000,5.555688888888889,,2.18,2.9000000000000004,,,,,,,,,,,,,,,,,,
Packers,DST,4000,6.32088888888889,,0.34,3,,,,,,,,,,,,,,,,,,
Total,,60000,114.68404444444445,,,110.74000000000001,,,,,,,,,,,,,,,,,,
,,,,,,,,,,,,,,,,,,,,,,,,
Optimal Lineup - Best 5 Projection,POS,Salary,Projection,2025-11-27 09:30,Roster %,Result,,,,,,,,,,,,,,,,,,
Patrick Mahomes,QB,8400,23.452,Slate: Thanksgiving,28.07,29.439999999999998,,,,,,,,,,,,,,,,,,
Jahmyr Gibbs,RB,9500,18.369,"Excl: Friday, Sunday, Monday",18.2,10.100000000000001,,,,,,,,,,,,,,,,,,
Chase Brown,RB,7200,13.350999999999999,,6.7,14.8,,,,,,,,,,,,,,,,,,
Zay Flowers,WR,7100,12.723000000000003,,9.62,-0.3999999999999999,,,,,,,,,,,,,,,,,,
Jameson Williams,WR,6500,10.811600000000002,,5.69,26.4,,,,,,,,,,,,,,,,,,
Xavier Worthy,WR,5700,8.750800000000002,,6.42,9.400000000000002,,,,,,,,,,,,,,,,,,
Travis Kelce,TE,6000,10.8768,,5.66,13,,,,,,,,,,,,,,,,,,
Mark Andrews,FLEX,5600,8.8776,,4.58,6.7,,,,,,,,,,,,,,,,,,
Packers,DST,4000,6.798,,0.34,3,,,,,,,,,,,,,,,,,,
Total,,60000,114.0098,,,112.44000000000001,,,,,,,,,,,,,,,,,,
,,,,,,,,,,,,,,,,,,,,,,,,
Optimal Lineup - DFF,POS,Salary,Projection,2025-11-27 09:30,Roster %,Result,,,,,,,,,,,,,,,,,,
Patrick Mahomes,QB,8400,23.8,Slate: Thanksgiving,28.07,29.439999999999998,,,,,,,,,,,,,,,,,,
Jahmyr Gibbs,RB,9500,20.3,"Excl: Friday, Sunday, Monday",18.2,10.100000000000001,,,,,,,,,,,,,,,,,,
Chase Brown,RB,7200,14.2,,6.7,14.8,,,,,,,,,,,,,,,,,,
Rashee Rice,WR,8600,16.1,,11.94,25.400000000000002,,,,,,,,,,,,,,,,,,
Zay Flowers,WR,7100,12.4,,9.62,-0.3999999999999999,,,,,,,,,,,,,,,,,,
Christian Watson,WR,6000,10.2,,4.61,16.3,,,,,,,,,,,,,,,,,,
Mark Andrews,TE,5600,9.9,,4.58,6.7,,,,,,,,,,,,,,,,,,
Mike Gesicki,FLEX,4000,6.7,,2.18,2.9000000000000004,,,,,,,,,,,,,,,,,,
Cowboys,DST,3500,4.9,,0.83,2,,,,,,,,,,,,,,,,,,
Total,,59900,118.50000000000003,,,107.24000000000001,,,,,,,,,,,,,,,,,,
,,,,,,,,,,,,,,,,,,,,,,,,
Optimal Lineup - FantasyPros,POS,Salary,Projection,2025-11-27 09:31,Roster %,Result,,,,,,,,,,,,,,,,,,
Patrick Mahomes,QB,8400,23.8,Slate: Thanksgiving,28.07,29.439999999999998,,,,,,,,,,,,,,,,,,
Derrick Henry,RB,8800,16.930000000000003,"Excl: Friday, Sunday, Monday",13.31,16.9,,,,,,,,,,,,,,,,,,
Chase Brown,RB,7200,12.980000000000002,,6.7,14.8,,,,,,,,,,,,,,,,,,
Amon-Ra St. Brown,WR,9000,16.7,,13.71,0,,,,,,,,,,,,,,,,,,
Zay Flowers,WR,7100,12.110000000000001,,9.62,-0.3999999999999999,,,,,,,,,,,,,,,,,,
Romeo Doubs,WR,5800,9.510000000000002,,4.75,10,,,,,,,,,,,,,,,,,,
Travis Kelce,TE,6000,10.520000000000001,,5.66,13,,,,,,,,,,,,,,,,,,
Mike Gesicki,FLEX,4000,6.05,,2.18,2.9000000000000004,,,,,,,,,,,,,,,,,,
Cowboys,DST,3500,4.9,,0.83,2,,,,,,,,,,,,,,,,,,
Total,,59800,113.50000000000001,,,88.64000000000001,,,,,,,,,,,,,,,,,,
,,,,,,,,,,,,,,,,,,,,,,,,
Optimal Lineup - FootballGuys,POS,Salary,Projection,2025-11-27 09:31,Roster %,Result,,,,,,,,,,,,,,,,,,
Patrick Mahomes,QB,8400,23.8,Slate: Thanksgiving,28.07,29.439999999999998,,,,,,,,,,,,,,,,,,
Jahmyr Gibbs,RB,9500,19.435000000000002,"Excl: Friday, Sunday, Monday",18.2,10.100000000000001,,,,,,,,,,,,,,,,,,
David Montgomery,RB,6000,11.094000000000001,,1.73,11.8,,,,,,,,,,,,,,,,,,
Zay Flowers,WR,7100,12.905000000000001,,9.62,-0.3999999999999999,,,,,,,,,,,,,,,,,,
Jameson Williams,WR,6500,12.278000000000002,,5.69,26.4,,,,,,,,,,,,,,,,,,
Christian Watson,WR,6000,10.544,,4.61,16.3,,,,,,,,,,,,,,,,,,
Travis Kelce,TE,6000,12.443999999999999,,5.66,13,,,,,,,,,,,,,,,,,,
Kareem Hunt,FLEX,6400,11.937000000000001,,1.72,8.5,,,,,,,,,,,,,,,,,,
Packers,DST,4000,11.08,,0.34,3,,,,,,,,,,,,,,,,,,
Total,,59900,125.51700000000001,,,118.14,,,,,,,,,,,,,,,,,,
,,,,,,,,,,,,,,,,,,,,,,,,
Optimal Lineup - FantasyLabs,POS,Salary,Projection,2025-11-27 09:31,Roster %,Result,,,,,,,,,,,,,,,,,,
Patrick Mahomes,QB,8400,23.47,Slate: Thanksgiving,28.07,29.439999999999998,,,,,,,,,,,,,,,,,,
Jahmyr Gibbs,RB,9500,18.57,"Excl: Friday, Sunday, Monday",18.2,10.100000000000001,,,,,,,,,,,,,,,,,,
Derrick Henry,RB,8800,17.56,,13.31,16.9,,,,,,,,,,,,,,,,,,
Rashee Rice,WR,8600,16.32,,11.94,25.400000000000002,,,,,,,,,,,,,,,,,,
Zay Flowers,WR,7100,12.96,,9.62,-0.3999999999999999,,,,,,,,,,,,,,,,,,
Mitch Tinsley,WR,4100,4,,4,Not Found,,,,,,,,,,,,,,,,,,
Travis Kelce,TE,6000,10.91,,5.66,13,,,,,,,,,,,,,,,,,,
Mike Gesicki,FLEX,4000,6.37,,2.18,2.9000000000000004,,,,,,,,,,,,,,,,,,
Cowboys,DST,3500,4.62,,0.83,2,,,,,,,,,,,,,,,,,,
Total,,60000,114.78,,,99.34,,,,,,,,,,,,,,,,,,
,,,,,,,,,,,,,,,,,,,,,,,,
Optimal Lineup - RotoWire,POS,Salary,Projection,2025-11-27 09:31,Roster %,Result,,,,,,,,,,,,,,,,,,
Patrick Mahomes,QB,8400,23.86,Slate: Thanksgiving,28.07,29.439999999999998,,,,,,,,,,,,,,,,,,
Jahmyr Gibbs,RB,9500,21.3,"Excl: Friday, Sunday, Monday",18.2,10.100000000000001,,,,,,,,,,,,,,,,,,
Javonte Williams,RB,7800,14.76,,6.11,15.5,,,,,,,,,,,,,,,,,,
George Pickens,WR,8000,14.5,,10.56,11.8,,,,,,,,,,,,,,,,,,
Zay Flowers,WR,7100,12.94,,9.62,-0.3999999999999999,,,,,,,,,,,,,,,,,,
Xavier Worthy,WR,5700,9.46,,6.42,9.400000000000002,,,,,,,,,,,,,,,,,,
Travis Kelce,TE,6000,10.47,,5.66,13,,,,,,,,,,,,,,,,,,
Mike Gesicki,FLEX,4000,5.25,,2.18,2.9000000000000004,,,,,,,,,,,,,,,,,,
Cowboys,DST,3500,4.9,,0.83,2,,,,,,,,,,,,,,,,,,
Total,,60000,117.44,,,93.74000000000001,,,,,,,,,,,,,,,,,,
,,,,,,,,,,,,,,,,,,,,,,,,
Optimal Lineup - NumberFire,POS,Salary,Projection,2025-11-27 09:31,Roster %,Result,,,,,,,,,,,,,,,,,,
Lamar Jackson,QB,8700,22.3,Slate: Thanksgiving,10.68,11.54,,,,,,,,,,,,,,,,,,
Chase Brown,RB,7200,13.5,"Excl: Friday, Sunday, Monday",6.7,14.8,,,,,,,,,,,,,,,,,,
David Montgomery,RB,6000,10.9,,1.73,11.8,,,,,,,,,,,,,,,,,,
Amon-Ra St. Brown,WR,9000,17.5,,13.71,0,,,,,,,,,,,,,,,,,,
CeeDee Lamb,WR,8700,15.1,,9.78,23.700000000000003,,,,,,,,,,,,,,,,,,
Zay Flowers,WR,7100,13.9,,9.62,-0.3999999999999999,,,,,,,,,,,,,,,,,,
Mike Gesicki,TE,4000,7.5,,2.18,2.9000000000000004,,,,,,,,,,,,,,,,,,
Romeo Doubs,FLEX,5800,10,,4.75,10,,,,,,,,,,,,,,,,,,
Cowboys,DST,3500,4.9,,0.83,2,,,,,,,,,,,,,,,,,,
Total,,60000,115.6,,,76.34,,,,,,,,,,,,,,,,,,
,,,,,,,,,,,,,,,,,,,,,,,,
Optimal Lineup - DraftEdge,POS,Salary,Projection,2025-11-27 09:31,Roster %,Result,,,,,,,,,,,,,,,,,,
Patrick Mahomes,QB,8400,24.6,Slate: Thanksgiving,28.07,29.439999999999998,,,,,,,,,,,,,,,,,,
Derrick Henry,RB,8800,20.4,"Excl: Friday, Sunday, Monday",13.31,16.9,,,,,,,,,,,,,,,,,,
Chase Brown,RB,7200,14.6,,6.7,14.8,,,,,,,,,,,,,,,,,,
Ja'Marr Chase,WR,9500,20,,11.41,17.5,,,,,,,,,,,,,,,,,,
Christian Watson,WR,6000,10.2,,4.61,16.3,,,,,,,,,,,,,,,,,,
Romeo Doubs,WR,5800,10.5,,4.75,10,,,,,,,,,,,,,,,,,,
Travis Kelce,TE,6000,11.6,,5.66,13,,,,,,,,,,,,,,,,,,
Mike Gesicki,FLEX,4000,6.1,,2.18,2.9000000000000004,,,,,,,,,,,,,,,,,,
Chiefs,DST,4200,6.4,,1.12,1,,,,,,,,,,,,,,,,,,
Total,,59900,124.39999999999999,,,121.84,,,,,,,,,,,,,,,,,,
,,,,,,,,,,,,,,,,,,,,,,,,
Optimal Lineup - SportsLine,POS,Salary,Projection,2025-11-27 09:31,Roster %,Result,,,,,,,,,,,,,,,,,,
Patrick Mahomes,QB,8400,24.26,Slate: Thanksgiving,28.07,29.439999999999998,,,,,,,,,,,,,,,,,,
Chase Brown,RB,7200,12.46,"Excl: Friday, Sunday, Monday",6.7,14.8,,,,,,,,,,,,,,,,,,
Kareem Hunt,RB,6400,10.43,,1.72,8.5,,,,,,,,,,,,,,,,,,
Ja'Marr Chase,WR,9500,18.3,,11.41,17.5,,,,,,,,,,,,,,,,,,
Zay Flowers,WR,7100,12.3,,9.62,-0.3999999999999999,,,,,,,,,,,,,,,,,,
Xavier Worthy,WR,5700,9,,6.42,9.400000000000002,,,,,,,,,,,,,,,,,,
Travis Kelce,TE,6000,10.72,,5.66,13,,,,,,,,,,,,,,,,,,
Mark Andrews,FLEX,5600,9.67,,4.58,6.7,,,,,,,,,,,,,,,,,,
Packers,DST,4000,6.71,,0.34,3,,,,,,,,,,,,,,,,,,
Total,,59900,113.85,,,101.94,,,,,,,,,,,,,,,,,,
,,,,,,,,,,,,,,,,,,,,,,,,
Optimal Lineup - Weighted,POS,Salary,Projection,2025-11-28 12:22,Roster %,Result,,,,,,,,,,,,,,,,,,
Jalen Hurts,MVP,19500,32.67,Slate: Single,4.88,25.950000000000003,,,,,,,,,,,,,,,,,,
Caleb Williams,QB,12600,16.33,,0.02,10.46,,,,,,,,,,,,,,,,,,
Saquon Barkley,RB,12200,16.28,,6.4,5.6000000000000005,,,,,,,,,,,,,,,,,,
D'Andre Swift,RB,8600,10.21,,2.6,23.3,,,,,,,,,,,,,,,,,,
Luther Burden III,WR,4200,6.26,,1.6,5.6000000000000005,,,,,,,,,,,,,,,,,,
Jahan Dotson,WR,2800,2.76,,0.32,1.7000000000000002,,,,,,,,,,,,,,,,,,
,,,,,,,,,,,,,,,,,,,,,,,,
,,,,,,,,,,,,,,,,,,,,,,,,
,,,,,,,,,,,,,,,,,,,,,,,,
Total,,59900,84.51000000000002,,,72.61,,,,,,,,,,,,,,,,,,
,,,,,,,,,,,,,,,,,,,,,,,,
Optimal Lineup - AVG,POS,Salary,Projection,2025-11-28 12:22,Roster %,Result,,,,,,,,,,,,,,,,,,
Jalen Hurts,MVP,19500,32.76,Slate: Single,4.88,25.950000000000003,,,,,,,,,,,,,,,,,,
Caleb Williams,QB,12600,16.18,,0.02,10.46,,,,,,,,,,,,,,,,,,
Saquon Barkley,RB,12200,16.35,,6.4,5.6000000000000005,,,,,,,,,,,,,,,,,,
D'Andre Swift,RB,8600,9.98,,2.6,23.3,,,,,,,,,,,,,,,,,,
Luther Burden III,WR,4200,6.05,,1.6,5.6000000000000005,,,,,,,,,,,,,,,,,,
Jahan Dotson,WR,2800,2.75,,0.32,1.7000000000000002,,,,,,,,,,,,,,,,,,
,,,,,,,,,,,,,,,,,,,,,,,,
,,,,,,,,,,,,,,,,,,,,,,,,
,,,,,,,,,,,,,,,,,,,,,,,,
Total,,59900,84.07,,,72.61,,,,,,,,,,,,,,,,,,
,,,,,,,,,,,,,,,,,,,,,,,,
Optimal Lineup - Best 5 Projection,POS,Salary,Projection,2025-11-28 12:23,Roster %,Result,,,,,,,,,,,,,,,,,,
Jalen Hurts,MVP,19500,32.45,Slate: Single,4.88,25.950000000000003,,,,,,,,,,,,,,,,,,
Caleb Williams,QB,12600,16.47,,0.02,10.46,,,,,,,,,,,,,,,,,,
Saquon Barkley,RB,12200,16.41,,6.4,5.6000000000000005,,,,,,,,,,,,,,,,,,
D'Andre Swift,RB,8600,10.23,,2.6,23.3,,,,,,,,,,,,,,,,,,
Luther Burden III,WR,4200,5.89,,1.6,5.6000000000000005,,,,,,,,,,,,,,,,,,
Jahan Dotson,WR,2800,2.74,,0.32,1.7000000000000002,,,,,,,,,,,,,,,,,,
,,,,,,,,,,,,,,,,,,,,,,,,
,,,,,,,,,,,,,,,,,,,,,,,,
,,,,,,,,,,,,,,,,,,,,,,,,
Total,,59900,84.19,,,72.61,,,,,,,,,,,,,,,,,,
,,,,,,,,,,,,,,,,,,,,,,,,
Optimal Lineup - DFF,POS,Salary,Projection,2025-11-28 12:23,Roster %,Result,,,,,,,,,,,,,,,,,,
Jalen Hurts,MVP,19500,33,Slate: Single,4.88,25.950000000000003,,,,,,,,,,,,,,,,,,
Caleb Williams,QB,12600,15.2,,0.02,10.46,,,,,,,,,,,,,,,,,,
Saquon Barkley,RB,12200,17.7,,6.4,5.6000000000000005,,,,,,,,,,,,,,,,,,
D'Andre Swift,RB,8600,9.3,,2.6,23.3,,,,,,,,,,,,,,,,,,
Luther Burden III,WR,4200,6.4,,1.6,5.6000000000000005,,,,,,,,,,,,,,,,,,
Jahan Dotson,WR,2800,2.4,,0.32,1.7000000000000002,,,,,,,,,,,,,,,,,,
,,,,,,,,,,,,,,,,,,,,,,,,
,,,,,,,,,,,,,,,,,,,,,,,,
,,,,,,,,,,,,,,,,,,,,,,,,
Total,,59900,84.00000000000001,,,72.61,,,,,,,,,,,,,,,,,,
,,,,,,,,,,,,,,,,,,,,,,,,
Optimal Lineup - FantasyPros,POS,Salary,Projection,2025-11-28 12:23,Roster %,Result,,,,,,,,,,,,,,,,,,
Jalen Hurts,MVP,19500,32.21,Slate: Single,4.88,25.950000000000003,,,,,,,,,,,,,,,,,,
Caleb Williams,QB,12600,16.35,,0.02,10.46,,,,,,,,,,,,,,,,,,
Saquon Barkley,RB,12200,15.69,,6.4,5.6000000000000005,,,,,,,,,,,,,,,,,,
D'Andre Swift,RB,8600,9.99,,2.6,23.3,,,,,,,,,,,,,,,,,,
Luther Burden III,WR,4200,5.17,,1.6,5.6000000000000005,,,,,,,,,,,,,,,,,,
Jahan Dotson,WR,2800,3.1,,0.32,1.7000000000000002,,,,,,,,,,,,,,,,,,
,,,,,,,,,,,,,,,,,,,,,,,,
,,,,,,,,,,,,,,,,,,,,,,,,
,,,,,,,,,,,,,,,,,,,,,,,,
Total,,59900,82.50999999999999,,,72.61,,,,,,,,,,,,,,,,,,
,,,,,,,,,,,,,,,,,,,,,,,,
Optimal Lineup - FootballGuys,POS,Salary,Projection,2025-11-28 12:23,Roster %,Result,,,,,,,,,,,,,,,,,,
Jalen Hurts,MVP,19500,32.86,Slate: Single,4.88,25.950000000000003,,,,,,,,,,,,,,,,,,
Caleb Williams,QB,12600,18.68,,0.02,10.46,,,,,,,,,,,,,,,,,,
Saquon Barkley,RB,12200,15.17,,6.4,5.6000000000000005,,,,,,,,,,,,,,,,,,
D'Andre Swift,RB,8600,13.35,,2.6,23.3,,,,,,,,,,,,,,,,,,
Luther Burden III,WR,4200,8.69,,1.6,5.6000000000000005,,,,,,,,,,,,,,,,,,
Jahan Dotson,WR,2800,2.4,,0.32,1.7000000000000002,,,,,,,,,,,,,,,,,,
,,,,,,,,,,,,,,,,,,,,,,,,
,,,,,,,,,,,,,,,,,,,,,,,,
,,,,,,,,,,,,,,,,,,,,,,,,
Total,,59900,91.14999999999999,,,72.61,,,,,,,,,,,,,,,,,,
,,,,,,,,,,,,,,,,,,,,,,,,
Optimal Lineup - FantasyLabs,POS,Salary,Projection,2025-11-28 12:23,Roster %,Result,,,,,,,,,,,,,,,,,,
Jalen Hurts,MVP,19500,32.58,Slate: Single,4.88,25.950000000000003,,,,,,,,,,,,,,,,,,
Saquon Barkley,RB,12200,16.59,,6.4,5.6000000000000005,,,,,,,,,,,,,,,,,,
DeVonta Smith,WR,10200,11.25,,7.17,7.300000000000001,,,,,,,,,,,,,,,,,,
Dallas Goedert,TE,7000,8.31,,3.96,3.7,,,,,,,,,,,,,,,,,,
Eagles,DST,6800,7.94,,4.38,6,,,,,,,,,,,,,,,,,,
Luther Burden III,WR,4200,6.74,,1.6,5.6000000000000005,,,,,,,,,,,,,,,,,,
,,,,,,,,,,,,,,,,,,,,,,,,
,,,,,,,,,,,,,,,,,,,,,,,,
,,,,,,,,,,,,,,,,,,,,,,,,
Total,,59900,83.41,,,54.15000000000001,,,,,,,,,,,,,,,,,,
,,,,,,,,,,,,,,,,,,,,,,,,
Optimal Lineup - RotoWire,POS,Salary,Projection,2025-11-28 12:23,Roster %,Result,,,,,,,,,,,,,,,,,,
Jalen Hurts,MVP,19500,34.58,Slate: Single,4.88,25.950000000000003,,,,,,,,,,,,,,,,,,
Caleb Williams,QB,12600,16.52,,0.02,10.46,,,,,,,,,,,,,,,,,,
DeVonta Smith,WR,10200,12.67,,7.17,7.300000000000001,,,,,,,,,,,,,,,,,,
Dallas Goedert,TE,7000,9.38,,3.96,3.7,,,,,,,,,,,,,,,,,,
Colston Loveland,TE,5800,6.86,,1.96,4.300000000000001,,,,,,,,,,,,,,,,,,
Luther Burden III,WR,4200,5.98,,1.6,5.6000000000000005,,,,,,,,,,,,,,,,,,
,,,,,,,,,,,,,,,,,,,,,,,,
,,,,,,,,,,,,,,,,,,,,,,,,
,,,,,,,,,,,,,,,,,,,,,,,,
Total,,59300,85.99,,,57.31000000000001,,,,,,,,,,,,,,,,,,
,,,,,,,,,,,,,,,,,,,,,,,,
Optimal Lineup - NumberFire,POS,Salary,Projection,2025-11-28 12:23,Roster %,Result,,,,,,,,,,,,,,,,,,
Jalen Hurts,MVP,19500,29.85,Slate: Single,4.88,25.950000000000003,,,,,,,,,,,,,,,,,,
Caleb Williams,QB,12600,15.7,,0.02,10.46,,,,,,,,,,,,,,,,,,
Saquon Barkley,RB,12200,17.3,,6.4,5.6000000000000005,,,,,,,,,,,,,,,,,,
D'Andre Swift,RB,8600,9.2,,2.6,23.3,,,,,,,,,,,,,,,,,,
Luther Burden III,WR,4200,5.4,,1.6,5.6000000000000005,,,,,,,,,,,,,,,,,,
Jahan Dotson,WR,2800,3.8,,0.32,1.7000000000000002,,,,,,,,,,,,,,,,,,
,,,,,,,,,,,,,,,,,,,,,,,,
,,,,,,,,,,,,,,,,,,,,,,,,
,,,,,,,,,,,,,,,,,,,,,,,,
Total,,59900,81.25,,,72.61,,,,,,,,,,,,,,,,,,
,,,,,,,,,,,,,,,,,,,,,,,,
Optimal Lineup - DraftEdge,POS,Salary,Projection,2025-11-28 12:23,Roster %,Result,,,,,,,,,,,,,,,,,,
Jalen Hurts,MVP,19500,33,Slate: Single,4.88,25.950000000000003,,,,,,,,,,,,,,,,,,
Caleb Williams,QB,12600,15.2,,0.02,10.46,,,,,,,,,,,,,,,,,,
Saquon Barkley,RB,12200,17.7,,6.4,5.6000000000000005,,,,,,,,,,,,,,,,,,
D'Andre Swift,RB,8600,9.3,,2.6,23.3,,,,,,,,,,,,,,,,,,
Luther Burden III,WR,4200,6.4,,1.6,5.6000000000000005,,,,,,,,,,,,,,,,,,
Jahan Dotson,WR,2800,2.4,,0.32,1.7000000000000002,,,,,,,,,,,,,,,,,,
,,,,,,,,,,,,,,,,,,,,,,,,
,,,,,,,,,,,,,,,,,,,,,,,,
,,,,,,,,,,,,,,,,,,,,,,,,
Total,,59900,84.00000000000001,,,72.61,,,,,,,,,,,,,,,,,,
,,,,,,,,,,,,,,,,,,,,,,,,
Optimal Lineup - SportsLine,POS,Salary,Projection,2025-11-28 12:23,Roster %,Result,,,,,,,,,,,,,,,,,,
Jalen Hurts,MVP,19500,34.34,Slate: Single,4.88,25.950000000000003,,,,,,,,,,,,,,,,,,
Caleb Williams,QB,12600,16.4,,0.02,10.46,,,,,,,,,,,,,,,,,,
Saquon Barkley,RB,12200,16.17,,6.4,5.6000000000000005,,,,,,,,,,,,,,,,,,
Dallas Goedert,TE,7000,9.32,,3.96,3.7,,,,,,,,,,,,,,,,,,
Colston Loveland,TE,5800,7.42,,1.96,4.300000000000001,,,,,,,,,,,,,,,,,,
Jahan Dotson,WR,2800,2.02,,0.32,1.7000000000000002,,,,,,,,,,,,,,,,,,
,,,,,,,,,,,,,,,,,,,,,,,,
,,,,,,,,,,,,,,,,,,,,,,,,
,,,,,,,,,,,,,,,,,,,,,,,,
Total,,59900,85.66999999999999,,,51.71000000000001,,,,,,,,,,,,,,,,,,
,,,,,,,,,,,,,,,,,,,,,,,,
Optimal Lineup - Weighted,POS,Salary,Projection,2025-11-30 12:41,Roster %,Result,,,,,,,,,,,,,,,,,,
Trevor Lawrence,QB,7200,17.841957333333333,Slate: Main,3.01,19.66,,,,,,,,,,,,,,,,,,
De'Von Achane,RB,8700,20.22924,,21.19,22.4,,,,,,,,,,,,,,,,,,
Christian McCaffrey,RB,8600,19.65245066666667,,18.9,15.4,,,,,,,,,,,,,,,,,,
Jaylen Waddle,WR,7000,12.5136,,7.72,5.5,,,,,,,,,,,,,,,,,,
Chris Olave,WR,7200,12.729604,,8.49,12.7,,,,,,,,,,,,,,,,,,
Tetairoa McMillan,WR,6800,11.549215333333334,,7.01,10.8,,,,,,,,,,,,,,,,,,
Darren Waller,TE,4000,6.302766666666668,,2.96,5.7,,,,,,,,,,,,,,,,,,
Kimani Vidal,FLEX,6700,13.096433333333332,,0.51,23.200000000000003,,,,,,,,,,,,,,,,,,
Dolphins,DST,3700,7.698126666666668,,14.56,9,,,,,,,,,,,,,,,,,,
Total,,59900,121.613394,,,124.36,,,,,,,,,,,,,,,,,,
,,,,,,,,,,,,,,,,,,,,,,,,
Optimal Lineup - AVG,POS,Salary,Projection,2025-11-30 12:41,Roster %,Result,,,,,,,,,,,,,,,,,,
Trevor Lawrence,QB,7200,18.003422222222223,Slate: Main,3.01,19.66,,,,,,,,,,,,,,,,,,
De'Von Achane,RB,8700,20.302,,21.19,22.4,,,,,,,,,,,,,,,,,,
Christian McCaffrey,RB,8600,19.476977777777776,,18.9,15.4,,,,,,,,,,,,,,,,,,
Jaylen Waddle,WR,7000,12.48,,7.72,5.5,,,,,,,,,,,,,,,,,,
Chris Olave,WR,7200,12.5152,,8.49,12.7,,,,,,,,,,,,,,,,,,
Tetairoa McMillan,WR,6800,11.467155555555557,,7.01,10.8,,,,,,,,,,,,,,,,,,
Darren Waller,TE,4000,6.514444444444446,,2.96,5.7,,,,,,,,,,,,,,,,,,
Kimani Vidal,FLEX,6700,13.045555555555557,,0.51,23.200000000000003,,,,,,,,,,,,,,,,,,
Dolphins,DST,3700,7.719111111111112,,14.56,9,,,,,,,,,,,,,,,,,,
Total,,59900,121.52386666666669,,,124.36,,,,,,,,,,,,,,,,,,
,,,,,,,,,,,,,,,,,,,,,,,,
Optimal Lineup - Best 5 Projection,POS,Salary,Projection,2025-11-30 12:42,Roster %,Result,,,,,,,,,,,,,,,,,,
Trevor Lawrence,QB,7200,17.8168,Slate: Main,3.01,19.66,,,,,,,,,,,,,,,,,,
De'Von Achane,RB,8700,20.208,,21.19,22.4,,,,,,,,,,,,,,,,,,
Christian McCaffrey,RB,8600,19.8888,,18.9,15.4,,,,,,,,,,,,,,,,,,
Jaylen Waddle,WR,7000,11.88,,7.72,5.5,,,,,,,,,,,,,,,,,,
Chris Olave,WR,7200,12.722800000000001,,8.49,12.7,,,,,,,,,,,,,,,,,,
Michael Pittman Jr.,WR,6200,9.75,,6.16,1.8,,,,,,,,,,,,,,,,,,
Darren Waller,TE,4000,6.7700000000000005,,2.96,5.7,,,,,,,,,,,,,,,,,,
Ashton Jeanty,FLEX,7100,14.018200000000002,,11.05,9.1,,,,,,,,,,,,,,,,,,
Falcons,DST,4000,8.49,,7.57,2,,,,,,,,,,,,,,,,,,
Total,,60000,121.5446,,,94.25999999999999,,,,,,,,,,,,,,,,,,
,,,,,,,,,,,,,,,,,,,,,,,,
Optimal Lineup - DFF,POS,Salary,Projection,2025-11-30 12:42,Roster %,Result,,,,,,,,,,,,,,,,,,
Trevor Lawrence,QB,7200,17.8,Slate: Main,3.01,19.66,,,,,,,,,,,,,,,,,,
De'Von Achane,RB,8700,20.6,,21.19,22.4,,,,,,,,,,,,,,,,,,
Christian McCaffrey,RB,8600,19.2,,18.9,15.4,,,,,,,,,,,,,,,,,,
Jaylen Waddle,WR,7000,13.5,,7.72,5.5,,,,,,,,,,,,,,,,,,
Tetairoa McMillan,WR,6800,11.5,,7.01,10.8,,,,,,,,,,,,,,,,,,
Michael Pittman Jr.,WR,6200,10.2,,6.16,1.8,,,,,,,,,,,,,,,,,,
Kyle Pitts Sr.,TE,5100,9.3,,3.91,11.700000000000001,,,,,,,,,,,,,,,,,,
Kimani Vidal,FLEX,6700,14.2,,0.51,23.200000000000003,,,,,,,,,,,,,,,,,,
Dolphins,DST,3700,7.7,,14.56,9,,,,,,,,,,,,,,,,,,
Total,,60000,124.00000000000001,,,119.46000000000001,,,,,,,,,,,,,,,,,,
,,,,,,,,,,,,,,,,,,,,,,,,
Optimal Lineup - FantasyPros,POS,Salary,Projection,2025-11-30 12:42,Roster %,Result,,,,,,,,,,,,,,,,,,
Trevor Lawrence,QB,7200,17.606,Slate: Main,3.01,19.66,,,,,,,,,,,,,,,,,,
De'Von Achane,RB,8700,19.34,,21.19,22.4,,,,,,,,,,,,,,,,,,
Christian McCaffrey,RB,8600,18.890000000000004,,18.9,15.4,,,,,,,,,,,,,,,,,,
Jaylen Waddle,WR,7000,11.24,,7.72,5.5,,,,,,,,,,,,,,,,,,
Chris Olave,WR,7200,12.590000000000002,,8.49,12.7,,,,,,,,,,,,,,,,,,
Michael Pittman Jr.,WR,6200,9.95,,6.16,1.8,,,,,,,,,,,,,,,,,,
Darren Waller,TE,4000,6.38,,2.96,5.7,,,,,,,,,,,,,,,,,,
Breece Hall,FLEX,7400,14.48,,5.23,14.600000000000001,,,,,,,,,,,,,,,,,,
Dolphins,DST,3700,7.7,,14.56,9,,,,,,,,,,,,,,,,,,
Total,,60000,118.176,,,106.75999999999999,,,,,,,,,,,,,,,,,,
,,,,,,,,,,,,,,,,,,,,,,,,
Optimal Lineup - FootballGuys,POS,Salary,Projection,2025-11-30 12:42,Roster %,Result,,,,,,,,,,,,,,,,,,
Brock Purdy,QB,7300,19.5472,Slate: Main,1.24,17.12,,,,,,,,,,,,,,,,,,
De'Von Achane,RB,8700,20.6,,21.19,22.4,,,,,,,,,,,,,,,,,,
Christian McCaffrey,RB,8600,22.474000000000004,,18.9,15.4,,,,,,,,,,,,,,,,,,
Jaylen Waddle,WR,7000,13.5,,7.72,5.5,,,,,,,,,,,,,,,,,,
Chris Olave,WR,7200,15.514,,8.49,12.7,,,,,,,,,,,,,,,,,,
Alec Pierce,WR,5800,10.843,,5.02,15.8,,,,,,,,,,,,,,,,,,
Juwan Johnson,TE,5500,9.491,,3.5,6.4,,,,,,,,,,,,,,,,,,
Kimani Vidal,FLEX,6700,14.2,,0.51,23.200000000000003,,,,,,,,,,,,,,,,,,
Raiders,DST,3200,10.3,,2.44,4,,,,,,,,,,,,,,,,,,
Total,,60000,136.4692,,,122.52,,,,,,,,,,,,,,,,,,
,,,,,,,,,,,,,,,,,,,,,,,,
Optimal Lineup - FantasyLabs,POS,Salary,Projection,2025-11-30 12:42,Roster %,Result,,,,,,,,,,,,,,,,,,
Trevor Lawrence,QB,7200,17.47,Slate: Main,3.01,19.66,,,,,,,,,,,,,,,,,,
De'Von Achane,RB,8700,19.87,,21.19,22.4,,,,,,,,,,,,,,,,,,
Christian McCaffrey,RB,8600,17.4,,18.9,15.4,,,,,,,,,,,,,,,,,,
Jaylen Waddle,WR,7000,13.62,,7.72,5.5,,,,,,,,,,,,,,,,,,
Tetairoa McMillan,WR,6800,11.6,,7.01,10.8,,,,,,,,,,,,,,,,,,
Michael Pittman Jr.,WR,6200,10.36,,6.16,1.8,,,,,,,,,,,,,,,,,,
Kyle Pitts Sr.,TE,5100,9.15,,3.91,11.700000000000001,,,,,,,,,,,,,,,,,,
Kimani Vidal,FLEX,6700,13.73,,0.51,23.200000000000003,,,,,,,,,,,,,,,,,,
Dolphins,DST,3700,7.46,,14.56,9,,,,,,,,,,,,,,,,,,
Total,,60000,120.66,,,119.46000000000001,,,,,,,,,,,,,,,,,,
,,,,,,,,,,,,,,,,,,,,,,,,
Optimal Lineup - RotoWire,POS,Salary,Projection,2025-11-30 12:42,Roster %,Result,,,,,,,,,,,,,,,,,,
Trevor Lawrence,QB,7200,18.66,Slate: Main,3.01,19.66,,,,,,,,,,,,,,,,,,
De'Von Achane,RB,8700,19.8,,21.19,22.4,,,,,,,,,,,,,,,,,,
Christian McCaffrey,RB,8600,18.66,,18.9,15.4,,,,,,,,,,,,,,,,,,
Jaxon Smith-Njigba,WR,10000,21.37,,15.51,3.3000000000000003,,,,,,,,,,,,,,,,,,
Jaylen Waddle,WR,7000,12.82,,7.72,5.5,,,,,,,,,,,,,,,,,,
Quentin Johnston,WR,6000,9.83,,6.82,9.8,,,,,,,,,,,,,,,,,,
Darren Waller,TE,4000,6.42,,2.96,5.7,,,,,,,,,,,,,,,,,,
Tyjae Spears,FLEX,4700,8.21,,3.09,5.4,,,,,,,,,,,,,,,,,,
Dolphins,DST,3700,7.28,,14.56,9,,,,,,,,,,,,,,,,,,
Total,,59900,123.05000000000001,,,96.16,,,,,,,,,,,,,,,,,,
,,,,,,,,,,,,,,,,,,,,,,,,
Optimal Lineup - NumberFire,POS,Salary,Projection,2025-11-30 12:42,Roster %,Result,,,,,,,,,,,,,,,,,,
Trevor Lawrence,QB,7200,16.8,Slate: Main,3.01,19.66,,,,,,,,,,,,,,,,,,
De'Von Achane,RB,8700,19.9,,21.19,22.4,,,,,,,,,,,,,,,,,,
Christian McCaffrey,RB,8600,20.7,,18.9,15.4,,,,,,,,,,,,,,,,,,
Jaxon Smith-Njigba,WR,10000,18.8,,15.51,3.3000000000000003,,,,,,,,,,,,,,,,,,
Tetairoa McMillan,WR,6800,11.7,,7.01,10.8,,,,,,,,,,,,,,,,,,
Alec Pierce,WR,5800,9,,5.02,15.8,,,,,,,,,,,,,,,,,,
Darren Waller,TE,4000,6.4,,2.96,5.7,,,,,,,,,,,,,,,,,,
Devin Neal,FLEX,5900,12.7,,5.48,8.4,,,,,,,,,,,,,,,,,,
Titans,DST,3000,5.5,,6.52,3,,,,,,,,,,,,,,,,,,
Total,,60000,121.50000000000001,,,104.46000000000001,,,,,,,,,,,,,,,,,,
,,,,,,,,,,,,,,,,,,,,,,,,
Optimal Lineup - DraftEdge,POS,Salary,Projection,2025-11-30 12:42,Roster %,Result,,,,,,,,,,,,,,,,,,
Trevor Lawrence,QB,7200,19,Slate: Main,3.01,19.66,,,,,,,,,,,,,,,,,,
De'Von Achane,RB,8700,21.8,,21.19,22.4,,,,,,,,,,,,,,,,,,
Kimani Vidal,RB,6700,14.9,,0.51,23.200000000000003,,,,,,,,,,,,,,,,,,
Puka Nacua,WR,9300,20.8,,11.21,10.2,,,,,,,,,,,,,,,,,,
Jaylen Waddle,WR,7000,14.6,,7.72,5.5,,,,,,,,,,,,,,,,,,
Tre Tucker,WR,5600,9.1,,3.52,3.5,,,,,,,,,,,,,,,,,,
Oronde Gadsden II,TE,5900,11.9,,4.01,3.2,,,,,,,,,,,,,,,,,,
Devin Neal,FLEX,5900,12.6,,5.48,8.4,,,,,,,,,,,,,,,,,,
Dolphins,DST,3700,7.8,,14.56,9,,,,,,,,,,,,,,,,,,
Total,,60000,132.5,,,105.06000000000002,,,,,,,,,,,,,,,,,,
,,,,,,,,,,,,,,,,,,,,,,,,
Optimal Lineup - SportsLine,POS,Salary,Projection,2025-11-30 12:42,Roster %,Result,,,,,,,,,,,,,,,,,,
Trevor Lawrence,QB,7200,19.55,Slate: Main,3.01,19.66,,,,,,,,,,,,,,,,,,
De'Von Achane,RB,8700,20.6,,21.19,22.4,,,,,,,,,,,,,,,,,,
Christian McCaffrey,RB,8600,18.18,,18.9,15.4,,,,,,,,,,,,,,,,,,
Emeka Egbuka,WR,8000,14.52,,6.02,6.2,,,,,,,,,,,,,,,,,,
Tre Tucker,WR,5600,9.2,,3.52,3.5,,,,,,,,,,,,,,,,,,
Parker Washington,WR,5800,10.01,,2.66,3.1,,,,,,,,,,,,,,,,,,
Darren Waller,TE,4000,9.87,,2.96,5.7,,,,,,,,,,,,,,,,,,
Ashton Jeanty,FLEX,7100,14.56,,11.05,9.1,,,,,,,,,,,,,,,,,,
Seahawks,DST,5000,12.88,,6.06,30,,,,,,,,,,,,,,,,,,
Total,,60000,129.37000000000003,,,115.05999999999999,,,,,,,,,,,,,,,,,,
,,,,,,,,,,,,,,,,,,,,,,,,
Optimal Lineup - Weighted,POS,Salary,Projection,2025-11-30 19:11,Roster %,Result,,,,,,,,,,,,,,,,,,
Drake Maye,QB,8300,21.7633984,Slate: SNF-MNF,8.76,20.48,,,,,,,,,,,,,,,,,,
TreVeyon Henderson,RB,7700,14.402133333333335,,8.65,10.100000000000001,,,,,,,,,,,,,,,,,,
RJ Harvey,RB,6300,12.876666666666669,,8.18,19.7,,,,,,,,,,,,,,,,,,
Stefon Diggs,WR,6900,10.798754000000002,,5.75,4.1,,,,,,,,,,,,,,,,,,
Wan'Dale Robinson,WR,6400,10.379159999999999,,7.09,6.9,,,,,,,,,,,,,,,,,,
Courtland Sutton,WR,6600,10.116233333333334,,5.74,14.7,,,,,,,,,,,,,,,,,,
Hunter Henry,TE,5400,8.255895333333335,,3.59,9.3,,,,,,,,,,,,,,,,,,
Tyrone Tracy Jr.,FLEX,6100,10.32154,,2.63,3.8,,,,,,,,,,,,,,,,,,
Broncos,DST,4800,7.96724,,3.91,4,,,,,,,,,,,,,,,,,,
Total,,58500,106.88102106666668,,,93.08,,,,,,,,,,,,,,,,,,
,,,,,,,,,,,,,,,,,,,,,,,,
Optimal Lineup - AVG,POS,Salary,Projection,2025-11-30 19:11,Roster %,Result,,,,,,,,,,,,,,,,,,
Drake Maye,QB,8300,21.76458666666667,Slate: SNF-MNF,8.76,20.48,,,,,,,,,,,,,,,,,,
TreVeyon Henderson,RB,7700,14.512222222222224,,8.65,10.100000000000001,,,,,,,,,,,,,,,,,,
RJ Harvey,RB,6300,12.841111111111111,,8.18,19.7,,,,,,,,,,,,,,,,,,
Stefon Diggs,WR,6900,10.741866666666667,,5.75,4.1,,,,,,,,,,,,,,,,,,
Wan'Dale Robinson,WR,6400,10.411333333333333,,7.09,6.9,,,,,,,,,,,,,,,,,,
Courtland Sutton,WR,6600,10.112222222222222,,5.74,14.7,,,,,,,,,,,,,,,,,,
Hunter Henry,TE,5400,8.261155555555558,,3.59,9.3,,,,,,,,,,,,,,,,,,
Tyrone Tracy Jr.,FLEX,6100,10.295333333333332,,2.63,3.8,,,,,,,,,,,,,,,,,,
Broncos,DST,4800,8.115333333333332,,3.91,4,,,,,,,,,,,,,,,,,,
Total,,58500,107.05516444444447,,,93.08,,,,,,,,,,,,,,,,,,
,,,,,,,,,,,,,,,,,,,,,,,,
Optimal Lineup - Best 5 Projection,POS,Salary,Projection,2025-11-30 19:11,Roster %,Result,,,,,,,,,,,,,,,,,,
Drake Maye,QB,8300,21.78688,Slate: SNF-MNF,8.76,20.48,,,,,,,,,,,,,,,,,,
TreVeyon Henderson,RB,7700,13.9,,8.65,10.100000000000001,,,,,,,,,,,,,,,,,,
RJ Harvey,RB,6300,12.719999999999999,,8.18,19.7,,,,,,,,,,,,,,,,,,
Stefon Diggs,WR,6900,10.8378,,5.75,4.1,,,,,,,,,,,,,,,,,,
Wan'Dale Robinson,WR,6400,10.112,,7.09,6.9,,,,,,,,,,,,,,,,,,
Courtland Sutton,WR,6600,10.11,,5.74,14.7,,,,,,,,,,,,,,,,,,
Hunter Henry,TE,5400,8.323400000000001,,3.59,9.3,,,,,,,,,,,,,,,,,,
Tyrone Tracy Jr.,FLEX,6100,10.597999999999999,,2.63,3.8,,,,,,,,,,,,,,,,,,
Broncos,DST,4800,8.288,,3.91,4,,,,,,,,,,,,,,,,,,
Total,,58500,106.67608,,,93.08,,,,,,,,,,,,,,,,,,
,,,,,,,,,,,,,,,,,,,,,,,,
Optimal Lineup - DFF,POS,Salary,Projection,2025-11-30 19:11,Roster %,Result,,,,,,,,,,,,,,,,,,
Drake Maye,QB,8300,21.1,Slate: SNF-MNF,8.76,20.48,,,,,,,,,,,,,,,,,,
TreVeyon Henderson,RB,7700,14.6,,8.65,10.100000000000001,,,,,,,,,,,,,,,,,,
RJ Harvey,RB,6300,13.2,,8.18,19.7,,,,,,,,,,,,,,,,,,
Stefon Diggs,WR,6900,10.9,,5.75,4.1,,,,,,,,,,,,,,,,,,
Wan'Dale Robinson,WR,6400,10.6,,7.09,6.9,,,,,,,,,,,,,,,,,,
Courtland Sutton,WR,6600,10,,5.74,14.7,,,,,,,,,,,,,,,,,,
Hunter Henry,TE,5400,8,,3.59,9.3,,,,,,,,,,,,,,,,,,
Tyrone Tracy Jr.,FLEX,6100,10.2,,2.63,3.8,,,,,,,,,,,,,,,,,,
Broncos,DST,4800,7.7,,3.91,4,,,,,,,,,,,,,,,,,,
Total,,58500,106.30000000000001,,,93.08,,,,,,,,,,,,,,,,,,
,,,,,,,,,,,,,,,,,,,,,,,,
Optimal Lineup - FantasyPros,POS,Salary,Projection,2025-11-30 19:11,Roster %,Result,,,,,,,,,,,,,,,,,,
Drake Maye,QB,8300,21.819999999999997,Slate: SNF-MNF,8.76,20.48,,,,,,,,,,,,,,,,,,
TreVeyon Henderson,RB,7700,13.510000000000002,,8.65,10.100000000000001,,,,,,,,,,,,,,,,,,
RJ Harvey,RB,6300,12.780000000000001,,8.18,19.7,,,,,,,,,,,,,,,,,,
Stefon Diggs,WR,6900,10.87,,5.75,4.1,,,,,,,,,,,,,,,,,,
Wan'Dale Robinson,WR,6400,10.440000000000001,,7.09,6.9,,,,,,,,,,,,,,,,,,
Courtland Sutton,WR,6600,10.32,,5.74,14.7,,,,,,,,,,,,,,,,,,
Hunter Henry,TE,5400,8.56,,3.59,9.3,,,,,,,,,,,,,,,,,,
Tyrone Tracy Jr.,FLEX,6100,10.49,,2.63,3.8,,,,,,,,,,,,,,,,,,
Broncos,DST,4800,7.7,,3.91,4,,,,,,,,,,,,,,,,,,
Total,,58500,106.49000000000001,,,93.08,,,,,,,,,,,,,,,,,,
,,,,,,,,,,,,,,,,,,,,,,,,
Optimal Lineup - FootballGuys,POS,Salary,Projection,2025-11-30 19:12,Roster %,Result,,,,,,,,,,,,,,,,,,
Drake Maye,QB,8300,22.494400000000002,Slate: SNF-MNF,8.76,20.48,,,,,,,,,,,,,,,,,,
TreVeyon Henderson,RB,7700,14.370000000000001,,8.65,10.100000000000001,,,,,,,,,,,,,,,,,,
RJ Harvey,RB,6300,13.2,,8.18,19.7,,,,,,,,,,,,,,,,,,
Stefon Diggs,WR,6900,11.259,,5.75,4.1,,,,,,,,,,,,,,,,,,
Wan'Dale Robinson,WR,6400,9.82,,7.09,6.9,,,,,,,,,,,,,,,,,,
Courtland Sutton,WR,6600,10,,5.74,14.7,,,,,,,,,,,,,,,,,,
Hunter Henry,TE,5400,8.107000000000001,,3.59,9.3,,,,,,,,,,,,,,,,,,
Tyrone Tracy Jr.,FLEX,6100,10.2,,2.63,3.8,,,,,,,,,,,,,,,,,,
Patriots,DST,4700,8.559999999999999,,4.72,11,,,,,,,,,,,,,,,,,,
Total,,58400,108.01040000000002,,,100.08,,,,,,,,,,,,,,,,,,
,,,,,,,,,,,,,,,,,,,,,,,,
Optimal Lineup - FantasyLabs,POS,Salary,Projection,2025-11-30 19:12,Roster %,Result,,,,,,,,,,,,,,,,,,
Drake Maye,QB,8300,20.67,Slate: SNF-MNF,8.76,20.48,,,,,,,,,,,,,,,,,,
TreVeyon Henderson,RB,7700,14.98,,8.65,10.100000000000001,,,,,,,,,,,,,,,,,,
RJ Harvey,RB,6300,12.87,,8.18,19.7,,,,,,,,,,,,,,,,,,
Wan'Dale Robinson,WR,6400,11.72,,7.09,6.9,,,,,,,,,,,,,,,,,,
Courtland Sutton,WR,6600,10.63,,5.74,14.7,,,,,,,,,,,,,,,,,,
Troy Franklin,WR,6200,9.64,,4.7,3.1,,,,,,,,,,,,,,,,,,
Hunter Henry,TE,5400,8.13,,3.59,9.3,,,,,,,,,,,,,,,,,,
Tyrone Tracy Jr.,FLEX,6100,10.2,,2.63,3.8,,,,,,,,,,,,,,,,,,
Broncos,DST,4800,7.86,,3.91,4,,,,,,,,,,,,,,,,,,
Total,,57800,106.7,,,92.07999999999998,,,,,,,,,,,,,,,,,,
,,,,,,,,,,,,,,,,,,,,,,,,
Optimal Lineup - RotoWire,POS,Salary,Projection,2025-11-30 19:12,Roster %,Result,,,,,,,,,,,,,,,,,,
Drake Maye,QB,8300,21.99,Slate: SNF-MNF,8.76,20.48,,,,,,,,,,,,,,,,,,
TreVeyon Henderson,RB,7700,15.03,,8.65,10.100000000000001,,,,,,,,,,,,,,,,,,
RJ Harvey,RB,6300,12.08,,8.18,19.7,,,,,,,,,,,,,,,,,,
Stefon Diggs,WR,6900,10.97,,5.75,4.1,,,,,,,,,,,,,,,,,,
Courtland Sutton,WR,6600,10.62,,5.74,14.7,,,,,,,,,,,,,,,,,,
Deebo Samuel Sr.,WR,7500,10.71,,3.24,8.6,,,,,,,,,,,,,,,,,,
Hunter Henry,TE,5400,7.98,,3.59,9.3,,,,,,,,,,,,,,,,,,
Terry McLaurin,FLEX,6500,10.92,,2.96,19.1,,,,,,,,,,,,,,,,,,
Patriots,DST,4700,7.51,,4.72,11,,,,,,,,,,,,,,,,,,
Total,,59900,107.81000000000002,,,117.07999999999998,,,,,,,,,,,,,,,,,,
,,,,,,,,,,,,,,,,,,,,,,,,
Optimal Lineup - NumberFire,POS,Salary,Projection,2025-11-30 19:12,Roster %,Result,,,,,,,,,,,,,,,,,,
Drake Maye,QB,8300,21.7,Slate: SNF-MNF,8.76,20.48,,,,,,,,,,,,,,,,,,
TreVeyon Henderson,RB,7700,13.2,,8.65,10.100000000000001,,,,,,,,,,,,,,,,,,
RJ Harvey,RB,6300,12.3,,8.18,19.7,,,,,,,,,,,,,,,,,,
Stefon Diggs,WR,6900,11.3,,5.75,4.1,,,,,,,,,,,,,,,,,,
Troy Franklin,WR,6200,10.2,,4.7,3.1,,,,,,,,,,,,,,,,,,
Terry McLaurin,WR,6500,10.3,,2.96,19.1,,,,,,,,,,,,,,,,,,
Hunter Henry,TE,5400,8.5,,3.59,9.3,,,,,,,,,,,,,,,,,,
Tyrone Tracy Jr.,FLEX,6100,11.9,,2.63,3.8,,,,,,,,,,,,,,,,,,
Broncos,DST,4800,7.7,,3.91,4,,,,,,,,,,,,,,,,,,
Total,,58200,107.10000000000001,,,93.68,,,,,,,,,,,,,,,,,,
,,,,,,,,,,,,,,,,,,,,,,,,
Optimal Lineup - DraftEdge,POS,Salary,Projection,2025-11-30 19:12,Roster %,Result,,,,,,,,,,,,,,,,,,
Drake Maye,QB,8300,22.5,Slate: SNF-MNF,8.76,20.48,,,,,,,,,,,,,,,,,,
TreVeyon Henderson,RB,7700,17.2,,8.65,10.100000000000001,,,,,,,,,,,,,,,,,,
RJ Harvey,RB,6300,14.3,,8.18,19.7,,,,,,,,,,,,,,,,,,
Stefon Diggs,WR,6900,11.1,,5.75,4.1,,,,,,,,,,,,,,,,,,
Wan'Dale Robinson,WR,6400,10.7,,7.09,6.9,,,,,,,,,,,,,,,,,,
Troy Franklin,WR,6200,10.3,,4.7,3.1,,,,,,,,,,,,,,,,,,
Hunter Henry,TE,5400,8.3,,3.59,9.3,,,,,,,,,,,,,,,,,,
Tyrone Tracy Jr.,FLEX,6100,9.9,,2.63,3.8,,,,,,,,,,,,,,,,,,
Broncos,DST,4800,8.4,,3.91,4,,,,,,,,,,,,,,,,,,
Total,,58100,112.7,,,81.47999999999999,,,,,,,,,,,,,,,,,,
,,,,,,,,,,,,,,,,,,,,,,,,
Optimal Lineup - SportsLine,POS,Salary,Projection,2025-11-30 19:12,Roster %,Result,,,,,,,,,,,,,,,,,,
Drake Maye,QB,8300,21.82,Slate: SNF-MNF,8.76,20.48,,,,,,,,,,,,,,,,,,
TreVeyon Henderson,RB,7700,13.82,,8.65,10.100000000000001,,,,,,,,,,,,,,,,,,
RJ Harvey,RB,6300,12.12,,8.18,19.7,,,,,,,,,,,,,,,,,,
Stefon Diggs,WR,6900,9.86,,5.75,4.1,,,,,,,,,,,,,,,,,,
Wan'Dale Robinson,WR,6400,10.6,,7.09,6.9,,,,,,,,,,,,,,,,,,
Courtland Sutton,WR,6600,10.73,,5.74,14.7,,,,,,,,,,,,,,,,,,
Hunter Henry,TE,5400,8.45,,3.59,9.3,,,,,,,,,,,,,,,,,,
Tyrone Tracy Jr.,FLEX,6100,10.2,,2.63,3.8,,,,,,,,,,,,,,,,,,
Broncos,DST,4800,10.64,,3.91,4,,,,,,,,,,,,,,,,,,
Total,,58500,108.24000000000001,,,93.08,,,,,,,,,,,,,,,,,,
,,,,,,,,,,,,,,,,,,,,,,,,
Optimal Lineup - Weighted,POS,Salary,Projection,2025-12-04 19:36,Roster %,Result,,,,,,,,,,,,,,,,,,
Dak Prescott,MVP,18300,30.73,Slate: Single,15.93,32.160000000000004,,,,,,,,,,,,,,,,,,
Jahmyr Gibbs,RB,13000,20.48,,32.59,33.5,,,,,,,,,,,,,,,,,,
Jared Goff,QB,11200,19.15,,8.12,19.16,,,,,,,,,,,,,,,,,,
George Pickens,WR,10600,14.94,,14.48,6.2,,,,,,,,,,,,,,,,,,
Ross Dwelley,TE,3800,3.58,,1.43,0.9,,,,,,,,,,,,,,,,,,
Tom Kennedy,WR,3000,3.5,,0.57,0,,,,,,,,,,,,,,,,,,
,,,,,0,,,,,,,,,,,,,,,,,,,
,,,,,0,,,,,,,,,,,,,,,,,,,
,,,,,0,,,,,,,,,,,,,,,,,,,
Total,,59900,92.38,,,91.92,,,,,,,,,,,,,,,,,,
,,,,,,,,,,,,,,,,,,,,,,,,
Optimal Lineup - AVG,POS,Salary,Projection,2025-12-04 19:36,Roster %,Result,,,,,,,,,,,,,,,,,,
Dak Prescott,MVP,18300,31.01,Slate: Single,15.93,32.160000000000004,,,,,,,,,,,,,,,,,,
Jahmyr Gibbs,RB,13000,20.45,,32.59,33.5,,,,,,,,,,,,,,,,,,
Jared Goff,QB,11200,19.22,,8.12,19.16,,,,,,,,,,,,,,,,,,
George Pickens,WR,10600,15.02,,14.48,6.2,,,,,,,,,,,,,,,,,,
Ross Dwelley,TE,3800,3.76,,1.43,0.9,,,,,,,,,,,,,,,,,,
Tom Kennedy,WR,3000,3.57,,0.57,0,,,,,,,,,,,,,,,,,,
,,,,,0,,,,,,,,,,,,,,,,,,,
,,,,,0,,,,,,,,,,,,,,,,,,,
,,,,,0,,,,,,,,,,,,,,,,,,,
Total,,59900,93.03,,,91.92,,,,,,,,,,,,,,,,,,
,,,,,,,,,,,,,,,,,,,,,,,,
Optimal Lineup - Best 5 Projection,POS,Salary,Projection,2025-12-04 19:36,Roster %,Result,,,,,,,,,,,,,,,,,,
Dak Prescott,MVP,18300,30.25,Slate: Single,15.93,32.160000000000004,,,,,,,,,,,,,,,,,,
Jahmyr Gibbs,RB,13000,20.34,,32.59,33.5,,,,,,,,,,,,,,,,,,
Jared Goff,QB,11200,18.99,,8.12,19.16,,,,,,,,,,,,,,,,,,
George Pickens,WR,10600,14.8,,14.48,6.2,,,,,,,,,,,,,,,,,,
Ross Dwelley,TE,3800,3.6,,1.43,0.9,,,,,,,,,,,,,,,,,,
Tom Kennedy,WR,3000,3.44,,0.57,0,,,,,,,,,,,,,,,,,,
,,,,,0,,,,,,,,,,,,,,,,,,,
,,,,,0,,,,,,,,,,,,,,,,,,,
,,,,,0,,,,,,,,,,,,,,,,,,,
Total,,59900,91.41999999999999,,,91.92,,,,,,,,,,,,,,,,,,
,,,,,,,,,,,,,,,,,,,,,,,,
Optimal Lineup - DFF,POS,Salary,Projection,2025-12-04 19:36,Roster %,Result,,,,,,,,,,,,,,,,,,
Dak Prescott,MVP,18300,31.95,Slate: Single,15.93,32.160000000000004,,,,,,,,,,,,,,,,,,
Jahmyr Gibbs,RB,13000,21.2,,32.59,33.5,,,,,,,,,,,,,,,,,,
Jared Goff,QB,11200,19.5,,8.12,19.16,,,,,,,,,,,,,,,,,,
George Pickens,WR,10600,15.5,,14.48,6.2,,,,,,,,,,,,,,,,,,
Ross Dwelley,TE,3800,3.3,,1.43,0.9,,,,,,,,,,,,,,,,,,
Tom Kennedy,WR,3000,2.6,,0.57,0,,,,,,,,,,,,,,,,,,
,,,,,0,,,,,,,,,,,,,,,,,,,
,,,,,0,,,,,,,,,,,,,,,,,,,
,,,,,0,,,,,,,,,,,,,,,,,,,
Total,,59900,94.05,,,91.92,,,,,,,,,,,,,,,,,,
,,,,,,,,,,,,,,,,,,,,,,,,
Optimal Lineup - FantasyPros,POS,Salary,Projection,2025-12-04 19:36,Roster %,Result,,,,,,,,,,,,,,,,,,
Dak Prescott,MVP,18300,30.45,Slate: Single,15.93,32.160000000000004,,,,,,,,,,,,,,,,,,
Jahmyr Gibbs,RB,13000,20.85,,32.59,33.5,,,,,,,,,,,,,,,,,,
Jared Goff,QB,11200,18.64,,8.12,19.16,,,,,,,,,,,,,,,,,,
George Pickens,WR,10600,15.31,,14.48,6.2,,,,,,,,,,,,,,,,,,
Ross Dwelley,TE,3800,4.91,,1.43,0.9,,,,,,,,,,,,,,,,,,
Tom Kennedy,WR,3000,5.18,,0.57,0,,,,,,,,,,,,,,,,,,
,,,,,0,,,,,,,,,,,,,,,,,,,
,,,,,0,,,,,,,,,,,,,,,,,,,
,,,,,0,,,,,,,,,,,,,,,,,,,
Total,,59900,95.34,,,91.92,,,,,,,,,,,,,,,,,,
,,,,,,,,,,,,,,,,,,,,,,,,
Optimal Lineup - FootballGuys,POS,Salary,Projection,2025-12-04 19:37,Roster %,Result,,,,,,,,,,,,,,,,,,
Jared Goff,MVP,16800,28.02,Slate: Single,8.12,28.740000000000002,,,,,,,,,,,,,,,,,,
Jahmyr Gibbs,RB,13000,19.44,,32.59,33.5,,,,,,,,,,,,,,,,,,
Dak Prescott,QB,12200,18.07,,15.93,21.44,,,,,,,,,,,,,,,,,,
Javonte Williams,RB,9800,13.54,,6.67,13.7,,,,,,,,,,,,,,,,,,
Lions,DST,6400,10.48,,0.73,10,,,,,,,,,,,,,,,,,,
Hunter Luepke,RB,1800,2.69,,1.78,0,,,,,,,,,,,,,,,,,,
,,,,,0,,,,,,,,,,,,,,,,,,,
,,,,,0,,,,,,,,,,,,,,,,,,,
,,,,,0,,,,,,,,,,,,,,,,,,,
Total,,60000,92.24,,,107.38000000000001,,,,,,,,,,,,,,,,,,
,,,,,,,,,,,,,,,,,,,,,,,,
Optimal Lineup - FantasyLabs,POS,Salary,Projection,2025-12-04 19:37,Roster %,Result,,,,,,,,,,,,,,,,,,
Dak Prescott,MVP,18300,32.1,Slate: Single,15.93,32.160000000000004,,,,,,,,,,,,,,,,,,
Jahmyr Gibbs,RB,13000,20.53,,32.59,33.5,,,,,,,,,,,,,,,,,,
Jared Goff,QB,11200,19.32,,8.12,19.16,,,,,,,,,,,,,,,,,,
George Pickens,WR,10600,16.32,,14.48,6.2,,,,,,,,,,,,,,,,,,
Ross Dwelley,TE,3800,3.73,,1.43,0.9,,,,,,,,,,,,,,,,,,
Tom Kennedy,WR,3000,2.37,,0.57,0,,,,,,,,,,,,,,,,,,
,,,,,0,,,,,,,,,,,,,,,,,,,
,,,,,0,,,,,,,,,,,,,,,,,,,
,,,,,0,,,,,,,,,,,,,,,,,,,
Total,,59900,94.37000000000002,,,91.92,,,,,,,,,,,,,,,,,,
,,,,,,,,,,,,,,,,,,,,,,,,
Optimal Lineup - RotoWire,POS,Salary,Projection,2025-12-04 19:37,Roster %,Result,,,,,,,,,,,,,,,,,,
Jared Goff,MVP,16800,29.3,Slate: Single,8.12,28.740000000000002,,,,,,,,,,,,,,,,,,
Jahmyr Gibbs,RB,13000,22.06,,32.59,33.5,,,,,,,,,,,,,,,,,,
Dak Prescott,QB,12200,22.18,,15.93,21.44,,,,,,,,,,,,,,,,,,
CeeDee Lamb,WR,11800,16.84,,16.38,18.1,,,,,,,,,,,,,,,,,,
Ross Dwelley,TE,3800,5.24,,1.43,0.9,,,,,,,,,,,,,,,,,,
Anthony Firkser,TE,2200,2.61,,0.33,1.2000000000000002,,,,,,,,,,,,,,,,,,
,,,,,0,,,,,,,,,,,,,,,,,,,
,,,,,0,,,,,,,,,,,,,,,,,,,
,,,,,0,,,,,,,,,,,,,,,,,,,
Total,,59800,98.22999999999999,,,103.88000000000001,,,,,,,,,,,,,,,,,,
,,,,,,,,,,,,,,,,,,,,,,,,
Optimal Lineup - NumberFire,POS,Salary,Projection,2025-12-04 19:37,Roster %,Result,,,,,,,,,,,,,,,,,,
Dak Prescott,MVP,18300,31.8,Slate: Single,15.93,32.160000000000004,,,,,,,,,,,,,,,,,,
Jahmyr Gibbs,RB,13000,20.9,,32.59,33.5,,,,,,,,,,,,,,,,,,
Jared Goff,QB,11200,19.4,,8.12,19.16,,,,,,,,,,,,,,,,,,
Jameson Williams,WR,9800,14.8,,9.75,13.8,,,,,,,,,,,,,,,,,,
Isaac TeSlaa,WR,5600,8.2,,1.64,9,,,,,,,,,,,,,,,,,,
Hunter Luepke,RB,1800,0.9,,1.78,0,,,,,,,,,,,,,,,,,,
,,,,,0,,,,,,,,,,,,,,,,,,,
,,,,,0,,,,,,,,,,,,,,,,,,,
,,,,,0,,,,,,,,,,,,,,,,,,,
Total,,59700,96,,,107.61999999999999,,,,,,,,,,,,,,,,,,
,,,,,,,,,,,,,,,,,,,,,,,,
Optimal Lineup - DraftEdge,POS,Salary,Projection,2025-12-04 19:37,Roster %,Result,,,,,,,,,,,,,,,,,,
Jameson Williams,MVP,14700,25.5,Slate: Single,9.75,20.700000000000003,,,,,,,,,,,,,,,,,,
Jahmyr Gibbs,RB,13000,19.4,,32.59,33.5,,,,,,,,,,,,,,,,,,
Dak Prescott,QB,12200,21.5,,15.93,21.44,,,,,,,,,,,,,,,,,,
Jared Goff,QB,11200,20.2,,8.12,19.16,,,,,,,,,,,,,,,,,,
Isaac TeSlaa,WR,5600,8.7,,1.64,9,,,,,,,,,,,,,,,,,,
Tom Kennedy,WR,3000,6.4,,0.57,0,,,,,,,,,,,,,,,,,,
,,,,,0,,,,,,,,,,,,,,,,,,,
,,,,,0,,,,,,,,,,,,,,,,,,,
,,,,,0,,,,,,,,,,,,,,,,,,,
Total,,59700,101.70000000000002,,,103.8,,,,,,,,,,,,,,,,,,
,,,,,,,,,,,,,,,,,,,,,,,,
Optimal Lineup - SportsLine,POS,Salary,Projection,2025-12-04 19:37,Roster %,Result,,,,,,,,,,,,,,,,,,
Dak Prescott,MVP,18300,29.92,Slate: Single,15.93,32.160000000000004,,,,,,,,,,,,,,,,,,
Jahmyr Gibbs,RB,13000,19.33,,32.59,33.5,,,,,,,,,,,,,,,,,,
Jared Goff,QB,11200,18.73,,8.12,19.16,,,,,,,,,,,,,,,,,,
George Pickens,WR,10600,14.87,,14.48,6.2,,,,,,,,,,,,,,,,,,
Ross Dwelley,TE,3800,4.37,,1.43,0.9,,,,,,,,,,,,,,,,,,
Tom Kennedy,WR,3000,4.21,,0.57,0,,,,,,,,,,,,,,,,,,
,,,,,0,,,,,,,,,,,,,,,,,,,
,,,,,0,,,,,,,,,,,,,,,,,,,
,,,,,0,,,,,,,,,,,,,,,,,,,
Total,,59900,91.43,,,91.92,,,,,,,,,,,,,,,,,,
,,,,,,,,,,,,,,,,,,,,,,,,
Optimal Lineup - Weighted,POS,Salary,Projection,2025-12-07 12:23,Roster %,Result,,,,,,,,,,,,,,,,,,
Josh Allen,QB,9200,24.23861133333333,Slate: Main,23.25,35.84,,,,,,,,,,,,,,,,,,
Jonathan Taylor,RB,9700,20.507412000000002,,19.76,11.4,,,,,,,,,,,,,,,,,,
De'Von Achane,RB,9200,19.658475333333335,,19.36,17,,,,,,,,,,,,,,,,,,
Michael Wilson,WR,5700,12.229258000000002,,5.9,34.7,,,,,,,,,,,,,,,,,,
DJ Moore,WR,5600,8.860534000000001,,2.96,0.09999999999999998,,,,,,,,,,,,,,,,,,
Luther Burden III,WR,5100,8.036418666666666,,1.65,9,,,,,,,,,,,,,,,,,,
Kyle Pitts Sr.,TE,5300,8.9621,,5.35,12,,,,,,,,,,,,,,,,,,
Ashton Jeanty,FLEX,6800,14.056316,,8.64,4.8,,,,,,,,,,,,,,,,,,
Titans,DST,3400,7.5801266666666685,,22.69,7,,,,,,,,,,,,,,,,,,
Total,,60000,124.129252,,,131.84,,,,,,,,,,,,,,,,,,
,,,,,,,,,,,,,,,,,,,,,,,,
Optimal Lineup - AVG,POS,Salary,Projection,2025-12-07 12:23,Roster %,,,,,,,,,,,,,,,,,,,
Josh Allen,QB,9200,24.265288888888886,Slate: Main,23.25,,,,,,,,,,,,,,,,,,,
Jonathan Taylor,RB,9700,20.6656,,19.76,,,,,,,,,,,,,,,,,,,
De'Von Achane,RB,9200,19.771822222222227,,19.36,,,,,,,,,,,,,,,,,,,
Michael Wilson,WR,5700,12.18373333333333,,5.9,,,,,,,,,,,,,,,,,,,
DJ Moore,WR,5600,8.6992,,2.96,,,,,,,,,,,,,,,,,,,
Luther Burden III,WR,5100,7.8453777777777765,,1.65,,,,,,,,,,,,,,,,,,,
Kyle Pitts Sr.,TE,5300,8.933333333333334,,5.35,,,,,,,,,,,,,,,,,,,
Ashton Jeanty,FLEX,6800,13.914133333333332,,8.64,,,,,,,,,,,,,,,,,,,
Titans,DST,3400,7.59911111111111,,22.69,,,,,,,,,,,,,,,,,,,
Total,,60000,123.8776,,,,,,,,,,,,,,,,,,,,,
,,,,,,,,,,,,,,,,,,,,,,,,
Optimal Lineup - Best 5 Projection,POS,Salary,Projection,2025-12-07 12:23,Roster %,,,,,,,,,,,,,,,,,,,
Josh Allen,QB,9200,23.924599999999998,Slate: Main,23.25,,,,,,,,,,,,,,,,,,,
Jonathan Taylor,RB,9700,20.108400000000003,,19.76,,,,,,,,,,,,,,,,,,,
De'Von Achane,RB,9200,19.5894,,19.36,,,,,,,,,,,,,,,,,,,
Michael Wilson,WR,5700,11.670599999999999,,5.9,,,,,,,,,,,,,,,,,,,
DJ Moore,WR,5600,8.7838,,2.96,,,,,,,,,,,,,,,,,,,
Luther Burden III,WR,5100,7.5664,,1.65,,,,,,,,,,,,,,,,,,,
Kyle Pitts Sr.,TE,5300,8.45,,5.35,,,,,,,,,,,,,,,,,,,
Ashton Jeanty,FLEX,6800,14.021199999999999,,8.64,,,,,,,,,,,,,,,,,,,
Titans,DST,3400,7.542,,22.69,,,,,,,,,,,,,,,,,,,
Total,,60000,121.65639999999999,,,,,,,,,,,,,,,,,,,,,
,,,,,,,,,,,,,,,,,,,,,,,,
Optimal Lineup - DFF,POS,Salary,Projection,2025-12-07 12:23,Roster %,,,,,,,,,,,,,,,,,,,
Matthew Stafford,QB,8000,21.3,Slate: Main,1.97,,,,,,,,,,,,,,,,,,,
Jonathan Taylor,RB,9700,21.1,,19.76,,,,,,,,,,,,,,,,,,,
De'Von Achane,RB,9200,20.3,,19.36,,,,,,,,,,,,,,,,,,,
Michael Wilson,WR,5700,12.9,,5.9,,,,,,,,,,,,,,,,,,,
Jakobi Meyers,WR,6100,10.5,,7.22,,,,,,,,,,,,,,,,,,,
Michael Pittman Jr.,WR,5800,10.1,,7.57,,,,,,,,,,,,,,,,,,,
Kyle Pitts Sr.,TE,5300,10.3,,5.35,,,,,,,,,,,,,,,,,,,
Ashton Jeanty,FLEX,6800,14.9,,8.64,,,,,,,,,,,,,,,,,,,
Titans,DST,3400,6.8,,22.69,,,,,,,,,,,,,,,,,,,
Total,,60000,128.20000000000002,,,,,,,,,,,,,,,,,,,,,
,,,,,,,,,,,,,,,,,,,,,,,,
Optimal Lineup - FantasyPros,POS,Salary,Projection,2025-12-07 12:24,Roster %,,,,,,,,,,,,,,,,,,,
Josh Allen,QB,9200,23.94,Slate: Main,23.25,,,,,,,,,,,,,,,,,,,
De'Von Achane,RB,9200,18.720000000000002,,19.36,,,,,,,,,,,,,,,,,,,
Josh Jacobs,RB,8600,17.520000000000003,,13.78,,,,,,,,,,,,,,,,,,,
Michael Wilson,WR,5700,11.54,,5.9,,,,,,,,,,,,,,,,,,,
Khalil Shakir,WR,5900,9.399999999999999,,9.31,,,,,,,,,,,,,,,,,,,
DJ Moore,WR,5600,9.04,,2.96,,,,,,,,,,,,,,,,,,,
Kyle Pitts Sr.,TE,5300,8.34,,5.35,,,,,,,,,,,,,,,,,,,
Breece Hall,FLEX,7500,14.510000000000002,,6.08,,,,,,,,,,,,,,,,,,,
Saints,DST,3000,5.9,,4.23,,,,,,,,,,,,,,,,,,,
Total,,60000,118.91000000000001,,,,,,,,,,,,,,,,,,,,,
,,,,,,,,,,,,,,,,,,,,,,,,
Optimal Lineup - FootballGuys,POS,Salary,Projection,2025-12-07 12:24,Roster %,,,,,,,,,,,,,,,,,,,
Josh Allen,QB,9200,25.302999999999997,Slate: Main,23.25,,,,,,,,,,,,,,,,,,,
De'Von Achane,RB,9200,19.627000000000002,,19.36,,,,,,,,,,,,,,,,,,,
Ashton Jeanty,RB,6800,15.726,,8.64,,,,,,,,,,,,,,,,,,,
Michael Wilson,WR,5700,12.932999999999998,,5.9,,,,,,,,,,,,,,,,,,,
DJ Moore,WR,5600,10.599,,2.96,,,,,,,,,,,,,,,,,,,
Luther Burden III,WR,5100,9.802,,1.65,,,,,,,,,,,,,,,,,,,
Trey McBride,TE,8600,16.705000000000002,,6.6,,,,,,,,,,,,,,,,,,,
RJ Harvey,FLEX,6500,13.733,,6.79,,,,,,,,,,,,,,,,,,,
Raiders,DST,3100,7.66,,2.77,,,,,,,,,,,,,,,,,,,
Total,,59800,132.08800000000002,,,,,,,,,,,,,,,,,,,,,
,,,,,,,,,,,,,,,,,,,,,,,,
Optimal Lineup - FantasyLabs,POS,Salary,Projection,2025-12-07 12:24,Roster %,,,,,,,,,,,,,,,,,,,
Josh Allen,QB,9200,23.83,Slate: Main,23.25,,,,,,,,,,,,,,,,,,,
Jonathan Taylor,RB,9700,20.79,,19.76,,,,,,,,,,,,,,,,,,,
Bijan Robinson,RB,9000,17.99,,9.44,,,,,,,,,,,,,,,,,,,
Michael Wilson,WR,5700,13,,5.9,,,,,,,,,,,,,,,,,,,
Michael Pittman Jr.,WR,5800,10.96,,7.57,,,,,,,,,,,,,,,,,,,
Luther Burden III,WR,5100,9.19,,1.65,,,,,,,,,,,,,,,,,,,
Kyle Pitts Sr.,TE,5300,10.18,,5.35,,,,,,,,,,,,,,,,,,,
Ashton Jeanty,FLEX,6800,13.93,,8.64,,,,,,,,,,,,,,,,,,,
Titans,DST,3400,7.58,,22.69,,,,,,,,,,,,,,,,,,,
Total,,60000,127.45,,,,,,,,,,,,,,,,,,,,,
,,,,,,,,,,,,,,,,,,,,,,,,
Optimal Lineup - RotoWire,POS,Salary,Projection,2025-12-07 12:24,Roster %,,,,,,,,,,,,,,,,,,,
Josh Allen,QB,9200,25.31,Slate: Main,23.25,,,,,,,,,,,,,,,,,,,
Jonathan Taylor,RB,9700,23.15,,19.76,,,,,,,,,,,,,,,,,,,
James Cook III,RB,9300,20.45,,15.54,,,,,,,,,,,,,,,,,,,
Michael Wilson,WR,5700,12.03,,5.9,,,,,,,,,,,,,,,,,,,
Khalil Shakir,WR,5900,10.38,,9.31,,,,,,,,,,,,,,,,,,,
DJ Moore,WR,5600,9.5,,2.96,,,,,,,,,,,,,,,,,,,
Kyle Pitts Sr.,TE,5300,9.42,,5.35,,,,,,,,,,,,,,,,,,,
Devin Neal,FLEX,5900,10.96,,5.32,,,,,,,,,,,,,,,,,,,
Titans,DST,3400,6.76,,22.69,,,,,,,,,,,,,,,,,,,
Total,,60000,127.96,,,,,,,,,,,,,,,,,,,,,
,,,,,,,,,,,,,,,,,,,,,,,,
Optimal Lineup - NumberFire,POS,Salary,Projection,2025-12-07 12:24,Roster %,,,,,,,,,,,,,,,,,,,
J.J. McCarthy,QB,6400,15.8,Slate: Main,1.8,,,,,,,,,,,,,,,,,,,
Jonathan Taylor,RB,9700,20.7,,19.76,,,,,,,,,,,,,,,,,,,
De'Von Achane,RB,9200,19,,19.36,,,,,,,,,,,,,,,,,,,
Michael Wilson,WR,5700,10.4,,5.9,,,,,,,,,,,,,,,,,,,
Emeka Egbuka,WR,7300,12.6,,5.22,,,,,,,,,,,,,,,,,,,
Khalil Shakir,WR,5900,10.2,,9.31,,,,,,,,,,,,,,,,,,,
Kyle Pitts Sr.,TE,5300,8.2,,5.35,,,,,,,,,,,,,,,,,,,
Breece Hall,FLEX,7500,16.5,,6.08,,,,,,,,,,,,,,,,,,,
Saints,DST,3000,5.9,,4.23,,,,,,,,,,,,,,,,,,,
Total,,60000,119.30000000000001,,,,,,,,,,,,,,,,,,,,,
,,,,,,,,,,,,,,,,,,,,,,,,
Optimal Lineup - DraftEdge,POS,Salary,Projection,2025-12-07 12:24,Roster %,,,,,,,,,,,,,,,,,,,
Josh Allen,QB,9200,25.7,Slate: Main,23.25,,,,,,,,,,,,,,,,,,,
Breece Hall,RB,7500,16.7,,6.08,,,,,,,,,,,,,,,,,,,
Kenneth Walker III,RB,6600,15,,4.43,,,,,,,,,,,,,,,,,,,
Ja'Marr Chase,WR,9100,19.5,,9.98,,,,,,,,,,,,,,,,,,,
Michael Wilson,WR,5700,14.6,,5.9,,,,,,,,,,,,,,,,,,,
Jaylen Waddle,WR,6700,14.1,,8.84,,,,,,,,,,,,,,,,,,,
Kyle Pitts Sr.,TE,5300,10.1,,5.35,,,,,,,,,,,,,,,,,,,
RJ Harvey,FLEX,6500,14.5,,6.79,,,,,,,,,,,,,,,,,,,
Titans,DST,3400,8.8,,22.69,,,,,,,,,,,,,,,,,,,
Total,,60000,139,,,,,,,,,,,,,,,,,,,,,
,,,,,,,,,,,,,,,,,,,,,,,,
Optimal Lineup - SportsLine,POS,Salary,Projection,2025-12-07 12:24,Roster %,,,,,,,,,,,,,,,,,,,
Josh Allen,QB,9200,25.28,Slate: Main,23.25,,,,,,,,,,,,,,,,,,,
De'Von Achane,RB,9200,20.3,,19.36,,,,,,,,,,,,,,,,,,,
Chase Brown,RB,7300,14.57,,10.09,,,,,,,,,,,,,,,,,,,
Michael Wilson,WR,5700,10.58,,5.9,,,,,,,,,,,,,,,,,,,
Michael Pittman Jr.,WR,5800,10.1,,7.57,,,,,,,,,,,,,,,,,,,
Courtland Sutton,WR,6300,11.31,,6.1,,,,,,,,,,,,,,,,,,,
Darren Waller,TE,5100,8.78,,2.67,,,,,,,,,,,,,,,,,,,
RJ Harvey,FLEX,6500,13.56,,6.79,,,,,,,,,,,,,,,,,,,
Browns,DST,4900,13.47,,6.82,,,,,,,,,,,,,,,,,,,
Total,,60000,127.95,,,,,,,,,,,,,,,,,,,,,
,,,,,,,,,,,,,,,,,,,,,,,,
Optimal Lineup - Weighted,POS,Salary,Projection,2025-12-07 18:25,Roster %,,,,,,,,,,,,,,,,,,,
Patrick Mahomes,QB,8400,19.451006666666665,Slate: SNF-MNF,3.87,,,,,,,,,,,,,,,,,,,
Saquon Barkley,RB,8700,14.448479999999998,,5.18,,,,,,,,,,,,,,,,,,,
Woody Marks,RB,6200,10.552304666666668,,4.78,,,,,,,,,,,,,,,,,,,
Nico Collins,WR,8300,12.709669333333334,,7.41,,,,,,,,,,,,,,,,,,,
Quentin Johnston,WR,6200,8.796964666666668,,4.47,,,,,,,,,,,,,,,,,,,
DeVonta Smith,WR,7000,10.730782666666666,,6.63,,,,,,,,,,,,,,,,,,,
Oronde Gadsden II,TE,5700,8.201962000000002,,3.95,,,,,,,,,,,,,,,,,,,
Dalton Schultz,FLEX,5300,7.8504879999999995,,3.2,,,,,,,,,,,,,,,,,,,
Chiefs,DST,4200,8.072833333333334,,5.57,,,,,,,,,,,,,,,,,,,
Total,,60000,100.81449133333335,,,,,,,,,,,,,,,,,,,,,
,,,,,,,,,,,,,,,,,,,,,,,,
Optimal Lineup - AVG,POS,Salary,Projection,2025-12-07 18:25,Roster %,,,,,,,,,,,,,,,,,,,
Patrick Mahomes,QB,8400,19.40311111111111,Slate: SNF-MNF,3.87,,,,,,,,,,,,,,,,,,,
Saquon Barkley,RB,8700,14.534,,5.18,,,,,,,,,,,,,,,,,,,
Woody Marks,RB,6200,10.522177777777777,,4.78,,,,,,,,,,,,,,,,,,,
Nico Collins,WR,8300,12.722355555555556,,7.41,,,,,,,,,,,,,,,,,,,
Quentin Johnston,WR,6200,8.720177777777778,,4.47,,,,,,,,,,,,,,,,,,,
DeVonta Smith,WR,7000,10.691911111111112,,6.63,,,,,,,,,,,,,,,,,,,
Oronde Gadsden II,TE,5700,8.1656,,3.95,,,,,,,,,,,,,,,,,,,
Dalton Schultz,FLEX,5300,7.784400000000001,,3.2,,,,,,,,,,,,,,,,,,,
Chiefs,DST,4200,7.945555555555556,,5.57,,,,,,,,,,,,,,,,,,,
Total,,60000,100.4892888888889,,,,,,,,,,,,,,,,,,,,,
,,,,,,,,,,,,,,,,,,,,,,,,
Optimal Lineup - Best 5 Projection,POS,Salary,Projection,2025-12-07 18:25,Roster %,,,,,,,,,,,,,,,,,,,
Patrick Mahomes,QB,8400,19.327999999999996,Slate: SNF-MNF,3.87,,,,,,,,,,,,,,,,,,,
Saquon Barkley,RB,8700,14.186000000000002,,5.18,,,,,,,,,,,,,,,,,,,
Woody Marks,RB,6200,10.586599999999999,,4.78,,,,,,,,,,,,,,,,,,,
Nico Collins,WR,8300,12.5352,,7.41,,,,,,,,,,,,,,,,,,,
Quentin Johnston,WR,6200,9.118599999999999,,4.47,,,,,,,,,,,,,,,,,,,
DeVonta Smith,WR,7000,10.481200000000001,,6.63,,,,,,,,,,,,,,,,,,,
Oronde Gadsden II,TE,5700,8.203399999999998,,3.95,,,,,,,,,,,,,,,,,,,
Dalton Schultz,FLEX,5300,7.771600000000001,,3.2,,,,,,,,,,,,,,,,,,,
Chiefs,DST,4200,8.25,,5.57,,,,,,,,,,,,,,,,,,,
Total,,60000,100.4606,,,,,,,,,,,,,,,,,,,,,
,,,,,,,,,,,,,,,,,,,,,,,,
Optimal Lineup - DFF,POS,Salary,Projection,2025-12-07 18:26,Roster %,,,,,,,,,,,,,,,,,,,
Jalen Hurts,QB,9000,20.64,Slate: SNF-MNF,2.99,,,,,,,,,,,,,,,,,,,
Saquon Barkley,RB,8700,14.87,,5.18,,,,,,,,,,,,,,,,,,,
Woody Marks,RB,6200,10.05,,4.78,,,,,,,,,,,,,,,,,,,
Quentin Johnston,WR,6200,11.1,,4.47,,,,,,,,,,,,,,,,,,,
DeVonta Smith,WR,7000,11,,6.63,,,,,,,,,,,,,,,,,,,
Ladd McConkey,WR,7200,10.76,,5.9,,,,,,,,,,,,,,,,,,,
Travis Kelce,TE,6200,9.1,,4.46,,,,,,,,,,,,,,,,,,,
Dalton Schultz,FLEX,5300,7.85,,3.2,,,,,,,,,,,,,,,,,,,
Chiefs,DST,4200,7.77,,5.57,,,,,,,,,,,,,,,,,,,
Total,,60000,103.13999999999999,,,,,,,,,,,,,,,,,,,,,
,,,,,,,,,,,,,,,,,,,,,,,,
Optimal Lineup - FantasyPros,POS,Salary,Projection,2025-12-07 18:26,Roster %,,,,,,,,,,,,,,,,,,,
Patrick Mahomes,QB,8400,19.65,Slate: SNF-MNF,3.87,,,,,,,,,,,,,,,,,,,
Woody Marks,RB,6200,10.83,,4.78,,,,,,,,,,,,,,,,,,,
Kareem Hunt,RB,6300,9.5,,1.76,,,,,,,,,,,,,,,,,,,
Nico Collins,WR,8300,12.55,,7.41,,,,,,,,,,,,,,,,,,,
A.J. Brown,WR,8400,12.4,,5.63,,,,,,,,,,,,,,,,,,,
Ladd McConkey,WR,7200,11.01,,5.9,,,,,,,,,,,,,,,,,,,
Oronde Gadsden II,TE,5700,8.510000000000002,,3.95,,,,,,,,,,,,,,,,,,,
Dalton Schultz,FLEX,5300,7.590000000000001,,3.2,,,,,,,,,,,,,,,,,,,
Chiefs,DST,4200,7.77,,5.57,,,,,,,,,,,,,,,,,,,
Total,,60000,99.81000000000002,,,,,,,,,,,,,,,,,,,,,
,,,,,,,,,,,,,,,,,,,,,,,,
Optimal Lineup - FootballGuys,POS,Salary,Projection,2025-12-07 18:26,Roster %,,,,,,,,,,,,,,,,,,,
C.J. Stroud,QB,6800,17.4292,Slate: SNF-MNF,0.84,,,,,,,,,,,,,,,,,,,
Woody Marks,RB,6200,10.633,,4.78,,,,,,,,,,,,,,,,,,,
Kareem Hunt,RB,6300,11.027999999999999,,1.76,,,,,,,,,,,,,,,,,,,
Rashee Rice,WR,8900,15.821,,7.72,,,,,,,,,,,,,,,,,,,
Nico Collins,WR,8300,13.086,,7.41,,,,,,,,,,,,,,,,,,,
DeVonta Smith,WR,7000,11.116000000000001,,6.63,,,,,,,,,,,,,,,,,,,
Travis Kelce,TE,6200,10.88,,4.46,,,,,,,,,,,,,,,,,,,
Dalton Schultz,FLEX,5300,8.847999999999999,,3.2,,,,,,,,,,,,,,,,,,,
Chiefs,DST,4200,9.78,,5.57,,,,,,,,,,,,,,,,,,,
Total,,59200,108.62119999999999,,,,,,,,,,,,,,,,,,,,,
,,,,,,,,,,,,,,,,,,,,,,,,
Optimal Lineup - FantasyLabs,POS,Salary,Projection,2025-12-07 18:26,Roster %,,,,,,,,,,,,,,,,,,,
C.J. Stroud,QB,6800,15.79,Slate: SNF-MNF,0.84,,,,,,,,,,,,,,,,,,,
Saquon Barkley,RB,8700,14.84,,5.18,,,,,,,,,,,,,,,,,,,
Woody Marks,RB,6200,10.2,,4.78,,,,,,,,,,,,,,,,,,,
Rashee Rice,WR,8900,15.22,,7.72,,,,,,,,,,,,,,,,,,,
DeVonta Smith,WR,7000,10.69,,6.63,,,,,,,,,,,,,,,,,,,
Ladd McConkey,WR,7200,9.82,,5.9,,,,,,,,,,,,,,,,,,,
Oronde Gadsden II,TE,5700,7.33,,3.95,,,,,,,,,,,,,,,,,,,
Dalton Schultz,FLEX,5300,7.54,,3.2,,,,,,,,,,,,,,,,,,,
Chiefs,DST,4200,7.84,,5.57,,,,,,,,,,,,,,,,,,,
Total,,60000,99.27000000000001,,,,,,,,,,,,,,,,,,,,,
,,,,,,,,,,,,,,,,,,,,,,,,
Optimal Lineup - RotoWire,POS,Salary,Projection,2025-12-07 18:26,Roster %,,,,,,,,,,,,,,,,,,,
Patrick Mahomes,QB,8400,20.68,Slate: SNF-MNF,3.87,,,,,,,,,,,,,,,,,,,
Saquon Barkley,RB,8700,13.95,,5.18,,,,,,,,,,,,,,,,,,,
Woody Marks,RB,6200,11.18,,4.78,,,,,,,,,,,,,,,,,,,
Quentin Johnston,WR,6200,9.39,,4.47,,,,,,,,,,,,,,,,,,,
DeVonta Smith,WR,7000,11.25,,6.63,,,,,,,,,,,,,,,,,,,
Ladd McConkey,WR,7200,11.34,,5.9,,,,,,,,,,,,,,,,,,,
Oronde Gadsden II,TE,5700,8.54,,3.95,,,,,,,,,,,,,,,,,,,
Kareem Hunt,FLEX,6300,9.87,,1.76,,,,,,,,,,,,,,,,,,,
Chiefs,DST,4200,7.07,,5.57,,,,,,,,,,,,,,,,,,,
Total,,59900,103.26999999999998,,,,,,,,,,,,,,,,,,,,,
,,,,,,,,,,,,,,,,,,,,,,,,
Optimal Lineup - NumberFire,POS,Salary,Projection,2025-12-07 18:26,Roster %,,,,,,,,,,,,,,,,,,,
Patrick Mahomes,QB,8400,18.2,Slate: SNF-MNF,3.87,,,,,,,,,,,,,,,,,,,
Saquon Barkley,RB,8700,14.3,,5.18,,,,,,,,,,,,,,,,,,,
Woody Marks,RB,6200,11.4,,4.78,,,,,,,,,,,,,,,,,,,
Quentin Johnston,WR,6200,9.5,,4.47,,,,,,,,,,,,,,,,,,,
DeVonta Smith,WR,7000,10.4,,6.63,,,,,,,,,,,,,,,,,,,
Ladd McConkey,WR,7200,11.8,,5.9,,,,,,,,,,,,,,,,,,,
Travis Kelce,TE,6200,9,,4.46,,,,,,,,,,,,,,,,,,,
Oronde Gadsden II,FLEX,5700,9.6,,3.95,,,,,,,,,,,,,,,,,,,
Chiefs,DST,4200,7.77,,5.57,,,,,,,,,,,,,,,,,,,
Total,,59800,101.96999999999998,,,,,,,,,,,,,,,,,,,,,
,,,,,,,,,,,,,,,,,,,,,,,,
Optimal Lineup - DraftEdge,POS,Salary,Projection,2025-12-07 18:26,Roster %,,,,,,,,,,,,,,,,,,,
C.J. Stroud,QB,6800,16.2,Slate: SNF-MNF,0.84,,,,,,,,,,,,,,,,,,,
Saquon Barkley,RB,8700,16.9,,5.18,,,,,,,,,,,,,,,,,,,
Kareem Hunt,RB,6300,10.2,,1.76,,,,,,,,,,,,,,,,,,,
Nico Collins,WR,8300,13.7,,7.41,,,,,,,,,,,,,,,,,,,
DeVonta Smith,WR,7000,11.4,,6.63,,,,,,,,,,,,,,,,,,,
Ladd McConkey,WR,7200,10.8,,5.9,,,,,,,,,,,,,,,,,,,
Travis Kelce,TE,6200,9.9,,4.46,,,,,,,,,,,,,,,,,,,
Dalton Schultz,FLEX,5300,9.1,,3.2,,,,,,,,,,,,,,,,,,,
Chiefs,DST,4200,7.1,,5.57,,,,,,,,,,,,,,,,,,,
Total,,60000,105.3,,,,,,,,,,,,,,,,,,,,,
,,,,,,,,,,,,,,,,,,,,,,,,
Optimal Lineup - SportsLine,POS,Salary,Projection,2025-12-07 18:26,Roster %,,,,,,,,,,,,,,,,,,,
Patrick Mahomes,QB,8400,19.49,Slate: SNF-MNF,3.87,,,,,,,,,,,,,,,,,,,
Saquon Barkley,RB,8700,13.85,,5.18,,,,,,,,,,,,,,,,,,,
Woody Marks,RB,6200,10.02,,4.78,,,,,,,,,,,,,,,,,,,
Nico Collins,WR,8300,12.44,,7.41,,,,,,,,,,,,,,,,,,,
Xavier Worthy,WR,5900,7.62,,3.36,,,,,,,,,,,,,,,,,,,
Jayden Higgins,WR,5800,8.31,,3.14,,,,,,,,,,,,,,,,,,,
Travis Kelce,TE,6200,8.88,,4.46,,,,,,,,,,,,,,,,,,,
Kimani Vidal,FLEX,6700,11.46,,1.26,,,,,,,,,,,,,,,,,,,
Chargers,DST,3800,7.51,,1.19,,,,,,,,,,,,,,,,,,,
Total,,60000,99.58,,,,,,,,,,,,,,,,,,,,,
,,,,,,,,,,,,,,,,,,,,,,,,
Optimal Lineup - Weighted,POS,Salary,Projection,2025-12-11 19:33,Roster %,Result,,,,,,,,,,,,,,,,,,
Bijan Robinson,MVP,19500,27.46,Slate: Single,14.9,38.25,,,,,,,,,,,,,,,,,,
Baker Mayfield,QB,12200,18.11,,5.26,18.18,,,,,,,,,,,,,,,,,,
Kirk Cousins,QB,10400,12.75,,0.21,29.92,,,,,,,,,,,,,,,,,,
Emeka Egbuka,WR,9600,10.37,,4.14,8.4,,,,,,,,,,,,,,,,,,
Buccaneers,DST,6800,8.08,,2.73,4,,,,,,,,,,,,,,,,,,
Payne Durham,TE,1400,2.74,,0.76,Not Found,,,,,,,,,,,,,,,,,,
,,,,,,,,,,,,,,,,,,,,,,,,
,,,,,,,,,,,,,,,,,,,,,,,,
,,,,,,,,,,,,,,,,,,,,,,,,
Total,,59900,79.50999999999999,,,98.75,,,,,,,,,,,,,,,,,,
,,,,,,,,,,,,,,,,,,,,,,,,
Optimal Lineup - AVG,POS,Salary,Projection,2025-12-11 19:33,Roster %,Result,,,,,,,,,,,,,,,,,,
Bijan Robinson,MVP,19500,27.48,Slate: Single,14.9,38.25,,,,,,,,,,,,,,,,,,
Baker Mayfield,QB,12200,18.13,,5.26,18.18,,,,,,,,,,,,,,,,,,
Kirk Cousins,QB,10400,12.91,,0.21,29.92,,,,,,,,,,,,,,,,,,
Emeka Egbuka,WR,9600,10.28,,4.14,8.4,,,,,,,,,,,,,,,,,,
Buccaneers,DST,6800,7.91,,2.73,4,,,,,,,,,,,,,,,,,,
Payne Durham,TE,1400,2.97,,0.76,Not Found,,,,,,,,,,,,,,,,,,
,,,,,,,,,,,,,,,,,,,,,,,,
,,,,,,,,,,,,,,,,,,,,,,,,
,,,,,,,,,,,,,,,,,,,,,,,,
Total,,59900,79.67999999999999,,,98.75,,,,,,,,,,,,,,,,,,
,,,,,,,,,,,,,,,,,,,,,,,,
Optimal Lineup - Best 5 Projection,POS,Salary,Projection,2025-12-11 19:33,Roster %,Result,,,,,,,,,,,,,,,,,,
Bijan Robinson,MVP,19500,27.06,Slate: Single,14.9,38.25,,,,,,,,,,,,,,,,,,
Baker Mayfield,QB,12200,17.89,,5.26,18.18,,,,,,,,,,,,,,,,,,
Kirk Cousins,QB,10400,12.85,,0.21,29.92,,,,,,,,,,,,,,,,,,
Emeka Egbuka,WR,9600,10.43,,4.14,8.4,,,,,,,,,,,,,,,,,,
Buccaneers,DST,6800,8.22,,2.73,4,,,,,,,,,,,,,,,,,,
Payne Durham,TE,1400,2.73,,0.76,Not Found,,,,,,,,,,,,,,,,,,
,,,,,,,,,,,,,,,,,,,,,,,,
,,,,,,,,,,,,,,,,,,,,,,,,
,,,,,,,,,,,,,,,,,,,,,,,,
Total,,59900,79.18,,,98.75,,,,,,,,,,,,,,,,,,
,,,,,,,,,,,,,,,,,,,,,,,,
Optimal Lineup - DFF,POS,Salary,Projection,2025-12-11 19:34,Roster %,Result,,,,,,,,,,,,,,,,,,
Baker Mayfield,MVP,18300,27.3,Slate: Single,5.26,27.27,,,,,,,,,,,,,,,,,,
Bijan Robinson,RB,13000,18,,14.9,25.5,,,,,,,,,,,,,,,,,,
Kirk Cousins,QB,10400,11.9,,0.21,29.92,,,,,,,,,,,,,,,,,,
Kyle Pitts Sr.,TE,8400,10.2,,6.53,43.1,,,,,,,,,,,,,,,,,,
Buccaneers,DST,6800,7.5,,2.73,4,,,,,,,,,,,,,,,,,,
Payne Durham,TE,1400,3.4,,0.76,Not Found,,,,,,,,,,,,,,,,,,
,,,,,,,,,,,,,,,,,,,,,,,,
,,,,,,,,,,,,,,,,,,,,,,,,
,,,,,,,,,,,,,,,,,,,,,,,,
Total,,58300,78.3,,,129.79,,,,,,,,,,,,,,,,,,
,,,,,,,,,,,,,,,,,,,,,,,,
Optimal Lineup - FantasyPros,POS,Salary,Projection,2025-12-11 19:34,Roster %,Result,,,,,,,,,,,,,,,,,,
Bijan Robinson,MVP,19500,27.81,Slate: Single,14.9,38.25,,,,,,,,,,,,,,,,,,
Baker Mayfield,QB,12200,17.2,,5.26,18.18,,,,,,,,,,,,,,,,,,
Kirk Cousins,QB,10400,13.08,,0.21,29.92,,,,,,,,,,,,,,,,,,
Emeka Egbuka,WR,9600,9.87,,4.14,8.4,,,,,,,,,,,,,,,,,,
Buccaneers,DST,6800,7.5,,2.73,4,,,,,,,,,,,,,,,,,,
Payne Durham,TE,1400,2.62,,0.76,Not Found,,,,,,,,,,,,,,,,,,
,,,,,,,,,,,,,,,,,,,,,,,,
,,,,,,,,,,,,,,,,,,,,,,,,
,,,,,,,,,,,,,,,,,,,,,,,,
Total,,59900,78.08,,,98.75,,,,,,,,,,,,,,,,,,
,,,,,,,,,,,,,,,,,,,,,,,,
Optimal Lineup - FootballGuys,POS,Salary,Projection,2025-12-11 19:34,Roster %,Result,,,,,,,,,,,,,,,,,,
Baker Mayfield,MVP,18300,28.23,Slate: Single,5.26,27.27,,,,,,,,,,,,,,,,,,
Bijan Robinson,RB,13000,17.89,,14.9,25.5,,,,,,,,,,,,,,,,,,
Bucky Irving,RB,12600,15.87,,4.45,7.6,,,,,,,,,,,,,,,,,,
Buccaneers,DST,6800,10.7,,2.73,4,,,,,,,,,,,,,,,,,,
Falcons,DST,6000,6.86,,0.16,6,,,,,,,,,,,,,,,,,,
Sterling Shepard,WR,3200,3.1,,0.04,Not Found,,,,,,,,,,,,,,,,,,
,,,,,,,,,,,,,,,,,,,,,,,,
,,,,,,,,,,,,,,,,,,,,,,,,
,,,,,,,,,,,,,,,,,,,,,,,,
Total,,59900,82.64999999999999,,,70.37,,,,,,,,,,,,,,,,,,
,,,,,,,,,,,,,,,,,,,,,,,,
Optimal Lineup - FantasyLabs,POS,Salary,Projection,2025-12-11 19:34,Roster %,Result,,,,,,,,,,,,,,,,,,
Baker Mayfield,MVP,18300,27,Slate: Single,5.26,27.27,,,,,,,,,,,,,,,,,,
Bijan Robinson,RB,13000,17.62,,14.9,25.5,,,,,,,,,,,,,,,,,,
Kirk Cousins,QB,10400,11.64,,0.21,29.92,,,,,,,,,,,,,,,,,,
Emeka Egbuka,WR,9600,10.95,,4.14,8.4,,,,,,,,,,,,,,,,,,
Buccaneers,DST,6800,7.6,,2.73,4,,,,,,,,,,,,,,,,,,
Payne Durham,TE,1400,3.27,,0.76,Not Found,,,,,,,,,,,,,,,,,,
,,,,,,,,,,,,,,,,,,,,,,,,
,,,,,,,,,,,,,,,,,,,,,,,,
,,,,,,,,,,,,,,,,,,,,,,,,
Total,,59500,78.08,,,95.09,,,,,,,,,,,,,,,,,,
,,,,,,,,,,,,,,,,,,,,,,,,
Optimal Lineup - RotoWire,POS,Salary,Projection,2025-12-11 19:34,Roster %,Result,,,,,,,,,,,,,,,,,,
Baker Mayfield,MVP,18300,30.32,Slate: Single,5.26,27.27,,,,,,,,,,,,,,,,,,
Bijan Robinson,RB,13000,20.04,,14.9,25.5,,,,,,,,,,,,,,,,,,
Kirk Cousins,QB,10400,13.54,,0.21,29.92,,,,,,,,,,,,,,,,,,
Kyle Pitts Sr.,TE,8400,9.78,,6.53,43.1,,,,,,,,,,,,,,,,,,
Darnell Mooney,WR,7800,7.72,,2.65,5,,,,,,,,,,,,,,,,,,
Payne Durham,TE,1400,3.55,,0.76,Not Found,,,,,,,,,,,,,,,,,,
,,,,,,,,,,,,,,,,,,,,,,,,
,,,,,,,,,,,,,,,,,,,,,,,,
,,,,,,,,,,,,,,,,,,,,,,,,
Total,,59300,84.94999999999999,,,130.79,,,,,,,,,,,,,,,,,,
,,,,,,,,,,,,,,,,,,,,,,,,
Optimal Lineup - NumberFire,POS,Salary,Projection,2025-12-11 19:34,Roster %,Result,,,,,,,,,,,,,,,,,,
Bijan Robinson,MVP,19500,28.8,Slate: Single,14.9,38.25,,,,,,,,,,,,,,,,,,
Baker Mayfield,QB,12200,17.3,,5.26,18.18,,,,,,,,,,,,,,,,,,
Kirk Cousins,QB,10400,13.7,,0.21,29.92,,,,,,,,,,,,,,,,,,
Kyle Pitts Sr.,TE,8400,11,,6.53,43.1,,,,,,,,,,,,,,,,,,
Buccaneers,DST,6800,7.5,,2.73,4,,,,,,,,,,,,,,,,,,
Payne Durham,TE,1400,4.1,,0.76,Not Found,,,,,,,,,,,,,,,,,,
,,,,,,,,,,,,,,,,,,,,,,,,
,,,,,,,,,,,,,,,,,,,,,,,,
,,,,,,,,,,,,,,,,,,,,,,,,
Total,,58700,82.39999999999999,,,133.45,,,,,,,,,,,,,,,,,,
,,,,,,,,,,,,,,,,,,,,,,,,
Optimal Lineup - DraftEdge,POS,Salary,Projection,2025-12-11 19:34,Roster %,Result,,,,,,,,,,,,,,,,,,
Bijan Robinson,MVP,19500,28.5,Slate: Single,14.9,38.25,,,,,,,,,,,,,,,,,,
Baker Mayfield,QB,12200,17.6,,5.26,18.18,,,,,,,,,,,,,,,,,,
Kirk Cousins,QB,10400,13.9,,0.21,29.92,,,,,,,,,,,,,,,,,,
Kyle Pitts Sr.,TE,8400,10.9,,6.53,43.1,,,,,,,,,,,,,,,,,,
Tyler Allgeier,RB,7400,7.3,,1.09,1.8,,,,,,,,,,,,,,,,,,
Payne Durham,TE,1400,3.5,,0.76,Not Found,,,,,,,,,,,,,,,,,,
,,,,,,,,,,,,,,,,,,,,,,,,
,,,,,,,,,,,,,,,,,,,,,,,,
,,,,,,,,,,,,,,,,,,,,,,,,
Total,,59300,81.7,,,131.25,,,,,,,,,,,,,,,,,,
,,,,,,,,,,,,,,,,,,,,,,,,
Optimal Lineup - SportsLine,POS,Salary,Projection,2025-12-11 19:34,Roster %,Result,,,,,,,,,,,,,,,,,,
Baker Mayfield,MVP,18300,26.92,Slate: Single,5.26,27.27,,,,,,,,,,,,,,,,,,
Bijan Robinson,RB,13000,16.56,,14.9,25.5,,,,,,,,,,,,,,,,,,
Kirk Cousins,QB,10400,13.71,,0.21,29.92,,,,,,,,,,,,,,,,,,
Emeka Egbuka,WR,9600,11.52,,4.14,8.4,,,,,,,,,,,,,,,,,,
Buccaneers,DST,6800,7.92,,2.73,4,,,,,,,,,,,,,,,,,,
Payne Durham,TE,1400,3.4,,0.76,Not Found,,,,,,,,,,,,,,,,,,
,,,,,,,,,,,,,,,,,,,,,,,,
,,,,,,,,,,,,,,,,,,,,,,,,
,,,,,,,,,,,,,,,,,,,,,,,,
Total,,59500,80.03000000000002,,,95.09,,,,,,,,,,,,,,,,,,
,,,,,,,,,,,,,,,,,,,,,,,,
Optimal Lineup - Weighted,POS,Salary,Projection,2025-12-14 12:30,Roster %,Result,,,,,,,,,,,,,,,,,,
Brock Purdy,QB,7500,20.054731999999998,Slate: Main,8.05,28.200000000000003,,,,,,,,,,,,,,,,,,
Christian McCaffrey,RB,9000,21.99702666666667,,23.41,15.200000000000001,,,,,,,,,,,,,,,,,,
Kenneth Walker III,RB,6200,12.697413333333335,,5.42,2.4000000000000004,,,,,,,,,,,,,,,,,,
Ja'Marr Chase,WR,9200,17.573073333333333,,11.23,21.200000000000003,,,,,,,,,,,,,,,,,,
Jameson Williams,WR,6300,12.017756666666669,,9.63,25.9,,,,,,,,,,,,,,,,,,
Wan'Dale Robinson,WR,5800,11.098993333333334,,12.32,13.9,,,,,,,,,,,,,,,,,,
George Kittle,TE,6500,12.184920000000002,,7.39,18.8,,,,,,,,,,,,,,,,,,
Ashton Jeanty,FLEX,6300,12.984776000000002,,7.52,6.2,,,,,,,,,,,,,,,,,,
Saints,DST,3200,6.5625333333333336,,10.97,4,,,,,,,,,,,,,,,,,,
Total,,60000,127.17122466666669,,,135.8,,,,,,,,,,,,,,,,,,
,,,,,,,,,,,,,,,,,,,,,,,,
Optimal Lineup - AVG,POS,Salary,Projection,2025-12-14 12:30,Roster %,Result,,,,,,,,,,,,,,,,,,
Brock Purdy,QB,7500,20.2316,Slate: Main,8.05,28.200000000000003,,,,,,,,,,,,,,,,,,
Christian McCaffrey,RB,9000,22.122444444444444,,23.41,15.200000000000001,,,,,,,,,,,,,,,,,,
Woody Marks,RB,6500,14.098622222222222,,9.22,4.3,,,,,,,,,,,,,,,,,,
Ja'Marr Chase,WR,9200,17.737555555555556,,11.23,21.200000000000003,,,,,,,,,,,,,,,,,,
Jameson Williams,WR,6300,12.033111111111111,,9.63,25.9,,,,,,,,,,,,,,,,,,
Wan'Dale Robinson,WR,5800,11.173555555555557,,12.32,13.9,,,,,,,,,,,,,,,,,,
George Kittle,TE,6500,12.189333333333334,,7.39,18.8,,,,,,,,,,,,,,,,,,
Tyrone Tracy Jr.,FLEX,5800,11.221333333333332,,5.03,23.2,,,,,,,,,,,,,,,,,,
Giants,DST,3300,6.865333333333334,,4.19,5,,,,,,,,,,,,,,,,,,
Total,,59900,127.67288888888889,,,155.70000000000002,,,,,,,,,,,,,,,,,,
,,,,,,,,,,,,,,,,,,,,,,,,
Optimal Lineup - Best 5 Projection,POS,Salary,Projection,2025-12-14 12:30,Roster %,Result,,,,,,,,,,,,,,,,,,
Brock Purdy,QB,7500,20.232400000000002,Slate: Main,8.05,28.200000000000003,,,,,,,,,,,,,,,,,,
Christian McCaffrey,RB,9000,22.552,,23.41,15.200000000000001,,,,,,,,,,,,,,,,,,
Kenneth Walker III,RB,6200,12.756,,5.42,2.4000000000000004,,,,,,,,,,,,,,,,,,
Ja'Marr Chase,WR,9200,17.498,,11.23,21.200000000000003,,,,,,,,,,,,,,,,,,
Jameson Williams,WR,6300,11.893,,9.63,25.9,,,,,,,,,,,,,,,,,,
Wan'Dale Robinson,WR,5800,10.762,,12.32,13.9,,,,,,,,,,,,,,,,,,
George Kittle,TE,6500,12.144000000000002,,7.39,18.8,,,,,,,,,,,,,,,,,,
Ashton Jeanty,FLEX,6300,13.143199999999998,,7.52,6.2,,,,,,,,,,,,,,,,,,
Saints,DST,3200,6.9,,10.97,4,,,,,,,,,,,,,,,,,,
Total,,60000,127.88060000000002,,,135.8,,,,,,,,,,,,,,,,,,
,,,,,,,,,,,,,,,,,,,,,,,,
Optimal Lineup - DFF,POS,Salary,Projection,2025-12-14 12:30,Roster %,Result,,,,,,,,,,,,,,,,,,
Trevor Lawrence,QB,7200,18.8,Slate: Main,1.84,47.300000000000004,,,,,,,,,,,,,,,,,,
Christian McCaffrey,RB,9000,21.7,,23.41,15.200000000000001,,,,,,,,,,,,,,,,,,
Woody Marks,RB,6500,15.3,,9.22,4.3,,,,,,,,,,,,,,,,,,
Ja'Marr Chase,WR,9200,18.4,,11.23,21.200000000000003,,,,,,,,,,,,,,,,,,
Jameson Williams,WR,6300,12,,9.63,25.9,,,,,,,,,,,,,,,,,,
Wan'Dale Robinson,WR,5800,11,,12.32,13.9,,,,,,,,,,,,,,,,,,
George Kittle,TE,6500,12.8,,7.39,18.8,,,,,,,,,,,,,,,,,,
Kenneth Walker III,FLEX,6200,13.4,,5.42,2.4000000000000004,,,,,,,,,,,,,,,,,,
Giants,DST,3300,6.8,,4.19,5,,,,,,,,,,,,,,,,,,
Total,,60000,130.2,,,154.00000000000003,,,,,,,,,,,,,,,,,,
,,,,,,,,,,,,,,,,,,,,,,,,
Optimal Lineup - FantasyPros,POS,Salary,Projection,2025-12-14 12:30,Roster %,Result,,,,,,,,,,,,,,,,,,
Brock Purdy,QB,7500,19.862,Slate: Main,8.05,28.200000000000003,,,,,,,,,,,,,,,,,,
Christian McCaffrey,RB,9000,22.200000000000003,,23.41,15.200000000000001,,,,,,,,,,,,,,,,,,
Woody Marks,RB,6500,13.809999999999999,,9.22,4.3,,,,,,,,,,,,,,,,,,
Amon-Ra St. Brown,WR,8600,15.309999999999999,,10.89,37.900000000000006,,,,,,,,,,,,,,,,,,
Jameson Williams,WR,6300,11.770000000000001,,9.63,25.9,,,,,,,,,,,,,,,,,,
Wan'Dale Robinson,WR,5800,10.809999999999999,,12.32,13.9,,,,,,,,,,,,,,,,,,
George Kittle,TE,6500,11.72,,7.39,18.8,,,,,,,,,,,,,,,,,,
Kenneth Walker III,FLEX,6200,12.08,,5.42,2.4000000000000004,,,,,,,,,,,,,,,,,,
Panthers,DST,3600,7.2,,23.39,6,,,,,,,,,,,,,,,,,,
Total,,60000,124.762,,,152.60000000000002,,,,,,,,,,,,,,,,,,
,,,,,,,,,,,,,,,,,,,,,,,,
Optimal Lineup - FootballGuys,POS,Salary,Projection,2025-12-14 12:30,Roster %,Result,,,,,,,,,,,,,,,,,,
Bo Nix,QB,7100,18.7522,Slate: Main,1.19,32.08,,,,,,,,,,,,,,,,,,
Christian McCaffrey,RB,9000,21.7,,23.41,15.200000000000001,,,,,,,,,,,,,,,,,,
Jahmyr Gibbs,RB,9500,22.416,,16.31,7.800000000000001,,,,,,,,,,,,,,,,,,
Jameson Williams,WR,6300,12.655000000000001,,9.63,25.9,,,,,,,,,,,,,,,,,,
Wan'Dale Robinson,WR,5800,11,,12.32,13.9,,,,,,,,,,,,,,,,,,
Jakobi Meyers,WR,6100,11.549999999999999,,5.13,9.600000000000001,,,,,,,,,,,,,,,,,,
George Kittle,TE,6500,12.8,,7.39,18.8,,,,,,,,,,,,,,,,,,
Ashton Jeanty,FLEX,6300,15.726,,7.52,6.2,,,,,,,,,,,,,,,,,,
Ravens,DST,3400,9.780000000000001,,0.8,23,,,,,,,,,,,,,,,,,,
Total,,60000,136.3792,,,152.48,,,,,,,,,,,,,,,,,,
,,,,,,,,,,,,,,,,,,,,,,,,
Optimal Lineup - FantasyLabs,POS,Salary,Projection,2025-12-14 12:31,Roster %,Result,,,,,,,,,,,,,,,,,,
Matthew Stafford,QB,8300,22.2,Slate: Main,3.89,24.92,,,,,,,,,,,,,,,,,,
Christian McCaffrey,RB,9000,20.31,,23.41,15.200000000000001,,,,,,,,,,,,,,,,,,
James Cook III,RB,8300,16.7,,8.68,33.1,,,,,,,,,,,,,,,,,,
Jameson Williams,WR,6300,12.09,,9.63,25.9,,,,,,,,,,,,,,,,,,
Wan'Dale Robinson,WR,5800,11.56,,12.32,13.9,,,,,,,,,,,,,,,,,,
Jakobi Meyers,WR,6100,10.7,,5.13,9.600000000000001,,,,,,,,,,,,,,,,,,
George Kittle,TE,6500,12.51,,7.39,18.8,,,,,,,,,,,,,,,,,,
Woody Marks,FLEX,6500,15.53,,9.22,4.3,,,,,,,,,,,,,,,,,,
Saints,DST,3200,6.26,,10.97,4,,,,,,,,,,,,,,,,,,
Total,,60000,127.86000000000001,,,149.72000000000003,,,,,,,,,,,,,,,,,,
,,,,,,,,,,,,,,,,,,,,,,,,
Optimal Lineup - RotoWire,POS,Salary,Projection,2025-12-14 12:31,Roster %,Result,,,,,,,,,,,,,,,,,,
Jaxson Dart,QB,7600,21.19,Slate: Main,10.31,23.14,,,,,,,,,,,,,,,,,,
Christian McCaffrey,RB,9000,21.28,,23.41,15.200000000000001,,,,,,,,,,,,,,,,,,
Woody Marks,RB,6500,14.55,,9.22,4.3,,,,,,,,,,,,,,,,,,
Puka Nacua,WR,9700,20.54,,14.23,26.400000000000002,,,,,,,,,,,,,,,,,,
Wan'Dale Robinson,WR,5800,11.43,,12.32,13.9,,,,,,,,,,,,,,,,,,
Khalil Shakir,WR,5900,10.51,,6.68,9,,,,,,,,,,,,,,,,,,
Harold Fannin Jr.,TE,5700,11.67,,5.63,8.5,,,,,,,,,,,,,,,,,,
Jeremy McNichols,FLEX,5000,8.97,,0.5,0.7000000000000002,,,,,,,,,,,,,,,,,,
Eagles,DST,4800,10.99,,1.35,16,,,,,,,,,,,,,,,,,,
Total,,60000,131.13000000000002,,,117.14000000000001,,,,,,,,,,,,,,,,,,
,,,,,,,,,,,,,,,,,,,,,,,,
Optimal Lineup - NumberFire,POS,Salary,Projection,2025-12-14 12:31,Roster %,Result,,,,,,,,,,,,,,,,,,
Lamar Jackson,QB,8200,21.7,Slate: Main,15.27,15.600000000000001,,,,,,,,,,,,,,,,,,
Christian McCaffrey,RB,9000,22.6,,23.41,15.200000000000001,,,,,,,,,,,,,,,,,,
Woody Marks,RB,6500,14.5,,9.22,4.3,,,,,,,,,,,,,,,,,,
Ja'Marr Chase,WR,9200,17.4,,11.23,21.200000000000003,,,,,,,,,,,,,,,,,,
Wan'Dale Robinson,WR,5800,10,,12.32,13.9,,,,,,,,,,,,,,,,,,
Jakobi Meyers,WR,6100,10.2,,5.13,9.600000000000001,,,,,,,,,,,,,,,,,,
Harold Fannin Jr.,TE,5700,10,,5.63,8.5,,,,,,,,,,,,,,,,,,
Kenneth Walker III,FLEX,6200,14.5,,5.42,2.4000000000000004,,,,,,,,,,,,,,,,,,
Giants,DST,3300,6.8,,4.19,5,,,,,,,,,,,,,,,,,,
Total,,60000,127.69999999999999,,,95.70000000000002,,,,,,,,,,,,,,,,,,
,,,,,,,,,,,,,,,,,,,,,,,,
Optimal Lineup - DraftEdge,POS,Salary,Projection,2025-12-14 12:31,Roster %,Result,,,,,,,,,,,,,,,,,,
Trevor Lawrence,QB,7200,21.3,Slate: Main,1.84,47.300000000000004,,,,,,,,,,,,,,,,,,
Christian McCaffrey,RB,9000,22.2,,23.41,15.200000000000001,,,,,,,,,,,,,,,,,,
Woody Marks,RB,6500,16.2,,9.22,4.3,,,,,,,,,,,,,,,,,,
Puka Nacua,WR,9700,21.1,,14.23,26.400000000000002,,,,,,,,,,,,,,,,,,
Jameson Williams,WR,6300,13.4,,9.63,25.9,,,,,,,,,,,,,,,,,,
Wan'Dale Robinson,WR,5800,13,,12.32,13.9,,,,,,,,,,,,,,,,,,
Harold Fannin Jr.,TE,5700,11.5,,5.63,8.5,,,,,,,,,,,,,,,,,,
Kenneth Walker III,FLEX,6200,13.5,,5.42,2.4000000000000004,,,,,,,,,,,,,,,,,,
Panthers,DST,3600,7.5,,23.39,6,,,,,,,,,,,,,,,,,,
Total,,60000,139.70000000000002,,,149.90000000000003,,,,,,,,,,,,,,,,,,
,,,,,,,,,,,,,,,,,,,,,,,,
Optimal Lineup - SportsLine,POS,Salary,Projection,2025-12-14 12:31,Roster %,Result,,,,,,,,,,,,,,,,,,
Brock Purdy,QB,7500,22.8,Slate: Main,8.05,28.200000000000003,,,,,,,,,,,,,,,,,,
Christian McCaffrey,RB,9000,24.56,,23.41,15.200000000000001,,,,,,,,,,,,,,,,,,
Woody Marks,RB,6500,12.93,,9.22,4.3,,,,,,,,,,,,,,,,,,
Ja'Marr Chase,WR,9200,18.4,,11.23,21.200000000000003,,,,,,,,,,,,,,,,,,
Jameson Williams,WR,6300,12.64,,9.63,25.9,,,,,,,,,,,,,,,,,,
Wan'Dale Robinson,WR,5800,11,,12.32,13.9,,,,,,,,,,,,,,,,,,
George Kittle,TE,6500,13.6,,7.39,18.8,,,,,,,,,,,,,,,,,,
Tyrone Tracy Jr.,FLEX,5800,11.4,,5.03,23.2,,,,,,,,,,,,,,,,,,
Saints,DST,3200,8.54,,10.97,4,,,,,,,,,,,,,,,,,,
Total,,59800,135.87,,,154.70000000000002,,,,,,,,,,,,,,,,,,
,,,,,,,,,,,,,,,,,,,,,,,,
Optimal Lineup - Weighted,POS,Salary,Projection,2025-12-14 18:08,Roster %,Result,,,,,,,,,,,,,,,,,,
Dak Prescott,QB,8100,20.0642592,Slate: SNF-MNF,4.37,11.959999999999999,,,,,,,,,,,,,,,,,,
De'Von Achane,RB,9400,18.515562000000003,,7.45,15.7,,,,,,,,,,,,,,,,,,
Jaylen Warren,RB,6400,12.017048666666668,,6.06,6.300000000000001,,,,,,,,,,,,,,,,,,
CeeDee Lamb,WR,8700,15.001998000000002,,8.13,17.1,,,,,,,,,,,,,,,,,,
Jaylen Waddle,WR,6900,11.557334666666666,,8.07,3.6,,,,,,,,,,,,,,,,,,
Jordan Addison,WR,6000,9.171383333333335,,3.47,7.6000000000000005,,,,,,,,,,,,,,,,,,
Darren Waller,TE,4900,6.759025333333334,,2.11,22.1,,,,,,,,,,,,,,,,,,
Kenneth Gainwell,FLEX,5700,9.960465333333332,,4.51,16.1,,,,,,,,,,,,,,,,,,
Steelers,DST,3900,7.2069399999999995,,4.76,7,,,,,,,,,,,,,,,,,,
Total,,60000,110.25401653333333,,,107.46000000000001,,,,,,,,,,,,,,,,,,
,,,,,,,,,,,,,,,,,,,,,,,,
Optimal Lineup - AVG,POS,Salary,Projection,2025-12-14 18:08,Roster %,Result,,,,,,,,,,,,,,,,,,
Dak Prescott,QB,8100,20.100293333333337,Slate: SNF-MNF,4.37,11.959999999999999,,,,,,,,,,,,,,,,,,
De'Von Achane,RB,9400,18.3856,,7.45,15.7,,,,,,,,,,,,,,,,,,
Jaylen Warren,RB,6400,12.092711111111111,,6.06,6.300000000000001,,,,,,,,,,,,,,,,,,
CeeDee Lamb,WR,8700,15.035733333333333,,8.13,17.1,,,,,,,,,,,,,,,,,,
Jaylen Waddle,WR,6900,11.572844444444442,,8.07,3.6,,,,,,,,,,,,,,,,,,
Jordan Addison,WR,6000,9.132222222222222,,3.47,7.6000000000000005,,,,,,,,,,,,,,,,,,
Darren Waller,TE,4900,6.811822222222222,,2.11,22.1,,,,,,,,,,,,,,,,,,
Kenneth Gainwell,FLEX,5700,9.980488888888889,,4.51,16.1,,,,,,,,,,,,,,,,,,
Steelers,DST,3900,7.315333333333332,,4.76,7,,,,,,,,,,,,,,,,,,
Total,,60000,110.42704888888889,,,107.46000000000001,,,,,,,,,,,,,,,,,,
,,,,,,,,,,,,,,,,,,,,,,,,
Optimal Lineup - Best 5 Projection,POS,Salary,Projection,2025-12-14 18:08,Roster %,Result,,,,,,,,,,,,,,,,,,
Dak Prescott,QB,8100,19.86544,Slate: SNF-MNF,4.37,11.959999999999999,,,,,,,,,,,,,,,,,,
De'Von Achane,RB,9400,18.863400000000002,,7.45,15.7,,,,,,,,,,,,,,,,,,
Jaylen Warren,RB,6400,11.9774,,6.06,6.300000000000001,,,,,,,,,,,,,,,,,,
CeeDee Lamb,WR,8700,14.9286,,8.13,17.1,,,,,,,,,,,,,,,,,,
Jaylen Waddle,WR,6900,11.227599999999999,,8.07,3.6,,,,,,,,,,,,,,,,,,
Jordan Addison,WR,6000,9.165000000000001,,3.47,7.6000000000000005,,,,,,,,,,,,,,,,,,
Darren Waller,TE,4900,6.9644,,2.11,22.1,,,,,,,,,,,,,,,,,,
Kenneth Gainwell,FLEX,5700,9.8324,,4.51,16.1,,,,,,,,,,,,,,,,,,
Steelers,DST,3900,7.438,,4.76,7,,,,,,,,,,,,,,,,,,
Total,,60000,110.26224,,,107.46000000000001,,,,,,,,,,,,,,,,,,
,,,,,,,,,,,,,,,,,,,,,,,,
Optimal Lineup - DFF,POS,Salary,Projection,2025-12-14 18:09,Roster %,Result,,,,,,,,,,,,,,,,,,
Dak Prescott,QB,8100,20,Slate: SNF-MNF,4.37,11.959999999999999,,,,,,,,,,,,,,,,,,
De'Von Achane,RB,9400,18.6,,7.45,15.7,,,,,,,,,,,,,,,,,,
Jaylen Warren,RB,6400,12.2,,6.06,6.300000000000001,,,,,,,,,,,,,,,,,,
CeeDee Lamb,WR,8700,14.7,,8.13,17.1,,,,,,,,,,,,,,,,,,
Jaylen Waddle,WR,6900,11.4,,8.07,3.6,,,,,,,,,,,,,,,,,,
Jordan Addison,WR,6000,8.8,,3.47,7.6000000000000005,,,,,,,,,,,,,,,,,,
Darren Waller,TE,4900,6.2,,2.11,22.1,,,,,,,,,,,,,,,,,,
Kenneth Gainwell,FLEX,5700,10.2,,4.51,16.1,,,,,,,,,,,,,,,,,,
Steelers,DST,3900,7.1,,4.76,7,,,,,,,,,,,,,,,,,,
Total,,60000,109.2,,,107.46000000000001,,,,,,,,,,,,,,,,,,
,,,,,,,,,,,,,,,,,,,,,,,,
Optimal Lineup - FantasyPros,POS,Salary,Projection,2025-12-14 18:09,Roster %,Result,,,,,,,,,,,,,,,,,,
Dak Prescott,QB,8100,19.110000000000003,Slate: SNF-MNF,4.37,11.959999999999999,,,,,,,,,,,,,,,,,,
De'Von Achane,RB,9400,18.790000000000003,,7.45,15.7,,,,,,,,,,,,,,,,,,
Jaylen Warren,RB,6400,12.1,,6.06,6.300000000000001,,,,,,,,,,,,,,,,,,
CeeDee Lamb,WR,8700,14.71,,8.13,17.1,,,,,,,,,,,,,,,,,,
Jaylen Waddle,WR,6900,11.350000000000001,,8.07,3.6,,,,,,,,,,,,,,,,,,
Jordan Addison,WR,6000,9.22,,3.47,7.6000000000000005,,,,,,,,,,,,,,,,,,
Darren Waller,TE,4900,6.670000000000001,,2.11,22.1,,,,,,,,,,,,,,,,,,
Kenneth Gainwell,FLEX,5700,9.780000000000001,,4.51,16.1,,,,,,,,,,,,,,,,,,
Steelers,DST,3900,7.1,,4.76,7,,,,,,,,,,,,,,,,,,
Total,,60000,108.83,,,107.46000000000001,,,,,,,,,,,,,,,,,,
,,,,,,,,,,,,,,,,,,,,,,,,
Optimal Lineup - FootballGuys,POS,Salary,Projection,2025-12-14 18:09,Roster %,Result,,,,,,,,,,,,,,,,,,
Dak Prescott,QB,8100,20.637199999999996,Slate: SNF-MNF,4.37,11.959999999999999,,,,,,,,,,,,,,,,,,
De'Von Achane,RB,9400,19.627000000000002,,7.45,15.7,,,,,,,,,,,,,,,,,,
Jaylen Warren,RB,6400,11.317,,6.06,6.300000000000001,,,,,,,,,,,,,,,,,,
George Pickens,WR,8600,15.590000000000003,,8.35,4.800000000000001,,,,,,,,,,,,,,,,,,
Jaylen Waddle,WR,6900,11.617999999999999,,8.07,3.6,,,,,,,,,,,,,,,,,,
Jordan Addison,WR,6000,9.825,,3.47,7.6000000000000005,,,,,,,,,,,,,,,,,,
Darren Waller,TE,4900,7.571999999999999,,2.11,22.1,,,,,,,,,,,,,,,,,,
Kenneth Gainwell,FLEX,5700,9.591999999999999,,4.51,16.1,,,,,,,,,,,,,,,,,,
Dolphins,DST,3700,9.08,,0.5,2,,,,,,,,,,,,,,,,,,
Total,,59700,114.8582,,,90.16,,,,,,,,,,,,,,,,,,
,,,,,,,,,,,,,,,,,,,,,,,,
Optimal Lineup - FantasyLabs,POS,Salary,Projection,2025-12-14 18:09,Roster %,Result,,,,,,,,,,,,,,,,,,
Dak Prescott,QB,8100,21.21,Slate: SNF-MNF,4.37,11.959999999999999,,,,,,,,,,,,,,,,,,
Jaylen Warren,RB,6400,11.65,,6.06,6.300000000000001,,,,,,,,,,,,,,,,,,
Kenneth Gainwell,RB,5700,9.62,,4.51,16.1,,,,,,,,,,,,,,,,,,
CeeDee Lamb,WR,8700,14.87,,8.13,17.1,,,,,,,,,,,,,,,,,,
George Pickens,WR,8600,15.23,,8.35,4.800000000000001,,,,,,,,,,,,,,,,,,
Jaylen Waddle,WR,6900,11.91,,8.07,3.6,,,,,,,,,,,,,,,,,,
Jake Ferguson,TE,6100,9.31,,3.4,2.6,,,,,,,,,,,,,,,,,,
Jordan Addison,FLEX,6000,9.08,,3.47,7.6000000000000005,,,,,,,,,,,,,,,,,,
Vikings,DST,3400,6.92,,2.8,2,,,,,,,,,,,,,,,,,,
Total,,59900,109.8,,,72.06,,,,,,,,,,,,,,,,,,
,,,,,,,,,,,,,,,,,,,,,,,,
Optimal Lineup - RotoWire,POS,Salary,Projection,2025-12-14 18:09,Roster %,Result,,,,,,,,,,,,,,,,,,
Aaron Rodgers,QB,6900,17.24,Slate: SNF-MNF,1.61,16.96,,,,,,,,,,,,,,,,,,
De'Von Achane,RB,9400,18.25,,7.45,15.7,,,,,,,,,,,,,,,,,,
Javonte Williams,RB,8000,15.45,,7.86,15.1,,,,,,,,,,,,,,,,,,
CeeDee Lamb,WR,8700,14.78,,8.13,17.1,,,,,,,,,,,,,,,,,,
Jaylen Waddle,WR,6900,11.78,,8.07,3.6,,,,,,,,,,,,,,,,,,
Malik Washington,WR,5400,7.14,,1.96,1.5,,,,,,,,,,,,,,,,,,
T.J. Hockenson,TE,5100,6.89,,2.6,8.600000000000001,,,,,,,,,,,,,,,,,,
Kenneth Gainwell,FLEX,5700,10.51,,4.51,16.1,,,,,,,,,,,,,,,,,,
Steelers,DST,3900,7.09,,4.76,7,,,,,,,,,,,,,,,,,,
Total,,60000,109.13000000000001,,,101.66,,,,,,,,,,,,,,,,,,
,,,,,,,,,,,,,,,,,,,,,,,,
Optimal Lineup - NumberFire,POS,Salary,Projection,2025-12-14 18:09,Roster %,Result,,,,,,,,,,,,,,,,,,
Dak Prescott,QB,8100,19.5,Slate: SNF-MNF,4.37,11.959999999999999,,,,,,,,,,,,,,,,,,
De'Von Achane,RB,9400,18.7,,7.45,15.7,,,,,,,,,,,,,,,,,,
Jaylen Warren,RB,6400,12.2,,6.06,6.300000000000001,,,,,,,,,,,,,,,,,,
CeeDee Lamb,WR,8700,15.6,,8.13,17.1,,,,,,,,,,,,,,,,,,
Jaylen Waddle,WR,6900,11.3,,8.07,3.6,,,,,,,,,,,,,,,,,,
Jordan Addison,WR,6000,9,,3.47,7.6000000000000005,,,,,,,,,,,,,,,,,,
Darren Waller,TE,4900,5.8,,2.11,22.1,,,,,,,,,,,,,,,,,,
Kenneth Gainwell,FLEX,5700,10.8,,4.51,16.1,,,,,,,,,,,,,,,,,,
Steelers,DST,3900,7.1,,4.76,7,,,,,,,,,,,,,,,,,,
Total,,60000,109.99999999999999,,,107.46000000000001,,,,,,,,,,,,,,,,,,
,,,,,,,,,,,,,,,,,,,,,,,,
Optimal Lineup - DraftEdge,POS,Salary,Projection,2025-12-14 18:09,Roster %,Result,,,,,,,,,,,,,,,,,,
Dak Prescott,QB,8100,21,Slate: SNF-MNF,4.37,11.959999999999999,,,,,,,,,,,,,,,,,,
Jaylen Warren,RB,6400,13.2,,6.06,6.300000000000001,,,,,,,,,,,,,,,,,,
Aaron Jones Sr.,RB,6200,11.8,,3.93,8,,,,,,,,,,,,,,,,,,
CeeDee Lamb,WR,8700,16.1,,8.13,17.1,,,,,,,,,,,,,,,,,,
George Pickens,WR,8600,15.5,,8.35,4.800000000000001,,,,,,,,,,,,,,,,,,
Jaylen Waddle,WR,6900,13.1,,8.07,3.6,,,,,,,,,,,,,,,,,,
Darren Waller,TE,4900,7.4,,2.11,22.1,,,,,,,,,,,,,,,,,,
Kenneth Gainwell,FLEX,5700,10.7,,4.51,16.1,,,,,,,,,,,,,,,,,,
Cowboys,DST,4000,8,,6.01,1,,,,,,,,,,,,,,,,,,
Total,,59500,116.8,,,90.96000000000001,,,,,,,,,,,,,,,,,,
,,,,,,,,,,,,,,,,,,,,,,,,
Optimal Lineup - SportsLine,POS,Salary,Projection,2025-12-14 18:09,Roster %,Result,,,,,,,,,,,,,,,,,,
Dak Prescott,QB,8100,20.08,Slate: SNF-MNF,4.37,11.959999999999999,,,,,,,,,,,,,,,,,,
De'Von Achane,RB,9400,18.6,,7.45,15.7,,,,,,,,,,,,,,,,,,
Jaylen Warren,RB,6400,12.07,,6.06,6.300000000000001,,,,,,,,,,,,,,,,,,
George Pickens,WR,8600,14.44,,8.35,4.800000000000001,,,,,,,,,,,,,,,,,,
Jaylen Waddle,WR,6900,10.47,,8.07,3.6,,,,,,,,,,,,,,,,,,
Jordan Addison,WR,6000,8.98,,3.47,7.6000000000000005,,,,,,,,,,,,,,,,,,
Darren Waller,TE,4900,8.58,,2.11,22.1,,,,,,,,,,,,,,,,,,
Kenneth Gainwell,FLEX,5700,8.79,,4.51,16.1,,,,,,,,,,,,,,,,,,
Cowboys,DST,4000,12.56,,6.01,1,,,,,,,,,,,,,,,,,,
Total,,60000,114.57,,,89.16,,,,,,,,,,,,,,,,,,
,,,,,,,,,,,,,,,,,,,,,,,,
Optimal Lineup - Weighted,POS,Salary,Projection,2025-12-18 18:59,Roster %,Result,,,,,,,,,,,,,,,,,,
Puka Nacua,MVP,18900,25.79,Slate: Single,13.9,65.25,,,,,,,,,,,,,,,,,,
Jaxon Smith-Njigba,WR,13000,16.88,,10.71,19.6,,,,,,,,,,,,,,,,,,
Matthew Stafford,QB,12000,16.25,,0.08,33.88,,,,,,,,,,,,,,,,,,
Sam Darnold,QB,11400,15.57,,0.26,17.5,,,,,,,,,,,,,,,,,,
Konata Mumpfield,WR,2400,3.07,,0.2,5.5,,,,,,,,,,,,,,,,,,
Davis Allen,TE,1600,3.11,,0.35,4.4,,,,,,,,,,,,,,,,,,
,,,,,,,,,,,,,,,,,,,,,,,,
,,,,,,,,,,,,,,,,,,,,,,,,
,,,,,,,,,,,,,,,,,,,,,,,,
Total,,59300,80.67,,,146.13,,,,,,,,,,,,,,,,,,
,,,,,,,,,,,,,,,,,,,,,,,,
Optimal Lineup - AVG,POS,Salary,Projection,2025-12-18 18:59,Roster %,Result,,,,,,,,,,,,,,,,,,
Puka Nacua,MVP,18900,26.1,Slate: Single,13.9,65.25,,,,,,,,,,,,,,,,,,
Jaxon Smith-Njigba,WR,13000,16.8,,10.71,19.6,,,,,,,,,,,,,,,,,,
Matthew Stafford,QB,12000,15.98,,0.08,33.88,,,,,,,,,,,,,,,,,,
Sam Darnold,QB,11400,15.62,,0.26,17.5,,,,,,,,,,,,,,,,,,
Konata Mumpfield,WR,2400,3.22,,0.2,5.5,,,,,,,,,,,,,,,,,,
Davis Allen,TE,1600,3.06,,0.35,4.4,,,,,,,,,,,,,,,,,,
,,,,,,,,,,,,,,,,,,,,,,,,
,,,,,,,,,,,,,,,,,,,,,,,,
,,,,,,,,,,,,,,,,,,,,,,,,
Total,,59300,80.78000000000002,,,146.13,,,,,,,,,,,,,,,,,,
,,,,,,,,,,,,,,,,,,,,,,,,
Optimal Lineup - Best 5 Projection,POS,Salary,Projection,2025-12-18 18:59,Roster %,Result,,,,,,,,,,,,,,,,,,
Jaxon Smith-Njigba,MVP,19500,24.96,Slate: Single,10.71,29.400000000000002,,,,,,,,,,,,,,,,,,
Puka Nacua,WR,12600,16.54,,13.9,43.5,,,,,,,,,,,,,,,,,,
Matthew Stafford,QB,12000,16.06,,0.08,33.88,,,,,,,,,,,,,,,,,,
Sam Darnold,QB,11400,15.35,,0.26,17.5,,,,,,,,,,,,,,,,,,
Konata Mumpfield,WR,2400,3.13,,0.2,5.5,,,,,,,,,,,,,,,,,,
Davis Allen,TE,1600,3.04,,0.35,4.4,,,,,,,,,,,,,,,,,,
,,,,,,,,,,,,,,,,,,,,,,,,
,,,,,,,,,,,,,,,,,,,,,,,,
,,,,,,,,,,,,,,,,,,,,,,,,
Total,,59500,79.08,,,134.18,,,,,,,,,,,,,,,,,,
,,,,,,,,,,,,,,,,,,,,,,,,
Optimal Lineup - DFF,POS,Salary,Projection,2025-12-18 18:59,Roster %,Result,,,,,,,,,,,,,,,,,,
Puka Nacua,MVP,18900,26.1,Slate: Single,13.9,65.25,,,,,,,,,,,,,,,,,,
Jaxon Smith-Njigba,WR,13000,17,,10.71,19.6,,,,,,,,,,,,,,,,,,
Matthew Stafford,QB,12000,15.2,,0.08,33.88,,,,,,,,,,,,,,,,,,
Sam Darnold,QB,11400,16.2,,0.26,17.5,,,,,,,,,,,,,,,,,,
Konata Mumpfield,WR,2400,3.5,,0.2,5.5,,,,,,,,,,,,,,,,,,
Davis Allen,TE,1600,3.2,,0.35,4.4,,,,,,,,,,,,,,,,,,
,,,,,,,,,,,,,,,,,,,,,,,,
,,,,,,,,,,,,,,,,,,,,,,,,
,,,,,,,,,,,,,,,,,,,,,,,,
Total,,59300,81.2,,,146.13,,,,,,,,,,,,,,,,,,
,,,,,,,,,,,,,,,,,,,,,,,,
Optimal Lineup - FantasyPros,POS,Salary,Projection,2025-12-18 18:59,Roster %,Result,,,,,,,,,,,,,,,,,,
Puka Nacua,MVP,18900,24.74,Slate: Single,13.9,65.25,,,,,,,,,,,,,,,,,,
Jaxon Smith-Njigba,WR,13000,16.27,,10.71,19.6,,,,,,,,,,,,,,,,,,
Matthew Stafford,QB,12000,15.54,,0.08,33.88,,,,,,,,,,,,,,,,,,
Sam Darnold,QB,11400,14.47,,0.26,17.5,,,,,,,,,,,,,,,,,,
Konata Mumpfield,WR,2400,3.96,,0.2,5.5,,,,,,,,,,,,,,,,,,
Davis Allen,TE,1600,2.73,,0.35,4.4,,,,,,,,,,,,,,,,,,
,,,,,,,,,,,,,,,,,,,,,,,,
,,,,,,,,,,,,,,,,,,,,,,,,
,,,,,,,,,,,,,,,,,,,,,,,,
Total,,59300,77.71,,,146.13,,,,,,,,,,,,,,,,,,
,,,,,,,,,,,,,,,,,,,,,,,,
Optimal Lineup - FootballGuys,POS,Salary,Projection,2025-12-18 18:59,Roster %,Result,,,,,,,,,,,,,,,,,,
Matthew Stafford,MVP,18000,30.6,Slate: Single,0.08,50.82000000000001,,,,,,,,,,,,,,,,,,
Puka Nacua,WR,12600,16.25,,13.9,43.5,,,,,,,,,,,,,,,,,,
Sam Darnold,QB,11400,16.03,,0.26,17.5,,,,,,,,,,,,,,,,,,
Seahawks,DST,6600,9.88,,1.05,2,,,,,,,,,,,,,,,,,,
Rams,DST,6400,9.36,,1.04,6,,,,,,,,,,,,,,,,,,
AJ Barner,TE,5000,6.99,,3.11,13,,,,,,,,,,,,,,,,,,
,,,,,,,,,,,,,,,,,,,,,,,,
,,,,,,,,,,,,,,,,,,,,,,,,
,,,,,,,,,,,,,,,,,,,,,,,,
Total,,60000,89.11,,,132.82,,,,,,,,,,,,,,,,,,
,,,,,,,,,,,,,,,,,,,,,,,,
Optimal Lineup - FantasyLabs,POS,Salary,Projection,2025-12-18 18:59,Roster %,Result,,,,,,,,,,,,,,,,,,
Jaxon Smith-Njigba,MVP,19500,26.36,Slate: Single,10.71,29.400000000000002,,,,,,,,,,,,,,,,,,
Puka Nacua,WR,12600,16.52,,13.9,43.5,,,,,,,,,,,,,,,,,,
Matthew Stafford,QB,12000,14.96,,0.08,33.88,,,,,,,,,,,,,,,,,,
Sam Darnold,QB,11400,14.84,,0.26,17.5,,,,,,,,,,,,,,,,,,
Konata Mumpfield,WR,2400,3.45,,0.2,5.5,,,,,,,,,,,,,,,,,,
Davis Allen,TE,1600,3.61,,0.35,4.4,,,,,,,,,,,,,,,,,,
,,,,,,,,,,,,,,,,,,,,,,,,
,,,,,,,,,,,,,,,,,,,,,,,,
,,,,,,,,,,,,,,,,,,,,,,,,
Total,,59500,79.74,,,134.18,,,,,,,,,,,,,,,,,,
,,,,,,,,,,,,,,,,,,,,,,,,
Optimal Lineup - RotoWire,POS,Salary,Projection,2025-12-18 19:00,Roster %,Result,,,,,,,,,,,,,,,,,,
Puka Nacua,MVP,18900,30.4,Slate: Single,13.9,65.25,,,,,,,,,,,,,,,,,,
Matthew Stafford,QB,12000,16.76,,0.08,33.88,,,,,,,,,,,,,,,,,,
Sam Darnold,QB,11400,15.96,,0.26,17.5,,,,,,,,,,,,,,,,,,
Rashid Shaheed,WR,7000,8.56,,3.01,3.1,,,,,,,,,,,,,,,,,,
Cooper Kupp,WR,5600,6.85,,2.1,3.4000000000000004,,,,,,,,,,,,,,,,,,
AJ Barner,TE,5000,7.33,,3.11,13,,,,,,,,,,,,,,,,,,
,,,,,,,,,,,,,,,,,,,,,,,,
,,,,,,,,,,,,,,,,,,,,,,,,
,,,,,,,,,,,,,,,,,,,,,,,,
Total,,59900,85.85999999999999,,,136.13,,,,,,,,,,,,,,,,,,
,,,,,,,,,,,,,,,,,,,,,,,,
Optimal Lineup - NumberFire,POS,Salary,Projection,2025-12-18 19:00,Roster %,Result,,,,,,,,,,,,,,,,,,
Kyren Williams,MVP,15600,18.6,Slate: Single,3.93,15,,,,,,,,,,,,,,,,,,
Jaxon Smith-Njigba,WR,13000,16,,10.71,19.6,,,,,,,,,,,,,,,,,,
Puka Nacua,WR,12600,16.4,,13.9,43.5,,,,,,,,,,,,,,,,,,
Sam Darnold,QB,11400,15.3,,0.26,17.5,,,,,,,,,,,,,,,,,,
AJ Barner,TE,5000,7.9,,3.11,13,,,,,,,,,,,,,,,,,,
Konata Mumpfield,WR,2400,4.3,,0.2,5.5,,,,,,,,,,,,,,,,,,
,,,,,,,,,,,,,,,,,,,,,,,,
,,,,,,,,,,,,,,,,,,,,,,,,
,,,,,,,,,,,,,,,,,,,,,,,,
Total,,60000,78.5,,,114.1,,,,,,,,,,,,,,,,,,
,,,,,,,,,,,,,,,,,,,,,,,,
Optimal Lineup - DraftEdge,POS,Salary,Projection,2025-12-18 19:00,Roster %,Result,,,,,,,,,,,,,,,,,,
Puka Nacua,MVP,18900,30.9,Slate: Single,13.9,65.25,,,,,,,,,,,,,,,,,,
Jaxon Smith-Njigba,WR,13000,17.2,,10.71,19.6,,,,,,,,,,,,,,,,,,
Matthew Stafford,QB,12000,15.8,,0.08,33.88,,,,,,,,,,,,,,,,,,
Sam Darnold,QB,11400,17.7,,0.26,17.5,,,,,,,,,,,,,,,,,,
Konata Mumpfield,WR,2400,3.8,,0.2,5.5,,,,,,,,,,,,,,,,,,
Davis Allen,TE,1600,3.2,,0.35,4.4,,,,,,,,,,,,,,,,,,
,,,,,,,,,,,,,,,,,,,,,,,,
,,,,,,,,,,,,,,,,,,,,,,,,
,,,,,,,,,,,,,,,,,,,,,,,,
Total,,59300,88.6,,,146.13,,,,,,,,,,,,,,,,,,
,,,,,,,,,,,,,,,,,,,,,,,,
Optimal Lineup - SportsLine,POS,Salary,Projection,2025-12-18 19:00,Roster %,Result,,,,,,,,,,,,,,,,,,
Puka Nacua,MVP,18900,24.21,Slate: Single,13.9,65.25,,,,,,,,,,,,,,,,,,
Jaxon Smith-Njigba,WR,13000,16.04,,10.71,19.6,,,,,,,,,,,,,,,,,,
Matthew Stafford,QB,12000,14.74,,0.08,33.88,,,,,,,,,,,,,,,,,,
Sam Darnold,QB,11400,14.72,,0.26,17.5,,,,,,,,,,,,,,,,,,
Konata Mumpfield,WR,2400,3.47,,0.2,5.5,,,,,,,,,,,,,,,,,,
Davis Allen,TE,1600,2.72,,0.35,4.4,,,,,,,,,,,,,,,,,,
,,,,,,,,,,,,,,,,,,,,,,,,
,,,,,,,,,,,,,,,,,,,,,,,,
,,,,,,,,,,,,,,,,,,,,,,,,
Total,,59300,75.9,,,146.13,,,,,,,,,,,,,,,,,,
,,,,,,,,,,,,,,,,,,,,,,,,
Optimal Lineup - Weighted,POS,Salary,Projection,2025-12-20 13:30,Roster %,Result,,,,,,,,,,,,,,,,,,
Jalen Hurts,QB,8800,21.726931999999998,Slate: Sat Main,11.38,19.4,,,,,,,,,,,,,,,,,,
Saquon Barkley,RB,8900,16.278116,,6.9,22.200000000000003,,,,,,,,,,,,,,,,,,
Josh Jacobs,RB,8400,14.95220466666667,,9.28,3.8000000000000007,,,,,,,,,,,,,,,,,,
DJ Moore,WR,6400,10.493034000000002,,4.78,19.400000000000002,,,,,,,,,,,,,,,,,,
Christian Watson,WR,6500,9.283027333333333,,4.83,2.7,,,,,,,,,,,,,,,,,,
Olamide Zaccheaus,WR,5300,6.296434666666667,,1.8,4.300000000000001,,,,,,,,,,,,,,,,,,
Dallas Goedert,TE,5900,9.132919333333334,,4.34,10.7,,,,,,,,,,,,,,,,,,
D'Andre Swift,FLEX,6200,11.741858666666669,,4.47,8,,,,,,,,,,,,,,,,,,
Commanders,DST,3600,5.528226666666665,,0.13,3,,,,,,,,,,,,,,,,,,
Total,,60000,105.43275333333335,,,93.50000000000001,,,,,,,,,,,,,,,,,,
,,,,,,,,,,,,,,,,,,,,,,,,
Optimal Lineup - AVG,POS,Salary,Projection,2025-12-20 13:30,Roster %,Result,,,,,,,,,,,,,,,,,,
Jalen Hurts,QB,8800,21.79826666666667,Slate: Sat Main,11.38,19.4,,,,,,,,,,,,,,,,,,
Saquon Barkley,RB,8900,16.307466666666667,,6.9,22.200000000000003,,,,,,,,,,,,,,,,,,
Josh Jacobs,RB,8400,14.978844444444446,,9.28,3.8000000000000007,,,,,,,,,,,,,,,,,,
DJ Moore,WR,6400,10.345866666666666,,4.78,19.400000000000002,,,,,,,,,,,,,,,,,,
Christian Watson,WR,6500,9.06608888888889,,4.83,2.7,,,,,,,,,,,,,,,,,,
Olamide Zaccheaus,WR,5300,6.389511111111112,,1.8,4.300000000000001,,,,,,,,,,,,,,,,,,
Dallas Goedert,TE,5900,9.135688888888888,,4.34,10.7,,,,,,,,,,,,,,,,,,
D'Andre Swift,FLEX,6200,11.66071111111111,,4.47,8,,,,,,,,,,,,,,,,,,
Commanders,DST,3600,5.462444444444444,,0.13,3,,,,,,,,,,,,,,,,,,
Total,,60000,105.1448888888889,,,93.50000000000001,,,,,,,,,,,,,,,,,,
,,,,,,,,,,,,,,,,,,,,,,,,
Optimal Lineup - Best 5 Projection,POS,Salary,Projection,2025-12-20 13:31,Roster %,Result,,,,,,,,,,,,,,,,,,
Jalen Hurts,QB,8800,21.7124,Slate: Sat Main,11.38,19.4,,,,,,,,,,,,,,,,,,
Saquon Barkley,RB,8900,16.2412,,6.9,22.200000000000003,,,,,,,,,,,,,,,,,,
D'Andre Swift,RB,6200,11.894400000000001,,4.47,8,,,,,,,,,,,,,,,,,,
A.J. Brown,WR,8800,13.2422,,7.33,14,,,,,,,,,,,,,,,,,,
DJ Moore,WR,6400,10.613800000000001,,4.78,19.400000000000002,,,,,,,,,,,,,,,,,,
Jayden Reed,WR,6000,8.5508,,4.38,5.6,,,,,,,,,,,,,,,,,,
Colston Loveland,TE,5300,8.268,,4.1,4.5,,,,,,,,,,,,,,,,,,
Dallas Goedert,FLEX,5900,9.1602,,4.34,10.7,,,,,,,,,,,,,,,,,,
Commanders,DST,3600,5.612,,0.13,3,,,,,,,,,,,,,,,,,,
Total,,59900,105.29499999999999,,,106.8,,,,,,,,,,,,,,,,,,
,,,,,,,,,,,,,,,,,,,,,,,,
Optimal Lineup - DFF,POS,Salary,Projection,2025-12-20 13:31,Roster %,Result,,,,,,,,,,,,,,,,,,
Jalen Hurts,QB,8800,21.4,Slate: Sat Main,11.38,19.4,,,,,,,,,,,,,,,,,,
Saquon Barkley,RB,8900,17,,6.9,22.200000000000003,,,,,,,,,,,,,,,,,,
D'Andre Swift,RB,6200,11.4,,4.47,8,,,,,,,,,,,,,,,,,,
DeVonta Smith,WR,7700,11.6,,5.68,13.2,,,,,,,,,,,,,,,,,,
DJ Moore,WR,6400,10.2,,4.78,19.400000000000002,,,,,,,,,,,,,,,,,,
Christian Watson,WR,6500,10,,4.83,2.7,,,,,,,,,,,,,,,,,,
Colston Loveland,TE,5300,9.1,,4.1,4.5,,,,,,,,,,,,,,,,,,
Dallas Goedert,FLEX,5900,8.7,,4.34,10.7,,,,,,,,,,,,,,,,,,
Packers,DST,4300,6.1,,0.5,0,,,,,,,,,,,,,,,,,,
Total,,60000,105.49999999999999,,,100.10000000000001,,,,,,,,,,,,,,,,,,
,,,,,,,,,,,,,,,,,,,,,,,,
Optimal Lineup - FantasyPros,POS,Salary,Projection,2025-12-20 13:31,Roster %,Result,,,,,,,,,,,,,,,,,,
Jalen Hurts,QB,8800,22.043999999999997,Slate: Sat Main,11.38,19.4,,,,,,,,,,,,,,,,,,
Saquon Barkley,RB,8900,16.17,,6.9,22.200000000000003,,,,,,,,,,,,,,,,,,
Josh Jacobs,RB,8400,15.830000000000004,,9.28,3.8000000000000007,,,,,,,,,,,,,,,,,,
DJ Moore,WR,6400,10.010000000000002,,4.78,19.400000000000002,,,,,,,,,,,,,,,,,,
Christian Watson,WR,6500,9.25,,4.83,2.7,,,,,,,,,,,,,,,,,,
Olamide Zaccheaus,WR,5300,6.13,,1.8,4.300000000000001,,,,,,,,,,,,,,,,,,
Dallas Goedert,TE,5900,9.18,,4.34,10.7,,,,,,,,,,,,,,,,,,
D'Andre Swift,FLEX,6200,11.290000000000001,,4.47,8,,,,,,,,,,,,,,,,,,
Commanders,DST,3600,5.2,,0.13,3,,,,,,,,,,,,,,,,,,
Total,,60000,105.10400000000001,,,93.50000000000001,,,,,,,,,,,,,,,,,,
,,,,,,,,,,,,,,,,,,,,,,,,
Optimal Lineup - FootballGuys,POS,Salary,Projection,2025-12-20 13:31,Roster %,Result,,,,,,,,,,,,,,,,,,
Jalen Hurts,QB,8800,21.817999999999998,Slate: Sat Main,11.38,19.4,,,,,,,,,,,,,,,,,,
Josh Jacobs,RB,8400,15.573000000000002,,9.28,3.8000000000000007,,,,,,,,,,,,,,,,,,
D'Andre Swift,RB,6200,13.182,,4.47,8,,,,,,,,,,,,,,,,,,
Terry McLaurin,WR,7200,11.656,,5.12,6.800000000000001,,,,,,,,,,,,,,,,,,
DJ Moore,WR,6400,12.579,,4.78,19.400000000000002,,,,,,,,,,,,,,,,,,
Christian Watson,WR,6500,9.789,,4.83,2.7,,,,,,,,,,,,,,,,,,
Colston Loveland,TE,5300,7.990000000000001,,4.1,4.5,,,,,,,,,,,,,,,,,,
Dallas Goedert,FLEX,5900,9.881,,4.34,10.7,,,,,,,,,,,,,,,,,,
Eagles,DST,5000,9.08,,1.42,5,,,,,,,,,,,,,,,,,,
Total,,59700,111.54799999999999,,,80.30000000000001,,,,,,,,,,,,,,,,,,
,,,,,,,,,,,,,,,,,,,,,,,,
Optimal Lineup - FantasyLabs,POS,Salary,Projection,2025-12-20 13:31,Roster %,Result,,,,,,,,,,,,,,,,,,
Jalen Hurts,QB,8800,20.71,Slate: Sat Main,11.38,19.4,,,,,,,,,,,,,,,,,,
Saquon Barkley,RB,8900,15.62,,6.9,22.200000000000003,,,,,,,,,,,,,,,,,,
Josh Jacobs,RB,8400,13.5,,9.28,3.8000000000000007,,,,,,,,,,,,,,,,,,
DJ Moore,WR,6400,9.98,,4.78,19.400000000000002,,,,,,,,,,,,,,,,,,
Christian Watson,WR,6500,9.68,,4.83,2.7,,,,,,,,,,,,,,,,,,
Olamide Zaccheaus,WR,5300,7.02,,1.8,4.300000000000001,,,,,,,,,,,,,,,,,,
Dallas Goedert,TE,5900,8.52,,4.34,10.7,,,,,,,,,,,,,,,,,,
D'Andre Swift,FLEX,6200,11.14,,4.47,8,,,,,,,,,,,,,,,,,,
Commanders,DST,3600,5.38,,0.13,3,,,,,,,,,,,,,,,,,,
Total,,60000,101.55,,,93.50000000000001,,,,,,,,,,,,,,,,,,
,,,,,,,,,,,,,,,,,,,,,,,,
Optimal Lineup - RotoWire,POS,Salary,Projection,2025-12-20 13:31,Roster %,Result,,,,,,,,,,,,,,,,,,
Jalen Hurts,QB,8800,22.3,Slate: Sat Main,11.38,19.4,,,,,,,,,,,,,,,,,,
Saquon Barkley,RB,8900,15.9,,6.9,22.200000000000003,,,,,,,,,,,,,,,,,,
Josh Jacobs,RB,8400,16.17,,9.28,3.8000000000000007,,,,,,,,,,,,,,,,,,
DJ Moore,WR,6400,9.45,,4.78,19.400000000000002,,,,,,,,,,,,,,,,,,
Christian Watson,WR,6500,9.88,,4.83,2.7,,,,,,,,,,,,,,,,,,
Jayden Reed,WR,6000,9.25,,4.38,5.6,,,,,,,,,,,,,,,,,,
Colston Loveland,TE,5300,8.33,,4.1,4.5,,,,,,,,,,,,,,,,,,
Dallas Goedert,FLEX,5900,9.34,,4.34,10.7,,,,,,,,,,,,,,,,,,
Commanders,DST,3600,5.01,,0.13,3,,,,,,,,,,,,,,,,,,
Total,,59800,105.63000000000001,,,91.30000000000001,,,,,,,,,,,,,,,,,,
,,,,,,,,,,,,,,,,,,,,,,,,
Optimal Lineup - NumberFire,POS,Salary,Projection,2025-12-20 13:31,Roster %,Result,,,,,,,,,,,,,,,,,,
Marcus Mariota,QB,6900,16,Slate: Sat Main,4.57,3.7,,,,,,,,,,,,,,,,,,
Saquon Barkley,RB,8900,16.2,,6.9,22.200000000000003,,,,,,,,,,,,,,,,,,
Josh Jacobs,RB,8400,14.4,,9.28,3.8000000000000007,,,,,,,,,,,,,,,,,,
DeVonta Smith,WR,7700,11,,5.68,13.2,,,,,,,,,,,,,,,,,,
DJ Moore,WR,6400,10.2,,4.78,19.400000000000002,,,,,,,,,,,,,,,,,,
Christian Watson,WR,6500,9.7,,4.83,2.7,,,,,,,,,,,,,,,,,,
Colston Loveland,TE,5300,8,,4.1,4.5,,,,,,,,,,,,,,,,,,
D'Andre Swift,FLEX,6200,12.2,,4.47,8,,,,,,,,,,,,,,,,,,
Commanders,DST,3600,5.2,,0.13,3,,,,,,,,,,,,,,,,,,
Total,,59900,102.9,,,80.50000000000001,,,,,,,,,,,,,,,,,,
,,,,,,,,,,,,,,,,,,,,,,,,
Optimal Lineup - DraftEdge,POS,Salary,Projection,2025-12-20 13:32,Roster %,Result,,,,,,,,,,,,,,,,,,
Jalen Hurts,QB,8800,22.9,Slate: Sat Main,11.38,19.4,,,,,,,,,,,,,,,,,,
Saquon Barkley,RB,8900,17.8,,6.9,22.200000000000003,,,,,,,,,,,,,,,,,,
D'Andre Swift,RB,6200,11.7,,4.47,8,,,,,,,,,,,,,,,,,,
A.J. Brown,WR,8800,14.8,,7.33,14,,,,,,,,,,,,,,,,,,
Christian Watson,WR,6500,10.7,,4.83,2.7,,,,,,,,,,,,,,,,,,
Jayden Reed,WR,6000,8.3,,4.38,5.6,,,,,,,,,,,,,,,,,,
Colston Loveland,TE,5300,9.4,,4.1,4.5,,,,,,,,,,,,,,,,,,
Dallas Goedert,FLEX,5900,9.4,,4.34,10.7,,,,,,,,,,,,,,,,,,
Commanders,DST,3600,5.1,,0.13,3,,,,,,,,,,,,,,,,,,
Total,,60000,110.10000000000001,,,90.1,,,,,,,,,,,,,,,,,,
,,,,,,,,,,,,,,,,,,,,,,,,
Optimal Lineup - SportsLine,POS,Salary,Projection,2025-12-20 13:32,Roster %,Result,,,,,,,,,,,,,,,,,,
Jalen Hurts,QB,8800,23,Slate: Sat Main,11.38,19.4,,,,,,,,,,,,,,,,,,
Saquon Barkley,RB,8900,15.91,,6.9,22.200000000000003,,,,,,,,,,,,,,,,,,
Josh Jacobs,RB,8400,16.43,,9.28,3.8000000000000007,,,,,,,,,,,,,,,,,,
DJ Moore,WR,6400,10.08,,4.78,19.400000000000002,,,,,,,,,,,,,,,,,,
Jayden Reed,WR,6000,9.99,,4.38,5.6,,,,,,,,,,,,,,,,,,
Devin Duvernay,WR,4400,3.84,,0.57,0,,,,,,,,,,,,,,,,,,
Dallas Goedert,TE,5900,10.04,,4.34,10.7,,,,,,,,,,,,,,,,,,
D'Andre Swift,FLEX,6200,11.4,,4.47,8,,,,,,,,,,,,,,,,,,
Eagles,DST,5000,10.61,,1.42,5,,,,,,,,,,,,,,,,,,
Total,,60000,111.3,,,94.10000000000001,,,,,,,,,,,,,,,,,,
,,,,,,,,,,,,,,,,,,,,,,,,
Optimal Lineup - Weighted,POS,Salary,Projection,2025-12-21 12:53,Roster %,Result,,,,,,,,,,,,,,,,,,
C.J. Stroud,QB,7200,18.067592933333334,Slate: Main,0.46,11.48,,,,,,,,,,,,,,,,,,
Jahmyr Gibbs,RB,9500,20.932665333333336,,20.83,17.8,,,,,,,,,,,,,,,,,,
Bijan Robinson,RB,9600,21.053626,,17.58,26.300000000000004,,,,,,,,,,,,,,,,,,
Jameson Williams,WR,6700,13.466280666666668,,11.46,9.5,,,,,,,,,,,,,,,,,,
Courtland Sutton,WR,6600,11.227798,,6.9,17.6,,,,,,,,,,,,,,,,,,
Wan'Dale Robinson,WR,6000,10.819836,,7.53,3.7,,,,,,,,,,,,,,,,,,
Juwan Johnson,TE,5100,8.932795333333333,,3.51,12.9,,,,,,,,,,,,,,,,,,
Kenneth Gainwell,FLEX,5800,11.392652000000002,,5.76,21.3,,,,,,,,,,,,,,,,,,
Saints,DST,3500,8.608586666666667,,31.99,19,,,,,,,,,,,,,,,,,,
Total,,60000,124.50183293333332,,,139.58,,,,,,,,,,,,,,,,,,
,,,,,,,,,,,,,,,,,,,,,,,,
Optimal Lineup - AVG,POS,Salary,Projection,2025-12-21 12:53,Roster %,Result,,,,,,,,,,,,,,,,,,
Tyler Shough,QB,6800,17.797946666666665,Slate: Main,1.84,20.12,,,,,,,,,,,,,,,,,,
Jahmyr Gibbs,RB,9500,21.017155555555558,,20.83,17.8,,,,,,,,,,,,,,,,,,
Bijan Robinson,RB,9600,21.202133333333332,,17.58,26.300000000000004,,,,,,,,,,,,,,,,,,
Jameson Williams,WR,6700,13.547644444444446,,11.46,9.5,,,,,,,,,,,,,,,,,,
Wan'Dale Robinson,WR,6000,10.830133333333334,,7.53,3.7,,,,,,,,,,,,,,,,,,
Xavier Worthy,WR,5600,9.23648888888889,,7.55,5.1000000000000005,,,,,,,,,,,,,,,,,,
Juwan Johnson,TE,5100,8.984488888888889,,3.51,12.9,,,,,,,,,,,,,,,,,,
Chase Brown,FLEX,7200,13.515911111111109,,5.35,30.900000000000002,,,,,,,,,,,,,,,,,,
Saints,DST,3500,8.603777777777776,,31.99,19,,,,,,,,,,,,,,,,,,
Total,,60000,124.73568,,,145.32,,,,,,,,,,,,,,,,,,
,,,,,,,,,,,,,,,,,,,,,,,,
Optimal Lineup - Best 5 Projection,POS,Salary,Projection,2025-12-21 12:53,Roster %,Result,,,,,,,,,,,,,,,,,,
C.J. Stroud,QB,7200,18.283720000000002,Slate: Main,0.46,11.48,,,,,,,,,,,,,,,,,,
Jahmyr Gibbs,RB,9500,20.3724,,20.83,17.8,,,,,,,,,,,,,,,,,,
Bijan Robinson,RB,9600,20.208199999999998,,17.58,26.300000000000004,,,,,,,,,,,,,,,,,,
Jameson Williams,WR,6700,13.599800000000002,,11.46,9.5,,,,,,,,,,,,,,,,,,
Courtland Sutton,WR,6600,10.868599999999999,,6.9,17.6,,,,,,,,,,,,,,,,,,
Wan'Dale Robinson,WR,6000,10.705200000000001,,7.53,3.7,,,,,,,,,,,,,,,,,,
Juwan Johnson,TE,5100,9.093399999999999,,3.51,12.9,,,,,,,,,,,,,,,,,,
Kenneth Gainwell,FLEX,5800,11.0364,,5.76,21.3,,,,,,,,,,,,,,,,,,
Saints,DST,3500,8.824,,31.99,19,,,,,,,,,,,,,,,,,,
Total,,60000,122.99172000000002,,,139.58,,,,,,,,,,,,,,,,,,
,,,,,,,,,,,,,,,,,,,,,,,,
Optimal Lineup - DFF,POS,Salary,Projection,2025-12-21 12:53,Roster %,Result,,,,,,,,,,,,,,,,,,
Tyler Shough,QB,6800,18,Slate: Main,1.84,20.12,,,,,,,,,,,,,,,,,,
Jahmyr Gibbs,RB,9500,22.2,,20.83,17.8,,,,,,,,,,,,,,,,,,
Bijan Robinson,RB,9600,22.2,,17.58,26.300000000000004,,,,,,,,,,,,,,,,,,
Jameson Williams,WR,6700,13.9,,11.46,9.5,,,,,,,,,,,,,,,,,,
Courtland Sutton,WR,6600,11.7,,6.9,17.6,,,,,,,,,,,,,,,,,,
Wan'Dale Robinson,WR,6000,10.6,,7.53,3.7,,,,,,,,,,,,,,,,,,
Kyle Pitts Sr.,TE,6000,10.7,,5.78,15.2,,,,,,,,,,,,,,,,,,
Kenneth Gainwell,FLEX,5800,11.3,,5.76,21.3,,,,,,,,,,,,,,,,,,
Titans,DST,3000,6.8,,5.86,10,,,,,,,,,,,,,,,,,,
Total,,60000,127.4,,,141.52,,,,,,,,,,,,,,,,,,
,,,,,,,,,,,,,,,,,,,,,,,,
Optimal Lineup - FantasyPros,POS,Salary,Projection,2025-12-21 12:53,Roster %,Result,,,,,,,,,,,,,,,,,,
Josh Allen,QB,9000,22.328,Slate: Main,10.57,6.9,,,,,,,,,,,,,,,,,,
Jahmyr Gibbs,RB,9500,20.430000000000003,,20.83,17.8,,,,,,,,,,,,,,,,,,
Bijan Robinson,RB,9600,20.25,,17.58,26.300000000000004,,,,,,,,,,,,,,,,,,
Jameson Williams,WR,6700,13.32,,11.46,9.5,,,,,,,,,,,,,,,,,,
Wan'Dale Robinson,WR,6000,10.260000000000002,,7.53,3.7,,,,,,,,,,,,,,,,,,
Xavier Worthy,WR,5600,9.54,,7.55,5.1000000000000005,,,,,,,,,,,,,,,,,,
Juwan Johnson,TE,5100,8.6,,3.51,12.9,,,,,,,,,,,,,,,,,,
Audric Estime,FLEX,4900,8.65,,6.28,5.1000000000000005,,,,,,,,,,,,,,,,,,
Saints,DST,3500,7.9,,31.99,19,,,,,,,,,,,,,,,,,,
Total,,59900,121.27800000000002,,,106.3,,,,,,,,,,,,,,,,,,
,,,,,,,,,,,,,,,,,,,,,,,,
Optimal Lineup - FootballGuys,POS,Salary,Projection,2025-12-21 12:53,Roster %,Result,,,,,,,,,,,,,,,,,,
Trevor Lawrence,QB,7100,19.133200000000002,Slate: Main,3.87,31.16,,,,,,,,,,,,,,,,,,
Jahmyr Gibbs,RB,9500,20.032,,20.83,17.8,,,,,,,,,,,,,,,,,,
Kenneth Gainwell,RB,5800,14.032,,5.76,21.3,,,,,,,,,,,,,,,,,,
Amon-Ra St. Brown,WR,9200,18.134,,14.27,7.4,,,,,,,,,,,,,,,,,,
Jameson Williams,WR,6700,13.129000000000001,,11.46,9.5,,,,,,,,,,,,,,,,,,
Wan'Dale Robinson,WR,6000,11.466,,7.53,3.7,,,,,,,,,,,,,,,,,,
Kyle Pitts Sr.,TE,6000,10.978,,5.78,15.2,,,,,,,,,,,,,,,,,,
Tony Pollard,FLEX,5900,12.204,,3.09,13.200000000000001,,,,,,,,,,,,,,,,,,
Saints,DST,3500,10.399999999999999,,31.99,19,,,,,,,,,,,,,,,,,,
Total,,59700,129.5082,,,138.26000000000002,,,,,,,,,,,,,,,,,,
,,,,,,,,,,,,,,,,,,,,,,,,
Optimal Lineup - FantasyLabs,POS,Salary,Projection,2025-12-21 12:54,Roster %,Result,,,,,,,,,,,,,,,,,,
C.J. Stroud,QB,7200,18.23,Slate: Main,0.46,11.48,,,,,,,,,,,,,,,,,,
Jahmyr Gibbs,RB,9500,20.83,,20.83,17.8,,,,,,,,,,,,,,,,,,
Bijan Robinson,RB,9600,21.18,,17.58,26.300000000000004,,,,,,,,,,,,,,,,,,
Jameson Williams,WR,6700,13.51,,11.46,9.5,,,,,,,,,,,,,,,,,,
Courtland Sutton,WR,6600,11.82,,6.9,17.6,,,,,,,,,,,,,,,,,,
Wan'Dale Robinson,WR,6000,11.26,,7.53,3.7,,,,,,,,,,,,,,,,,,
Juwan Johnson,TE,5100,8.53,,3.51,12.9,,,,,,,,,,,,,,,,,,
Kenneth Gainwell,FLEX,5800,10.94,,5.76,21.3,,,,,,,,,,,,,,,,,,
Saints,DST,3500,8.04,,31.99,19,,,,,,,,,,,,,,,,,,
Total,,60000,124.34,,,139.58,,,,,,,,,,,,,,,,,,
,,,,,,,,,,,,,,,,,,,,,,,,
Optimal Lineup - RotoWire,POS,Salary,Projection,2025-12-21 12:54,Roster %,Result,,,,,,,,,,,,,,,,,,
Tyler Shough,QB,6800,18.58,Slate: Main,1.84,20.12,,,,,,,,,,,,,,,,,,
Jahmyr Gibbs,RB,9500,21.99,,20.83,17.8,,,,,,,,,,,,,,,,,,
Bijan Robinson,RB,9600,24.59,,17.58,26.300000000000004,,,,,,,,,,,,,,,,,,
Jameson Williams,WR,6700,12.52,,11.46,9.5,,,,,,,,,,,,,,,,,,
Tetairoa McMillan,WR,6800,12.14,,8.9,16.3,,,,,,,,,,,,,,,,,,
Xavier Worthy,WR,5600,10.48,,7.55,5.1000000000000005,,,,,,,,,,,,,,,,,,
Juwan Johnson,TE,5100,8.87,,3.51,12.9,,,,,,,,,,,,,,,,,,
Audric Estime,FLEX,4900,9.97,,6.28,5.1000000000000005,,,,,,,,,,,,,,,,,,
Texans,DST,5000,11.27,,24.29,11,,,,,,,,,,,,,,,,,,
Total,,60000,130.41,,,124.11999999999999,,,,,,,,,,,,,,,,,,
,,,,,,,,,,,,,,,,,,,,,,,,
Optimal Lineup - NumberFire,POS,Salary,Projection,2025-12-21 12:54,Roster %,Result,,,,,,,,,,,,,,,,,,
Tyler Shough,QB,6800,16.9,Slate: Main,1.84,20.12,,,,,,,,,,,,,,,,,,
Jahmyr Gibbs,RB,9500,19.9,,20.83,17.8,,,,,,,,,,,,,,,,,,
James Cook III,RB,8800,17.5,,11.77,28.900000000000002,,,,,,,,,,,,,,,,,,
Amon-Ra St. Brown,WR,9200,16.9,,14.27,7.4,,,,,,,,,,,,,,,,,,
Jameson Williams,WR,6700,12.6,,11.46,9.5,,,,,,,,,,,,,,,,,,
Wan'Dale Robinson,WR,6000,10.6,,7.53,3.7,,,,,,,,,,,,,,,,,,
Juwan Johnson,TE,5100,9.9,,3.51,12.9,,,,,,,,,,,,,,,,,,
Audric Estime,FLEX,4900,10.2,,6.28,5.1000000000000005,,,,,,,,,,,,,,,,,,
Titans,DST,3000,6.8,,5.86,10,,,,,,,,,,,,,,,,,,
Total,,60000,121.29999999999998,,,115.42000000000002,,,,,,,,,,,,,,,,,,
,,,,,,,,,,,,,,,,,,,,,,,,
Optimal Lineup - DraftEdge,POS,Salary,Projection,2025-12-21 12:54,Roster %,Result,,,,,,,,,,,,,,,,,,
Tyler Shough,QB,6800,19.7,Slate: Main,1.84,20.12,,,,,,,,,,,,,,,,,,
Jahmyr Gibbs,RB,9500,24.1,,20.83,17.8,,,,,,,,,,,,,,,,,,
Bijan Robinson,RB,9600,23.8,,17.58,26.300000000000004,,,,,,,,,,,,,,,,,,
Jameson Williams,WR,6700,14.3,,11.46,9.5,,,,,,,,,,,,,,,,,,
Wan'Dale Robinson,WR,6000,12.2,,7.53,3.7,,,,,,,,,,,,,,,,,,
Xavier Worthy,WR,5600,10.8,,7.55,5.1000000000000005,,,,,,,,,,,,,,,,,,
Brenton Strange,TE,5300,10.5,,3.11,12.4,,,,,,,,,,,,,,,,,,
RJ Harvey,FLEX,7000,14.4,,8.28,20.1,,,,,,,,,,,,,,,,,,
Saints,DST,3500,8.9,,31.99,19,,,,,,,,,,,,,,,,,,
Total,,60000,138.7,,,134.02,,,,,,,,,,,,,,,,,,
,,,,,,,,,,,,,,,,,,,,,,,,
Optimal Lineup - SportsLine,POS,Salary,Projection,2025-12-21 12:54,Roster %,Result,,,,,,,,,,,,,,,,,,
C.J. Stroud,QB,7200,19.4,Slate: Main,0.46,11.48,,,,,,,,,,,,,,,,,,
Jahmyr Gibbs,RB,9500,19.3,,20.83,17.8,,,,,,,,,,,,,,,,,,
Chase Brown,RB,7200,14.53,,5.35,30.900000000000002,,,,,,,,,,,,,,,,,,
Jameson Williams,WR,6700,15.05,,11.46,9.5,,,,,,,,,,,,,,,,,,
Chris Olave,WR,7700,14.52,,6.71,34.8,,,,,,,,,,,,,,,,,,
Jayden Higgins,WR,5600,9.82,,2.91,2.2,,,,,,,,,,,,,,,,,,
Kyle Pitts Sr.,TE,6000,11.9,,5.78,15.2,,,,,,,,,,,,,,,,,,
Omarion Hampton,FLEX,6800,13.32,,4.66,16,,,,,,,,,,,,,,,,,,
Giants,DST,3300,11.88,,3.82,15,,,,,,,,,,,,,,,,,,
Total,,60000,129.72,,,152.88,,,,,,,,,,,,,,,,,,
,,,,,,,,,,,,,,,,,,,,,,,,
Optimal Lineup - Weighted,POS,Salary,Projection,2025-12-21 19:28,Roster %,Result,,,,,,,,,,,,,,,,,,
Brock Purdy,QB,7500,19.419111333333333,Slate: SNF-MNF,11,31.9,,,,,,,,,,,,,,,,,,
Jonathan Taylor,RB,9100,20.363508666666668,,15.16,15.400000000000002,,,,,,,,,,,,,,,,,,
Christian McCaffrey,RB,9300,20.082104666666666,,15.73,32.6,,,,,,,,,,,,,,,,,,
Zay Flowers,WR,7200,11.869366666666668,,8.06,17.700000000000003,,,,,,,,,,,,,,,,,,
Jauan Jennings,WR,6300,10.322691333333335,,6.68,15.600000000000001,,,,,,,,,,,,,,,,,,
Michael Pittman Jr.,WR,5600,7.998993333333335,,4.91,5.2,,,,,,,,,,,,,,,,,,
George Kittle,TE,6700,12.802642,,7.48,24,,,,,,,,,,,,,,,,,,
Isaiah Likely,FLEX,5000,5.802824666666668,,1.94,0,,,,,,,,,,,,,,,,,,
Ravens,DST,3300,6.791219999999999,,1.05,7,,,,,,,,,,,,,,,,,,
Total,,60000,115.45246266666668,,,149.40000000000003,,,,,,,,,,,,,,,,,,
,,,,,,,,,,,,,,,,,,,,,,,,
Optimal Lineup - AVG,POS,Salary,Projection,2025-12-21 19:28,Roster %,Result,,,,,,,,,,,,,,,,,,
Brock Purdy,QB,7500,19.56195555555556,Slate: SNF-MNF,11,31.9,,,,,,,,,,,,,,,,,,
Jonathan Taylor,RB,9100,20.364044444444446,,15.16,15.400000000000002,,,,,,,,,,,,,,,,,,
Christian McCaffrey,RB,9300,20.21551111111111,,15.73,32.6,,,,,,,,,,,,,,,,,,
Zay Flowers,WR,7200,11.867777777777778,,8.06,17.700000000000003,,,,,,,,,,,,,,,,,,
Jauan Jennings,WR,6300,10.375955555555556,,6.68,15.600000000000001,,,,,,,,,,,,,,,,,,
Michael Pittman Jr.,WR,5600,7.9302222222222225,,4.91,5.2,,,,,,,,,,,,,,,,,,
George Kittle,TE,6700,12.882933333333334,,7.48,24,,,,,,,,,,,,,,,,,,
Isaiah Likely,FLEX,5000,5.824844444444444,,1.94,0,,,,,,,,,,,,,,,,,,
Ravens,DST,3300,6.779333333333333,,1.05,7,,,,,,,,,,,,,,,,,,
Total,,60000,115.80257777777778,,,149.40000000000003,,,,,,,,,,,,,,,,,,
,,,,,,,,,,,,,,,,,,,,,,,,
Optimal Lineup - Best 5 Projection,POS,Salary,Projection,2025-12-21 19:28,Roster %,Result,,,,,,,,,,,,,,,,,,
Brock Purdy,QB,7500,19.594600000000003,Slate: SNF-MNF,11,31.9,,,,,,,,,,,,,,,,,,
Jonathan Taylor,RB,9100,19.8594,,15.16,15.400000000000002,,,,,,,,,,,,,,,,,,
Christian McCaffrey,RB,9300,20.3966,,15.73,32.6,,,,,,,,,,,,,,,,,,
Zay Flowers,WR,7200,11.870000000000001,,8.06,17.700000000000003,,,,,,,,,,,,,,,,,,
Jauan Jennings,WR,6300,9.880600000000001,,6.68,15.600000000000001,,,,,,,,,,,,,,,,,,
Michael Pittman Jr.,WR,5600,7.981999999999999,,4.91,5.2,,,,,,,,,,,,,,,,,,
George Kittle,TE,6700,12.8794,,7.48,24,,,,,,,,,,,,,,,,,,
Isaiah Likely,FLEX,5000,5.940599999999999,,1.94,0,,,,,,,,,,,,,,,,,,
Ravens,DST,3300,6.973999999999999,,1.05,7,,,,,,,,,,,,,,,,,,
Total,,60000,115.37720000000002,,,149.40000000000003,,,,,,,,,,,,,,,,,,
,,,,,,,,,,,,,,,,,,,,,,,,
Optimal Lineup - DFF,POS,Salary,Projection,2025-12-21 19:28,Roster %,Result,,,,,,,,,,,,,,,,,,
Brock Purdy,QB,7500,19.4,Slate: SNF-MNF,11,31.9,,,,,,,,,,,,,,,,,,
Jonathan Taylor,RB,9100,22.2,,15.16,15.400000000000002,,,,,,,,,,,,,,,,,,
Christian McCaffrey,RB,9300,20.4,,15.73,32.6,,,,,,,,,,,,,,,,,,
Zay Flowers,WR,7200,12.4,,8.06,17.700000000000003,,,,,,,,,,,,,,,,,,
Michael Pittman Jr.,WR,5600,8,,4.91,5.2,,,,,,,,,,,,,,,,,,
Ricky Pearsall,WR,5900,8,,0,Not Found,,,,,,,,,,,,,,,,,,
George Kittle,TE,6700,13.2,,7.48,24,,,,,,,,,,,,,,,,,,
Mark Andrews,FLEX,5400,8.4,,3.42,3.4000000000000004,,,,,,,,,,,,,,,,,,
Ravens,DST,3300,6.7,,1.05,7,,,,,,,,,,,,,,,,,,
Total,,60000,118.7,,,137.20000000000002,,,,,,,,,,,,,,,,,,
,,,,,,,,,,,,,,,,,,,,,,,,
Optimal Lineup - FantasyPros,POS,Salary,Projection,2025-12-21 19:29,Roster %,Result,,,,,,,,,,,,,,,,,,
Brock Purdy,QB,7500,19.192,Slate: SNF-MNF,11,31.9,,,,,,,,,,,,,,,,,,
Jonathan Taylor,RB,9100,18.730000000000004,,15.16,15.400000000000002,,,,,,,,,,,,,,,,,,
Christian McCaffrey,RB,9300,19.540000000000003,,15.73,32.6,,,,,,,,,,,,,,,,,,
Stefon Diggs,WR,6300,9.370000000000001,,4.9,21.3,,,,,,,,,,,,,,,,,,
Jauan Jennings,WR,6300,10.040000000000001,,6.68,15.600000000000001,,,,,,,,,,,,,,,,,,
Michael Pittman Jr.,WR,5600,8.71,,4.91,5.2,,,,,,,,,,,,,,,,,,
George Kittle,TE,6700,12.5,,7.48,24,,,,,,,,,,,,,,,,,,
Tyler Warren,FLEX,5400,8.370000000000001,,4,4.5,,,,,,,,,,,,,,,,,,
Ravens,DST,3300,6.7,,1.05,7,,,,,,,,,,,,,,,,,,
Total,,59500,113.15200000000003,,,157.5,,,,,,,,,,,,,,,,,,
,,,,,,,,,,,,,,,,,,,,,,,,
Optimal Lineup - FootballGuys,POS,Salary,Projection,2025-12-21 19:29,Roster %,Result,,,,,,,,,,,,,,,,,,
Brock Purdy,QB,7500,18.811,Slate: SNF-MNF,11,31.9,,,,,,,,,,,,,,,,,,
Jonathan Taylor,RB,9100,20.057000000000002,,15.16,15.400000000000002,,,,,,,,,,,,,,,,,,
Christian McCaffrey,RB,9300,19.933,,15.73,32.6,,,,,,,,,,,,,,,,,,
Zay Flowers,WR,7200,12.370000000000001,,8.06,17.700000000000003,,,,,,,,,,,,,,,,,,
Jauan Jennings,WR,6300,10.863000000000001,,6.68,15.600000000000001,,,,,,,,,,,,,,,,,,
Mack Hollins,WR,5700,8.099,,2.45,10.4,,,,,,,,,,,,,,,,,,
George Kittle,TE,6700,11.967,,7.48,24,,,,,,,,,,,,,,,,,,
Keaton Mitchell,FLEX,4900,5.815000000000001,,0.25,1.3,,,,,,,,,,,,,,,,,,
Colts,DST,3300,7.96,,0.47,-1,,,,,,,,,,,,,,,,,,
Total,,60000,115.875,,,147.90000000000003,,,,,,,,,,,,,,,,,,
,,,,,,,,,,,,,,,,,,,,,,,,
Optimal Lineup - FantasyLabs,POS,Salary,Projection,2025-12-21 19:29,Roster %,Result,,,,,,,,,,,,,,,,,,
Brock Purdy,QB,7500,18.9,Slate: SNF-MNF,11,31.9,,,,,,,,,,,,,,,,,,
Jonathan Taylor,RB,9100,21.11,,15.16,15.400000000000002,,,,,,,,,,,,,,,,,,
Christian McCaffrey,RB,9300,18.82,,15.73,32.6,,,,,,,,,,,,,,,,,,
Zay Flowers,WR,7200,12.04,,8.06,17.700000000000003,,,,,,,,,,,,,,,,,,
Jauan Jennings,WR,6300,11.52,,6.68,15.600000000000001,,,,,,,,,,,,,,,,,,
Kendrick Bourne,WR,5200,4.85,,0.08,4.2,,,,,,,,,,,,,,,,,,
George Kittle,TE,6700,13.17,,7.48,24,,,,,,,,,,,,,,,,,,
Hunter Henry,FLEX,5400,8.39,,3.87,12.5,,,,,,,,,,,,,,,,,,
Ravens,DST,3300,6.6,,1.05,7,,,,,,,,,,,,,,,,,,
Total,,60000,115.39999999999999,,,160.90000000000003,,,,,,,,,,,,,,,,,,
,,,,,,,,,,,,,,,,,,,,,,,,
Optimal Lineup - RotoWire,POS,Salary,Projection,2025-12-21 19:29,Roster %,Result,,,,,,,,,,,,,,,,,,
Brock Purdy,QB,7500,20.19,Slate: SNF-MNF,11,31.9,,,,,,,,,,,,,,,,,,
Jonathan Taylor,RB,9100,21.81,,15.16,15.400000000000002,,,,,,,,,,,,,,,,,,
Christian McCaffrey,RB,9300,19.04,,15.73,32.6,,,,,,,,,,,,,,,,,,
Stefon Diggs,WR,6300,9.76,,4.9,21.3,,,,,,,,,,,,,,,,,,
Jauan Jennings,WR,6300,10.78,,6.68,15.600000000000001,,,,,,,,,,,,,,,,,,
Michael Pittman Jr.,WR,5600,8.74,,4.91,5.2,,,,,,,,,,,,,,,,,,
George Kittle,TE,6700,12.6,,7.48,24,,,,,,,,,,,,,,,,,,
Tyler Warren,FLEX,5400,8.27,,4,4.5,,,,,,,,,,,,,,,,,,
Ravens,DST,3300,5.87,,1.05,7,,,,,,,,,,,,,,,,,,
Total,,59500,117.05999999999999,,,157.5,,,,,,,,,,,,,,,,,,
,,,,,,,,,,,,,,,,,,,,,,,,
Optimal Lineup - NumberFire,POS,Salary,Projection,2025-12-21 19:29,Roster %,Result,,,,,,,,,,,,,,,,,,
Brock Purdy,QB,7500,19.4,Slate: SNF-MNF,11,31.9,,,,,,,,,,,,,,,,,,
Jonathan Taylor,RB,9100,20.8,,15.16,15.400000000000002,,,,,,,,,,,,,,,,,,
Christian McCaffrey,RB,9300,20.5,,15.73,32.6,,,,,,,,,,,,,,,,,,
Stefon Diggs,WR,6300,9.6,,4.9,21.3,,,,,,,,,,,,,,,,,,
Jauan Jennings,WR,6300,10,,6.68,15.600000000000001,,,,,,,,,,,,,,,,,,
Michael Pittman Jr.,WR,5600,7.2,,4.91,5.2,,,,,,,,,,,,,,,,,,
George Kittle,TE,6700,13.6,,7.48,24,,,,,,,,,,,,,,,,,,
Hunter Henry,FLEX,5400,8.8,,3.87,12.5,,,,,,,,,,,,,,,,,,
Ravens,DST,3300,6.7,,1.05,7,,,,,,,,,,,,,,,,,,
Total,,59500,116.6,,,165.5,,,,,,,,,,,,,,,,,,
,,,,,,,,,,,,,,,,,,,,,,,,
Optimal Lineup - DraftEdge,POS,Salary,Projection,2025-12-21 19:29,Roster %,Result,,,,,,,,,,,,,,,,,,
Brock Purdy,QB,7500,19.4,Slate: SNF-MNF,11,31.9,,,,,,,,,,,,,,,,,,
Jonathan Taylor,RB,9100,21.2,,15.16,15.400000000000002,,,,,,,,,,,,,,,,,,
Christian McCaffrey,RB,9300,21.7,,15.73,32.6,,,,,,,,,,,,,,,,,,
Zay Flowers,WR,7200,11.9,,8.06,17.700000000000003,,,,,,,,,,,,,,,,,,
Stefon Diggs,WR,6300,9.9,,4.9,21.3,,,,,,,,,,,,,,,,,,
Jauan Jennings,WR,6300,11.8,,6.68,15.600000000000001,,,,,,,,,,,,,,,,,,
Hunter Henry,TE,5400,9,,3.87,12.5,,,,,,,,,,,,,,,,,,
Tyler Warren,FLEX,5400,9,,4,4.5,,,,,,,,,,,,,,,,,,
Ravens,DST,3300,6.7,,1.05,7,,,,,,,,,,,,,,,,,,
Total,,59800,120.60000000000001,,,158.5,,,,,,,,,,,,,,,,,,
,,,,,,,,,,,,,,,,,,,,,,,,
Optimal Lineup - SportsLine,POS,Salary,Projection,2025-12-21 19:29,Roster %,Result,,,,,,,,,,,,,,,,,,
Brock Purdy,QB,7500,21.17,Slate: SNF-MNF,11,31.9,,,,,,,,,,,,,,,,,,
Jonathan Taylor,RB,9100,17.51,,15.16,15.400000000000002,,,,,,,,,,,,,,,,,,
Christian McCaffrey,RB,9300,21.61,,15.73,32.6,,,,,,,,,,,,,,,,,,
Zay Flowers,WR,7200,11.78,,8.06,17.700000000000003,,,,,,,,,,,,,,,,,,
Jauan Jennings,WR,6300,9.7,,6.68,15.600000000000001,,,,,,,,,,,,,,,,,,
Alec Pierce,WR,5700,9.14,,2.39,22.6,,,,,,,,,,,,,,,,,,
George Kittle,TE,6700,13.13,,7.48,24,,,,,,,,,,,,,,,,,,
Keaton Mitchell,FLEX,4900,7.29,,0.25,1.3,,,,,,,,,,,,,,,,,,
Ravens,DST,3300,7.51,,1.05,7,,,,,,,,,,,,,,,,,,
Total,,60000,118.84000000000002,,,168.10000000000002,,,,,,,,,,,,,,,,,,
,,,,,,,,,,,,,,,,,,,,,,,,
Optimal Lineup - Weighted,POS,Salary,Projection,2025-12-25 13:52,Roster %,Result,,,,,,,,,,,,,,,,,,
Bo Nix,QB,7500,17.987799733333336,Slate: Late Thu,1.74,20.48,,,,,,,,,,,,,,,,,,
Jahmyr Gibbs,RB,9400,19.358945333333338,,17.23,5.4,,,,,,,,,,,,,,,,,,
RJ Harvey,RB,7300,12.96654666666667,,5.55,16.1,,,,,,,,,,,,,,,,,,
Courtland Sutton,WR,7100,11.367168,,6.4,6,,,,,,,,,,,,,,,,,,
Jameson Williams,WR,6900,11.999917333333336,,7.54,4.7,,,,,,,,,,,,,,,,,,
Troy Franklin,WR,5900,8.129093333333334,,2.17,3.7,,,,,,,,,,,,,,,,,,
Travis Kelce,TE,5400,7.703745333333334,,3.21,6.1,,,,,,,,,,,,,,,,,,
Aaron Jones Sr.,FLEX,6700,12.035120000000001,,5.56,13.8,,,,,,,,,,,,,,,,,,
Chiefs,DST,3700,6.254206666666667,,0.14,4,,,,,,,,,,,,,,,,,,
Total,,59900,107.80254240000001,,,80.28000000000002,,,,,,,,,,,,,,,,,,
,,,,,,,,,,,,,,,,,,,,,,,,
Optimal Lineup - AVG,POS,Salary,Projection,2025-12-25 13:52,Roster %,Result,,,,,,,,,,,,,,,,,,
Bo Nix,QB,7500,17.985075555555554,Slate: Late Thu,1.74,20.48,,,,,,,,,,,,,,,,,,
Jahmyr Gibbs,RB,9400,19.337155555555555,,17.23,5.4,,,,,,,,,,,,,,,,,,
RJ Harvey,RB,7300,12.975111111111111,,5.55,16.1,,,,,,,,,,,,,,,,,,
Jameson Williams,WR,6900,12.01008888888889,,7.54,4.7,,,,,,,,,,,,,,,,,,
Jordan Addison,WR,5800,8.063644444444444,,3.39,12.5,,,,,,,,,,,,,,,,,,
Troy Franklin,WR,5900,8.120222222222223,,2.17,3.7,,,,,,,,,,,,,,,,,,
Travis Kelce,TE,5400,7.51048888888889,,3.21,6.1,,,,,,,,,,,,,,,,,,
Aaron Jones Sr.,FLEX,6700,12.039333333333333,,5.56,13.8,,,,,,,,,,,,,,,,,,
Broncos,DST,5000,9.566,,22.04,5,,,,,,,,,,,,,,,,,,
Total,,59900,107.60712,,,87.78,,,,,,,,,,,,,,,,,,
,,,,,,,,,,,,,,,,,,,,,,,,
Optimal Lineup - Best 5 Projection,POS,Salary,Projection,2025-12-25 13:52,Roster %,Result,,,,,,,,,,,,,,,,,,
Bo Nix,QB,7500,17.87928,Slate: Late Thu,1.74,20.48,,,,,,,,,,,,,,,,,,
Jahmyr Gibbs,RB,9400,18.8524,,17.23,5.4,,,,,,,,,,,,,,,,,,
RJ Harvey,RB,7300,12.811000000000002,,5.55,16.1,,,,,,,,,,,,,,,,,,
Jameson Williams,WR,6900,11.631800000000002,,7.54,4.7,,,,,,,,,,,,,,,,,,
Jordan Addison,WR,5800,8.363800000000001,,3.39,12.5,,,,,,,,,,,,,,,,,,
Troy Franklin,WR,5900,8.322,,2.17,3.7,,,,,,,,,,,,,,,,,,
Travis Kelce,TE,5400,7.6474,,3.21,6.1,,,,,,,,,,,,,,,,,,
Aaron Jones Sr.,FLEX,6700,11.919,,5.56,13.8,,,,,,,,,,,,,,,,,,
Broncos,DST,5000,9.524,,22.04,5,,,,,,,,,,,,,,,,,,
Total,,59900,106.95068,,,87.78,,,,,,,,,,,,,,,,,,
,,,,,,,,,,,,,,,,,,,,,,,,
Optimal Lineup - DFF,POS,Salary,Projection,2025-12-25 13:53,Roster %,Result,,,,,,,,,,,,,,,,,,
Bo Nix,QB,7500,18.5,Slate: Late Thu,1.74,20.48,,,,,,,,,,,,,,,,,,
Jahmyr Gibbs,RB,9400,20.3,,17.23,5.4,,,,,,,,,,,,,,,,,,
RJ Harvey,RB,7300,13.3,,5.55,16.1,,,,,,,,,,,,,,,,,,
Courtland Sutton,WR,7100,12,,6.4,6,,,,,,,,,,,,,,,,,,
Jameson Williams,WR,6900,11.9,,7.54,4.7,,,,,,,,,,,,,,,,,,
Jordan Addison,WR,5800,7.5,,3.39,12.5,,,,,,,,,,,,,,,,,,
Travis Kelce,TE,5400,7.4,,3.21,6.1,,,,,,,,,,,,,,,,,,
Aaron Jones Sr.,FLEX,6700,12.5,,5.56,13.8,,,,,,,,,,,,,,,,,,
Chiefs,DST,3700,5.5,,0.14,4,,,,,,,,,,,,,,,,,,
Total,,59800,108.9,,,89.08,,,,,,,,,,,,,,,,,,
,,,,,,,,,,,,,,,,,,,,,,,,
Optimal Lineup - FantasyPros,POS,Salary,Projection,2025-12-25 13:53,Roster %,Result,,,,,,,,,,,,,,,,,,
Bo Nix,QB,7500,17.154,Slate: Late Thu,1.74,20.48,,,,,,,,,,,,,,,,,,
Jahmyr Gibbs,RB,9400,18.54,,17.23,5.4,,,,,,,,,,,,,,,,,,
RJ Harvey,RB,7300,12.46,,5.55,16.1,,,,,,,,,,,,,,,,,,
Jameson Williams,WR,6900,11.35,,7.54,4.7,,,,,,,,,,,,,,,,,,
Jordan Addison,WR,5800,8.11,,3.39,12.5,,,,,,,,,,,,,,,,,,
Troy Franklin,WR,5900,8.370000000000001,,2.17,3.7,,,,,,,,,,,,,,,,,,
Travis Kelce,TE,5400,7.36,,3.21,6.1,,,,,,,,,,,,,,,,,,
Aaron Jones Sr.,FLEX,6700,11.74,,5.56,13.8,,,,,,,,,,,,,,,,,,
Broncos,DST,5000,9.4,,22.04,5,,,,,,,,,,,,,,,,,,
Total,,59900,104.48400000000001,,,87.78,,,,,,,,,,,,,,,,,,
,,,,,,,,,,,,,,,,,,,,,,,,
Optimal Lineup - FootballGuys,POS,Salary,Projection,2025-12-25 13:53,Roster %,Result,,,,,,,,,,,,,,,,,,
Bo Nix,QB,7500,18.6124,Slate: Late Thu,1.74,20.48,,,,,,,,,,,,,,,,,,
Jahmyr Gibbs,RB,9400,20.032,,17.23,5.4,,,,,,,,,,,,,,,,,,
Aaron Jones Sr.,RB,6700,11.834999999999999,,5.56,13.8,,,,,,,,,,,,,,,,,,
Amon-Ra St. Brown,WR,9100,18.134,,9.4,10.8,,,,,,,,,,,,,,,,,,
Jameson Williams,WR,6900,13.129000000000001,,7.54,4.7,,,,,,,,,,,,,,,,,,
Xavier Worthy,WR,5700,9.727,,2.14,0.1,,,,,,,,,,,,,,,,,,
Travis Kelce,TE,5400,10.947000000000001,,3.21,6.1,,,,,,,,,,,,,,,,,,
Kareem Hunt,FLEX,5500,8.874,,0.2,3.8000000000000003,,,,,,,,,,,,,,,,,,
Chiefs,DST,3700,10.58,,0.14,4,,,,,,,,,,,,,,,,,,
Total,,59900,121.87040000000002,,,69.18,,,,,,,,,,,,,,,,,,
,,,,,,,,,,,,,,,,,,,,,,,,
Optimal Lineup - FantasyLabs,POS,Salary,Projection,2025-12-25 13:53,Roster %,Result,,,,,,,,,,,,,,,,,,
Bo Nix,QB,7500,18.45,Slate: Late Thu,1.74,20.48,,,,,,,,,,,,,,,,,,
Jahmyr Gibbs,RB,9400,20.02,,17.23,5.4,,,,,,,,,,,,,,,,,,
RJ Harvey,RB,7300,13.21,,5.55,16.1,,,,,,,,,,,,,,,,,,
Courtland Sutton,WR,7100,11.96,,6.4,6,,,,,,,,,,,,,,,,,,
Jameson Williams,WR,6900,12.36,,7.54,4.7,,,,,,,,,,,,,,,,,,
Troy Franklin,WR,5900,7.67,,2.17,3.7,,,,,,,,,,,,,,,,,,
Travis Kelce,TE,5400,6.68,,3.21,6.1,,,,,,,,,,,,,,,,,,
Aaron Jones Sr.,FLEX,6700,12.55,,5.56,13.8,,,,,,,,,,,,,,,,,,
Vikings,DST,3400,5.9,,0.71,21,,,,,,,,,,,,,,,,,,
Total,,59600,108.8,,,97.28000000000002,,,,,,,,,,,,,,,,,,
,,,,,,,,,,,,,,,,,,,,,,,,
Optimal Lineup - RotoWire,POS,Salary,Projection,2025-12-25 13:53,Roster %,Result,,,,,,,,,,,,,,,,,,
Bo Nix,QB,7500,17.24,Slate: Late Thu,1.74,20.48,,,,,,,,,,,,,,,,,,
Jahmyr Gibbs,RB,9400,19.9,,17.23,5.4,,,,,,,,,,,,,,,,,,
Aaron Jones Sr.,RB,6700,12.19,,5.56,13.8,,,,,,,,,,,,,,,,,,
Amon-Ra St. Brown,WR,9100,15.79,,9.4,10.8,,,,,,,,,,,,,,,,,,
Jameson Williams,WR,6900,11.44,,7.54,4.7,,,,,,,,,,,,,,,,,,
Jordan Addison,WR,5800,8.03,,3.39,12.5,,,,,,,,,,,,,,,,,,
Josh Oliver,TE,4500,5.47,,1.81,1.3,,,,,,,,,,,,,,,,,,
Jalen Nailor,FLEX,5000,5.57,,1.03,0,,,,,,,,,,,,,,,,,,
Broncos,DST,5000,9.37,,22.04,5,,,,,,,,,,,,,,,,,,
Total,,59900,105,,,73.98,,,,,,,,,,,,,,,,,,
,,,,,,,,,,,,,,,,,,,,,,,,
Optimal Lineup - NumberFire,POS,Salary,Projection,2025-12-25 13:53,Roster %,Result,,,,,,,,,,,,,,,,,,
Max Brosmer,QB,6200,14.7,Slate: Late Thu,0.05,3.64,,,,,,,,,,,,,,,,,,
Jahmyr Gibbs,RB,9400,18.2,,17.23,5.4,,,,,,,,,,,,,,,,,,
Aaron Jones Sr.,RB,6700,12,,5.56,13.8,,,,,,,,,,,,,,,,,,
Amon-Ra St. Brown,WR,9100,16.1,,9.4,10.8,,,,,,,,,,,,,,,,,,
Jameson Williams,WR,6900,10.5,,7.54,4.7,,,,,,,,,,,,,,,,,,
Jordan Addison,WR,5800,8.6,,3.39,12.5,,,,,,,,,,,,,,,,,,
Evan Engram,TE,5000,5.9,,1.6,4.1,,,,,,,,,,,,,,,,,,
David Montgomery,FLEX,5800,9.6,,1.48,5,,,,,,,,,,,,,,,,,,
Broncos,DST,5000,9.4,,22.04,5,,,,,,,,,,,,,,,,,,
Total,,59900,105,,,64.94,,,,,,,,,,,,,,,,,,
,,,,,,,,,,,,,,,,,,,,,,,,
Optimal Lineup - DraftEdge,POS,Salary,Projection,2025-12-25 13:53,Roster %,Result,,,,,,,,,,,,,,,,,,
Bo Nix,QB,7500,18.9,Slate: Late Thu,1.74,20.48,,,,,,,,,,,,,,,,,,
Jahmyr Gibbs,RB,9400,21,,17.23,5.4,,,,,,,,,,,,,,,,,,
RJ Harvey,RB,7300,14.3,,5.55,16.1,,,,,,,,,,,,,,,,,,
Courtland Sutton,WR,7100,12.7,,6.4,6,,,,,,,,,,,,,,,,,,
Jameson Williams,WR,6900,14.5,,7.54,4.7,,,,,,,,,,,,,,,,,,
Troy Franklin,WR,5900,8.6,,2.17,3.7,,,,,,,,,,,,,,,,,,
Travis Kelce,TE,5400,8.1,,3.21,6.1,,,,,,,,,,,,,,,,,,
Aaron Jones Sr.,FLEX,6700,12.1,,5.56,13.8,,,,,,,,,,,,,,,,,,
Vikings,DST,3400,5.6,,0.71,21,,,,,,,,,,,,,,,,,,
Total,,59600,115.79999999999998,,,97.28000000000002,,,,,,,,,,,,,,,,,,
,,,,,,,,,,,,,,,,,,,,,,,,
Optimal Lineup - SportsLine,POS,Salary,Projection,2025-12-25 13:53,Roster %,Result,,,,,,,,,,,,,,,,,,
Bo Nix,QB,7500,17.93,Slate: Late Thu,1.74,20.48,,,,,,,,,,,,,,,,,,
Jahmyr Gibbs,RB,9400,17.19,,17.23,5.4,,,,,,,,,,,,,,,,,,
RJ Harvey,RB,7300,12.36,,5.55,16.1,,,,,,,,,,,,,,,,,,
Jameson Williams,WR,6900,11.28,,7.54,4.7,,,,,,,,,,,,,,,,,,
Jordan Addison,WR,5800,8.35,,3.39,12.5,,,,,,,,,,,,,,,,,,
Troy Franklin,WR,5900,8.6,,2.17,3.7,,,,,,,,,,,,,,,,,,
Travis Kelce,TE,5400,6.03,,3.21,6.1,,,,,,,,,,,,,,,,,,
Aaron Jones Sr.,FLEX,6700,11.52,,5.56,13.8,,,,,,,,,,,,,,,,,,
Lions,DST,4900,12.56,,3.83,7,,,,,,,,,,,,,,,,,,
Total,,59800,105.82,,,89.78,,,,,,,,,,,,,,,,,,
,,,,,,,,,,,,,,,,,,,,,,,,
Optimal Lineup - Weighted,POS,Salary,Projection,2025-12-27 12:02,Roster %,Result,,,,,,,,,,,,,,,,,,
C.J. Stroud,QB,7300,15.224012800000002,Slate: Sat Main,0.14,15.759999999999998,,,,,,,,,,,,,,,,,,
Josh Jacobs,RB,8400,13.066312000000002,,3.45,0.8,,,,,,,,,,,,,,,,,,
Omarion Hampton,RB,6900,12.314738666666667,,6.11,16,,,,,,,,,,,,,,,,,,
Nico Collins,WR,8500,12.800541333333333,,5.8,7.2,,,,,,,,,,,,,,,,,,
Christian Watson,WR,6500,7.603374666666667,,3.88,22.8,,,,,,,,,,,,,,,,,,
Quentin Johnston,WR,6100,7.323305333333334,,3.27,12.3,,,,,,,,,,,,,,,,,,
Dalton Schultz,TE,5600,7.683082666666667,,2.75,3.4000000000000004,,,,,,,,,,,,,,,,,,
Woody Marks,FLEX,6700,9.314205333333335,,1.49,8,,,,,,,,,,,,,,,,,,
Chargers,DST,4000,7.860653333333335,,4.68,5,,,,,,,,,,,,,,,,,,
Total,,60000,93.19022613333334,,,91.26,,,,,,,,,,,,,,,,,,
,,,,,,,,,,,,,,,,,,,,,,,,
Optimal Lineup - AVG,POS,Salary,Projection,2025-12-27 12:02,Roster %,Result,,,,,,,,,,,,,,,,,,
C.J. Stroud,QB,7300,15.20304,Slate: Sat Main,0.14,15.759999999999998,,,,,,,,,,,,,,,,,,
Josh Jacobs,RB,8400,13.0516,,3.45,0.8,,,,,,,,,,,,,,,,,,
Omarion Hampton,RB,6900,12.250711111111109,,6.11,16,,,,,,,,,,,,,,,,,,
Nico Collins,WR,8500,12.806622222222224,,5.8,7.2,,,,,,,,,,,,,,,,,,
Christian Watson,WR,6500,7.615511111111112,,3.88,22.8,,,,,,,,,,,,,,,,,,
Quentin Johnston,WR,6100,7.365155555555556,,3.27,12.3,,,,,,,,,,,,,,,,,,
Dalton Schultz,TE,5600,7.606577777777779,,2.75,3.4000000000000004,,,,,,,,,,,,,,,,,,
Woody Marks,FLEX,6700,9.368488888888889,,1.49,8,,,,,,,,,,,,,,,,,,
Chargers,DST,4000,7.78488888888889,,4.68,5,,,,,,,,,,,,,,,,,,
Total,,60000,93.05259555555556,,,91.26,,,,,,,,,,,,,,,,,,
,,,,,,,,,,,,,,,,,,,,,,,,
Optimal Lineup - Best 5 Projection,POS,Salary,Projection,2025-12-27 12:03,Roster %,Result,,,,,,,,,,,,,,,,,,
C.J. Stroud,QB,7300,15.19956,Slate: Sat Main,0.14,15.759999999999998,,,,,,,,,,,,,,,,,,
Josh Jacobs,RB,8400,13.357400000000002,,3.45,0.8,,,,,,,,,,,,,,,,,,
Omarion Hampton,RB,6900,12.3094,,6.11,16,,,,,,,,,,,,,,,,,,
Nico Collins,WR,8500,12.6516,,5.8,7.2,,,,,,,,,,,,,,,,,,
Christian Watson,WR,6500,7.6016,,3.88,22.8,,,,,,,,,,,,,,,,,,
Quentin Johnston,WR,6100,7.2644,,3.27,12.3,,,,,,,,,,,,,,,,,,
Dalton Schultz,TE,5600,7.663200000000001,,2.75,3.4000000000000004,,,,,,,,,,,,,,,,,,
Woody Marks,FLEX,6700,9.369399999999999,,1.49,8,,,,,,,,,,,,,,,,,,
Chargers,DST,4000,8.044,,4.68,5,,,,,,,,,,,,,,,,,,
Total,,60000,93.46056,,,91.26,,,,,,,,,,,,,,,,,,
,,,,,,,,,,,,,,,,,,,,,,,,
Optimal Lineup - DFF,POS,Salary,Projection,2025-12-27 12:03,Roster %,Result,,,,,,,,,,,,,,,,,,
C.J. Stroud,QB,7300,15.2,Slate: Sat Main,0.14,15.759999999999998,,,,,,,,,,,,,,,,,,
Josh Jacobs,RB,8400,12.1,,3.45,0.8,,,,,,,,,,,,,,,,,,
Omarion Hampton,RB,6900,11.6,,6.11,16,,,,,,,,,,,,,,,,,,
Nico Collins,WR,8500,12.2,,5.8,7.2,,,,,,,,,,,,,,,,,,
Christian Watson,WR,6500,7.3,,3.88,22.8,,,,,,,,,,,,,,,,,,
Quentin Johnston,WR,6100,7.2,,3.27,12.3,,,,,,,,,,,,,,,,,,
Dalton Schultz,TE,5600,7.8,,2.75,3.4000000000000004,,,,,,,,,,,,,,,,,,
Woody Marks,FLEX,6700,9.1,,1.49,8,,,,,,,,,,,,,,,,,,
Chargers,DST,4000,7.4,,4.68,5,,,,,,,,,,,,,,,,,,
Total,,60000,89.89999999999999,,,91.26,,,,,,,,,,,,,,,,,,
,,,,,,,,,,,,,,,,,,,,,,,,
Optimal Lineup - FantasyPros,POS,Salary,Projection,2025-12-27 12:03,Roster %,Result,,,,,,,,,,,,,,,,,,
Justin Herbert,QB,8400,17.830000000000002,Slate: Sat Main,0.25,16.14,,,,,,,,,,,,,,,,,,
Josh Jacobs,RB,8400,13.42,,3.45,0.8,,,,,,,,,,,,,,,,,,
Omarion Hampton,RB,6900,12.58,,6.11,16,,,,,,,,,,,,,,,,,,
Nico Collins,WR,8500,13,,5.8,7.2,,,,,,,,,,,,,,,,,,
Jayden Reed,WR,5900,7.970000000000001,,3.48,6.1000000000000005,,,,,,,,,,,,,,,,,,
Jayden Higgins,WR,5600,5.86,,2.03,15.8,,,,,,,,,,,,,,,,,,
Dalton Schultz,TE,5600,7.510000000000001,,2.75,3.4000000000000004,,,,,,,,,,,,,,,,,,
Woody Marks,FLEX,6700,9.45,,1.49,8,,,,,,,,,,,,,,,,,,
Chargers,DST,4000,7.4,,4.68,5,,,,,,,,,,,,,,,,,,
Total,,60000,95.02000000000001,,,78.44000000000001,,,,,,,,,,,,,,,,,,
,,,,,,,,,,,,,,,,,,,,,,,,
Optimal Lineup - FootballGuys,POS,Salary,Projection,2025-12-27 12:03,Roster %,Result,,,,,,,,,,,,,,,,,,
C.J. Stroud,QB,7300,15.4618,Slate: Sat Main,0.14,15.759999999999998,,,,,,,,,,,,,,,,,,
Josh Jacobs,RB,8400,14.107000000000001,,3.45,0.8,,,,,,,,,,,,,,,,,,
Omarion Hampton,RB,6900,13.907,,6.11,16,,,,,,,,,,,,,,,,,,
Nico Collins,WR,8500,13.378,,5.8,7.2,,,,,,,,,,,,,,,,,,
Zay Flowers,WR,7700,11.251999999999999,,5.26,11,,,,,,,,,,,,,,,,,,
Quentin Johnston,WR,6100,7.222,,3.27,12.3,,,,,,,,,,,,,,,,,,
Dalton Schultz,TE,5600,8.786000000000001,,2.75,3.4000000000000004,,,,,,,,,,,,,,,,,,
Oronde Gadsden II,FLEX,5500,5.707,,2.38,10.7,,,,,,,,,,,,,,,,,,
Chargers,DST,4000,9.68,,4.68,5,,,,,,,,,,,,,,,,,,
Total,,60000,99.5008,,,82.16000000000001,,,,,,,,,,,,,,,,,,
,,,,,,,,,,,,,,,,,,,,,,,,
Optimal Lineup - FantasyLabs,POS,Salary,Projection,2025-12-27 12:03,Roster %,Result,,,,,,,,,,,,,,,,,,
C.J. Stroud,QB,7300,15.12,Slate: Sat Main,0.14,15.759999999999998,,,,,,,,,,,,,,,,,,
Derrick Henry,RB,9200,13.66,,4.49,48.6,,,,,,,,,,,,,,,,,,
Omarion Hampton,RB,6900,11.55,,6.11,16,,,,,,,,,,,,,,,,,,
Nico Collins,WR,8500,12.22,,5.8,7.2,,,,,,,,,,,,,,,,,,
Quentin Johnston,WR,6100,7.03,,3.27,12.3,,,,,,,,,,,,,,,,,,
Jayden Higgins,WR,5600,5.27,,2.03,15.8,,,,,,,,,,,,,,,,,,
Dalton Schultz,TE,5600,7.53,,2.75,3.4000000000000004,,,,,,,,,,,,,,,,,,
Woody Marks,FLEX,6700,8.95,,1.49,8,,,,,,,,,,,,,,,,,,
Chargers,DST,4000,7.22,,4.68,5,,,,,,,,,,,,,,,,,,
Total,,59900,88.55,,,132.06,,,,,,,,,,,,,,,,,,
,,,,,,,,,,,,,,,,,,,,,,,,
Optimal Lineup - RotoWire,POS,Salary,Projection,2025-12-27 12:03,Roster %,Result,,,,,,,,,,,,,,,,,,
Justin Herbert,QB,8400,19.27,Slate: Sat Main,0.25,16.14,,,,,,,,,,,,,,,,,,
Derrick Henry,RB,9200,14.88,,4.49,48.6,,,,,,,,,,,,,,,,,,
Josh Jacobs,RB,8400,12.89,,3.45,0.8,,,,,,,,,,,,,,,,,,
Quentin Johnston,WR,6100,8.07,,3.27,12.3,,,,,,,,,,,,,,,,,,
Jayden Reed,WR,5900,7.97,,3.48,6.1000000000000005,,,,,,,,,,,,,,,,,,
Jayden Higgins,WR,5600,6.75,,2.03,15.8,,,,,,,,,,,,,,,,,,
Oronde Gadsden II,TE,5500,6.79,,2.38,10.7,,,,,,,,,,,,,,,,,,
Omarion Hampton,FLEX,6900,12.45,,6.11,16,,,,,,,,,,,,,,,,,,
Chargers,DST,4000,6.98,,4.68,5,,,,,,,,,,,,,,,,,,
Total,,60000,96.05000000000001,,,131.44,,,,,,,,,,,,,,,,,,
,,,,,,,,,,,,,,,,,,,,,,,,
Optimal Lineup - NumberFire,POS,Salary,Projection,2025-12-27 12:03,Roster %,Result,,,,,,,,,,,,,,,,,,
Justin Herbert,QB,8400,17.3,Slate: Sat Main,0.25,16.14,,,,,,,,,,,,,,,,,,
Josh Jacobs,RB,8400,12.2,,3.45,0.8,,,,,,,,,,,,,,,,,,
Woody Marks,RB,6700,9.7,,1.49,8,,,,,,,,,,,,,,,,,,
Nico Collins,WR,8500,12.4,,5.8,7.2,,,,,,,,,,,,,,,,,,
Ladd McConkey,WR,7200,8.8,,4.07,3.6,,,,,,,,,,,,,,,,,,
Jayden Higgins,WR,5600,5.6,,2.03,15.8,,,,,,,,,,,,,,,,,,
Dalton Schultz,TE,5600,7.3,,2.75,3.4000000000000004,,,,,,,,,,,,,,,,,,
Oronde Gadsden II,FLEX,5500,7.2,,2.38,10.7,,,,,,,,,,,,,,,,,,
Chargers,DST,4000,7.4,,4.68,5,,,,,,,,,,,,,,,,,,
Total,,59900,87.9,,,70.64,,,,,,,,,,,,,,,,,,
,,,,,,,,,,,,,,,,,,,,,,,,
Optimal Lineup - DraftEdge,POS,Salary,Projection,2025-12-27 12:04,Roster %,Result,,,,,,,,,,,,,,,,,,
Malik Willis,QB,7600,15.5,Slate: Sat Main,0,31.519999999999996,,,,,,,,,,,,,,,,,,
Josh Jacobs,RB,8400,13,,3.45,0.8,,,,,,,,,,,,,,,,,,
Omarion Hampton,RB,6900,12.4,,6.11,16,,,,,,,,,,,,,,,,,,
Nico Collins,WR,8500,14,,5.8,7.2,,,,,,,,,,,,,,,,,,
Zay Flowers,WR,7700,12.1,,5.26,11,,,,,,,,,,,,,,,,,,
Jayden Reed,WR,5900,7.1,,3.48,6.1000000000000005,,,,,,,,,,,,,,,,,,
Dalton Schultz,TE,5600,8.1,,2.75,3.4000000000000004,,,,,,,,,,,,,,,,,,
Mark Andrews,FLEX,5300,6.7,,3.3,4.800000000000001,,,,,,,,,,,,,,,,,,
Chargers,DST,4000,7.6,,4.68,5,,,,,,,,,,,,,,,,,,
Total,,59900,96.49999999999999,,,85.82,,,,,,,,,,,,,,,,,,
,,,,,,,,,,,,,,,,,,,,,,,,
Optimal Lineup - SportsLine,POS,Salary,Projection,2025-12-27 12:04,Roster %,Result,,,,,,,,,,,,,,,,,,
Malik Willis,QB,7600,19.01,Slate: Sat Main,0,31.519999999999996,,,,,,,,,,,,,,,,,,
Josh Jacobs,RB,8400,14.96,,3.45,0.8,,,,,,,,,,,,,,,,,,
Omarion Hampton,RB,6900,13.96,,6.11,16,,,,,,,,,,,,,,,,,,
Nico Collins,WR,8500,12.28,,5.8,7.2,,,,,,,,,,,,,,,,,,
Quentin Johnston,WR,6100,8.19,,3.27,12.3,,,,,,,,,,,,,,,,,,
Jayden Reed,WR,5900,9.23,,3.48,6.1000000000000005,,,,,,,,,,,,,,,,,,
Mark Andrews,TE,5300,6.6,,3.3,4.800000000000001,,,,,,,,,,,,,,,,,,
Woody Marks,FLEX,6700,9.76,,1.49,8,,,,,,,,,,,,,,,,,,
Texans,DST,4600,10.03,,0.78,8,,,,,,,,,,,,,,,,,,
Total,,60000,104.02000000000001,,,94.71999999999998,,,,,,,,,,,,,,,,,,
,,,,,,,,,,,,,,,,,,,,,,,,
Optimal Lineup - Weighted,POS,Salary,Projection,2025-12-28 12:43,Roster %,Result,,,,,,,,,,,,,,,,,,
Drake Maye,QB,8400,21.443725066666666,Slate: Main,7.92,32.44,,,,,,,,,,,,,,,,,,
Ashton Jeanty,RB,7500,16.983597333333336,,12.48,8.3,,,,,,,,,,,,,,,,,,
Tyrone Tracy Jr.,RB,6200,11.952853333333334,,5.04,6.2,,,,,,,,,,,,,,,,,,
Ja'Marr Chase,WR,9400,18.119488,,12.42,21.5,,,,,,,,,,,,,,,,,,
Stefon Diggs,WR,6500,11.905336000000002,,5.72,22.1,,,,,,,,,,,,,,,,,,
Wan'Dale Robinson,WR,6100,10.917586666666665,,7.8,19.8,,,,,,,,,,,,,,,,,,
Juwan Johnson,TE,5200,9.763208,,5.43,11.5,,,,,,,,,,,,,,,,,,
Kenneth Gainwell,FLEX,6300,11.563261333333333,,4.24,5.300000000000001,,,,,,,,,,,,,,,,,,
Steelers,DST,4400,9.584586666666667,,4.53,10,,,,,,,,,,,,,,,,,,
Total,,60000,122.23364240000001,,,137.14,,,,,,,,,,,,,,,,,,
,,,,,,,,,,,,,,,,,,,,,,,,
Optimal Lineup - AVG,POS,Salary,Projection,2025-12-28 12:43,Roster %,Result,,,,,,,,,,,,,,,,,,
Drake Maye,QB,8400,21.472897777777774,Slate: Main,7.92,32.44,,,,,,,,,,,,,,,,,,
Ashton Jeanty,RB,7500,17.10742222222222,,12.48,8.3,,,,,,,,,,,,,,,,,,
Tyrone Tracy Jr.,RB,6200,11.988222222222223,,5.04,6.2,,,,,,,,,,,,,,,,,,
Ja'Marr Chase,WR,9400,18.185066666666664,,12.42,21.5,,,,,,,,,,,,,,,,,,
Stefon Diggs,WR,6500,11.848133333333331,,5.72,22.1,,,,,,,,,,,,,,,,,,
Wan'Dale Robinson,WR,6100,10.930444444444444,,7.8,19.8,,,,,,,,,,,,,,,,,,
Juwan Johnson,TE,5200,9.747733333333333,,5.43,11.5,,,,,,,,,,,,,,,,,,
Kenneth Gainwell,FLEX,6300,11.402622222222222,,4.24,5.300000000000001,,,,,,,,,,,,,,,,,,
Steelers,DST,4400,9.573777777777778,,4.53,10,,,,,,,,,,,,,,,,,,
Total,,60000,122.25632,,,137.14,,,,,,,,,,,,,,,,,,
,,,,,,,,,,,,,,,,,,,,,,,,
Optimal Lineup - Best 5 Projection,POS,Salary,Projection,2025-12-28 12:44,Roster %,Result,,,,,,,,,,,,,,,,,,
Drake Maye,QB,8400,21.377679999999998,Slate: Main,7.92,32.44,,,,,,,,,,,,,,,,,,
Ashton Jeanty,RB,7500,16.6178,,12.48,8.3,,,,,,,,,,,,,,,,,,
Tyrone Tracy Jr.,RB,6200,12.224,,5.04,6.2,,,,,,,,,,,,,,,,,,
Ja'Marr Chase,WR,9400,18.0776,,12.42,21.5,,,,,,,,,,,,,,,,,,
Stefon Diggs,WR,6500,11.7922,,5.72,22.1,,,,,,,,,,,,,,,,,,
Wan'Dale Robinson,WR,6100,10.804,,7.8,19.8,,,,,,,,,,,,,,,,,,
Juwan Johnson,TE,5200,9.8916,,5.43,11.5,,,,,,,,,,,,,,,,,,
Kenneth Gainwell,FLEX,6300,11.6306,,4.24,5.300000000000001,,,,,,,,,,,,,,,,,,
Steelers,DST,4400,10.084,,4.53,10,,,,,,,,,,,,,,,,,,
Total,,60000,122.49948,,,137.14,,,,,,,,,,,,,,,,,,
,,,,,,,,,,,,,,,,,,,,,,,,
Optimal Lineup - DFF,POS,Salary,Projection,2025-12-28 12:44,Roster %,Result,,,,,,,,,,,,,,,,,,
Jacoby Brissett,QB,7600,19.3,Slate: Main,6.88,16.48,,,,,,,,,,,,,,,,,,
De'Von Achane,RB,8800,18.3,,13.12,12.700000000000001,,,,,,,,,,,,,,,,,,
Ashton Jeanty,RB,7500,18,,12.48,8.3,,,,,,,,,,,,,,,,,,
Stefon Diggs,WR,6500,12.5,,5.72,22.1,,,,,,,,,,,,,,,,,,
Wan'Dale Robinson,WR,6100,11.3,,7.8,19.8,,,,,,,,,,,,,,,,,,
Kyle Williams,WR,4600,8.1,,0.17,3.5,,,,,,,,,,,,,,,,,,
Trey McBride,TE,8000,15.7,,8.34,18.6,,,,,,,,,,,,,,,,,,
Tyrone Tracy Jr.,FLEX,6200,11.9,,5.04,6.2,,,,,,,,,,,,,,,,,,
Steelers,DST,4400,9.3,,4.53,10,,,,,,,,,,,,,,,,,,
Total,,59700,124.39999999999999,,,117.68000000000002,,,,,,,,,,,,,,,,,,
,,,,,,,,,,,,,,,,,,,,,,,,
Optimal Lineup - FantasyPros,POS,Salary,Projection,2025-12-28 12:44,Roster %,Result,,,,,,,,,,,,,,,,,,
Drake Maye,QB,8400,21.259999999999998,Slate: Main,7.92,32.44,,,,,,,,,,,,,,,,,,
De'Von Achane,RB,8800,18.55,,13.12,12.700000000000001,,,,,,,,,,,,,,,,,,
Ashton Jeanty,RB,7500,15.830000000000002,,12.48,8.3,,,,,,,,,,,,,,,,,,
Stefon Diggs,WR,6500,11.68,,5.72,22.1,,,,,,,,,,,,,,,,,,
Tre Tucker,WR,5400,8.719999999999999,,5.58,7.4,,,,,,,,,,,,,,,,,,
Kyle Williams,WR,4600,7.14,,0.17,3.5,,,,,,,,,,,,,,,,,,
Trey McBride,TE,8000,15.1,,8.34,18.6,,,,,,,,,,,,,,,,,,
Kenneth Gainwell,FLEX,6300,12.32,,4.24,5.300000000000001,,,,,,,,,,,,,,,,,,
Steelers,DST,4400,9.3,,4.53,10,,,,,,,,,,,,,,,,,,
Total,,59900,119.89999999999999,,,120.33999999999999,,,,,,,,,,,,,,,,,,
,,,,,,,,,,,,,,,,,,,,,,,,
Optimal Lineup - FootballGuys,POS,Salary,Projection,2025-12-28 12:44,Roster %,Result,,,,,,,,,,,,,,,,,,
Trevor Lawrence,QB,8000,22.313799999999997,Slate: Main,7.14,24.119999999999997,,,,,,,,,,,,,,,,,,
Ashton Jeanty,RB,7500,16.659,,12.48,8.3,,,,,,,,,,,,,,,,,,
Kenneth Gainwell,RB,6300,12.893,,4.24,5.300000000000001,,,,,,,,,,,,,,,,,,
Ja'Marr Chase,WR,9400,18.698,,12.42,21.5,,,,,,,,,,,,,,,,,,
Stefon Diggs,WR,6500,12.721,,5.72,22.1,,,,,,,,,,,,,,,,,,
Tre Tucker,WR,5400,8.751000000000001,,5.58,7.4,,,,,,,,,,,,,,,,,,
Trey McBride,TE,8000,16.141,,8.34,18.6,,,,,,,,,,,,,,,,,,
Juwan Johnson,FLEX,5200,10.847999999999999,,5.43,11.5,,,,,,,,,,,,,,,,,,
Giants,DST,3700,9.88,,5.46,12,,,,,,,,,,,,,,,,,,
Total,,60000,128.9048,,,130.82,,,,,,,,,,,,,,,,,,
,,,,,,,,,,,,,,,,,,,,,,,,
Optimal Lineup - FantasyLabs,POS,Salary,Projection,2025-12-28 12:44,Roster %,Result,,,,,,,,,,,,,,,,,,
Trevor Lawrence,QB,8000,20.78,Slate: Main,7.14,24.119999999999997,,,,,,,,,,,,,,,,,,
Ashton Jeanty,RB,7500,17.32,,12.48,8.3,,,,,,,,,,,,,,,,,,
Tyrone Tracy Jr.,RB,6200,11.02,,5.04,6.2,,,,,,,,,,,,,,,,,,
Ja'Marr Chase,WR,9400,18.06,,12.42,21.5,,,,,,,,,,,,,,,,,,
Stefon Diggs,WR,6500,11.14,,5.72,22.1,,,,,,,,,,,,,,,,,,
Wan'Dale Robinson,WR,6100,12.02,,7.8,19.8,,,,,,,,,,,,,,,,,,
Trey McBride,TE,8000,15.37,,8.34,18.6,,,,,,,,,,,,,,,,,,
Juwan Johnson,FLEX,5200,8.98,,5.43,11.5,,,,,,,,,,,,,,,,,,
Jets,DST,3000,5.88,,0.44,-3,,,,,,,,,,,,,,,,,,
Total,,59900,120.57000000000001,,,129.12,,,,,,,,,,,,,,,,,,
,,,,,,,,,,,,,,,,,,,,,,,,
Optimal Lineup - RotoWire,POS,Salary,Projection,2025-12-28 12:44,Roster %,Result,,,,,,,,,,,,,,,,,,
Tyler Shough,QB,7300,18.77,Slate: Main,4.35,24.92,,,,,,,,,,,,,,,,,,
Jonathan Taylor,RB,9500,19.77,,13.19,15.9,,,,,,,,,,,,,,,,,,
De'Von Achane,RB,8800,18.13,,13.12,12.700000000000001,,,,,,,,,,,,,,,,,,
Tre Tucker,WR,5400,8.96,,5.58,7.4,,,,,,,,,,,,,,,,,,
Kyle Williams,WR,4600,8.63,,0.17,3.5,,,,,,,,,,,,,,,,,,
Rashid Shaheed,WR,5500,9.57,,4.26,1.3,,,,,,,,,,,,,,,,,,
Trey McBride,TE,8000,15.7,,8.34,18.6,,,,,,,,,,,,,,,,,,
Ashton Jeanty,FLEX,7500,17.34,,12.48,8.3,,,,,,,,,,,,,,,,,,
Colts,DST,3300,5.92,,2.69,6,,,,,,,,,,,,,,,,,,
Total,,59900,122.78999999999999,,,98.61999999999999,,,,,,,,,,,,,,,,,,
,,,,,,,,,,,,,,,,,,,,,,,,
Optimal Lineup - NumberFire,POS,Salary,Projection,2025-12-28 12:44,Roster %,Result,,,,,,,,,,,,,,,,,,
Drake Maye,QB,8400,22.1,Slate: Main,7.92,32.44,,,,,,,,,,,,,,,,,,
Tyrone Tracy Jr.,RB,6200,13.7,,5.04,6.2,,,,,,,,,,,,,,,,,,
TreVeyon Henderson,RB,7000,15.6,,2.18,8.200000000000001,,,,,,,,,,,,,,,,,,
Ja'Marr Chase,WR,9400,18,,12.42,21.5,,,,,,,,,,,,,,,,,,
Stefon Diggs,WR,6500,12.2,,5.72,22.1,,,,,,,,,,,,,,,,,,
Wan'Dale Robinson,WR,6100,10.2,,7.8,19.8,,,,,,,,,,,,,,,,,,
Hunter Henry,TE,5500,11.2,,3.8,12.4,,,,,,,,,,,,,,,,,,
Kenneth Gainwell,FLEX,6300,13.5,,4.24,5.300000000000001,,,,,,,,,,,,,,,,,,
Steelers,DST,4400,9.3,,4.53,10,,,,,,,,,,,,,,,,,,
Total,,59800,125.80000000000001,,,137.94,,,,,,,,,,,,,,,,,,
,,,,,,,,,,,,,,,,,,,,,,,,
Optimal Lineup - DraftEdge,POS,Salary,Projection,2025-12-28 12:45,Roster %,Result,,,,,,,,,,,,,,,,,,
Joe Burrow,QB,8700,23.6,Slate: Main,6.3,23.4,,,,,,,,,,,,,,,,,,
Ashton Jeanty,RB,7500,19.6,,12.48,8.3,,,,,,,,,,,,,,,,,,
Travis Etienne Jr.,RB,7600,16.2,,7.33,10.200000000000001,,,,,,,,,,,,,,,,,,
Ja'Marr Chase,WR,9400,20.7,,12.42,21.5,,,,,,,,,,,,,,,,,,
Stefon Diggs,WR,6500,13.2,,5.72,22.1,,,,,,,,,,,,,,,,,,
Kyle Williams,WR,4600,8.1,,0.17,3.5,,,,,,,,,,,,,,,,,,
Trey McBride,TE,8000,17.4,,8.34,18.6,,,,,,,,,,,,,,,,,,
Michael Mayer,FLEX,4600,8.7,,2.8,13.4,,,,,,,,,,,,,,,,,,
Jets,DST,3000,7.9,,0.44,-3,,,,,,,,,,,,,,,,,,
Total,,59900,135.4,,,118,,,,,,,,,,,,,,,,,,
,,,,,,,,,,,,,,,,,,,,,,,,
Optimal Lineup - SportsLine,POS,Salary,Projection,2025-12-28 12:45,Roster %,Result,,,,,,,,,,,,,,,,,,
Jaxson Dart,QB,7100,18.46,Slate: Main,3.77,25.08,,,,,,,,,,,,,,,,,,
Ashton Jeanty,RB,7500,17.7,,12.48,8.3,,,,,,,,,,,,,,,,,,
Chase Brown,RB,8000,17.16,,7.65,30.6,,,,,,,,,,,,,,,,,,
Wan'Dale Robinson,WR,6100,11.3,,7.8,19.8,,,,,,,,,,,,,,,,,,
Michael Wilson,WR,6900,13.4,,6.37,17.4,,,,,,,,,,,,,,,,,,
Emeka Egbuka,WR,5800,12.04,,2.9,3.5,,,,,,,,,,,,,,,,,,
Trey McBride,TE,8000,17.13,,8.34,18.6,,,,,,,,,,,,,,,,,,
Tyrone Tracy Jr.,FLEX,6200,11.9,,5.04,6.2,,,,,,,,,,,,,,,,,,
Steelers,DST,4400,12.22,,4.53,10,,,,,,,,,,,,,,,,,,
Total,,60000,131.31,,,139.48,,,,,,,,,,,,,,,,,,
,,,,,,,,,,,,,,,,,,,,,,,,
Optimal Lineup - Weighted,POS,Salary,Projection,2025-12-28 16:05,Roster %,Result,,,,,,,,,,,,,,,,,,
Brock Purdy,QB,7400,20.43938826666667,Slate: SNF-MNF,16.73,40.92,,,,,,,,,,,,,,,,,,
Christian McCaffrey,RB,9300,21.831566666666667,,26.93,29.1,,,,,,,,,,,,,,,,,,
D'Andre Swift,RB,6300,11.567141333333337,,4.26,20.9,,,,,,,,,,,,,,,,,,
Puka Nacua,WR,10000,21.273346666666665,,18.87,13.2,,,,,,,,,,,,,,,,,,
Jauan Jennings,WR,6500,11.361308,,6.7,11.2,,,,,,,,,,,,,,,,,,
DJ Moore,WR,6400,10.383908,,5.52,1.2000000000000002,,,,,,,,,,,,,,,,,,
Colston Loveland,TE,5100,7.917869333333333,,3.36,18.4,,,,,,,,,,,,,,,,,,
Luther Burden III,FLEX,5700,8.279065333333335,,1.9,26.8,,,,,,,,,,,,,,,,,,
Falcons,DST,3300,4.282053333333334,,0.03,15,,,,,,,,,,,,,,,,,,
Total,,60000,117.33564693333334,,,176.72000000000003,,,,,,,,,,,,,,,,,,
,,,,,,,,,,,,,,,,,,,,,,,,
Optimal Lineup - AVG,POS,Salary,Projection,2025-12-28 16:05,Roster %,Result,,,,,,,,,,,,,,,,,,
Brock Purdy,QB,7400,20.533324444444442,Slate: SNF-MNF,16.73,40.92,,,,,,,,,,,,,,,,,,
Christian McCaffrey,RB,9300,21.91444444444444,,26.93,29.1,,,,,,,,,,,,,,,,,,
D'Andre Swift,RB,6300,11.55328888888889,,4.26,20.9,,,,,,,,,,,,,,,,,,
Puka Nacua,WR,10000,21.278444444444446,,18.87,13.2,,,,,,,,,,,,,,,,,,
Jauan Jennings,WR,6500,11.237733333333331,,6.7,11.2,,,,,,,,,,,,,,,,,,
DJ Moore,WR,6400,10.364400000000002,,5.52,1.2000000000000002,,,,,,,,,,,,,,,,,,
Colston Loveland,TE,5100,7.953688888888889,,3.36,18.4,,,,,,,,,,,,,,,,,,
Luther Burden III,FLEX,5700,8.016488888888889,,1.9,26.8,,,,,,,,,,,,,,,,,,
Falcons,DST,3300,4.221555555555556,,0.03,15,,,,,,,,,,,,,,,,,,
Total,,60000,117.07336888888888,,,176.72000000000003,,,,,,,,,,,,,,,,,,
,,,,,,,,,,,,,,,,,,,,,,,,
Optimal Lineup - Best 5 Projection,POS,Salary,Projection,2025-12-28 16:05,Roster %,Result,,,,,,,,,,,,,,,,,,
Brock Purdy,QB,7400,20.46332,Slate: SNF-MNF,16.73,40.92,,,,,,,,,,,,,,,,,,
Christian McCaffrey,RB,9300,22.125,,26.93,29.1,,,,,,,,,,,,,,,,,,
D'Andre Swift,RB,6300,11.466600000000001,,4.26,20.9,,,,,,,,,,,,,,,,,,
Puka Nacua,WR,10000,20.836000000000002,,18.87,13.2,,,,,,,,,,,,,,,,,,
Jauan Jennings,WR,6500,11.3266,,6.7,11.2,,,,,,,,,,,,,,,,,,
DJ Moore,WR,6400,10.646600000000001,,5.52,1.2000000000000002,,,,,,,,,,,,,,,,,,
Colston Loveland,TE,5100,7.982200000000001,,3.36,18.4,,,,,,,,,,,,,,,,,,
Luther Burden III,FLEX,5700,7.676399999999999,,1.9,26.8,,,,,,,,,,,,,,,,,,
Falcons,DST,3300,4.343999999999999,,0.03,15,,,,,,,,,,,,,,,,,,
Total,,60000,116.86672,,,176.72000000000003,,,,,,,,,,,,,,,,,,
,,,,,,,,,,,,,,,,,,,,,,,,
Optimal Lineup - DFF,POS,Salary,Projection,2025-12-28 16:06,Roster %,Result,,,,,,,,,,,,,,,,,,
Brock Purdy,QB,7400,20.5,Slate: SNF-MNF,16.73,40.92,,,,,,,,,,,,,,,,,,
Christian McCaffrey,RB,9300,22.4,,26.93,29.1,,,,,,,,,,,,,,,,,,
D'Andre Swift,RB,6300,11,,4.26,20.9,,,,,,,,,,,,,,,,,,
Puka Nacua,WR,10000,22.1,,18.87,13.2,,,,,,,,,,,,,,,,,,
Jauan Jennings,WR,6500,10.8,,6.7,11.2,,,,,,,,,,,,,,,,,,
Luther Burden III,WR,5700,9.1,,1.9,26.8,,,,,,,,,,,,,,,,,,
Colston Loveland,TE,5100,8.1,,3.36,18.4,,,,,,,,,,,,,,,,,,
Jake Tonges,FLEX,4900,6.9,,0.56,15.5,,,,,,,,,,,,,,,,,,
Rams,DST,4800,7,,0.91,2,,,,,,,,,,,,,,,,,,
Total,,60000,117.89999999999999,,,178.02000000000004,,,,,,,,,,,,,,,,,,
,,,,,,,,,,,,,,,,,,,,,,,,
Optimal Lineup - FantasyPros,POS,Salary,Projection,2025-12-28 16:06,Roster %,Result,,,,,,,,,,,,,,,,,,
Brock Purdy,QB,7400,20.266000000000002,Slate: SNF-MNF,16.73,40.92,,,,,,,,,,,,,,,,,,
Christian McCaffrey,RB,9300,21.21,,26.93,29.1,,,,,,,,,,,,,,,,,,
Bijan Robinson,RB,9400,18.71,,10.37,40.4,,,,,,,,,,,,,,,,,,
Jauan Jennings,WR,6500,11.6,,6.7,11.2,,,,,,,,,,,,,,,,,,
DJ Moore,WR,6400,10.08,,5.52,1.2000000000000002,,,,,,,,,,,,,,,,,,
Luther Burden III,WR,5700,8.440000000000001,,1.9,26.8,,,,,,,,,,,,,,,,,,
Jake Tonges,TE,4900,7.36,,0.56,15.5,,,,,,,,,,,,,,,,,,
D'Andre Swift,FLEX,6300,11.530000000000003,,4.26,20.9,,,,,,,,,,,,,,,,,,
Bears,DST,4100,5.6,,1.12,5,,,,,,,,,,,,,,,,,,
Total,,60000,114.79599999999999,,,191.02000000000004,,,,,,,,,,,,,,,,,,
,,,,,,,,,,,,,,,,,,,,,,,,
Optimal Lineup - FootballGuys,POS,Salary,Projection,2025-12-28 16:06,Roster %,Result,,,,,,,,,,,,,,,,,,
Brock Purdy,QB,7400,19.3106,Slate: SNF-MNF,16.73,40.92,,,,,,,,,,,,,,,,,,
Christian McCaffrey,RB,9300,21.465000000000003,,26.93,29.1,,,,,,,,,,,,,,,,,,
D'Andre Swift,RB,6300,12.603000000000002,,4.26,20.9,,,,,,,,,,,,,,,,,,
Puka Nacua,WR,10000,23.119999999999997,,18.87,13.2,,,,,,,,,,,,,,,,,,
Jauan Jennings,WR,6500,12.583000000000002,,6.7,11.2,,,,,,,,,,,,,,,,,,
DJ Moore,WR,6400,11.783,,5.52,1.2000000000000002,,,,,,,,,,,,,,,,,,
Colston Loveland,TE,5100,7.981,,3.36,18.4,,,,,,,,,,,,,,,,,,
Luther Burden III,FLEX,5700,10.432,,1.9,26.8,,,,,,,,,,,,,,,,,,
Falcons,DST,3300,5.74,,0.03,15,,,,,,,,,,,,,,,,,,
Total,,60000,125.0176,,,176.72000000000003,,,,,,,,,,,,,,,,,,
,,,,,,,,,,,,,,,,,,,,,,,,
Optimal Lineup - FantasyLabs,POS,Salary,Projection,2025-12-28 16:06,Roster %,Result,,,,,,,,,,,,,,,,,,
Brock Purdy,QB,7400,20.82,Slate: SNF-MNF,16.73,40.92,,,,,,,,,,,,,,,,,,
Christian McCaffrey,RB,9300,20.64,,26.93,29.1,,,,,,,,,,,,,,,,,,
D'Andre Swift,RB,6300,11.08,,4.26,20.9,,,,,,,,,,,,,,,,,,
Puka Nacua,WR,10000,20.49,,18.87,13.2,,,,,,,,,,,,,,,,,,
Jauan Jennings,WR,6500,11.94,,6.7,11.2,,,,,,,,,,,,,,,,,,
Luther Burden III,WR,5700,9.47,,1.9,26.8,,,,,,,,,,,,,,,,,,
Kyle Pitts Sr.,TE,6100,9.81,,4.71,2.6,,,,,,,,,,,,,,,,,,
Colby Parkinson,FLEX,5000,8.59,,3.19,8.3,,,,,,,,,,,,,,,,,,
Falcons,DST,3300,4.4,,0.03,15,,,,,,,,,,,,,,,,,,
Total,,59600,117.24000000000001,,,168.02000000000004,,,,,,,,,,,,,,,,,,
,,,,,,,,,,,,,,,,,,,,,,,,
Optimal Lineup - RotoWire,POS,Salary,Projection,2025-12-28 16:06,Roster %,Result,,,,,,,,,,,,,,,,,,
Brock Purdy,QB,7400,20.4,Slate: SNF-MNF,16.73,40.92,,,,,,,,,,,,,,,,,,
Christian McCaffrey,RB,9300,20.74,,26.93,29.1,,,,,,,,,,,,,,,,,,
D'Andre Swift,RB,6300,10.9,,4.26,20.9,,,,,,,,,,,,,,,,,,
Puka Nacua,WR,10000,22.7,,18.87,13.2,,,,,,,,,,,,,,,,,,
Drake London,WR,7800,13.41,,8.82,0.9,,,,,,,,,,,,,,,,,,
Luther Burden III,WR,5700,7.32,,1.9,26.8,,,,,,,,,,,,,,,,,,
Colston Loveland,TE,5100,7.18,,3.36,18.4,,,,,,,,,,,,,,,,,,
Colby Parkinson,FLEX,5000,7,,3.19,8.3,,,,,,,,,,,,,,,,,,
Falcons,DST,3300,3.73,,0.03,15,,,,,,,,,,,,,,,,,,
Total,,59900,113.38000000000001,,,173.52000000000004,,,,,,,,,,,,,,,,,,
,,,,,,,,,,,,,,,,,,,,,,,,
Optimal Lineup - NumberFire,POS,Salary,Projection,2025-12-28 16:06,Roster %,Result,,,,,,,,,,,,,,,,,,
Brock Purdy,QB,7400,21.5,Slate: SNF-MNF,16.73,40.92,,,,,,,,,,,,,,,,,,
Christian McCaffrey,RB,9300,22.8,,26.93,29.1,,,,,,,,,,,,,,,,,,
Bijan Robinson,RB,9400,20.2,,10.37,40.4,,,,,,,,,,,,,,,,,,
Drake London,WR,7800,13.9,,8.82,0.9,,,,,,,,,,,,,,,,,,
Jauan Jennings,WR,6500,12.1,,6.7,11.2,,,,,,,,,,,,,,,,,,
Konata Mumpfield,WR,4900,5.3,,0.64,2,,,,,,,,,,,,,,,,,,
Colston Loveland,TE,5100,7.6,,3.36,18.4,,,,,,,,,,,,,,,,,,
D'Andre Swift,FLEX,6300,11.2,,4.26,20.9,,,,,,,,,,,,,,,,,,
Falcons,DST,3300,3.8,,0.03,15,,,,,,,,,,,,,,,,,,
Total,,60000,118.39999999999999,,,178.82000000000002,,,,,,,,,,,,,,,,,,
,,,,,,,,,,,,,,,,,,,,,,,,
Optimal Lineup - DraftEdge,POS,Salary,Projection,2025-12-28 16:06,Roster %,Result,,,,,,,,,,,,,,,,,,
Brock Purdy,QB,7400,20.8,Slate: SNF-MNF,16.73,40.92,,,,,,,,,,,,,,,,,,
Christian McCaffrey,RB,9300,23.1,,26.93,29.1,,,,,,,,,,,,,,,,,,
D'Andre Swift,RB,6300,13.2,,4.26,20.9,,,,,,,,,,,,,,,,,,
Puka Nacua,WR,10000,23.3,,18.87,13.2,,,,,,,,,,,,,,,,,,
Drake London,WR,7800,13.7,,8.82,0.9,,,,,,,,,,,,,,,,,,
Luther Burden III,WR,5700,9.3,,1.9,26.8,,,,,,,,,,,,,,,,,,
Colston Loveland,TE,5100,8.9,,3.36,18.4,,,,,,,,,,,,,,,,,,
Colby Parkinson,FLEX,5000,9,,3.19,8.3,,,,,,,,,,,,,,,,,,
Falcons,DST,3300,3.8,,0.03,15,,,,,,,,,,,,,,,,,,
Total,,59900,125.10000000000001,,,173.52000000000004,,,,,,,,,,,,,,,,,,
,,,,,,,,,,,,,,,,,,,,,,,,
Optimal Lineup - SportsLine,POS,Salary,Projection,2025-12-28 16:06,Roster %,Result,,,,,,,,,,,,,,,,,,
Brock Purdy,QB,7400,20.74,Slate: SNF-MNF,16.73,40.92,,,,,,,,,,,,,,,,,,
Christian McCaffrey,RB,9300,22.75,,26.93,29.1,,,,,,,,,,,,,,,,,,
D'Andre Swift,RB,6300,11,,4.26,20.9,,,,,,,,,,,,,,,,,,
Puka Nacua,WR,10000,18.48,,18.87,13.2,,,,,,,,,,,,,,,,,,
Drake London,WR,7800,13.83,,8.82,0.9,,,,,,,,,,,,,,,,,,
DJ Moore,WR,6400,12.57,,5.52,1.2000000000000002,,,,,,,,,,,,,,,,,,
Colby Parkinson,TE,5000,9.04,,3.19,8.3,,,,,,,,,,,,,,,,,,
Tutu Atwell,FLEX,4500,5.86,,0.03,0,,,,,,,,,,,,,,,,,,
Falcons,DST,3300,4.58,,0.03,15,,,,,,,,,,,,,,,,,,
Total,,60000,118.85,,,129.52000000000004,,,,,,,,,,,,,,,,,,
,,,,,,,,,,,,,,,,,,,,,,,,
Optimal Lineup - Weighted,POS,Salary,Projection,2026-01-03 14:34,Roster %,Result,,,,,,,,,,,,,,,,,,
Brock Purdy,QB,8200,19.259596533333333,Slate: Sat Main,16.73,6.18,,,,,,,,,,,,,,,,,,
Christian McCaffrey,RB,9700,20.07435866666667,Excl: Sunday,26.93,8.700000000000001,,,,,,,,,,,,,,,,,,
Chuba Hubbard,RB,5600,7.485929333333335,,0.51,2.7,,,,,,,,,,,,,,,,,,
Jaxon Smith-Njigba,WR,9600,17.84972266666667,,14.06,11.4,,,,,,,,,,,,,,,,,,
Cooper Kupp,WR,5800,7.260837333333333,,2.48,3.9000000000000004,,,,,,,,,,,,,,,,,,
Rashid Shaheed,WR,5500,6.640510666666668,,4.26,0.7,,,,,,,,,,,,,,,,,,
George Kittle,TE,6500,10.238638666666667,,0,5.4,,,,,,,,,,,,,,,,,,
AJ Barner,FLEX,5400,8.012946666666668,,3.78,2.4000000000000004,,,,,,,,,,,,,,,,,,
Panthers,DST,3600,5.956753333333333,,2.15,7,,,,,,,,,,,,,,,,,,
Total,,59900,102.77929386666666,,,48.38,,,,,,,,,,,,,,,,,,
,,,,,,,,,,,,,,,,,,,,,,,,
Optimal Lineup - AVG,POS,Salary,Projection,2026-01-03 14:34,Roster %,Result,,,,,,,,,,,,,,,,,,
Brock Purdy,QB,8200,19.35264888888889,Slate: Sat Main,16.73,6.18,,,,,,,,,,,,,,,,,,
Christian McCaffrey,RB,9700,20.24671111111111,Excl: Sunday,26.93,8.700000000000001,,,,,,,,,,,,,,,,,,
Chuba Hubbard,RB,5600,7.528355555555556,,0.51,2.7,,,,,,,,,,,,,,,,,,
Jaxon Smith-Njigba,WR,9600,17.89857777777778,,14.06,11.4,,,,,,,,,,,,,,,,,,
Rashid Shaheed,WR,5500,6.8736444444444444,,4.26,0.7,,,,,,,,,,,,,,,,,,
Emeka Egbuka,WR,5700,6.802355555555556,,2.9,1.3,,,,,,,,,,,,,,,,,,
George Kittle,TE,6500,9.880711111111113,,0,5.4,,,,,,,,,,,,,,,,,,
AJ Barner,FLEX,5400,7.961777777777779,,3.78,2.4000000000000004,,,,,,,,,,,,,,,,,,
49ers,DST,3800,6.317777777777778,,2.19,6,,,,,,,,,,,,,,,,,,
Total,,60000,102.86256,,,44.78,,,,,,,,,,,,,,,,,,
,,,,,,,,,,,,,,,,,,,,,,,,
Optimal Lineup - Best 5 Projection,POS,Salary,Projection,2026-01-03 14:34,Roster %,Result,,,,,,,,,,,,,,,,,,
Brock Purdy,QB,8200,19.15564,Slate: Sat Main,16.73,6.18,,,,,,,,,,,,,,,,,,
Christian McCaffrey,RB,9700,20.0584,Excl: Sunday,26.93,8.700000000000001,,,,,,,,,,,,,,,,,,
Chuba Hubbard,RB,5600,7.789200000000001,,0.51,2.7,,,,,,,,,,,,,,,,,,
Jaxon Smith-Njigba,WR,9600,17.5062,,14.06,11.4,,,,,,,,,,,,,,,,,,
Rashid Shaheed,WR,5500,6.4138,,4.26,0.7,,,,,,,,,,,,,,,,,,
Emeka Egbuka,WR,5700,7.1652000000000005,,2.9,1.3,,,,,,,,,,,,,,,,,,
George Kittle,TE,6500,10.8494,,0,5.4,,,,,,,,,,,,,,,,,,
AJ Barner,FLEX,5400,7.976000000000001,,3.78,2.4000000000000004,,,,,,,,,,,,,,,,,,
49ers,DST,3800,6.38,,2.19,6,,,,,,,,,,,,,,,,,,
Total,,60000,103.29383999999999,,,44.78,,,,,,,,,,,,,,,,,,
,,,,,,,,,,,,,,,,,,,,,,,,
Optimal Lineup - DFF,POS,Salary,Projection,2026-01-03 14:34,Roster %,Result,,,,,,,,,,,,,,,,,,
Sam Darnold,QB,7500,17.52,Slate: Sat Main,1.26,8.82,,,,,,,,,,,,,,,,,,
Christian McCaffrey,RB,9700,19.55,Excl: Sunday,26.93,8.700000000000001,,,,,,,,,,,,,,,,,,
Rico Dowdle,RB,7600,12.47,,1.63,2,,,,,,,,,,,,,,,,,,
Tetairoa McMillan,WR,7300,11.68,,5.06,10.5,,,,,,,,,,,,,,,,,,
Ricky Pearsall,WR,6400,8.58,,2.44,Not Found,,,,,,,,,,,,,,,,,,
Cooper Kupp,WR,5800,7.59,,2.48,3.9000000000000004,,,,,,,,,,,,,,,,,,
George Kittle,TE,6500,12.21,,0,5.4,,,,,,,,,,,,,,,,,,
AJ Barner,FLEX,5400,8.3,,3.78,2.4000000000000004,,,,,,,,,,,,,,,,,,
49ers,DST,3800,6.31,,2.19,6,,,,,,,,,,,,,,,,,,
Total,,60000,104.21,,,47.72,,,,,,,,,,,,,,,,,,
,,,,,,,,,,,,,,,,,,,,,,,,
Optimal Lineup - FantasyPros,POS,Salary,Projection,2026-01-03 14:34,Roster %,Result,,,,,,,,,,,,,,,,,,
Bryce Young,QB,7200,16.102000000000004,Slate: Sat Main,0.14,17.54,,,,,,,,,,,,,,,,,,
Christian McCaffrey,RB,9700,18.400000000000002,Excl: Sunday,26.93,8.700000000000001,,,,,,,,,,,,,,,,,,
Chuba Hubbard,RB,5600,7.360000000000001,,0.51,2.7,,,,,,,,,,,,,,,,,,
Jaxon Smith-Njigba,WR,9600,17.450000000000003,,14.06,11.4,,,,,,,,,,,,,,,,,,
Jauan Jennings,WR,6600,9.63,,6.7,5.5,,,,,,,,,,,,,,,,,,
Cooper Kupp,WR,5800,7.6499999999999995,,2.48,3.9000000000000004,,,,,,,,,,,,,,,,,,
George Kittle,TE,6500,11.71,,0,5.4,,,,,,,,,,,,,,,,,,
AJ Barner,FLEX,5400,8.63,,3.78,2.4000000000000004,,,,,,,,,,,,,,,,,,
Panthers,DST,3600,5.79,,2.15,7,,,,,,,,,,,,,,,,,,
Total,,60000,102.72200000000002,,,64.53999999999999,,,,,,,,,,,,,,,,,,
,,,,,,,,,,,,,,,,,,,,,,,,
Optimal Lineup - FootballGuys,POS,Salary,Projection,2026-01-03 14:34,Roster %,Result,,,,,,,,,,,,,,,,,,
Brock Purdy,QB,8200,19.5042,Slate: Sat Main,16.73,6.18,,,,,,,,,,,,,,,,,,
Christian McCaffrey,RB,9700,20.532000000000004,Excl: Sunday,26.93,8.700000000000001,,,,,,,,,,,,,,,,,,
Rico Dowdle,RB,7600,12.394,,1.63,2,,,,,,,,,,,,,,,,,,
Tetairoa McMillan,WR,7300,11.583000000000002,,5.06,10.5,,,,,,,,,,,,,,,,,,
Cooper Kupp,WR,5800,7.818999999999999,,2.48,3.9000000000000004,,,,,,,,,,,,,,,,,,
Jalen Coker,WR,5900,7.4510000000000005,,3.19,13.7,,,,,,,,,,,,,,,,,,
George Kittle,TE,6500,11.477,,0,5.4,,,,,,,,,,,,,,,,,,
AJ Barner,FLEX,5400,7.85,,3.78,2.4000000000000004,,,,,,,,,,,,,,,,,,
Panthers,DST,3600,7.26,,2.15,7,,,,,,,,,,,,,,,,,,
Total,,60000,105.87020000000003,,,59.78,,,,,,,,,,,,,,,,,,
,,,,,,,,,,,,,,,,,,,,,,,,
Optimal Lineup - FantasyLabs,POS,Salary,Projection,2026-01-03 14:34,Roster %,Result,,,,,,,,,,,,,,,,,,
Sam Darnold,QB,7500,17.11,Slate: Sat Main,1.26,8.82,,,,,,,,,,,,,,,,,,
Christian McCaffrey,RB,9700,18.73,Excl: Sunday,26.93,8.700000000000001,,,,,,,,,,,,,,,,,,
Chuba Hubbard,RB,5600,6.51,,0.51,2.7,,,,,,,,,,,,,,,,,,
Jaxon Smith-Njigba,WR,9600,18.87,,14.06,11.4,,,,,,,,,,,,,,,,,,
Jauan Jennings,WR,6600,10.13,,6.7,5.5,,,,,,,,,,,,,,,,,,
Rashid Shaheed,WR,5500,7.01,,4.26,0.7,,,,,,,,,,,,,,,,,,
George Kittle,TE,6500,11.73,,0,5.4,,,,,,,,,,,,,,,,,,
AJ Barner,FLEX,5400,7.62,,3.78,2.4000000000000004,,,,,,,,,,,,,,,,,,
Panthers,DST,3600,6.02,,2.15,7,,,,,,,,,,,,,,,,,,
Total,,60000,103.73,,,52.620000000000005,,,,,,,,,,,,,,,,,,
,,,,,,,,,,,,,,,,,,,,,,,,
Optimal Lineup - RotoWire,POS,Salary,Projection,2026-01-03 14:35,Roster %,Result,,,,,,,,,,,,,,,,,,
Brock Purdy,QB,8200,20.4,Slate: Sat Main,16.73,6.18,,,,,,,,,,,,,,,,,,
Christian McCaffrey,RB,9700,20.74,Excl: Sunday,26.93,8.700000000000001,,,,,,,,,,,,,,,,,,
Kenneth Walker III,RB,6900,11.67,,5.18,15.3,,,,,,,,,,,,,,,,,,
Tetairoa McMillan,WR,7300,11.1,,5.06,10.5,,,,,,,,,,,,,,,,,,
Jauan Jennings,WR,6600,10.24,,6.7,5.5,,,,,,,,,,,,,,,,,,
Jalen Coker,WR,5900,8.39,,3.19,13.7,,,,,,,,,,,,,,,,,,
AJ Barner,TE,5400,8.48,,3.78,2.4000000000000004,,,,,,,,,,,,,,,,,,
Rashid Shaheed,FLEX,5500,9.57,,4.26,0.7,,,,,,,,,,,,,,,,,,
Buccaneers,DST,4300,7.21,,3.95,7,,,,,,,,,,,,,,,,,,
Total,,59800,107.8,,,69.97999999999999,,,,,,,,,,,,,,,,,,
,,,,,,,,,,,,,,,,,,,,,,,,
Optimal Lineup - NumberFire,POS,Salary,Projection,2026-01-03 14:35,Roster %,Result,,,,,,,,,,,,,,,,,,
Brock Purdy,QB,8200,21.5,Slate: Sat Main,16.73,6.18,,,,,,,,,,,,,,,,,,
Christian McCaffrey,RB,9700,22.8,Excl: Sunday,26.93,8.700000000000001,,,,,,,,,,,,,,,,,,
Kenneth Walker III,RB,6900,11.5,,5.18,15.3,,,,,,,,,,,,,,,,,,
Jaxon Smith-Njigba,WR,9600,16.4,,14.06,11.4,,,,,,,,,,,,,,,,,,
Jauan Jennings,WR,6600,12.1,,6.7,5.5,,,,,,,,,,,,,,,,,,
Rashid Shaheed,WR,5500,8,,4.26,0.7,,,,,,,,,,,,,,,,,,
AJ Barner,TE,5400,7.9,,3.78,2.4000000000000004,,,,,,,,,,,,,,,,,,
Kyle Juszczyk,FLEX,4400,4.1,,1.04,1,,,,,,,,,,,,,,,,,,
Panthers,DST,3600,5.79,,2.15,7,,,,,,,,,,,,,,,,,,
Total,,59900,110.08999999999999,,,58.18,,,,,,,,,,,,,,,,,,
,,,,,,,,,,,,,,,,,,,,,,,,
Optimal Lineup - DraftEdge,POS,Salary,Projection,2026-01-03 14:35,Roster %,Result,,,,,,,,,,,,,,,,,,
Sam Darnold,QB,7500,18.7,Slate: Sat Main,1.26,8.82,,,,,,,,,,,,,,,,,,
Christian McCaffrey,RB,9700,22.4,Excl: Sunday,26.93,8.700000000000001,,,,,,,,,,,,,,,,,,
Chuba Hubbard,RB,5600,9,,0.51,2.7,,,,,,,,,,,,,,,,,,
Jaxon Smith-Njigba,WR,9600,20.2,,14.06,11.4,,,,,,,,,,,,,,,,,,
Jauan Jennings,WR,6600,9.5,,6.7,5.5,,,,,,,,,,,,,,,,,,
Rashid Shaheed,WR,5500,6.8,,4.26,0.7,,,,,,,,,,,,,,,,,,
George Kittle,TE,6500,12.1,,0,5.4,,,,,,,,,,,,,,,,,,
AJ Barner,FLEX,5400,7.7,,3.78,2.4000000000000004,,,,,,,,,,,,,,,,,,
Panthers,DST,3600,5.5,,2.15,7,,,,,,,,,,,,,,,,,,
Total,,60000,111.89999999999999,,,52.620000000000005,,,,,,,,,,,,,,,,,,
,,,,,,,,,,,,,,,,,,,,,,,,
Optimal Lineup - SportsLine,POS,Salary,Projection,2026-01-03 14:35,Roster %,Result,,,,,,,,,,,,,,,,,,
Baker Mayfield,QB,7900,18.79,Slate: Sat Main,4.55,14.22,,,,,,,,,,,,,,,,,,
Christian McCaffrey,RB,9700,19.01,Excl: Sunday,26.93,8.700000000000001,,,,,,,,,,,,,,,,,,
Chuba Hubbard,RB,5600,8.89,,0.51,2.7,,,,,,,,,,,,,,,,,,
Jaxon Smith-Njigba,WR,9600,17.66,,14.06,11.4,,,,,,,,,,,,,,,,,,
Rashid Shaheed,WR,5500,7.09,,4.26,0.7,,,,,,,,,,,,,,,,,,
Emeka Egbuka,WR,5700,9.73,,2.9,1.3,,,,,,,,,,,,,,,,,,
George Kittle,TE,6500,11.25,,0,5.4,,,,,,,,,,,,,,,,,,
Cade Otton,FLEX,5100,6.67,,1.77,18.9,,,,,,,,,,,,,,,,,,
Buccaneers,DST,4300,7.61,,3.95,7,,,,,,,,,,,,,,,,,,
Total,,59900,106.7,,,70.32,,,,,,,,,,,,,,,,,,
,,,,,,,,,,,,,,,,,,,,,,,,
Optimal Lineup - Weighted,POS,Salary,Projection,2026-01-04 12:15,Roster %,Result,,,,,,,,,,,,,,,,,,
Trevor Lawrence,QB,8200,22.018567200000003,Slate: Main,7.14,23.3,,,,,,,,,,,,,,,,,,
Bijan Robinson,RB,9600,20.482634666666673,,10.37,5.800000000000001,,,,,,,,,,,,,,,,,,
Tyrone Tracy Jr.,RB,5900,12.635440000000001,,5.04,26.900000000000002,,,,,,,,,,,,,,,,,,
Puka Nacua,WR,9900,18.43309333333334,,18.87,21,,,,,,,,,,,,,,,,,,
Jakobi Meyers,WR,6500,11.418889333333334,,5.86,6.9,,,,,,,,,,,,,,,,,,
Darius Slayton,WR,5400,9.088308,,1.8,5.4,,,,,,,,,,,,,,,,,,
Juwan Johnson,TE,5300,10.503224000000001,,5.43,5.6000000000000005,,,,,,,,,,,,,,,,,,
Jaydon Blue,FLEX,4500,8.455282666666667,,0,12.4,,,,,,,,,,,,,,,,,,
Broncos,DST,4600,10.865713333333334,,22.14,21,,,,,,,,,,,,,,,,,,
Total,,59900,123.90115253333336,,,128.3,,,,,,,,,,,,,,,,,,
,,,,,,,,,,,,,,,,,,,,,,,,
Optimal Lineup - AVG,POS,Salary,Projection,2026-01-04 12:15,Roster %,Result,,,,,,,,,,,,,,,,,,
Trevor Lawrence,QB,8200,22.06762666666667,Slate: Main,7.14,23.3,,,,,,,,,,,,,,,,,,
Bijan Robinson,RB,9600,20.40017777777778,,10.37,5.800000000000001,,,,,,,,,,,,,,,,,,
Tyrone Tracy Jr.,RB,5900,12.642000000000001,,5.04,26.900000000000002,,,,,,,,,,,,,,,,,,
Puka Nacua,WR,9900,18.433555555555557,,18.87,21,,,,,,,,,,,,,,,,,,
Jakobi Meyers,WR,6500,11.44968888888889,,5.86,6.9,,,,,,,,,,,,,,,,,,
Darius Slayton,WR,5400,8.9144,,1.8,5.4,,,,,,,,,,,,,,,,,,
Juwan Johnson,TE,5300,10.3732,,5.43,5.6000000000000005,,,,,,,,,,,,,,,,,,
Jaydon Blue,FLEX,4500,8.073244444444446,,0,12.4,,,,,,,,,,,,,,,,,,
Broncos,DST,4600,10.869555555555555,,22.14,21,,,,,,,,,,,,,,,,,,
Total,,59900,123.22344888888888,,,128.3,,,,,,,,,,,,,,,,,,
,,,,,,,,,,,,,,,,,,,,,,,,
Optimal Lineup - Best 5 Projection,POS,Salary,Projection,2026-01-04 12:15,Roster %,Result,,,,,,,,,,,,,,,,,,
Trevor Lawrence,QB,8200,21.97144,Slate: Main,7.14,23.3,,,,,,,,,,,,,,,,,,
Bijan Robinson,RB,9600,20.523600000000002,,10.37,5.800000000000001,,,,,,,,,,,,,,,,,,
Tyrone Tracy Jr.,RB,5900,13.078,,5.04,26.900000000000002,,,,,,,,,,,,,,,,,,
Puka Nacua,WR,9900,18.597,,18.87,21,,,,,,,,,,,,,,,,,,
Jakobi Meyers,WR,6500,11.1512,,5.86,6.9,,,,,,,,,,,,,,,,,,
Darius Slayton,WR,5400,8.9466,,1.8,5.4,,,,,,,,,,,,,,,,,,
Juwan Johnson,TE,5300,10.479800000000001,,5.43,5.6000000000000005,,,,,,,,,,,,,,,,,,
Jaydon Blue,FLEX,4500,8.0832,,0,12.4,,,,,,,,,,,,,,,,,,
Broncos,DST,4600,11.005999999999998,,22.14,21,,,,,,,,,,,,,,,,,,
Total,,59900,123.83684000000001,,,128.3,,,,,,,,,,,,,,,,,,
,,,,,,,,,,,,,,,,,,,,,,,,
Optimal Lineup - DFF,POS,Salary,Projection,2026-01-04 12:15,Roster %,Result,,,,,,,,,,,,,,,,,,
Jaxson Dart,QB,7100,21,Slate: Main,3.77,20.400000000000002,,,,,,,,,,,,,,,,,,
Bijan Robinson,RB,9600,21.2,,10.37,5.800000000000001,,,,,,,,,,,,,,,,,,
Jahmyr Gibbs,RB,9300,18.9,,17.24,18.8,,,,,,,,,,,,,,,,,,
Michael Wilson,WR,7300,13.3,,6.37,18.4,,,,,,,,,,,,,,,,,,
Jakobi Meyers,WR,6500,12.3,,5.86,6.9,,,,,,,,,,,,,,,,,,
Jahan Dotson,WR,4800,9.7,,0.16,5.5,,,,,,,,,,,,,,,,,,
Juwan Johnson,TE,5300,11.2,,5.43,5.6000000000000005,,,,,,,,,,,,,,,,,,
Jordan Mason,FLEX,5500,12.5,,0,9.4,,,,,,,,,,,,,,,,,,
Broncos,DST,4600,10.6,,22.14,21,,,,,,,,,,,,,,,,,,
Total,,60000,130.70000000000002,,,111.8,,,,,,,,,,,,,,,,,,
,,,,,,,,,,,,,,,,,,,,,,,,
Optimal Lineup - FantasyPros,POS,Salary,Projection,2026-01-04 12:16,Roster %,Result,,,,,,,,,,,,,,,,,,
Jaxson Dart,QB,7100,19.938000000000002,Slate: Main,3.77,20.400000000000002,,,,,,,,,,,,,,,,,,
Bijan Robinson,RB,9600,19.89,,10.37,5.800000000000001,,,,,,,,,,,,,,,,,,
Jaydon Blue,RB,4500,10.319999999999999,,0,12.4,,,,,,,,,,,,,,,,,,
Puka Nacua,WR,9900,18.240000000000002,,18.87,21,,,,,,,,,,,,,,,,,,
Jakobi Meyers,WR,6500,11.270000000000001,,5.86,6.9,,,,,,,,,,,,,,,,,,
Darius Slayton,WR,5400,9.19,,1.8,5.4,,,,,,,,,,,,,,,,,,
Juwan Johnson,TE,5300,10.399999999999999,,5.43,5.6000000000000005,,,,,,,,,,,,,,,,,,
TreVeyon Henderson,FLEX,7000,13.700000000000003,,2.18,17.3,,,,,,,,,,,,,,,,,,
Broncos,DST,4600,10.6,,22.14,21,,,,,,,,,,,,,,,,,,
Total,,59900,123.54799999999999,,,115.8,,,,,,,,,,,,,,,,,,
,,,,,,,,,,,,,,,,,,,,,,,,
Optimal Lineup - FootballGuys,POS,Salary,Projection,2026-01-04 12:16,Roster %,Result,,,,,,,,,,,,,,,,,,
Trevor Lawrence,QB,8200,22.6232,Slate: Main,7.14,23.3,,,,,,,,,,,,,,,,,,
Bijan Robinson,RB,9600,21.968000000000004,,10.37,5.800000000000001,,,,,,,,,,,,,,,,,,
RJ Harvey,RB,7200,16.103,,5.56,3.8000000000000003,,,,,,,,,,,,,,,,,,
Puka Nacua,WR,9900,17.925,,18.87,21,,,,,,,,,,,,,,,,,,
Darius Slayton,WR,5400,10.513,,1.8,5.4,,,,,,,,,,,,,,,,,,
Jahan Dotson,WR,4800,10.528,,0.16,5.5,,,,,,,,,,,,,,,,,,
Juwan Johnson,TE,5300,11.739,,5.43,5.6000000000000005,,,,,,,,,,,,,,,,,,
Tyrone Tracy Jr.,FLEX,5900,13.2,,5.04,26.900000000000002,,,,,,,,,,,,,,,,,,
Chiefs,DST,3700,10.5,,0.14,8,,,,,,,,,,,,,,,,,,
Total,,60000,135.09920000000002,,,105.3,,,,,,,,,,,,,,,,,,
,,,,,,,,,,,,,,,,,,,,,,,,
Optimal Lineup - FantasyLabs,POS,Salary,Projection,2026-01-04 12:16,Roster %,Result,,,,,,,,,,,,,,,,,,
Trevor Lawrence,QB,8200,22.32,Slate: Main,7.14,23.3,,,,,,,,,,,,,,,,,,
Bijan Robinson,RB,9600,19.96,,10.37,5.800000000000001,,,,,,,,,,,,,,,,,,
Jaydon Blue,RB,4500,10.86,,0,12.4,,,,,,,,,,,,,,,,,,
Puka Nacua,WR,9900,18.92,,18.87,21,,,,,,,,,,,,,,,,,,
Jakobi Meyers,WR,6500,12.53,,5.86,6.9,,,,,,,,,,,,,,,,,,
Luther Burden III,WR,6100,10.76,,1.9,6,,,,,,,,,,,,,,,,,,
Juwan Johnson,TE,5300,10.38,,5.43,5.6000000000000005,,,,,,,,,,,,,,,,,,
Jaylen Wright,FLEX,5200,10.52,,0.07,3,,,,,,,,,,,,,,,,,,
Broncos,DST,4600,11.5,,22.14,21,,,,,,,,,,,,,,,,,,
Total,,59900,127.75,,,105,,,,,,,,,,,,,,,,,,
,,,,,,,,,,,,,,,,,,,,,,,,
Optimal Lineup - RotoWire,POS,Salary,Projection,2026-01-04 12:16,Roster %,Result,,,,,,,,,,,,,,,,,,
Dak Prescott,QB,8300,22.12,Slate: Main,15.39,0.7000000000000002,,,,,,,,,,,,,,,,,,
Jonathan Taylor,RB,9200,19.77,,13.19,4.9,,,,,,,,,,,,,,,,,,
Ashton Jeanty,RB,7400,17.34,,12.48,10.900000000000002,,,,,,,,,,,,,,,,,,
Puka Nacua,WR,9900,22.7,,18.87,21,,,,,,,,,,,,,,,,,,
Alec Pierce,WR,5400,9.03,,5,30.200000000000003,,,,,,,,,,,,,,,,,,
Kyle Williams,WR,5300,8.63,,0.17,0.5,,,,,,,,,,,,,,,,,,
Juwan Johnson,TE,5300,9,,5.43,5.6000000000000005,,,,,,,,,,,,,,,,,,
Jacory Croskey-Merritt,FLEX,6000,11.71,,7.56,2.9000000000000004,,,,,,,,,,,,,,,,,,
Giants,DST,3200,6.61,,5.46,5,,,,,,,,,,,,,,,,,,
Total,,60000,126.91000000000001,,,81.7,,,,,,,,,,,,,,,,,,
,,,,,,,,,,,,,,,,,,,,,,,,
Optimal Lineup - NumberFire,POS,Salary,Projection,2026-01-04 12:16,Roster %,Result,,,,,,,,,,,,,,,,,,
Dak Prescott,QB,8300,22.7,Slate: Main,15.39,0.7000000000000002,,,,,,,,,,,,,,,,,,
Tyrone Tracy Jr.,RB,5900,13.7,,5.04,26.900000000000002,,,,,,,,,,,,,,,,,,
TreVeyon Henderson,RB,7000,15.6,,2.18,17.3,,,,,,,,,,,,,,,,,,
Puka Nacua,WR,9900,21.1,,18.87,21,,,,,,,,,,,,,,,,,,
Drake London,WR,7800,13.9,,8.82,15.8,,,,,,,,,,,,,,,,,,
Brian Thomas Jr.,WR,6000,10,,5.3,6.4,,,,,,,,,,,,,,,,,,
Hunter Henry,TE,5500,11.2,,3.8,8.100000000000001,,,,,,,,,,,,,,,,,,
Tyjae Spears,FLEX,5000,9.8,,2.37,6.2,,,,,,,,,,,,,,,,,,
Broncos,DST,4600,10.6,,22.14,21,,,,,,,,,,,,,,,,,,
Total,,60000,128.6,,,123.40000000000002,,,,,,,,,,,,,,,,,,
,,,,,,,,,,,,,,,,,,,,,,,,
Optimal Lineup - DraftEdge,POS,Salary,Projection,2026-01-04 12:17,Roster %,Result,,,,,,,,,,,,,,,,,,
Trevor Lawrence,QB,8200,24.2,Slate: Main,7.14,23.3,,,,,,,,,,,,,,,,,,
Bijan Robinson,RB,9600,22.6,,10.37,5.800000000000001,,,,,,,,,,,,,,,,,,
James Cook III,RB,9000,20,,7.86,1.5,,,,,,,,,,,,,,,,,,
Michael Wilson,WR,7300,13.7,,6.37,18.4,,,,,,,,,,,,,,,,,,
Jakobi Meyers,WR,6500,12.9,,5.86,6.9,,,,,,,,,,,,,,,,,,
Darius Cooper,WR,4700,10.3,,0.02,4.800000000000001,,,,,,,,,,,,,,,,,,
Juwan Johnson,TE,5300,11.1,,5.43,5.6000000000000005,,,,,,,,,,,,,,,,,,
Jaydon Blue,FLEX,4500,13.3,,0,12.4,,,,,,,,,,,,,,,,,,
Broncos,DST,4600,10.9,,22.14,21,,,,,,,,,,,,,,,,,,
Total,,59700,139,,,99.7,,,,,,,,,,,,,,,,,,
,,,,,,,,,,,,,,,,,,,,,,,,
Optimal Lineup - SportsLine,POS,Salary,Projection,2026-01-04 12:17,Roster %,Result,,,,,,,,,,,,,,,,,,
Trevor Lawrence,QB,8200,23.29,Slate: Main,7.14,23.3,,,,,,,,,,,,,,,,,,
Bijan Robinson,RB,9600,19.36,,10.37,5.800000000000001,,,,,,,,,,,,,,,,,,
Travis Etienne Jr.,RB,7700,17.62,,7.33,4.300000000000001,,,,,,,,,,,,,,,,,,
Drake London,WR,7800,14.36,,8.82,15.8,,,,,,,,,,,,,,,,,,
Jerry Jeudy,WR,5400,8.97,,2.25,3.2,,,,,,,,,,,,,,,,,,
Jayden Higgins,WR,5700,10.12,,2.03,9.3,,,,,,,,,,,,,,,,,,
Colston Loveland,TE,5300,9.48,,3.36,20.1,,,,,,,,,,,,,,,,,,
Tyrone Tracy Jr.,FLEX,5900,13.2,,5.04,26.900000000000002,,,,,,,,,,,,,,,,,,
Bills,DST,4400,12.6,,1.23,5,,,,,,,,,,,,,,,,,,
Total,,60000,129,,,113.70000000000002,,,,,,,,,,,,,,,,,,
,,,,,,,,,,,,,,,,,,,,,,,,
Optimal Lineup - Weighted,POS,Salary,Projection,2026-01-04 13:54,Roster %,Result,,,,,,,,,,,,,,,,,,
Bo Nix,QB,7200,18.22797226666667,Slate: Late Sun,1.8,10.54,,,,,,,,,,,,,,,,,,
Jahmyr Gibbs,RB,9300,18.18194666666667,,17.24,18.8,,,,,,,,,,,,,,,,,,
Ashton Jeanty,RB,7400,14.618672000000002,,12.48,10.900000000000002,,,,,,,,,,,,,,,,,,
Puka Nacua,WR,9900,18.56881333333334,,18.87,21,,,,,,,,,,,,,,,,,,
Luther Burden III,WR,6100,10.044641333333335,,1.9,6,,,,,,,,,,,,,,,,,,
Marquez Valdes-Scantling,WR,4000,5.1328026666666675,,1.21,5.9,,,,,,,,,,,,,,,,,,
Hunter Henry,TE,5500,9.069832,,3.8,8.100000000000001,,,,,,,,,,,,,,,,,,
Kenneth Gainwell,FLEX,6000,11.435622666666667,,4.24,17.4,,,,,,,,,,,,,,,,,,
Broncos,DST,4600,10.856753333333334,,22.14,21,,,,,,,,,,,,,,,,,,
Total,,60000,116.13705626666666,,,119.64000000000001,,,,,,,,,,,,,,,,,,
,,,,,,,,,,,,,,,,,,,,,,,,
Optimal Lineup - AVG,POS,Salary,Projection,2026-01-04 13:54,Roster %,Result,,,,,,,,,,,,,,,,,,
Bo Nix,QB,7200,18.204524444444445,Slate: Late Sun,1.8,10.54,,,,,,,,,,,,,,,,,,
Jahmyr Gibbs,RB,9300,18.291777777777778,,17.24,18.8,,,,,,,,,,,,,,,,,,
Ashton Jeanty,RB,7400,14.626266666666668,,12.48,10.900000000000002,,,,,,,,,,,,,,,,,,
Puka Nacua,WR,9900,18.549555555555557,,18.87,21,,,,,,,,,,,,,,,,,,
Luther Burden III,WR,6100,9.879955555555556,,1.9,6,,,,,,,,,,,,,,,,,,
Marquez Valdes-Scantling,WR,4000,5.0992444444444445,,1.21,5.9,,,,,,,,,,,,,,,,,,
Hunter Henry,TE,5500,9.194266666666666,,3.8,8.100000000000001,,,,,,,,,,,,,,,,,,
Kenneth Gainwell,FLEX,6000,11.338577777777777,,4.24,17.4,,,,,,,,,,,,,,,,,,
Broncos,DST,4600,10.861555555555556,,22.14,21,,,,,,,,,,,,,,,,,,
Total,,60000,116.04572444444443,,,119.64000000000001,,,,,,,,,,,,,,,,,,
,,,,,,,,,,,,,,,,,,,,,,,,
Optimal Lineup - Best 5 Projection,POS,Salary,Projection,2026-01-04 13:55,Roster %,Result,,,,,,,,,,,,,,,,,,
Bo Nix,QB,7200,18.265120000000003,Slate: Late Sun,1.8,10.54,,,,,,,,,,,,,,,,,,
Jahmyr Gibbs,RB,9300,18.231,,17.24,18.8,,,,,,,,,,,,,,,,,,
Ashton Jeanty,RB,7400,14.209399999999999,,12.48,10.900000000000002,,,,,,,,,,,,,,,,,,
Puka Nacua,WR,9900,18.771,,18.87,21,,,,,,,,,,,,,,,,,,
Luther Burden III,WR,6100,9.8066,,1.9,6,,,,,,,,,,,,,,,,,,
Marquez Valdes-Scantling,WR,4000,5.0771999999999995,,1.21,5.9,,,,,,,,,,,,,,,,,,
Hunter Henry,TE,5500,9.1214,,3.8,8.100000000000001,,,,,,,,,,,,,,,,,,
Kenneth Gainwell,FLEX,6000,11.5662,,4.24,17.4,,,,,,,,,,,,,,,,,,
Broncos,DST,4600,10.994,,22.14,21,,,,,,,,,,,,,,,,,,
Total,,60000,116.04192,,,119.64000000000001,,,,,,,,,,,,,,,,,,
,,,,,,,,,,,,,,,,,,,,,,,,
Optimal Lineup - DFF,POS,Salary,Projection,2026-01-04 13:55,Roster %,Result,,,,,,,,,,,,,,,,,,
Drake Maye,QB,8600,22.18,Slate: Late Sun,7.92,15.740000000000002,,,,,,,,,,,,,,,,,,
Jahmyr Gibbs,RB,9300,18.51,,17.24,18.8,,,,,,,,,,,,,,,,,,
Ashton Jeanty,RB,7400,16.29,,12.48,10.900000000000002,,,,,,,,,,,,,,,,,,
Puka Nacua,WR,9900,18.37,,18.87,21,,,,,,,,,,,,,,,,,,
Jahan Dotson,WR,4800,9.71,,0.16,5.5,,,,,,,,,,,,,,,,,,
Darius Cooper,WR,4700,8.68,,0.02,4.800000000000001,,,,,,,,,,,,,,,,,,
Hunter Henry,TE,5500,10.07,,3.8,8.100000000000001,,,,,,,,,,,,,,,,,,
Jaylen Wright,FLEX,5200,11.39,,0.07,3,,,,,,,,,,,,,,,,,,
Broncos,DST,4600,10.58,,22.14,21,,,,,,,,,,,,,,,,,,
Total,,60000,125.78,,,108.84,,,,,,,,,,,,,,,,,,
,,,,,,,,,,,,,,,,,,,,,,,,
Optimal Lineup - FantasyPros,POS,Salary,Projection,2026-01-04 13:55,Roster %,Result,,,,,,,,,,,,,,,,,,
Drake Maye,QB,8600,21.38,Slate: Late Sun,7.92,15.740000000000002,,,,,,,,,,,,,,,,,,
Jahmyr Gibbs,RB,9300,17.830000000000002,,17.24,18.8,,,,,,,,,,,,,,,,,,
Jaylen Wright,RB,5200,9.78,,0.07,3,,,,,,,,,,,,,,,,,,
Puka Nacua,WR,9900,18.240000000000002,,18.87,21,,,,,,,,,,,,,,,,,,
Luther Burden III,WR,6100,10.62,,1.9,6,,,,,,,,,,,,,,,,,,
Darius Cooper,WR,4700,7.659999999999999,,0.02,4.800000000000001,,,,,,,,,,,,,,,,,,
Hunter Henry,TE,5500,8.58,,3.8,8.100000000000001,,,,,,,,,,,,,,,,,,
Kenneth Gainwell,FLEX,6000,11.669999999999998,,4.24,17.4,,,,,,,,,,,,,,,,,,
Broncos,DST,4600,10.58,,22.14,21,,,,,,,,,,,,,,,,,,
Total,,59900,116.34,,,115.84,,,,,,,,,,,,,,,,,,
,,,,,,,,,,,,,,,,,,,,,,,,
Optimal Lineup - FootballGuys,POS,Salary,Projection,2026-01-04 13:55,Roster %,Result,,,,,,,,,,,,,,,,,,
Bo Nix,QB,7200,19.445600000000002,Slate: Late Sun,1.8,10.54,,,,,,,,,,,,,,,,,,
RJ Harvey,RB,7200,16.103,,5.56,3.8000000000000003,,,,,,,,,,,,,,,,,,
Kenneth Gainwell,RB,6000,12.011000000000001,,4.24,17.4,,,,,,,,,,,,,,,,,,
Puka Nacua,WR,9900,17.925,,18.87,21,,,,,,,,,,,,,,,,,,
Michael Wilson,WR,7300,13.644000000000002,,6.37,18.4,,,,,,,,,,,,,,,,,,
Jahan Dotson,WR,4800,10.528,,0.16,5.5,,,,,,,,,,,,,,,,,,
Trey McBride,TE,8200,15.729000000000001,,8.34,10,,,,,,,,,,,,,,,,,,
Tank Bigsby,FLEX,5600,12.294,,0.02,17.1,,,,,,,,,,,,,,,,,,
Chiefs,DST,3700,10.5,,0.14,8,,,,,,,,,,,,,,,,,,
Total,,59900,128.17960000000002,,,111.73999999999998,,,,,,,,,,,,,,,,,,
,,,,,,,,,,,,,,,,,,,,,,,,
Optimal Lineup - FantasyLabs,POS,Salary,Projection,2026-01-04 13:55,Roster %,Result,,,,,,,,,,,,,,,,,,
Caleb Williams,QB,7800,19.83,Slate: Late Sun,0.79,15.579999999999998,,,,,,,,,,,,,,,,,,
Ashton Jeanty,RB,7400,14.74,,12.48,10.900000000000002,,,,,,,,,,,,,,,,,,
RJ Harvey,RB,7200,14.12,,5.56,3.8000000000000003,,,,,,,,,,,,,,,,,,
Puka Nacua,WR,9900,18.92,,18.87,21,,,,,,,,,,,,,,,,,,
Luther Burden III,WR,6100,10.76,,1.9,6,,,,,,,,,,,,,,,,,,
Deebo Samuel Sr.,WR,6000,10.53,,4.6,3.1,,,,,,,,,,,,,,,,,,
Hunter Henry,TE,5500,9.77,,3.8,8.100000000000001,,,,,,,,,,,,,,,,,,
Jaylen Wright,FLEX,5200,10.52,,0.07,3,,,,,,,,,,,,,,,,,,
Broncos,DST,4600,11.5,,22.14,21,,,,,,,,,,,,,,,,,,
Total,,59700,120.69,,,92.48,,,,,,,,,,,,,,,,,,
,,,,,,,,,,,,,,,,,,,,,,,,
Optimal Lineup - RotoWire,POS,Salary,Projection,2026-01-04 13:55,Roster %,Result,,,,,,,,,,,,,,,,,,
Jacoby Brissett,QB,7500,19.45,Slate: Late Sun,6.88,18.62,,,,,,,,,,,,,,,,,,
Jahmyr Gibbs,RB,9300,19.9,,17.24,18.8,,,,,,,,,,,,,,,,,,
Ashton Jeanty,RB,7400,17.34,,12.48,10.900000000000002,,,,,,,,,,,,,,,,,,
Puka Nacua,WR,9900,22.7,,18.87,21,,,,,,,,,,,,,,,,,,
Stefon Diggs,WR,6700,11.54,,5.72,5.8,,,,,,,,,,,,,,,,,,
Marquez Valdes-Scantling,WR,4000,5.27,,1.21,5.9,,,,,,,,,,,,,,,,,,
Hunter Henry,TE,5500,9.25,,3.8,8.100000000000001,,,,,,,,,,,,,,,,,,
Jacory Croskey-Merritt,FLEX,6000,11.71,,7.56,2.9000000000000004,,,,,,,,,,,,,,,,,,
Chargers,DST,3500,6.98,,4.68,5,,,,,,,,,,,,,,,,,,
Total,,59800,124.14,,,97.02000000000001,,,,,,,,,,,,,,,,,,
,,,,,,,,,,,,,,,,,,,,,,,,
Optimal Lineup - NumberFire,POS,Salary,Projection,2026-01-04 13:55,Roster %,Result,,,,,,,,,,,,,,,,,,
Drake Maye,QB,8600,22.1,Slate: Late Sun,7.92,15.740000000000002,,,,,,,,,,,,,,,,,,
Ashton Jeanty,RB,7400,14.9,,12.48,10.900000000000002,,,,,,,,,,,,,,,,,,
TreVeyon Henderson,RB,7000,15.6,,2.18,17.3,,,,,,,,,,,,,,,,,,
Puka Nacua,WR,9900,21.1,,18.87,21,,,,,,,,,,,,,,,,,,
Stefon Diggs,WR,6700,12.2,,5.72,5.8,,,,,,,,,,,,,,,,,,
Britain Covey,WR,4000,4.66,,0,3,,,,,,,,,,,,,,,,,,
Hunter Henry,TE,5500,11.2,,3.8,8.100000000000001,,,,,,,,,,,,,,,,,,
Kenneth Gainwell,FLEX,6000,13.5,,4.24,17.4,,,,,,,,,,,,,,,,,,
Broncos,DST,4600,10.58,,22.14,21,,,,,,,,,,,,,,,,,,
Total,,59700,125.84,,,120.24000000000001,,,,,,,,,,,,,,,,,,
,,,,,,,,,,,,,,,,,,,,,,,,
Optimal Lineup - DraftEdge,POS,Salary,Projection,2026-01-04 13:56,Roster %,Result,,,,,,,,,,,,,,,,,,
Drake Maye,QB,8600,24,Slate: Late Sun,7.92,15.740000000000002,,,,,,,,,,,,,,,,,,
RJ Harvey,RB,7200,14.8,,5.56,3.8000000000000003,,,,,,,,,,,,,,,,,,
James Cook III,RB,9000,20,,7.86,1.5,,,,,,,,,,,,,,,,,,
Michael Wilson,WR,7300,13.7,,6.37,18.4,,,,,,,,,,,,,,,,,,
Jahan Dotson,WR,4800,9.1,,0.16,5.5,,,,,,,,,,,,,,,,,,
Darius Cooper,WR,4700,10.3,,0.02,4.800000000000001,,,,,,,,,,,,,,,,,,
Trey McBride,TE,8200,15.5,,8.34,10,,,,,,,,,,,,,,,,,,
Jaylen Wright,FLEX,5200,11.3,,0.07,3,,,,,,,,,,,,,,,,,,
Broncos,DST,4600,10.9,,22.14,21,,,,,,,,,,,,,,,,,,
Total,,59600,129.6,,,83.74,,,,,,,,,,,,,,,,,,
,,,,,,,,,,,,,,,,,,,,,,,,
Optimal Lineup - SportsLine,POS,Salary,Projection,2026-01-04 13:56,Roster %,Result,,,,,,,,,,,,,,,,,,
Bo Nix,QB,7200,18.92,Slate: Late Sun,1.8,10.54,,,,,,,,,,,,,,,,,,
Jahmyr Gibbs,RB,9300,19.12,,17.24,18.8,,,,,,,,,,,,,,,,,,
RJ Harvey,RB,7200,13.65,,5.56,3.8000000000000003,,,,,,,,,,,,,,,,,,
Puka Nacua,WR,9900,18.22,,18.87,21,,,,,,,,,,,,,,,,,,
DJ Moore,WR,6200,10.17,,5.52,1.6,,,,,,,,,,,,,,,,,,
Marquez Valdes-Scantling,WR,4000,5.06,,1.21,5.9,,,,,,,,,,,,,,,,,,
Colston Loveland,TE,5300,9.48,,3.36,20.1,,,,,,,,,,,,,,,,,,
D'Andre Swift,FLEX,6500,12.42,,4.26,5.3,,,,,,,,,,,,,,,,,,
Bills,DST,4400,12.6,,1.23,5,,,,,,,,,,,,,,,,,,
Total,,60000,119.64,,,92.04,,,,,,,,,,,,,,,,,,
,,,,,,,,,,,,,,,,,,,,,,,,
Optimal Lineup - Weighted,POS,Salary,Projection,2026-01-17 11:34,Roster %,Result,,,,,,,,,,,,,,,,,,
Bo Nix,QB,7500,17.828876000000005,Slate: Sat Main,17.62,25.060000000000002,,,,,,,,,,,,,,,,,,
Christian McCaffrey,RB,9800,19.47791333333333,,19.29,9.9,,,,,,,,,,,,,,,,,,
RJ Harvey,RB,7000,13.164480000000001,,12.52,9.100000000000001,,,,,,,,,,,,,,,,,,
Jaxon Smith-Njigba,WR,9600,18.208473333333334,,18.48,9.4,,,,,,,,,,,,,,,,,,
Pat Bryant,WR,5000,5.641646666666666,,6.53,4.7,,,,,,,,,,,,,,,,,,
Cooper Kupp,WR,5700,6.386779999999999,,6.52,8.5,,,,,,,,,,,,,,,,,,
AJ Barner,TE,5200,7.44866,,7.37,0.2,,,,,,,,,,,,,,,,,,
Kenneth Walker III,FLEX,6500,11.305520000000001,,11.34,37,,,,,,,,,,,,,,,,,,
Bills,DST,3700,6.121079999999999,,5.76,1,,,,,,,,,,,,,,,,,,
Total,,60000,105.58342933333333,,,104.86,,,,,,,,,,,,,,,,,,
,,,,,,,,,,,,,,,,,,,,,,,,
Optimal Lineup - AVG,POS,Salary,Projection,2026-01-17 11:34,Roster %,Result,,,,,,,,,,,,,,,,,,
Bo Nix,QB,7500,17.82346666666667,Slate: Sat Main,17.62,25.060000000000002,,,,,,,,,,,,,,,,,,
Christian McCaffrey,RB,9800,19.64288888888889,,19.29,9.9,,,,,,,,,,,,,,,,,,
RJ Harvey,RB,7000,13.170666666666667,,12.52,9.100000000000001,,,,,,,,,,,,,,,,,,
Jaxon Smith-Njigba,WR,9600,18.257555555555555,,18.48,9.4,,,,,,,,,,,,,,,,,,
Pat Bryant,WR,5000,5.508444444444445,,6.53,4.7,,,,,,,,,,,,,,,,,,
Cooper Kupp,WR,5700,6.407333333333332,,6.52,8.5,,,,,,,,,,,,,,,,,,
AJ Barner,TE,5200,7.4446666666666665,,7.37,0.2,,,,,,,,,,,,,,,,,,
Kenneth Walker III,FLEX,6500,11.259333333333332,,11.34,37,,,,,,,,,,,,,,,,,,
Bills,DST,3700,6.077333333333333,,5.76,1,,,,,,,,,,,,,,,,,,
Total,,60000,105.59168888888888,,,104.86,,,,,,,,,,,,,,,,,,
,,,,,,,,,,,,,,,,,,,,,,,,
Optimal Lineup - Best 5 Projection,POS,Salary,Projection,2026-01-17 11:34,Roster %,Result,,,,,,,,,,,,,,,,,,
Bo Nix,QB,7500,17.9052,Slate: Sat Main,17.62,25.060000000000002,,,,,,,,,,,,,,,,,,
Christian McCaffrey,RB,9800,19.616000000000003,,19.29,9.9,,,,,,,,,,,,,,,,,,
RJ Harvey,RB,7000,13.296000000000001,,12.52,9.100000000000001,,,,,,,,,,,,,,,,,,
Jaxon Smith-Njigba,WR,9600,17.818,,18.48,9.4,,,,,,,,,,,,,,,,,,
Pat Bryant,WR,5000,4.876,,6.53,4.7,,,,,,,,,,,,,,,,,,
Cooper Kupp,WR,5700,6.406000000000001,,6.52,8.5,,,,,,,,,,,,,,,,,,
AJ Barner,TE,5200,7.542,,7.37,0.2,,,,,,,,,,,,,,,,,,
Kenneth Walker III,FLEX,6500,11.344,,11.34,37,,,,,,,,,,,,,,,,,,
Bills,DST,3700,6.236000000000001,,5.76,1,,,,,,,,,,,,,,,,,,
Total,,60000,105.03920000000002,,,104.86,,,,,,,,,,,,,,,,,,
,,,,,,,,,,,,,,,,,,,,,,,,
Optimal Lineup - DFF,POS,Salary,Projection,2026-01-17 11:34,Roster %,Result,,,,,,,,,,,,,,,,,,
Sam Darnold,QB,7300,17.26,Slate: Sat Main,17.26,8.96,,,,,,,,,,,,,,,,,,
James Cook III,RB,8400,15.16,,15.16,16.1,,,,,,,,,,,,,,,,,,
RJ Harvey,RB,7000,12.52,,12.52,9.100000000000001,,,,,,,,,,,,,,,,,,
Jaxon Smith-Njigba,WR,9600,18.48,,18.48,9.4,,,,,,,,,,,,,,,,,,
Khalil Shakir,WR,6600,9.72,,9.72,11,,,,,,,,,,,,,,,,,,
Pat Bryant,WR,5000,6.53,,6.53,4.7,,,,,,,,,,,,,,,,,,
AJ Barner,TE,5200,7.37,,7.37,0.2,,,,,,,,,,,,,,,,,,
Kenneth Walker III,FLEX,6500,11.34,,11.34,37,,,,,,,,,,,,,,,,,,
Seahawks,DST,4400,8.06,,8.06,15,,,,,,,,,,,,,,,,,,
Total,,60000,106.44000000000001,,,111.46000000000001,,,,,,,,,,,,,,,,,,
,,,,,,,,,,,,,,,,,,,,,,,,
Optimal Lineup - FantasyPros,POS,Salary,Projection,2026-01-17 11:34,Roster %,Result,,,,,,,,,,,,,,,,,,
Josh Allen,QB,9000,21.756000000000004,Slate: Sat Main,20.44,25.92,,,,,,,,,,,,,,,,,,
RJ Harvey,RB,7000,14.560000000000002,,12.52,9.100000000000001,,,,,,,,,,,,,,,,,,
Kenneth Walker III,RB,6500,11.92,,11.34,37,,,,,,,,,,,,,,,,,,
Jaxon Smith-Njigba,WR,9600,17.56,,18.48,9.4,,,,,,,,,,,,,,,,,,
Khalil Shakir,WR,6600,10.66,,9.72,11,,,,,,,,,,,,,,,,,,
Pat Bryant,WR,5000,6.470000000000001,,6.53,4.7,,,,,,,,,,,,,,,,,,
AJ Barner,TE,5200,7.72,,7.37,0.2,,,,,,,,,,,,,,,,,,
Zach Charbonnet,FLEX,6700,11.959999999999999,,10.55,2,,,,,,,,,,,,,,,,,,
Seahawks,DST,4400,8.06,,8.06,15,,,,,,,,,,,,,,,,,,
Total,,60000,110.666,,,114.32000000000002,,,,,,,,,,,,,,,,,,
,,,,,,,,,,,,,,,,,,,,,,,,
Optimal Lineup - FootballGuys,POS,Salary,Projection,2026-01-17 11:35,Roster %,Result,,,,,,,,,,,,,,,,,,
Josh Allen,QB,9000,22.199200000000005,Slate: Sat Main,20.44,25.92,,,,,,,,,,,,,,,,,,
James Cook III,RB,8400,16.247,,15.16,16.1,,,,,,,,,,,,,,,,,,
RJ Harvey,RB,7000,12.52,,12.52,9.100000000000001,,,,,,,,,,,,,,,,,,
Jaxon Smith-Njigba,WR,9600,18.48,,18.48,9.4,,,,,,,,,,,,,,,,,,
Pat Bryant,WR,5000,6.53,,6.53,4.7,,,,,,,,,,,,,,,,,,
Rashid Shaheed,WR,5500,5.75,,5.75,2.7,,,,,,,,,,,,,,,,,,
AJ Barner,TE,5200,7.37,,7.37,0.2,,,,,,,,,,,,,,,,,,
Kenneth Walker III,FLEX,6500,11.34,,11.34,37,,,,,,,,,,,,,,,,,,
Bills,DST,3700,7.46,,5.76,1,,,,,,,,,,,,,,,,,,
Total,,59900,107.89620000000001,,,106.12,,,,,,,,,,,,,,,,,,
,,,,,,,,,,,,,,,,,,,,,,,,
Optimal Lineup - FantasyLabs,POS,Salary,Projection,2026-01-17 11:35,Roster %,Result,,,,,,,,,,,,,,,,,,
Sam Darnold,QB,7300,17.35,Slate: Sat Main,17.26,8.96,,,,,,,,,,,,,,,,,,
James Cook III,RB,8400,14.41,,15.16,16.1,,,,,,,,,,,,,,,,,,
RJ Harvey,RB,7000,12.44,,12.52,9.100000000000001,,,,,,,,,,,,,,,,,,
Jaxon Smith-Njigba,WR,9600,18.93,,18.48,9.4,,,,,,,,,,,,,,,,,,
Khalil Shakir,WR,6600,10.17,,9.72,11,,,,,,,,,,,,,,,,,,
Pat Bryant,WR,5000,6.59,,6.53,4.7,,,,,,,,,,,,,,,,,,
AJ Barner,TE,5200,6.88,,7.37,0.2,,,,,,,,,,,,,,,,,,
Kenneth Walker III,FLEX,6500,10.63,,11.34,37,,,,,,,,,,,,,,,,,,
Seahawks,DST,4400,7.66,,8.06,15,,,,,,,,,,,,,,,,,,
Total,,60000,105.05999999999999,,,111.46000000000001,,,,,,,,,,,,,,,,,,
,,,,,,,,,,,,,,,,,,,,,,,,
Optimal Lineup - RotoWire,POS,Salary,Projection,2026-01-17 11:35,Roster %,Result,,,,,,,,,,,,,,,,,,
Sam Darnold,QB,7300,17.26,Slate: Sat Main,17.26,8.96,,,,,,,,,,,,,,,,,,
James Cook III,RB,8400,15.16,,15.16,16.1,,,,,,,,,,,,,,,,,,
RJ Harvey,RB,7000,12.52,,12.52,9.100000000000001,,,,,,,,,,,,,,,,,,
Jaxon Smith-Njigba,WR,9600,18.48,,18.48,9.4,,,,,,,,,,,,,,,,,,
Khalil Shakir,WR,6600,9.72,,9.72,11,,,,,,,,,,,,,,,,,,
Pat Bryant,WR,5000,6.53,,6.53,4.7,,,,,,,,,,,,,,,,,,
AJ Barner,TE,5200,7.37,,7.37,0.2,,,,,,,,,,,,,,,,,,
Kenneth Walker III,FLEX,6500,11.34,,11.34,37,,,,,,,,,,,,,,,,,,
Seahawks,DST,4400,8.06,,8.06,15,,,,,,,,,,,,,,,,,,
Total,,60000,106.44000000000001,,,111.46000000000001,,,,,,,,,,,,,,,,,,
,,,,,,,,,,,,,,,,,,,,,,,,
Optimal Lineup - NumberFire,POS,Salary,Projection,2026-01-17 11:35,Roster %,Result,,,,,,,,,,,,,,,,,,
Brock Purdy,QB,7800,21.5,Slate: Sat Main,16.57,8.3,,,,,,,,,,,,,,,,,,
Christian McCaffrey,RB,9800,22.8,,19.29,9.9,,,,,,,,,,,,,,,,,,
James Cook III,RB,8400,17.5,,15.16,16.1,,,,,,,,,,,,,,,,,,
Jauan Jennings,WR,6800,12.1,,9.18,3.3000000000000003,,,,,,,,,,,,,,,,,,
Rashid Shaheed,WR,5500,8,,5.75,2.7,,,,,,,,,,,,,,,,,,
Troy Franklin,WR,5800,8.6,,4.89,Not Found,,,,,,,,,,,,,,,,,,
AJ Barner,TE,5200,7.9,,7.37,0.2,,,,,,,,,,,,,,,,,,
RJ Harvey,FLEX,7000,12.6,,12.52,9.100000000000001,,,,,,,,,,,,,,,,,,
Bills,DST,3700,5.76,,5.76,1,,,,,,,,,,,,,,,,,,
Total,,60000,116.75999999999999,,,50.60000000000001,,,,,,,,,,,,,,,,,,
,,,,,,,,,,,,,,,,,,,,,,,,
Optimal Lineup - DraftEdge,POS,Salary,Projection,2026-01-17 11:35,Roster %,Result,,,,,,,,,,,,,,,,,,
Sam Darnold,QB,7300,18.7,Slate: Sat Main,17.26,8.96,,,,,,,,,,,,,,,,,,
James Cook III,RB,8400,17.8,,15.16,16.1,,,,,,,,,,,,,,,,,,
RJ Harvey,RB,7000,13.8,,12.52,9.100000000000001,,,,,,,,,,,,,,,,,,
Jaxon Smith-Njigba,WR,9600,20,,18.48,9.4,,,,,,,,,,,,,,,,,,
Khalil Shakir,WR,6600,9.5,,9.72,11,,,,,,,,,,,,,,,,,,
Pat Bryant,WR,5000,7.2,,6.53,4.7,,,,,,,,,,,,,,,,,,
AJ Barner,TE,5200,7.5,,7.37,0.2,,,,,,,,,,,,,,,,,,
Kenneth Walker III,FLEX,6500,11.3,,11.34,37,,,,,,,,,,,,,,,,,,
Seahawks,DST,4400,8,,8.06,15,,,,,,,,,,,,,,,,,,
Total,,60000,113.8,,,111.46000000000001,,,,,,,,,,,,,,,,,,
,,,,,,,,,,,,,,,,,,,,,,,,
Optimal Lineup - SportsLine,POS,Salary,Projection,2026-01-17 11:35,Roster %,Result,,,,,,,,,,,,,,,,,,
Bo Nix,QB,7500,18.73,Slate: Sat Main,17.62,25.060000000000002,,,,,,,,,,,,,,,,,,
Christian McCaffrey,RB,9800,18.65,,19.29,9.9,,,,,,,,,,,,,,,,,,
RJ Harvey,RB,7000,14.28,,12.52,9.100000000000001,,,,,,,,,,,,,,,,,,
Jaxon Smith-Njigba,WR,9600,18.17,,18.48,9.4,,,,,,,,,,,,,,,,,,
Troy Franklin,WR,5800,8.48,,4.89,Not Found,,,,,,,,,,,,,,,,,,
Jake Bobo,WR,4000,3.17,,0.26,2.1,,,,,,,,,,,,,,,,,,
AJ Barner,TE,5200,7.35,,7.37,0.2,,,,,,,,,,,,,,,,,,
Zach Charbonnet,FLEX,6700,10.78,,10.55,2,,,,,,,,,,,,,,,,,,
Seahawks,DST,4400,8.05,,8.06,15,,,,,,,,,,,,,,,,,,
Total,,60000,107.66,,,72.76,,,,,,,,,,,,,,,,,,
,,,,,,,,,,,,,,,,,,,,,,,,
Optimal Lineup - Weighted,POS,Salary,Projection,2026-01-18 13:00,Roster %,Result,,,,,,,,,,,,,,,,,,
Drake Maye,QB,8100,19.846102666666667,Slate: Main,57.51,17.16,,,,,,,,,,,,,,,,,,
D'Andre Swift,RB,6700,11.499528000000002,,56.26,7.6000000000000005,,,,,,,,,,,,,,,,,,
Woody Marks,RB,6500,10.600552000000002,,31.73,2.6000000000000005,,,,,,,,,,,,,,,,,,
Puka Nacua,WR,9900,18.8698,,91.09,8.700000000000001,,,,,,,,,,,,,,,,,,
Stefon Diggs,WR,6600,10.517241333333333,,42.93,12,,,,,,,,,,,,,,,,,,
Luther Burden III,WR,5900,8.266688,,36.34,3.9000000000000004,,,,,,,,,,,,,,,,,,
Hunter Henry,TE,5500,8.843336,,27.42,1,,,,,,,,,,,,,,,,,,
TreVeyon Henderson,FLEX,6300,10.202293333333335,,24.41,2.8,,,,,,,,,,,,,,,,,,
Texans,DST,4300,7.322473333333333,,20.05,10,,,,,,,,,,,,,,,,,,
Total,,59800,105.96801466666668,,,65.75999999999999,,,,,,,,,,,,,,,,,,
,,,,,,,,,,,,,,,,,,,,,,,,
Optimal Lineup - AVG,POS,Salary,Projection,2026-01-18 13:00,Roster %,Result,,,,,,,,,,,,,,,,,,
Drake Maye,QB,8100,19.909244444444447,Slate: Main,57.51,17.16,,,,,,,,,,,,,,,,,,
D'Andre Swift,RB,6700,11.503733333333335,,56.26,7.6000000000000005,,,,,,,,,,,,,,,,,,
Woody Marks,RB,6500,10.640266666666669,,31.73,2.6000000000000005,,,,,,,,,,,,,,,,,,
Puka Nacua,WR,9900,19.03666666666667,,91.09,8.700000000000001,,,,,,,,,,,,,,,,,,
Stefon Diggs,WR,6600,10.519955555555557,,42.93,12,,,,,,,,,,,,,,,,,,
Luther Burden III,WR,5900,8.2484,,36.34,3.9000000000000004,,,,,,,,,,,,,,,,,,
Hunter Henry,TE,5500,8.861466666666665,,27.42,1,,,,,,,,,,,,,,,,,,
TreVeyon Henderson,FLEX,6300,10.253555555555554,,24.41,2.8,,,,,,,,,,,,,,,,,,
Texans,DST,4300,7.270888888888887,,20.05,10,,,,,,,,,,,,,,,,,,
Total,,59800,106.2441777777778,,,65.75999999999999,,,,,,,,,,,,,,,,,,
,,,,,,,,,,,,,,,,,,,,,,,,
Optimal Lineup - Best 5 Projection,POS,Salary,Projection,2026-01-18 13:00,Roster %,Result,,,,,,,,,,,,,,,,,,
Drake Maye,QB,8100,19.662200000000002,Slate: Main,57.51,17.16,,,,,,,,,,,,,,,,,,
D'Andre Swift,RB,6700,11.4706,,56.26,7.6000000000000005,,,,,,,,,,,,,,,,,,
Woody Marks,RB,6500,10.3054,,31.73,2.6000000000000005,,,,,,,,,,,,,,,,,,
Puka Nacua,WR,9900,18.77,,91.09,8.700000000000001,,,,,,,,,,,,,,,,,,
Stefon Diggs,WR,6600,10.526599999999998,,42.93,12,,,,,,,,,,,,,,,,,,
Luther Burden III,WR,5900,8.177600000000002,,36.34,3.9000000000000004,,,,,,,,,,,,,,,,,,
Hunter Henry,TE,5500,9.017199999999999,,27.42,1,,,,,,,,,,,,,,,,,,
TreVeyon Henderson,FLEX,6300,10.751999999999999,,24.41,2.8,,,,,,,,,,,,,,,,,,
Texans,DST,4300,7.537999999999999,,20.05,10,,,,,,,,,,,,,,,,,,
Total,,59800,106.2196,,,65.75999999999999,,,,,,,,,,,,,,,,,,
,,,,,,,,,,,,,,,,,,,,,,,,
Optimal Lineup - DFF,POS,Salary,Projection,2026-01-18 13:00,Roster %,Result,,,,,,,,,,,,,,,,,,
Matthew Stafford,QB,8400,19.8,Slate: Main,38.22,10.22,,,,,,,,,,,,,,,,,,
D'Andre Swift,RB,6700,11.5,,56.26,7.6000000000000005,,,,,,,,,,,,,,,,,,
Woody Marks,RB,6500,10.6,,31.73,2.6000000000000005,,,,,,,,,,,,,,,,,,
Puka Nacua,WR,9900,19.6,,91.09,8.700000000000001,,,,,,,,,,,,,,,,,,
Stefon Diggs,WR,6600,10.4,,42.93,12,,,,,,,,,,,,,,,,,,
Jayden Higgins,WR,6000,7.7,,15.52,8.9,,,,,,,,,,,,,,,,,,
Colston Loveland,TE,6000,10.8,,32.81,7.6000000000000005,,,,,,,,,,,,,,,,,,
Dalton Schultz,FLEX,5300,8.5,,22.05,5.7,,,,,,,,,,,,,,,,,,
Patriots,DST,4600,7.4,,79.51,20,,,,,,,,,,,,,,,,,,
Total,,60000,106.30000000000001,,,83.32000000000001,,,,,,,,,,,,,,,,,,
,,,,,,,,,,,,,,,,,,,,,,,,
Optimal Lineup - FantasyPros,POS,Salary,Projection,2026-01-18 13:00,Roster %,Result,,,,,,,,,,,,,,,,,,
Drake Maye,QB,8100,19.298,Slate: Main,57.51,17.16,,,,,,,,,,,,,,,,,,
Woody Marks,RB,6500,11.350000000000001,,31.73,2.6000000000000005,,,,,,,,,,,,,,,,,,
Rhamondre Stevenson,RB,6800,12.08,,35.14,10.1,,,,,,,,,,,,,,,,,,
Puka Nacua,WR,9900,18.509999999999998,,91.09,8.700000000000001,,,,,,,,,,,,,,,,,,
Stefon Diggs,WR,6600,10.09,,42.93,12,,,,,,,,,,,,,,,,,,
Luther Burden III,WR,5900,9.04,,36.34,3.9000000000000004,,,,,,,,,,,,,,,,,,
Colston Loveland,TE,6000,11.35,,32.81,7.6000000000000005,,,,,,,,,,,,,,,,,,
Hunter Henry,FLEX,5500,9.93,,27.42,1,,,,,,,,,,,,,,,,,,
Patriots,DST,4600,7.4,,79.51,20,,,,,,,,,,,,,,,,,,
Total,,59900,109.048,,,83.06,,,,,,,,,,,,,,,,,,
,,,,,,,,,,,,,,,,,,,,,,,,
Optimal Lineup - FootballGuys,POS,Salary,Projection,2026-01-18 13:00,Roster %,Result,,,,,,,,,,,,,,,,,,
Matthew Stafford,QB,8400,20.633000000000003,Slate: Main,38.22,10.22,,,,,,,,,,,,,,,,,,
D'Andre Swift,RB,6700,11.753,,56.26,7.6000000000000005,,,,,,,,,,,,,,,,,,
Rhamondre Stevenson,RB,6800,11.753,,35.14,10.1,,,,,,,,,,,,,,,,,,
Puka Nacua,WR,9900,16.819999999999997,,91.09,8.700000000000001,,,,,,,,,,,,,,,,,,
Stefon Diggs,WR,6600,10.733,,42.93,12,,,,,,,,,,,,,,,,,,
Luther Burden III,WR,5900,8.608,,36.34,3.9000000000000004,,,,,,,,,,,,,,,,,,
Dalton Schultz,TE,5300,7.781000000000001,,22.05,5.7,,,,,,,,,,,,,,,,,,
TreVeyon Henderson,FLEX,6300,11.3,,24.41,2.8,,,,,,,,,,,,,,,,,,
Rams,DST,4100,9.48,,0.34,7,,,,,,,,,,,,,,,,,,
Total,,60000,108.86100000000002,,,68.02000000000001,,,,,,,,,,,,,,,,,,
,,,,,,,,,,,,,,,,,,,,,,,,
Optimal Lineup - FantasyLabs,POS,Salary,Projection,2026-01-18 13:00,Roster %,Result,,,,,,,,,,,,,,,,,,
Matthew Stafford,QB,8400,19.63,Slate: Main,38.22,10.22,,,,,,,,,,,,,,,,,,
D'Andre Swift,RB,6700,11.21,,56.26,7.6000000000000005,,,,,,,,,,,,,,,,,,
Woody Marks,RB,6500,11.51,,31.73,2.6000000000000005,,,,,,,,,,,,,,,,,,
Puka Nacua,WR,9900,18.02,,91.09,8.700000000000001,,,,,,,,,,,,,,,,,,
Stefon Diggs,WR,6600,10.34,,42.93,12,,,,,,,,,,,,,,,,,,
Jayden Higgins,WR,6000,8.81,,15.52,8.9,,,,,,,,,,,,,,,,,,
Colston Loveland,TE,6000,10.77,,32.81,7.6000000000000005,,,,,,,,,,,,,,,,,,
Hunter Henry,FLEX,5500,8.6,,27.42,1,,,,,,,,,,,,,,,,,,
Texans,DST,4300,7.36,,20.05,10,,,,,,,,,,,,,,,,,,
Total,,59900,106.25,,,68.62,,,,,,,,,,,,,,,,,,
,,,,,,,,,,,,,,,,,,,,,,,,
Optimal Lineup - RotoWire,POS,Salary,Projection,2026-01-18 13:00,Roster %,Result,,,,,,,,,,,,,,,,,,
Drake Maye,QB,8100,21.8,Slate: Main,57.51,17.16,,,,,,,,,,,,,,,,,,
D'Andre Swift,RB,6700,11.5,,56.26,7.6000000000000005,,,,,,,,,,,,,,,,,,
Woody Marks,RB,6500,10.62,,31.73,2.6000000000000005,,,,,,,,,,,,,,,,,,
Puka Nacua,WR,9900,21.59,,91.09,8.700000000000001,,,,,,,,,,,,,,,,,,
Stefon Diggs,WR,6600,11.18,,42.93,12,,,,,,,,,,,,,,,,,,
Kayshon Boutte,WR,5700,7.31,,11.45,15,,,,,,,,,,,,,,,,,,
Hunter Henry,TE,5500,9.05,,27.42,1,,,,,,,,,,,,,,,,,,
TreVeyon Henderson,FLEX,6300,10.63,,24.41,2.8,,,,,,,,,,,,,,,,,,
Patriots,DST,4600,7.38,,79.51,20,,,,,,,,,,,,,,,,,,
Total,,59900,111.05999999999999,,,86.86,,,,,,,,,,,,,,,,,,
,,,,,,,,,,,,,,,,,,,,,,,,
Optimal Lineup - NumberFire,POS,Salary,Projection,2026-01-18 13:00,Roster %,Result,,,,,,,,,,,,,,,,,,
Drake Maye,QB,8100,22.1,Slate: Main,57.51,17.16,,,,,,,,,,,,,,,,,,
D'Andre Swift,RB,6700,11.2,,56.26,7.6000000000000005,,,,,,,,,,,,,,,,,,
TreVeyon Henderson,RB,6300,15.6,,24.41,2.8,,,,,,,,,,,,,,,,,,
Puka Nacua,WR,9900,21.1,,91.09,8.700000000000001,,,,,,,,,,,,,,,,,,
Stefon Diggs,WR,6600,12.2,,42.93,12,,,,,,,,,,,,,,,,,,
Luther Burden III,WR,5900,7.7,,36.34,3.9000000000000004,,,,,,,,,,,,,,,,,,
Hunter Henry,TE,5500,11.2,,27.42,1,,,,,,,,,,,,,,,,,,
Blake Corum,FLEX,5900,9.4,,18.22,1.9000000000000001,,,,,,,,,,,,,,,,,,
Patriots,DST,4600,7.4,,79.51,20,,,,,,,,,,,,,,,,,,
Total,,59500,117.90000000000002,,,75.06,,,,,,,,,,,,,,,,,,
,,,,,,,,,,,,,,,,,,,,,,,,
Optimal Lineup - DraftEdge,POS,Salary,Projection,2026-01-18 13:00,Roster %,Result,,,,,,,,,,,,,,,,,,
Drake Maye,QB,8100,20.4,Slate: Main,57.51,17.16,,,,,,,,,,,,,,,,,,
D'Andre Swift,RB,6700,12,,56.26,7.6000000000000005,,,,,,,,,,,,,,,,,,
Woody Marks,RB,6500,11.8,,31.73,2.6000000000000005,,,,,,,,,,,,,,,,,,
Puka Nacua,WR,9900,19.1,,91.09,8.700000000000001,,,,,,,,,,,,,,,,,,
Luther Burden III,WR,5900,9.3,,36.34,3.9000000000000004,,,,,,,,,,,,,,,,,,
Xavier Hutchinson,WR,5400,7.6,,6.32,6.4,,,,,,,,,,,,,,,,,,
Colston Loveland,TE,6000,11.6,,32.81,7.6000000000000005,,,,,,,,,,,,,,,,,,
Rhamondre Stevenson,FLEX,6800,10.9,,35.14,10.1,,,,,,,,,,,,,,,,,,
Patriots,DST,4600,7.7,,79.51,20,,,,,,,,,,,,,,,,,,
Total,,59900,110.4,,,84.06,,,,,,,,,,,,,,,,,,
,,,,,,,,,,,,,,,,,,,,,,,,
Optimal Lineup - SportsLine,POS,Salary,Projection,2026-01-18 13:01,Roster %,Result,,,,,,,,,,,,,,,,,,
Caleb Williams,QB,7800,17.97,Slate: Main,4.26,19.28,,,,,,,,,,,,,,,,,,
Kyren Williams,RB,7900,13.51,,65.53,25.700000000000003,,,,,,,,,,,,,,,,,,
D'Andre Swift,RB,6700,11.5,,56.26,7.6000000000000005,,,,,,,,,,,,,,,,,,
Puka Nacua,WR,9900,17.82,,91.09,8.700000000000001,,,,,,,,,,,,,,,,,,
Luther Burden III,WR,5900,8.14,,36.34,3.9000000000000004,,,,,,,,,,,,,,,,,,
Rome Odunze,WR,6200,9.15,,11.27,5.4,,,,,,,,,,,,,,,,,,
Colston Loveland,TE,6000,9.92,,32.81,7.6000000000000005,,,,,,,,,,,,,,,,,,
Dalton Schultz,FLEX,5300,8.43,,22.05,5.7,,,,,,,,,,,,,,,,,,
Texans,DST,4300,9.11,,20.05,10,,,,,,,,,,,,,,,,,,
Total,,60000,105.55,,,93.88000000000001,,,,,,,,,,,,,,,,,,
,,,,,,,,,,,,,,,,,,,,,,,,
Optimal Lineup - Weighted,POS,Salary,Projection,2026-01-25 13:58,Roster %,Result,,,,,,,,,,,,,,,,,,
Drake Maye,QB,8100,19.576905333333336,Slate: Main,86.41,15.94,,,,,,,,,,,,,,,,,,
Kenneth Walker III,RB,8000,16.57436666666667,,91.21,19.1,,,,,,,,,,,,,,,,,,
RJ Harvey,RB,6700,12.382848,,36.48,7.9,,,,,,,,,,,,,,,,,,
Jaxon Smith-Njigba,WR,9400,17.941657333333335,,91.21,29.3,,,,,,,,,,,,,,,,,,
Stefon Diggs,WR,6700,10.051520000000002,,38.11,4.2,,,,,,,,,,,,,,,,,,
Mack Hollins,WR,4000,3.786476000000001,,5.6,6.1000000000000005,,,,,,,,,,,,,,,,,,
Hunter Henry,TE,5700,8.784985333333335,,44.95,2.2,,,,,,,,,,,,,,,,,,
Rhamondre Stevenson,FLEX,7000,11.687318666666666,,56.57,7.1000000000000005,,,,,,,,,,,,,,,,,,
Broncos,DST,4400,6.848846666666667,,5.66,9,,,,,,,,,,,,,,,,,,
Total,,60000,107.63492400000001,,,100.83999999999999,,,,,,,,,,,,,,,,,,
,,,,,,,,,,,,,,,,,,,,,,,,
Optimal Lineup - AVG,POS,Salary,Projection,2026-01-25 13:58,Roster %,Result,,,,,,,,,,,,,,,,,,
Drake Maye,QB,8100,19.67848888888889,Slate: Main,86.41,15.94,,,,,,,,,,,,,,,,,,
Kenneth Walker III,RB,8000,16.434444444444445,,91.21,19.1,,,,,,,,,,,,,,,,,,
RJ Harvey,RB,6700,12.273066666666667,,36.48,7.9,,,,,,,,,,,,,,,,,,
Jaxon Smith-Njigba,WR,9400,18.085422222222224,,91.21,29.3,,,,,,,,,,,,,,,,,,
Stefon Diggs,WR,6700,10.132666666666667,,38.11,4.2,,,,,,,,,,,,,,,,,,
Mack Hollins,WR,4000,3.8134666666666672,,5.6,6.1000000000000005,,,,,,,,,,,,,,,,,,
Hunter Henry,TE,5700,8.875822222222222,,44.95,2.2,,,,,,,,,,,,,,,,,,
Rhamondre Stevenson,FLEX,7000,11.584711111111112,,56.57,7.1000000000000005,,,,,,,,,,,,,,,,,,
Broncos,DST,4400,6.878444444444444,,5.66,9,,,,,,,,,,,,,,,,,,
Total,,60000,107.75653333333334,,,100.83999999999999,,,,,,,,,,,,,,,,,,
,,,,,,,,,,,,,,,,,,,,,,,,
Optimal Lineup - Best 5 Projection,POS,Salary,Projection,2026-01-25 13:58,Roster %,Result,,,,,,,,,,,,,,,,,,
Drake Maye,QB,8100,19.1644,Slate: Main,86.41,15.94,,,,,,,,,,,,,,,,,,
Kenneth Walker III,RB,8000,16.03,,91.21,19.1,,,,,,,,,,,,,,,,,,
RJ Harvey,RB,6700,12.6096,,36.48,7.9,,,,,,,,,,,,,,,,,,
Jaxon Smith-Njigba,WR,9400,17.2298,,91.21,29.3,,,,,,,,,,,,,,,,,,
Stefon Diggs,WR,6700,9.974,,38.11,4.2,,,,,,,,,,,,,,,,,,
Mack Hollins,WR,4000,3.0852,,5.6,6.1000000000000005,,,,,,,,,,,,,,,,,,
Hunter Henry,TE,5700,8.705400000000001,,44.95,2.2,,,,,,,,,,,,,,,,,,
Rhamondre Stevenson,FLEX,7000,11.3854,,56.57,7.1000000000000005,,,,,,,,,,,,,,,,,,
Broncos,DST,4400,7.325999999999999,,5.66,9,,,,,,,,,,,,,,,,,,
Total,,60000,105.5098,,,100.83999999999999,,,,,,,,,,,,,,,,,,
,,,,,,,,,,,,,,,,,,,,,,,,
Optimal Lineup - DFF,POS,Salary,Projection,2026-01-25 13:58,Roster %,Result,,,,,,,,,,,,,,,,,,
Sam Darnold,QB,7400,17.3,Slate: Main,12.83,29.740000000000002,,,,,,,,,,,,,,,,,,
Kenneth Walker III,RB,8000,17.3,,91.21,19.1,,,,,,,,,,,,,,,,,,
RJ Harvey,RB,6700,12,,36.48,7.9,,,,,,,,,,,,,,,,,,
Jaxon Smith-Njigba,WR,9400,18.2,,91.21,29.3,,,,,,,,,,,,,,,,,,
Puka Nacua,WR,9800,17.9,,75.66,30.4,,,,,,,,,,,,,,,,,,
Mack Hollins,WR,4000,5.2,,5.6,6.1000000000000005,,,,,,,,,,,,,,,,,,
Hunter Henry,TE,5700,9.1,,44.95,2.2,,,,,,,,,,,,,,,,,,
AJ Barner,FLEX,5200,6.7,,30.97,2.3,,,,,,,,,,,,,,,,,,
Rams,DST,3800,6.4,,5.77,4,,,,,,,,,,,,,,,,,,
Total,,60000,110.1,,,131.04,,,,,,,,,,,,,,,,,,
,,,,,,,,,,,,,,,,,,,,,,,,
Optimal Lineup - FantasyPros,POS,Salary,Projection,2026-01-25 13:59,Roster %,Result,,,,,,,,,,,,,,,,,,
Drake Maye,QB,8100,19.204,Slate: Main,86.41,15.94,,,,,,,,,,,,,,,,,,
Kenneth Walker III,RB,8000,17.98,,91.21,19.1,,,,,,,,,,,,,,,,,,
RJ Harvey,RB,6700,13.600000000000001,,36.48,7.9,,,,,,,,,,,,,,,,,,
Jaxon Smith-Njigba,WR,9400,17.560000000000002,,91.21,29.3,,,,,,,,,,,,,,,,,,
Stefon Diggs,WR,6700,10.25,,38.11,4.2,,,,,,,,,,,,,,,,,,
Pat Bryant,WR,5000,6.720000000000001,,10.55,0.7999999999999999,,,,,,,,,,,,,,,,,,
AJ Barner,TE,5200,7.09,,30.97,2.3,,,,,,,,,,,,,,,,,,
Rhamondre Stevenson,FLEX,7000,12.830000000000002,,56.57,7.1000000000000005,,,,,,,,,,,,,,,,,,
Rams,DST,3800,6.4,,5.77,4,,,,,,,,,,,,,,,,,,
Total,,59900,111.634,,,90.63999999999999,,,,,,,,,,,,,,,,,,
,,,,,,,,,,,,,,,,,,,,,,,,
Optimal Lineup - FootballGuys,POS,Salary,Projection,2026-01-25 13:59,Roster %,Result,,,,,,,,,,,,,,,,,,
Drake Maye,QB,8100,18.728,Slate: Main,86.41,15.94,,,,,,,,,,,,,,,,,,
Kenneth Walker III,RB,8000,17.3,,91.21,19.1,,,,,,,,,,,,,,,,,,
RJ Harvey,RB,6700,12.788,,36.48,7.9,,,,,,,,,,,,,,,,,,
Jaxon Smith-Njigba,WR,9400,16.839000000000002,,91.21,29.3,,,,,,,,,,,,,,,,,,
Courtland Sutton,WR,7300,11.108000000000002,,18.51,9.2,,,,,,,,,,,,,,,,,,
Mack Hollins,WR,4000,2.926,,5.6,6.1000000000000005,,,,,,,,,,,,,,,,,,
Hunter Henry,TE,5700,7.617,,44.95,2.2,,,,,,,,,,,,,,,,,,
Rhamondre Stevenson,FLEX,7000,12.487000000000002,,56.57,7.1000000000000005,,,,,,,,,,,,,,,,,,
Rams,DST,3800,7.16,,5.77,4,,,,,,,,,,,,,,,,,,
Total,,60000,106.953,,,100.83999999999999,,,,,,,,,,,,,,,,,,
,,,,,,,,,,,,,,,,,,,,,,,,
Optimal Lineup - FantasyLabs,POS,Salary,Projection,2026-01-25 13:59,Roster %,Result,,,,,,,,,,,,,,,,,,
Sam Darnold,QB,7400,17.04,Slate: Main,12.83,29.740000000000002,,,,,,,,,,,,,,,,,,
Kenneth Walker III,RB,8000,17.03,,91.21,19.1,,,,,,,,,,,,,,,,,,
RJ Harvey,RB,6700,11.63,,36.48,7.9,,,,,,,,,,,,,,,,,,
Jaxon Smith-Njigba,WR,9400,18.99,,91.21,29.3,,,,,,,,,,,,,,,,,,
Puka Nacua,WR,9800,17.58,,75.66,30.4,,,,,,,,,,,,,,,,,,
Mack Hollins,WR,4000,5.74,,5.6,6.1000000000000005,,,,,,,,,,,,,,,,,,
Hunter Henry,TE,5700,9.11,,44.95,2.2,,,,,,,,,,,,,,,,,,
AJ Barner,FLEX,5200,6.88,,30.97,2.3,,,,,,,,,,,,,,,,,,
Rams,DST,3800,6.6,,5.77,4,,,,,,,,,,,,,,,,,,
Total,,60000,110.59999999999998,,,131.04,,,,,,,,,,,,,,,,,,
,,,,,,,,,,,,,,,,,,,,,,,,
Optimal Lineup - RotoWire,POS,Salary,Projection,2026-01-25 13:59,Roster %,Result,,,,,,,,,,,,,,,,,,
Drake Maye,QB,8100,21.13,Slate: Main,86.41,15.94,,,,,,,,,,,,,,,,,,
Kenneth Walker III,RB,8000,15.2,,91.21,19.1,,,,,,,,,,,,,,,,,,
RJ Harvey,RB,6700,10.97,,36.48,7.9,,,,,,,,,,,,,,,,,,
Jaxon Smith-Njigba,WR,9400,20.5,,91.21,29.3,,,,,,,,,,,,,,,,,,
Puka Nacua,WR,9800,16.66,,75.66,30.4,,,,,,,,,,,,,,,,,,
Pat Bryant,WR,5000,7.46,,10.55,0.7999999999999999,,,,,,,,,,,,,,,,,,
AJ Barner,TE,5200,7.49,,30.97,2.3,,,,,,,,,,,,,,,,,,
Mack Hollins,FLEX,4000,5.37,,5.6,6.1000000000000005,,,,,,,,,,,,,,,,,,
Rams,DST,3800,5.52,,5.77,4,,,,,,,,,,,,,,,,,,
Total,,60000,110.29999999999998,,,115.83999999999997,,,,,,,,,,,,,,,,,,
,,,,,,,,,,,,,,,,,,,,,,,,
Optimal Lineup - NumberFire,POS,Salary,Projection,2026-01-25 13:59,Roster %,Result,,,,,,,,,,,,,,,,,,
Drake Maye,QB,8100,22.1,Slate: Main,86.41,15.94,,,,,,,,,,,,,,,,,,
RJ Harvey,RB,6700,12.6,,36.48,7.9,,,,,,,,,,,,,,,,,,
Rhamondre Stevenson,RB,7000,10.6,,56.57,7.1000000000000005,,,,,,,,,,,,,,,,,,
Puka Nacua,WR,9800,21.1,,75.66,30.4,,,,,,,,,,,,,,,,,,
Stefon Diggs,WR,6700,12.2,,38.11,4.2,,,,,,,,,,,,,,,,,,
Troy Franklin,WR,5700,8.6,,0,Not Found,,,,,,,,,,,,,,,,,,
Hunter Henry,TE,5700,11.2,,44.95,2.2,,,,,,,,,,,,,,,,,,
TreVeyon Henderson,FLEX,6400,15.6,,9.86,0.5,,,,,,,,,,,,,,,,,,
Rams,DST,3800,6.4,,5.77,4,,,,,,,,,,,,,,,,,,
Total,,59900,120.4,,,72.24000000000001,,,,,,,,,,,,,,,,,,
,,,,,,,,,,,,,,,,,,,,,,,,
Optimal Lineup - DraftEdge,POS,Salary,Projection,2026-01-25 13:59,Roster %,Result,,,,,,,,,,,,,,,,,,
Drake Maye,QB,8100,21.5,Slate: Main,86.41,15.94,,,,,,,,,,,,,,,,,,
Kenneth Walker III,RB,8000,19.5,,91.21,19.1,,,,,,,,,,,,,,,,,,
RJ Harvey,RB,6700,12.2,,36.48,7.9,,,,,,,,,,,,,,,,,,
Jaxon Smith-Njigba,WR,9400,19.9,,91.21,29.3,,,,,,,,,,,,,,,,,,
Stefon Diggs,WR,6700,11.1,,38.11,4.2,,,,,,,,,,,,,,,,,,
Mack Hollins,WR,4000,4.7,,5.6,6.1000000000000005,,,,,,,,,,,,,,,,,,
Hunter Henry,TE,5700,9.7,,44.95,2.2,,,,,,,,,,,,,,,,,,
Rhamondre Stevenson,FLEX,7000,13.3,,56.57,7.1000000000000005,,,,,,,,,,,,,,,,,,
Rams,DST,3800,6.4,,5.77,4,,,,,,,,,,,,,,,,,,
Total,,59400,118.3,,,95.83999999999999,,,,,,,,,,,,,,,,,,
,,,,,,,,,,,,,,,,,,,,,,,,
Optimal Lineup - SportsLine,POS,Salary,Projection,2026-01-25 13:59,Roster %,Result,,,,,,,,,,,,,,,,,,
Drake Maye,QB,8100,16.09,Slate: Main,86.41,15.94,,,,,,,,,,,,,,,,,,
Kenneth Walker III,RB,8000,16.07,,91.21,19.1,,,,,,,,,,,,,,,,,,
Kyren Williams,RB,8600,12.65,,26.58,13.1,,,,,,,,,,,,,,,,,,
Jaxon Smith-Njigba,WR,9400,17.15,,91.21,29.3,,,,,,,,,,,,,,,,,,
Rashid Shaheed,WR,5500,7.14,,3.8,5.6000000000000005,,,,,,,,,,,,,,,,,,
Mack Hollins,WR,4000,3.75,,5.6,6.1000000000000005,,,,,,,,,,,,,,,,,,
AJ Barner,TE,5200,6.78,,30.97,2.3,,,,,,,,,,,,,,,,,,
RJ Harvey,FLEX,6700,12.06,,36.48,7.9,,,,,,,,,,,,,,,,,,
Broncos,DST,4400,9.87,,5.66,9,,,,,,,,,,,,,,,,,,
Total,,59900,101.56,,,108.33999999999999,,,,,,,,,,,,,,,,,,
,,,,,,,,,,,,,,,,,,,,,,,,
Optimal Lineup - Weighted,POS,Salary,Projection,2026-09-10 10:52,Roster %,Result,,,,,,,,,,,,,,,,,,
Brock Purdy,QB,7500,18.033629333333334,Slate: Wed-Thu,19.32,Not Found,,,,,,,,,,,,,,,,,,
Christian McCaffrey,RB,9000,18.097488,,19.04,Not Found,,,,,,,,,,,,,,,,,,
Rhamondre Stevenson,RB,6700,12.618918666666666,,13.54,12,,,,,,,,,,,,,,,,,,
Puka Nacua,WR,9200,17.502733333333335,,17.53,Not Found,,,,,,,,,,,,,,,,,,
A.J. Brown,WR,8300,13.07542,,13.36,4.1,,,,,,,,,,,,,,,,,,
Romeo Doubs,WR,5900,7.929232000000002,,8.17,0,,,,,,,,,,,,,,,,,,
AJ Barner,TE,5100,6.111700000000001,,6.95,2.3,,,,,,,,,,,,,,,,,,
Terrance Ferguson,FLEX,4400,4.8782119999999995,,4.54,Not Found,,,,,,,,,,,,,,,,,,
49ers,DST,3900,4.79942,,4.77,Not Found,,,,,,,,,,,,,,,,,,
Total,,60000,103.04675333333333,,,18.400000000000002,,,,,,,,,,,,,,,,,,
,,,,,,,,,,,,,,,,,,,,,,,,
Optimal Lineup - AVG,POS,Salary,Projection,2026-09-10 10:52,Roster %,Result,,,,,,,,,,,,,,,,,,
Brock Purdy,QB,7500,18.07168888888889,Slate: Wed-Thu,19.32,Not Found,,,,,,,,,,,,,,,,,,
Christian McCaffrey,RB,9000,18.2784,,19.04,Not Found,,,,,,,,,,,,,,,,,,
Rhamondre Stevenson,RB,6700,12.418044444444446,,13.54,12,,,,,,,,,,,,,,,,,,
Puka Nacua,WR,9200,17.832222222222224,,17.53,Not Found,,,,,,,,,,,,,,,,,,
A.J. Brown,WR,8300,13.242666666666667,,13.36,4.1,,,,,,,,,,,,,,,,,,
Romeo Doubs,WR,5900,7.980933333333334,,8.17,0,,,,,,,,,,,,,,,,,,
AJ Barner,TE,5100,6.156666666666667,,6.95,2.3,,,,,,,,,,,,,,,,,,
Terrance Ferguson,FLEX,4400,4.874933333333333,,4.54,Not Found,,,,,,,,,,,,,,,,,,
49ers,DST,3900,4.712666666666666,,4.77,Not Found,,,,,,,,,,,,,,,,,,
Total,,60000,103.56822222222223,,,18.400000000000002,,,,,,,,,,,,,,,,,,
,,,,,,,,,,,,,,,,,,,,,,,,
Optimal Lineup - Best 5 Projection,POS,Salary,Projection,2026-09-10 10:52,Roster %,Result,,,,,,,,,,,,,,,,,,
Brock Purdy,QB,7500,17.8842,Slate: Wed-Thu,19.32,Not Found,,,,,,,,,,,,,,,,,,
Christian McCaffrey,RB,9000,16.9726,,19.04,Not Found,,,,,,,,,,,,,,,,,,
Rhamondre Stevenson,RB,6700,12.650400000000001,,13.54,12,,,,,,,,,,,,,,,,,,
Puka Nacua,WR,9200,16.8,,17.53,Not Found,,,,,,,,,,,,,,,,,,
Jaxon Smith-Njigba,WR,9100,16.001,,16.25,25.200000000000003,,,,,,,,,,,,,,,,,,
Tory Horton,WR,4200,2.3297999999999996,,2.27,Not Found,,,,,,,,,,,,,,,,,,
Hunter Henry,TE,5600,7.242,,7.67,4.1,,,,,,,,,,,,,,,,,,
Terrance Ferguson,FLEX,4400,4.9374,,4.54,Not Found,,,,,,,,,,,,,,,,,,
Patriots,DST,4300,6.042,,5.73,6,,,,,,,,,,,,,,,,,,
Total,,60000,100.85940000000001,,,47.300000000000004,,,,,,,,,,,,,,,,,,
,,,,,,,,,,,,,,,,,,,,,,,,
Optimal Lineup - DFF,POS,Salary,Projection,2026-09-10 10:52,Roster %,Result,,,,,,,,,,,,,,,,,,
Brock Purdy,QB,7500,19.32,Slate: Wed-Thu,19.32,Not Found,,,,,,,,,,,,,,,,,,
Christian McCaffrey,RB,9000,19.04,,19.04,Not Found,,,,,,,,,,,,,,,,,,
Rhamondre Stevenson,RB,6700,13.54,,13.54,12,,,,,,,,,,,,,,,,,,
Puka Nacua,WR,9200,17.53,,17.53,Not Found,,,,,,,,,,,,,,,,,,
De'Zhaun Stribling,WR,6000,8.52,,8.52,Not Found,,,,,,,,,,,,,,,,,,
Romeo Doubs,WR,5900,8.17,,8.17,0,,,,,,,,,,,,,,,,,,
George Kittle,TE,6200,8.8,,8.8,Not Found,,,,,,,,,,,,,,,,,,
AJ Barner,FLEX,5100,6.95,,6.95,2.3,,,,,,,,,,,,,,,,,,
Patriots,DST,4300,5.73,,5.73,6,,,,,,,,,,,,,,,,,,
Total,,59900,107.60000000000001,,,20.3,,,,,,,,,,,,,,,,,,
,,,,,,,,,,,,,,,,,,,,,,,,
Optimal Lineup - FantasyPros,POS,Salary,Projection,2026-09-10 10:52,Roster %,Result,,,,,,,,,,,,,,,,,,
Brock Purdy,QB,7500,17.386,Slate: Wed-Thu,19.32,Not Found,,,,,,,,,,,,,,,,,,
Christian McCaffrey,RB,9000,16.82,,19.04,Not Found,,,,,,,,,,,,,,,,,,
Rhamondre Stevenson,RB,6700,13.07,,13.54,12,,,,,,,,,,,,,,,,,,
Puka Nacua,WR,9200,16.46,,17.53,Not Found,,,,,,,,,,,,,,,,,,
Jaxon Smith-Njigba,WR,9100,16.4,,16.25,25.200000000000003,,,,,,,,,,,,,,,,,,
Tory Horton,WR,4200,2.58,,2.27,Not Found,,,,,,,,,,,,,,,,,,
Hunter Henry,TE,5600,7.46,,7.67,4.1,,,,,,,,,,,,,,,,,,
Terrance Ferguson,FLEX,4400,4.69,,4.54,Not Found,,,,,,,,,,,,,,,,,,
Patriots,DST,4300,5.73,,5.73,6,,,,,,,,,,,,,,,,,,
Total,,60000,100.59599999999999,,,47.300000000000004,,,,,,,,,,,,,,,,,,
,,,,,,,,,,,,,,,,,,,,,,,,
Optimal Lineup - FootballGuys,POS,Salary,Projection,2026-09-10 10:53,Roster %,Result,,,,,,,,,,,,,,,,,,
Drake Maye,QB,7900,18.5376,Slate: Wed-Thu,18.55,12.82,,,,,,,,,,,,,,,,,,
Christian McCaffrey,RB,9000,18.423000000000002,,19.04,Not Found,,,,,,,,,,,,,,,,,,
Rhamondre Stevenson,RB,6700,13.272,,13.54,12,,,,,,,,,,,,,,,,,,
Puka Nacua,WR,9200,15.910000000000002,,17.53,Not Found,,,,,,,,,,,,,,,,,,
Romeo Doubs,WR,5900,7.412000000000001,,8.17,0,,,,,,,,,,,,,,,,,,
Rashid Shaheed,WR,5800,6.344,,6.46,0.9,,,,,,,,,,,,,,,,,,
Terrance Ferguson,TE,4400,5.827000000000001,,4.54,Not Found,,,,,,,,,,,,,,,,,,
Jadarian Price,FLEX,6900,12.248000000000001,,10.6,6.800000000000001,,,,,,,,,,,,,,,,,,
49ers,DST,3900,6.249999999999999,,4.77,Not Found,,,,,,,,,,,,,,,,,,
Total,,59700,104.2236,,,32.519999999999996,,,,,,,,,,,,,,,,,,
,,,,,,,,,,,,,,,,,,,,,,,,
Optimal Lineup - FantasyLabs,POS,Salary,Projection,2026-09-10 10:53,Roster %,Result,,,,,,,,,,,,,,,,,,
Brock Purdy,QB,7500,18.22,Slate: Wed-Thu,19.32,Not Found,,,,,,,,,,,,,,,,,,
Christian McCaffrey,RB,9000,17.93,,19.04,Not Found,,,,,,,,,,,,,,,,,,
Rhamondre Stevenson,RB,6700,12.72,,13.54,12,,,,,,,,,,,,,,,,,,
Puka Nacua,WR,9200,18.16,,17.53,Not Found,,,,,,,,,,,,,,,,,,
Jaxon Smith-Njigba,WR,9100,16.93,,16.25,25.200000000000003,,,,,,,,,,,,,,,,,,
DeMario Douglas,WR,4800,4.41,,5.04,4.5,,,,,,,,,,,,,,,,,,
Terrance Ferguson,TE,4400,4.01,,4.54,Not Found,,,,,,,,,,,,,,,,,,
George Holani,FLEX,5300,6.59,,5.34,2.9000000000000004,,,,,,,,,,,,,,,,,,
49ers,DST,3900,3.42,,4.77,Not Found,,,,,,,,,,,,,,,,,,
Total,,59900,102.39000000000001,,,44.6,,,,,,,,,,,,,,,,,,
,,,,,,,,,,,,,,,,,,,,,,,,
Optimal Lineup - RotoWire,POS,Salary,Projection,2026-09-10 10:53,Roster %,Result,,,,,,,,,,,,,,,,,,
Brock Purdy,QB,7500,19.32,Slate: Wed-Thu,19.32,Not Found,,,,,,,,,,,,,,,,,,
Christian McCaffrey,RB,9000,19.04,,19.04,Not Found,,,,,,,,,,,,,,,,,,
Rhamondre Stevenson,RB,6700,13.54,,13.54,12,,,,,,,,,,,,,,,,,,
Puka Nacua,WR,9200,17.53,,17.53,Not Found,,,,,,,,,,,,,,,,,,
De'Zhaun Stribling,WR,6000,8.52,,8.52,Not Found,,,,,,,,,,,,,,,,,,
Romeo Doubs,WR,5900,8.17,,8.17,0,,,,,,,,,,,,,,,,,,
George Kittle,TE,6200,8.8,,8.8,Not Found,,,,,,,,,,,,,,,,,,
AJ Barner,FLEX,5100,6.95,,6.95,2.3,,,,,,,,,,,,,,,,,,
Patriots,DST,4300,5.73,,5.73,6,,,,,,,,,,,,,,,,,,
Total,,59900,107.60000000000001,,,20.3,,,,,,,,,,,,,,,,,,
,,,,,,,,,,,,,,,,,,,,,,,,
Optimal Lineup - NumberFire,POS,Salary,Projection,2026-09-10 10:53,Roster %,Result,,,,,,,,,,,,,,,,,,
Brock Purdy,QB,7500,18.3,Slate: Wed-Thu,19.32,Not Found,,,,,,,,,,,,,,,,,,
Christian McCaffrey,RB,9000,15,,19.04,Not Found,,,,,,,,,,,,,,,,,,
Rhamondre Stevenson,RB,6700,12.7,,13.54,12,,,,,,,,,,,,,,,,,,
Jaxon Smith-Njigba,WR,9100,15.8,,16.25,25.200000000000003,,,,,,,,,,,,,,,,,,
A.J. Brown,WR,8300,13.7,,13.36,4.1,,,,,,,,,,,,,,,,,,
Cooper Kupp,WR,5500,8.8,,6.4,4.5,,,,,,,,,,,,,,,,,,
Hunter Henry,TE,5600,8.2,,7.67,4.1,,,,,,,,,,,,,,,,,,
Terrance Ferguson,FLEX,4400,4,,4.54,Not Found,,,,,,,,,,,,,,,,,,
49ers,DST,3900,4.77,,4.77,Not Found,,,,,,,,,,,,,,,,,,
Total,,60000,101.27,,,49.900000000000006,,,,,,,,,,,,,,,,,,
,,,,,,,,,,,,,,,,,,,,,,,,
Optimal Lineup - DraftEdge,POS,Salary,Projection,2026-09-10 10:53,Roster %,Result,,,,,,,,,,,,,,,,,,
Matthew Stafford,QB,8000,19.8,Slate: Wed-Thu,17.35,Not Found,,,,,,,,,,,,,,,,,,
Christian McCaffrey,RB,9000,25.7,,19.04,Not Found,,,,,,,,,,,,,,,,,,
Blake Corum,RB,5800,8.9,,7.98,Not Found,,,,,,,,,,,,,,,,,,
Puka Nacua,WR,9200,24,,17.53,Not Found,,,,,,,,,,,,,,,,,,
A.J. Brown,WR,8300,16.7,,13.36,4.1,,,,,,,,,,,,,,,,,,
Romeo Doubs,WR,5900,9.1,,8.17,0,,,,,,,,,,,,,,,,,,
AJ Barner,TE,5100,7.4,,6.95,2.3,,,,,,,,,,,,,,,,,,
Terrance Ferguson,FLEX,4400,5.7,,4.54,Not Found,,,,,,,,,,,,,,,,,,
Patriots,DST,4300,7,,5.73,6,,,,,,,,,,,,,,,,,,
Total,,60000,124.30000000000001,,,12.399999999999999,,,,,,,,,,,,,,,,,,
,,,,,,,,,,,,,,,,,,,,,,,,
Optimal Lineup - SportsLine,POS,Salary,Projection,2026-09-10 10:53,Roster %,Result,,,,,,,,,,,,,,,,,,
Brock Purdy,QB,7500,17.18,Slate: Wed-Thu,19.32,Not Found,,,,,,,,,,,,,,,,,,
Christian McCaffrey,RB,9000,15.58,,19.04,Not Found,,,,,,,,,,,,,,,,,,
Jordan James,RB,5000,6.15,,0.98,Not Found,,,,,,,,,,,,,,,,,,
Puka Nacua,WR,9200,18.1,,17.53,Not Found,,,,,,,,,,,,,,,,,,
Jaxon Smith-Njigba,WR,9100,16.87,,16.25,25.200000000000003,,,,,,,,,,,,,,,,,,
Rashid Shaheed,WR,5800,9.48,,6.46,0.9,,,,,,,,,,,,,,,,,,
AJ Barner,TE,5100,6.97,,6.95,2.3,,,,,,,,,,,,,,,,,,
Terrance Ferguson,FLEX,4400,5.63,,4.54,Not Found,,,,,,,,,,,,,,,,,,
Seahawks,DST,4900,10.13,,6.28,13,,,,,,,,,,,,,,,,,,
Total,,60000,106.08999999999999,,,41.400000000000006,,,,,,,,,,,,,,,,,,
,,,,,,,,,,,,,,,,,,,,,,,,
,,,,,,,,,,,,,,,,,,,,,,,,
,,,,,,,,,,,,,,,,,,,,,,,,
,,,,,,,,,,,,,,,,,,,,,,,,
,,,,,,,,,,,,,,,,,,,,,,,,
,,,,,,,,,,,,,,,,,,,,,,,,
,,,,,,,,,,,,,,,,,,,,,,,,
,,,,,,,,,,,,,,,,,,,,,,,,
,,,,,,,,,,,,,,,,,,,,,,,,
,,,,,,,,,,,,,,,,,,,,,,,,
,,,,,,,,,,,,,,,,,,,,,,,,
,,,,,,,,,,,,,,,,,,,,,,,,
,,,,,,,,,,,,,,,,,,,,,,,,
,,,,,,,,,,,,,,,,,,,,,,,,
,,,,,,,,,,,,,,,,,,,,,,,,
,,,,,,,,,,,,,,,,,,,,,,,,
,,,,,,,,,,,,,,,,,,,,,,,,
,,,,,,,,,,,,,,,,,,,,,,,,
,,,,,,,,,,,,,,,,,,,,,,,,
,,,,,,,,,,,,,,,,,,,,,,,,
,,,,,,,,,,,,,,,,,,,,,,,,
,,,,,,,,,,,,,,,,,,,,,,,,
,,,,,,,,,,,,,,,,,,,,,,,,
,,,,,,,,,,,,,,,,,,,,,,,,
,,,,,,,,,,,,,,,,,,,,,,,,
,,,,,,,,,,,,,,,,,,,,,,,,
,,,,,,,,,,,,,,,,,,,,,,,,
,,,,,,,,,,,,,,,,,,,,,,,,
,,,,,,,,,,,,,,,,,,,,,,,,
,,,,,,,,,,,,,,,,,,,,,,,,
,,,,,,,,,,,,,,,,,,,,,,,,
,,,,,,,,,,,,,,,,,,,,,,,,
,,,,,,,,,,,,,,,,,,,,,,,,
,,,,,,,,,,,,,,,,,,,,,,,,
,,,,,,,,,,,,,,,,,,,,,,,,
,,,,,,,,,,,,,,,,,,,,,,,,
,,,,,,,,,,,,,,,,,,,,,,,,
,,,,,,,,,,,,,,,,,,,,,,,,
,,,,,,,,,,,,,,,,,,,,,,,,
,,,,,,,,,,,,,,,,,,,,,,,,
,,,,,,,,,,,,,,,,,,,,,,,,
,,,,,,,,,,,,,,,,,,,,,,,,
,,,,,,,,,,,,,,,,,,,,,,,,
,,,,,,,,,,,,,,,,,,,,,,,,
,,,,,,,,,,,,,,,,,,,,,,,,
,,,,,,,,,,,,,,,,,,,,,,,,
,,,,,,,,,,,,,,,,,,,,,,,,
,,,,,,,,,,,,,,,,,,,,,,,,
,,,,,,,,,,,,,,,,,,,,,,,,
,,,,,,,,,,,,,,,,,,,,,,,,
,,,,,,,,,,,,,,,,,,,,,,,,
,,,,,,,,,,,,,,,,,,,,,,,,
,,,,,,,,,,,,,,,,,,,,,,,,
,,,,,,,,,,,,,,,,,,,,,,,,
,,,,,,,,,,,,,,,,,,,,,,,,
,,,,,,,,,,,,,,,,,,,,,,,,
,,,,,,,,,,,,,,,,,,,,,,,,
,,,,,,,,,,,,,,,,,,,,,,,,
,,,,,,,,,,,,,,,,,,,,,,,,
,,,,,,,,,,,,,,,,,,,,,,,,
,,,,,,,,,,,,,,,,,,,,,,,,
,,,,,,,,,,,,,,,,,,,,,,,,
,,,,,,,,,,,,,,,,,,,,,,,,
,,,,,,,,,,,,,,,,,,,,,,,,
,,,,,,,,,,,,,,,,,,,,,,,,
,,,,,,,,,,,,,,,,,,,,,,,,
,,,,,,,,,,,,,,,,,,,,,,,,
,,,,,,,,,,,,,,,,,,,,,,,,
,,,,,,,,,,,,,,,,,,,,,,,,
,,,,,,,,,,,,,,,,,,,,,,,,
,,,,,,,,,,,,,,,,,,,,,,,,
,,,,,,,,,,,,,,,,,,,,,,,,
,,,,,,,,,,,,,,,,,,,,,,,,
,,,,,,,,,,,,,,,,,,,,,,,,
,,,,,,,,,,,,,,,,,,,,,,,,
,,,,,,,,,,,,,,,,,,,,,,,,
,,,,,,,,,,,,,,,,,,,,,,,,
,,,,,,,,,,,,,,,,,,,,,,,,
,,,,,,,,,,,,,,,,,,,,,,,,
,,,,,,,,,,,,,,,,,,,,,,,,
,,,,,,,,,,,,,,,,,,,,,,,,
,,,,,,,,,,,,,,,,,,,,,,,,
,,,,,,,,,,,,,,,,,,,,,,,,
,,,,,,,,,,,,,,,,,,,,,,,,
,,,,,,,,,,,,,,,,,,,,,,,,
,,,,,,,,,,,,,,,,,,,,,,,,