Player,POS,Team,Opp,Proj,Prop,Metric,Proj Diff,L5 Avg,L5 Diff,L10 Avg,L10 Diff,Odds,Streak,Matchup,2025,2026,H2H,L5,L10,L20,Probability,Weighted Score,Total Odds,$10 Bet Payout,Parlay Probability,Avg Rating,Custom Sheet
Braelon Allen,RB,NYJ,CLE,77.85,16.5,Rushing Yards,61.349999999999994,22.8,6.3,20.5,4,-116,0,8,0.5,0.5,0,0.6,0.5,0.5,0.5370370370370371,27.605037037037036,562739.0532776254,5627390.5328,1.7770225723194166e-06,,
Ollie Gordon,RB,,CIN,62.64,9,Rushing Yards,53.64,,,,,-109,,12,,,,,,,0.5215311004784688,23.177531100478472,,,,,
Michael Wilson,WR,ARI,DET,77.81,45.17,Receiving Yards,32.64,62.8,17.63,84.9,39.73,-117,0,31,0.47058823529411764,0.5,0,0.8,0.8,0.47368421052631576,0.5391705069124424,20.27677050691244,,Player,Prop,Odds,
Matthew Stafford,QB,LA,BUF,263.17,241.5,Passing + Rushing Yards,21.670000000000016,283.6,42.1,305.2,63.7,-114,1,28,0.8,0.5,1,0.8,0.9,0.75,0.5327102803738317,18.85871028037384,,Braelon Allen,16.5 Rushing Yards,-116,
Kyle Monangai,RB,CHI,GB,68.45,38.17,Rushing Yards,30.28,44.8,6.63,53.2,15.03,-114,2,32,0.3157894736842105,1,0.3333333333333333,0.4,0.5,0.4,0.5327102803738317,18.4369769470405,,Ollie Gordon,9 Rushing Yards,-109,
Emanuel Wilson,RB,SEA,SF,64.46,30.5,Rushing Yards,33.959999999999994,31.6,1.1,37.4,6.9,-115,1,22,0.3333333333333333,0.5,0.5,0.4,0.4,0.35,0.5348837209302325,17.90388372093023,,Michael Wilson,45.17 Receiving Yards,-117,
Jared Goff,QB,DET,ARI,287.15,261.17,Passing Yards,25.97999999999996,285,23.83,286.2,25.03,-114,1,27,0.47058823529411764,0.5,1,0.6,0.6,0.47368421052631576,0.5327102803738317,17.876310280373815,,Matthew Stafford,241.5 Passing + Rushing Yards,-114,
Rome Odunze,WR,CHI,GB,54.34,26.83,Receiving Yards,27.510000000000005,38.2,11.37,48.5,21.67,-113,4,16,0.8571428571428571,1,1,0.8,0.8,0.875,0.5305164319248826,16.978916431924887,,Kyle Monangai,38.17 Rushing Yards,-114,
Jared Goff,QB,DET,ARI,290.16999999999996,266.5,Passing + Rushing Yards,23.66999999999996,285,18.5,286.2,19.7,-114,1,27,0.47058823529411764,0.5,1,0.6,0.6,0.47368421052631576,0.5327102803738317,16.312710280373818,,Emanuel Wilson,30.5 Rushing Yards,-115,
Matthew Stafford,QB,LA,BUF,256.44,241.5,Passing Yards,14.939999999999998,283.6,42.1,305.2,63.7,-40,1,28,0.8,0.5,1,0.8,0.9,0.75,0.2857142857142857,15.919714285714287,,Jared Goff,261.17 Passing Yards,-114,
Bijan Robinson,RB,ATL,BAL,98.9,77.5,Rushing Yards,21.400000000000006,115.4,37.9,104.4,26.9,-114,1,11,0.47058823529411764,0.6666666666666666,1,0.6,0.6,0.5,0.5327102803738317,15.888710280373834,,Rome Odunze,26.83 Receiving Yards,-113,
Brock Bowers,TE,LV,NE,83.98,46.5,Receiving Yards,37.480000000000004,45,-1.5,53.9,7.4,-114,0,1,0.4166666666666667,,0,0.4,0.4,0.4166666666666667,0.5327102803738317,15.634710280373834,,Jared Goff,266.5 Passing + Rushing Yards,-114,
Aaron Jones Sr,RB,,NO,101.62,71.5,Rushing + Receiving Yards,30.120000000000005,,,,,-113,,28,,,,,,,0.5305164319248826,15.378516431924885,,Matthew Stafford,241.5 Passing Yards,-40,
Kyren Williams,RB,LA,BUF,102.18,70.5,Rushing + Receiving Yards,31.680000000000007,61.8,-8.7,69.3,-1.2,-113,1,26,0.5,0.5,1,0.4,0.5,0.55,0.5305164319248826,15.270516431924888,,Bijan Robinson,77.5 Rushing Yards,-114,
Chris Olave,WR,NO,MIN,90.14,76.83,Receiving Yards,13.310000000000002,124,47.17,92.8,15.97,-114,5,15,0.375,1,1,1,0.6,0.4444444444444444,0.5327102803738317,14.973110280373835,,Brock Bowers,46.5 Receiving Yards,-114,
Drake London,WR,ATL,BAL,89.39,65.5,Receiving Yards,23.89,71.2,5.7,76.6,11.1,-115,1,25,0.5,0.3333333333333333,1,0.4,0.5,0.4666666666666667,0.5348837209302325,14.744883720930233,,Aaron Jones Sr,71.5 Rushing + Receiving Yards,-113,
Kalif Raymond,WR,CHI,GB,44.52,24.5,Receiving Yards,20.020000000000003,48.6,24.1,34.9,10.4,-113,3,16,0.26666666666666666,1,0.3333333333333333,0.8,0.6,0.35294117647058826,0.5305164319248826,14.69718309859155,,Kyren Williams,70.5 Rushing + Receiving Yards,-113,
Isaac TeSlaa,WR,DET,ARI,35.92,15.83,Receiving Yards,20.090000000000003,29,13.17,20,4.17,-115,1,30,0.42857142857142855,0.5,1,0.8,0.6,0.4375,0.5348837209302325,14.345283720930233,,Chris Olave,76.83 Receiving Yards,-114,
Aaron Jones Sr,RB,,NO,79.86,52.5,Rushing Yards,27.36,,,,,-111,,28,,,,,,,0.5260663507109005,14.270066350710902,,Drake London,65.5 Receiving Yards,-115,
Carnell Tate,WR,TEN,HOU,66.68,38.83,Receiving Yards,27.85000000000001,32.5,-6.33,32.5,-6.33,-113,0,32,,0,0,0,0,0,0.5305164319248826,14.110916431924887,,Kalif Raymond,24.5 Receiving Yards,-113,
Deshaun Watson,QB,CLE,NYJ,206.41,188.17,Passing Yards,18.24000000000001,221.5,33.33,221.5,33.33,-114,2,5,,1,1,1,1,1,0.5327102803738317,14.008310280373838,,Isaac TeSlaa,15.83 Receiving Yards,-115,
Kyren Williams,RB,LA,BUF,71.56,53.5,Rushing Yards,18.060000000000002,61.8,8.3,69.3,15.8,-113,1,26,0.85,0.5,1,0.6,0.8,0.8,0.5305164319248826,12.868516431924885,,Aaron Jones Sr,52.5 Rushing Yards,-111,
Kyren Williams,RB,LA,BUF,30.62,12.5,Receiving Yards,18.12,21.2,8.7,20.3,7.8,-115,0,26,0.6,0.5,0,0.8,0.8,0.6,0.5348837209302325,12.432883720930233,,Carnell Tate,38.83 Receiving Yards,-113,
Zach Ertz,TE,WAS,JAX,17.84,10.83,Receiving Yards,7.01,51.8,40.97,37.6,26.77,-114,8,9,0.9230769230769231,,1,1,0.9,0.9230769230769231,0.5327102803738317,12.349110280373834,,,,,
Mike Gesicki,TE,CIN,MIA,40.04,24.5,Receiving Yards,15.54,36.8,12.3,34.7,10.2,-113,1,28,0.3333333333333333,1,1,0.6,0.5,0.38461538461538464,0.5305164319248826,12.348516431924883,,,Last Refresh,,
Denzel Boston,WR,CLE,NYJ,59.34,45.5,Receiving Yards,13.840000000000003,77,31.5,77,31.5,-114,2,7,,1,1,1,1,1,0.5327102803738317,12.228710280373836,,,2026-10-08 13:01,,
Keaton Mitchell,RB,LAC,DEN,32.33,14.5,Rushing Yards,17.83,15.8,1.3,28.1,13.6,-115,1,27,0.5384615384615384,0.5,1,0.4,0.6,0.5333333333333333,0.5348837209302325,12.130883720930232,,,,,
RJ Harvey,RB,DEN,LAC,34.5,18.5,Receiving Yards,16,25.8,7.3,27.2,8.7,-111,3,23,0.5263157894736842,1,1,0.8,0.8,0.55,0.5260663507109005,12.1040663507109,,,,,
Juwan Johnson,TE,NO,MIN,45.19,35.5,Receiving Yards,9.689999999999998,73,37.5,61,25.5,-114,5,6,0.7058823529411765,1,1,1,0.9,0.7368421052631579,0.5327102803738317,11.848710280373831,,,,,
Roman Wilson,WR,PIT,IND,45.93,22.83,Receiving Yards,23.1,14.2,-8.63,21.3,-1.53,-114,2,21,0.2222222222222222,1,1,0.4,0.4,0.36363636363636365,0.5327102803738317,11.641110280373832,,,,,
Raheim Sanders,RB,CLE,NYJ,13.01,2.5,Receiving Yards,10.51,10.6,8.1,8.833,6.333,-111,5,29,0.75,1,1,1,0.8333333333333334,0.8333333333333334,0.5260663507109005,11.1467263507109,,,,,
Luther Burden,WR,,GB,58.13,35.83,Receiving Yards,22.300000000000004,,,,,-113,,16,,,,,,,0.5305164319248826,11.050516431924883,,,,,
Elic Ayomanor,WR,TEN,HOU,20.21,14.17,Receiving Yards,6.040000000000001,45,30.83,31.8,17.63,-114,1,32,0.75,0.5,1,0.8,0.6,0.7222222222222222,0.5327102803738317,10.958310280373833,,,,,
Michael Penix Jr,QB,,BAL,229.47,206.5,Passing Yards,22.97,,,,,-113,,12,,,,,,,0.5305164319248826,10.918516431924884,,,,,
George Kittle,TE,SF,SEA,64.43,46.5,Receiving Yards,17.930000000000007,48.4,1.9,62.6,16.1,-110,1,13,0.5,0.5,1,0.4,0.7,0.5,0.5238095238095238,10.869809523809526,,,,,
Romeo Doubs,WR,NE,LV,54.51,43.17,Receiving Yards,11.339999999999996,73.2,30.03,49.8,6.63,-113,1,10,0.5882352941176471,0.5,1,0.8,0.5,0.5789473684210527,0.5305164319248826,10.57611643192488,,,,,
Tyson Bagent,QB,CHI,GB,238.56,174.17,Passing Yards,64.39000000000001,33.667,-140.503,33.667,-140.503,-113,0,9,0,0,0,0,0,0,0.5305164319248826,10.32615643192489,,,,,
Jacory Croskey-Merritt,RB,WAS,NYG,50.13,38.17,Rushing Yards,11.96,53,14.83,47.1,8.93,-113,2,16,0.35294117647058826,1,0.6666666666666666,0.6,0.4,0.42105263157894735,0.5305164319248826,10.227449765258216,,,,,
Michael Mayer,TE,LV,NE,34.88,21.5,Receiving Yards,13.380000000000003,40.2,18.7,27.6,6.1,-114,4,1,0.46153846153846156,1,0.5,0.8,0.6,0.5333333333333333,0.5327102803738317,10.225710280373834,,,,,
Michael Penix Jr,QB,,BAL,233.66,212.5,Passing + Rushing Yards,21.159999999999997,,,,,-113,,12,,,,,,,0.5305164319248826,10.19451643192488,,,,,
TreVeyon Henderson,RB,NE,LV,62.33,41.83,Rushing Yards,20.5,30.4,-11.43,50.5,8.67,-116,1,18,0.42857142857142855,1,0.5,0.2,0.5,0.5,0.5370370370370371,9.898437037037036,,,,,
Tre' Harris,WR,,DEN,50.87,30.83,Receiving Yards,20.04,,,,,-114,,13,,,,,,,0.5327102803738317,9.848710280373833,,,,,
Raheim Sanders,RB,CLE,NYJ,1.86,0.5,Receptions,1.36,1.4,0.9,1.167,0.667,-168,5,29,0.75,1,1,1,0.8333333333333334,0.8333333333333334,0.6268656716417911,9.754205671641792,,,,,
Quinshon Judkins,RB,CLE,NYJ,21.7,13.83,Receiving Yards,7.869999999999999,25.4,11.57,15.3,1.47,-114,3,29,0.35714285714285715,1,1,0.8,0.5,0.4375,0.5327102803738317,9.741110280373833,,,,,
Kirk Cousins,QB,LV,NE,240.05,211.83,Passing Yards,28.22,183.2,-28.63,193.2,-18.63,-113,1,8,0.2,0.5,1,0.2,0.3,0.25,0.5305164319248826,9.738916431924881,,,,,
Malik Nabers,WR,NYG,WAS,66.14,53.17,Receiving Yards,12.969999999999999,54,0.83,56.833,3.663,-113,0,28,0.5,0.5,0,0.4,0.5,0.5,0.5305164319248826,9.686776431924882,,,,,
Sam LaPorta,TE,DET,ARI,55.2,46.83,Receiving Yards,8.370000000000005,53,6.17,51,4.17,-113,4,27,0.5555555555555556,1,1,0.8,0.6,0.6363636363636364,0.5305164319248826,9.552916431924883,,,,,
Bhayshul Tuten,RB,JAX,PHI,70.1,51.5,Rushing Yards,18.599999999999994,42.4,-9.1,33,-18.5,-113,2,19,0.0625,1,1,0.4,0.3,0.16666666666666666,0.5305164319248826,9.252516431924882,,,,,
Brian Robinson Jr,RB,,BAL,41.83,22.83,Rushing Yards,19,,,,,-111,,11,,,,,,,0.5260663507109005,9.226066350710902,,,,,
Wan'Dale Robinson,WR,TEN,HOU,36.59,30.83,Receiving Yards,5.760000000000005,46.6,15.77,56.7,25.87,-114,0,32,0.75,0.5,0.6666666666666666,0.6,0.8,0.7222222222222222,0.5327102803738317,9.182443613707168,,,,,
Cade Otton,TE,TB,DAL,37.04,27.5,Receiving Yards,9.54,41.2,13.7,36.5,9,-114,1,19,0.5333333333333333,0.5,1,0.6,0.5,0.5294117647058824,0.5327102803738317,9.166710280373833,,,,,
KC Concepcion,WR,CLE,NYJ,48.88,32.5,Receiving Yards,16.380000000000003,35.5,3,35.5,3,-114,0,7,,0.5,0,0.5,0.5,0.5,0.5327102803738317,9.159710280373833,,,,,
Jordan Love,QB,GB,CHI,238.44,228.83,Passing Yards,9.609999999999985,248.8,19.97,230.1,1.27,-114,1,13,0.5625,0.6666666666666666,1,0.6,0.6,0.5789473684210527,0.5327102803738317,9.067110280373825,,,,,
Deshaun Watson,QB,CLE,NYJ,234.81,219,Passing + Rushing Yards,15.810000000000002,221.5,2.5,221.5,2.5,-114,1,5,,0.5,1,0.5,0.5,0.5,0.5327102803738317,9.021710280373833,,,,,
Jacoby Brissett,QB,ARI,DET,242.95,226.5,Passing Yards,16.44999999999999,206,-20.5,262,35.5,-113,0,32,0.7142857142857143,0.5,0.5,0.4,0.7,0.6875,0.5305164319248826,9.007516431924879,,,,,
RJ Harvey,RB,DEN,LAC,4.88,2.5,Receptions,2.38,3.8,1.3,3.5,1,-144,3,23,0.631578947368421,1,1,0.8,0.8,0.65,0.5901639344262295,8.966163934426229,,,,,
D'Andre Swift,RB,CHI,GB,16.5,10.17,Receiving Yards,6.33,22,11.83,17.7,7.53,-111,1,32,0.7222222222222222,0.5,0.6666666666666666,0.4,0.6,0.7,0.5260663507109005,8.936999684044235,,,,,
Tory Horton,WR,SEA,SF,10.78,0.5,Receiving Yards,10.28,19.4,18.9,20.125,19.625,120,1,6,0.625,,1,0.6,0.625,0.625,0.45454545454545453,8.817045454545454,,,,,
Jaxon Smith-Njigba,WR,SEA,SF,105.93,91.83,Receiving Yards,14.100000000000009,95.2,3.37,93.3,1.47,-113,2,6,0.7,1,0.6666666666666666,0.6,0.6,0.7,0.5305164319248826,8.78824976525822,,,,,
Jaylen Warren,RB,PIT,IND,73.94,58.17,Rushing Yards,15.769999999999996,52.4,-5.77,55.4,-2.77,-113,0,25,0.47058823529411764,0,0,0.4,0.4,0.42105263157894735,0.5305164319248826,8.71811643192488,,,,,
Kyren Williams,RB,LA,BUF,0.95,1,Anytime Touchdown,-0.050000000000000044,1.2,0.2,0.9,-0.1,-109,5,26,0.65,1,1,1,0.7,0.7,0.5215311004784688,8.699531100478469,,,,,
Darnell Washington,TE,PIT,IND,26.21,14.83,Receiving Yards,11.38,20.2,5.37,26.2,11.37,-113,0,18,0.7692307692307693,0.5,0,0.8,0.8,0.7333333333333333,0.5305164319248826,8.670916431924883,,,,,
Zay Flowers,WR,BAL,ATL,74.68,71.5,Receiving Yards,3.180000000000007,94,22.5,81.1,9.6,-112,2,27,0.5294117647058824,1,1,0.6,0.6,0.5555555555555556,0.5283018867924528,8.610301886792456,,,,,
Jacoby Brissett,QB,ARI,DET,256.19,237.5,Passing + Rushing Yards,18.689999999999998,206,-31.5,262,24.5,-113,0,32,0.7142857142857143,0.5,0.5,0.4,0.7,0.6875,0.5305164319248826,8.583516431924881,,,,,
Zay Flowers,WR,BAL,ATL,0.39,1,Anytime Touchdown,-0.61,1.2,0.2,0.6,-0.4,114,5,27,0.29411764705882354,1,1,1,0.5,0.3333333333333333,0.4672897196261682,8.51528971962617,,,,,
Trey McBride,TE,ARI,DET,7.86,7.5,Receptions,0.3600000000000003,7.6,0.1,8.2,0.7,106,2,32,0.47058823529411764,1,0.6666666666666666,0.6,0.7,0.5263157894736842,0.4854368932038835,8.504770226537218,,,,,
Josh Allen,QB,BUF,LAR,243.91,240.5,Passing Yards,3.4099999999999966,280,39.5,235,-5.5,-114,5,11,0.5555555555555556,1,1,1,0.7,0.6,0.5327102803738317,8.416710280373831,,,,,
Matthew Golden,WR,GB,CHI,65.18,53.5,Receiving Yards,11.680000000000007,69,15.5,43.6,-9.9,-116,4,5,0.26666666666666666,1,1,0.8,0.5,0.3888888888888889,0.5370370370370371,8.33503703703704,,,,,
Cooper Kupp,WR,SEA,SF,24.15,19.83,Receiving Yards,4.32,42.4,22.57,36.7,16.87,-112,6,6,0.8947368421052632,1,1,1,0.9,0.95,0.5283018867924528,8.330701886792452,,,,,
Chris Olave,WR,NO,MIN,7.2,6.17,Receptions,1.0300000000000002,8.4,2.23,6.6,0.43,17,4,15,0.4375,1,1,0.8,0.5,0.5,0.8547008547008547,8.272300854700855,,,,,
Tre Tucker,WR,LV,NE,51.4,41.17,Receiving Yards,10.229999999999997,53.6,12.43,38.7,-2.47,-113,1,20,0.4117647058823529,0.5,0.3333333333333333,0.6,0.4,0.42105263157894735,0.5305164319248826,8.150783098591548,,,,,
Antonio Williams,WR,WAS,Not Found,20.23,14.5,Receiving Yards,5.73,44,29.5,44,29.5,-114,2,0,,1,1,1,1,1,0.5327102803738317,8.044710280373831,,,,,
Chase Brown,RB,CIN,MIA,29.73,22.17,Receiving Yards,7.559999999999999,25,2.83,26,3.83,-115,0,31,0.5294117647058824,0,0,0.4,0.6,0.47368421052631576,0.5348837209302325,8.030483720930231,,,,,
Samaje Perine,RB,CIN,MIA,12.07,8.17,Receiving Yards,3.9000000000000004,16,7.83,10.9,2.73,-114,3,31,0.26666666666666666,1,1,0.8,0.5,0.35294117647058826,0.5327102803738317,8.004310280373833,,,,,
Chris Bell,WR,MIA,CIN,37.11,19.5,Receiving Yards,17.61,12.5,-7,12.5,-7,-112,0,12,,0.5,0,0.5,0.5,0.5,0.5283018867924528,7.947301886792454,,,,,
Kalif Raymond,WR,CHI,GB,3.93,2.5,Receptions,1.4300000000000002,4.2,1.7,2.8,0.3,-158,3,16,0.26666666666666666,1,0.3333333333333333,0.8,0.5,0.35294117647058826,0.6124031007751938,7.90106976744186,,,,,
Isaiah Likely,TE,NYG,WAS,5.21,3.5,Receptions,1.71,3.6,0.1,3.2,-0.3,-152,2,29,0.16666666666666666,1,0.5,0.4,0.4,0.2857142857142857,0.6031746031746031,7.828174603174603,,,,,
Amon-Ra St. Brown,WR,DET,ARI,Not Found,1,Anytime Touchdown,-1,0.8,-0.2,0.7,-0.3,-128,2,30,0.4117647058823529,1,1,0.4,0.4,0.47368421052631576,0.5614035087719298,7.7974035087719304,,,,,
Brenton Strange,TE,JAX,PHI,44.48,30.5,Receiving Yards,13.979999999999997,31,0.5,38.5,8,-114,0,4,0.6153846153846154,0,0.5,0.4,0.5,0.5333333333333333,0.5327102803738317,7.7717102803738305,,,,,
Sam LaPorta,TE,DET,ARI,5,4.5,Receptions,0.5,5,0.5,4.5,0,-120,4,27,0.5555555555555556,1,1,0.8,0.6,0.6363636363636364,0.5454545454545454,7.769454545454545,,,,,
Alvin Kamara,RB,NO,MIN,41.01,27,Rushing Yards,14.009999999999998,28.8,1.8,34.2,7.2,-115,0,3,0.7272727272727273,0,0,0.2,0.6,0.6666666666666666,0.5348837209302325,7.768883720930232,,,,,
Malachi Fields,WR,NYG,WAS,27.69,22.5,Receiving Yards,5.190000000000001,27.5,5,27.5,5,-113,2,28,,1,1,1,1,1,0.5305164319248826,7.6865164319248835,,,,,
Jonathan Taylor,RB,IND,PIT,1.02,1,Anytime Touchdown,0.020000000000000018,1.2,0.2,1,0,-150,2,24,0.5882352941176471,1,0.5,0.8,0.6,0.631578947368421,0.6,7.6770000000000005,,,,,
Omarion Hampton,RB,LAC,DEN,0.42,1,Anytime Touchdown,-0.5800000000000001,0.8,-0.2,0.7,-0.3,-135,2,27,0.5,1,0.5,0.8,0.7,0.5833333333333334,0.574468085106383,7.665468085106383,,,,,
RJ Harvey,RB,DEN,LAC,56.95,41.83,Rushing + Receiving Yards,15.120000000000005,29.2,-12.63,40.1,-1.73,-116,0,23,0.3684210526315789,0,0.3333333333333333,0.2,0.4,0.35,0.5370370370370371,7.610103703703706,,,,,
Javonte Williams,RB,DAL,TB,71.68,54.83,Rushing Yards,16.85000000000001,50,-4.83,63.9,9.07,-113,0,6,0.6875,0,0.3333333333333333,0.2,0.6,0.6111111111111112,0.5305164319248826,7.591583098591554,,,,,
Davante Adams,WR,LA,BUF,0.66,1,Anytime Touchdown,-0.33999999999999997,0.6,-0.4,0.8,-0.2,115,1,29,0.5882352941176471,0.5,1,0.4,0.5,0.5789473684210527,0.46511627906976744,7.547116279069767,,,,,
Khalil Shakir,WR,BUF,LAR,50.13,42.5,Receiving Yards,7.630000000000003,56,13.5,51,8.5,-112,0,14,0.6111111111111112,0.5,0,0.6,0.5,0.6,0.5283018867924528,7.518301886792455,,,,,
Kenny Gainwell,RB,TB,DAL,15.95,10.17,Receiving Yards,5.779999999999999,22,11.83,31.6,21.43,-115,0,20,0.7222222222222222,0,0.6666666666666666,0.6,0.8,0.65,0.5348837209302325,7.509817054263566,,,,,
Drew Sample,TE,CIN,MIA,6.7,6.5,Receiving Yards,0.20000000000000018,17.4,10.9,9.8,3.3,-112,6,28,0.5833333333333334,1,1,1,0.6,0.6153846153846154,0.5283018867924528,7.444301886792452,,,,,
Ashton Jeanty,RB,LV,NE,32.04,22.83,Receiving Yards,9.21,28,5.17,27,4.17,-112,0,15,0.35294117647058826,0.5,0.3333333333333333,0.4,0.5,0.3684210526315789,0.5283018867924528,7.3413685534591195,,,,,
Austin Hooper,TE,ATL,BAL,1.32,0.5,Receptions,0.8200000000000001,1.4,0.9,1.5,1,-164,4,10,0.875,1,1,0.8,0.8,0.8888888888888888,0.6212121212121212,7.333212121212121,,,,,
Isaiah Likely,TE,NYG,WAS,50.86,39.5,Receiving Yards,11.36,34,-5.5,33.2,-6.3,-114,0,29,0.16666666666666666,0.5,0,0.2,0.2,0.21428571428571427,0.5327102803738317,7.3067102803738315,,,,,
Greg Dulcich,TE,MIA,CIN,27.6,23,Receiving Yards,4.600000000000001,34,11,32.1,9.1,-112,0,26,0.7777777777777778,0,0,0.6,0.6,0.6363636363636364,0.5283018867924528,7.268301886792454,,,,,
Jordan Love,QB,GB,CHI,1.71,1.5,Passing Touchdowns,0.20999999999999996,2,0.5,2,0.5,-119,4,13,0.5,1,1,0.8,0.7,0.5789473684210527,0.54337899543379,7.26137899543379,,,,,
Mike Washington Jr,RB,,NE,28.42,15.5,Rushing Yards,12.920000000000002,,,,,-112,,15,,,,,,,0.5283018867924528,7.196301886792454,,,,,
Sam LaPorta,TE,DET,ARI,0.54,1,Anytime Touchdown,-0.45999999999999996,0.4,-0.6,0.4,-0.6,176,1,27,0.3333333333333333,0.5,1,0.4,0.4,0.36363636363636365,0.36231884057971014,7.16831884057971,,,,,
Garrett Wilson,WR,NYJ,CLE,0.55,1,Anytime Touchdown,-0.44999999999999996,0.4,-0.6,0.556,-0.444,151,1,26,0.5714285714285714,0.5,1,0.4,0.5555555555555556,0.5555555555555556,0.398406374501992,7.111526374501992,,,,,
Mike Gesicki,TE,CIN,MIA,0.4,1,Anytime Touchdown,-0.6,0.4,-0.6,0.3,-0.7,400,1,28,0.16666666666666666,1,1,0.4,0.3,0.23076923076923078,0.2,7.048,,,,,
Bhayshul Tuten,RB,JAX,PHI,84.21,65.5,Rushing + Receiving Yards,18.709999999999994,42.4,-23.1,33,-32.5,-114,0,19,0.0625,0.5,0,0.2,0.2,0.1111111111111111,0.5327102803738317,6.962710280373829,,,,,
Malik Washington,WR,MIA,CIN,54.5,39,Receiving Yards,15.5,25.8,-13.2,23,-16,-112,2,12,0.11764705882352941,1,1,0.4,0.3,0.21052631578947367,0.5283018867924528,6.950301886792452,,,,,
Aaron Jones Sr,RB,,NO,21.76,13.17,Receiving Yards,8.590000000000002,,,,,-112,,28,,,,,,,0.5283018867924528,6.764301886792453,,,,,
TreVeyon Henderson,RB,NE,LV,73.1,56.17,Rushing + Receiving Yards,16.929999999999993,30.4,-25.77,50.5,-5.67,-115,1,18,0.3333333333333333,1,0.5,0.2,0.4,0.4,0.5348837209302325,6.747483720930229,,,,,
CeeDee Lamb,WR,DAL,TB,101.2,81.83,Receiving Yards,19.370000000000005,59.6,-22.23,78.3,-3.53,-114,1,4,0.5384615384615384,0.5,0.6666666666666666,0.2,0.4,0.5333333333333333,0.5327102803738317,6.726443613707167,,,,,
Jeremiyah Love,RB,ARI,DET,52.5,40.83,Rushing Yards,11.670000000000002,35,-5.83,35,-5.83,-111,0,21,,0.5,0,0.5,0.5,0.5,0.5260663507109005,6.6094663507109015,,,,,
Michael Mayer,TE,LV,NE,3.89,2.5,Receptions,1.3900000000000001,4.4,1.9,3.2,0.7,106,4,1,0.5384615384615384,1,0.5,0.8,0.7,0.6,0.4854368932038835,6.594436893203883,,,,,
Darnell Mooney,WR,NYG,WAS,17.25,17.83,Receiving Yards,-0.5799999999999983,30.8,12.97,32.8,14.97,-112,6,28,0.6666666666666666,1,1,1,0.9,0.7058823529411765,0.5283018867924528,6.572701886792454,,,,,
Dak Prescott,QB,DAL,TB,2.03,1.5,Passing Touchdowns,0.5299999999999998,2,0.5,1.9,0.4,-157,2,10,0.5882352941176471,1,1,0.8,0.7,0.631578947368421,0.6108949416342413,6.554894941634242,,,,,
Chase Brown,RB,CIN,MIA,64.01,63.5,Rushing Yards,0.5100000000000051,75,11.5,73.5,10,-111,1,31,0.47058823529411764,0.5,1,0.8,0.7,0.47368421052631576,0.5260663507109005,6.554066350710904,,,,,
Roman Wilson,WR,PIT,IND,3.43,2.5,Receptions,0.9300000000000002,1.8,-0.7,1.9,-0.6,108,2,21,0.1111111111111111,1,1,0.4,0.3,0.2727272727272727,0.4807692307692308,6.532769230769231,,,,,
D'Andre Swift,RB,CHI,GB,62.01,60.17,Rushing Yards,1.8399999999999963,67.8,7.63,73.7,13.53,-114,0,32,0.5,0.5,0.3333333333333333,0.4,0.5,0.5,0.5327102803738317,6.5309769470404975,,,,,
KC Concepcion,WR,CLE,NYJ,4.46,3.5,Receptions,0.96,5,1.5,5,1.5,-129,2,7,,1,1,1,1,1,0.5633187772925764,6.507318777292577,,,,,
Emeka Egbuka,WR,TB,DAL,0.32,1,Anytime Touchdown,-0.6799999999999999,0.2,-0.8,0.1,-0.9,220,1,22,0.29411764705882354,0.5,1,0.2,0.1,0.3157894736842105,0.3125,6.4985,,,,,
Brock Bowers,TE,LV,NE,7.28,4.5,Receptions,2.7800000000000002,5,0.5,5.4,0.9,-114,2,1,0.6666666666666666,,1,0.6,0.6,0.6666666666666666,0.5327102803738317,6.480710280373832,,,,,
Bhayshul Tuten,RB,JAX,PHI,0.6100000000000001,1,Anytime Touchdown,-0.3899999999999999,0.6,-0.4,0.5,-0.5,142,1,19,0.4375,0.5,1,0.6,0.5,0.4444444444444444,0.4132231404958678,6.475223140495868,,,,,
Woody Marks,RB,HOU,TEN,32.81,29.83,Rushing Yards,2.980000000000004,45.4,15.57,53.4,23.57,-112,0,17,0.6111111111111112,0.5,0,0.6,0.8,0.6,0.5283018867924528,6.466701886792455,,,,,
Jeremy Ruckert,TE,NYJ,CLE,1.04,1,Receptions,0.040000000000000036,1.6,0.6,1.8,0.8,-18,10,21,0.8571428571428571,1,1,1,1,0.875,0.15254237288135594,6.424542372881356,,,,,
MarShawn Lloyd,RB,GB,CHI,16.31,5.5,Receiving Yards,10.809999999999999,4.333,-1.167,4.333,-1.167,-117,2,10,,0.6666666666666666,1,0.6666666666666666,0.6666666666666666,0.6666666666666666,0.5391705069124424,6.393130506912442,,,,,
MarShawn Lloyd,RB,GB,CHI,51.03,35.17,Rushing + Receiving Yards,15.86,22.667,-12.503,22.667,-12.503,-116,0,10,,0.3333333333333333,0,0.3333333333333333,0.3333333333333333,0.3333333333333333,0.5370370370370371,6.390677037037037,,,,,
Josh Allen,QB,BUF,LAR,0.8,1,Anytime Touchdown,-0.19999999999999996,1.6,0.6,1,0,-135,2,11,0.5,1,1,0.8,0.6,0.55,0.574468085106383,6.328468085106383,,,,,
Jahan Dotson,WR,ATL,BAL,28.53,19.17,Receiving Yards,9.36,16.2,-2.97,10.9,-8.27,-114,0,25,0.3125,0,0,0.2,0.1,0.2631578947368421,0.5327102803738317,6.320310280373831,,,,,
David Montgomery,RB,HOU,TEN,13.29,9.5,Receiving Yards,3.789999999999999,12.2,2.7,11.9,2.4,-113,4,17,0.6470588235294118,1,0.5,0.8,0.8,0.6842105263157895,0.5305164319248826,6.313516431924883,,,,,
Christian Watson,WR,GB,CHI,0.51,1,Anytime Touchdown,-0.49,1.2,0.2,0.9,-0.1,152,5,5,0.45454545454545453,1,1,1,0.7,0.5714285714285714,0.3968253968253968,6.298825396825396,,,,,
Jahmyr Gibbs,RB,DET,ARI,1.3900000000000001,1,Anytime Touchdown,0.3900000000000001,1,0,1.1,0.1,-315,3,4,0.5882352941176471,1,1,0.8,0.6,0.631578947368421,0.7590361445783133,6.291036144578314,,,,,
Travis Hunter,WR,JAX,PHI,0,2,Receiving Yards,-2,37.6,35.6,34,32,-121,0,23,1,0.5,0,0.8,0.8888888888888888,0.8888888888888888,0.5475113122171946,6.271511312217195,,,,,
Trevor Lawrence,QB,JAX,PHI,232.99,228.83,Passing Yards,4.159999999999997,231.8,2.97,249.7,20.87,-114,0,23,0.5555555555555556,0.5,0.5,0.6,0.8,0.55,0.5327102803738317,6.254110280373831,,,,,
Stefon Diggs,WR,WAS,NYG,0.33,1,Anytime Touchdown,-0.6699999999999999,0.8,-0.2,0.5,-0.5,448,2,17,0.23809523809523808,1,1,0.6,0.4,0.35,0.18248175182481752,6.252481751824819,,,,,
TreVeyon Henderson,RB,NE,LV,0.62,1,Anytime Touchdown,-0.38,0.2,-0.8,0.5,-0.5,183,1,18,0.23809523809523808,1,0.5,0.2,0.3,0.3,0.35335689045936397,6.242356890459364,,,,,
Austin Hooper,TE,ATL,BAL,12.37,7.5,Receiving Yards,4.869999999999999,11,3.5,14.4,6.9,-113,4,10,0.75,1,1,0.8,0.7,0.7777777777777778,0.5305164319248826,6.240516431924883,,,,,
Joe Burrow,QB,CIN,MIA,260.35,252.17,Passing Yards,8.180000000000035,262.2,10.03,227,-25.17,-113,0,19,0.5,0.5,0,0.6,0.5,0.5,0.5305164319248826,6.220116431924898,,,,,
Jaxon Smith-Njigba,WR,SEA,SF,7.38,6.5,Receptions,0.8799999999999999,6.8,0.3,7.1,0.6,-125,2,6,0.65,1,0.3333333333333333,0.6,0.7,0.65,0.5555555555555556,6.184222222222222,,,,,
Alvin Kamara,RB,NO,MIN,60.83,43.5,Rushing + Receiving Yards,17.33,28.8,-14.7,34.2,-9.3,-112,0,3,0.36363636363636365,0,0,0.2,0.2,0.3333333333333333,0.5283018867924528,6.110301886792453,,,,,
RJ Harvey,RB,DEN,LAC,22.45,20.17,Rushing Yards,2.2799999999999976,29.2,9.03,40.1,19.93,-112,0,23,0.5789473684210527,0,0.6666666666666666,0.6,0.8,0.55,0.5283018867924528,6.093235220125785,,,,,
Bijan Robinson,RB,ATL,BAL,1.01,1,Anytime Touchdown,0.010000000000000009,1,0,0.8,-0.2,-149,1,11,0.5294117647058824,0.6666666666666666,1,0.6,0.6,0.55,0.5983935742971888,6.066393574297189,,,,,
Parker Washington,WR,JAX,PHI,64.66,69.17,Receiving Yards,-4.510000000000005,98,28.83,80.5,11.33,-113,6,23,0.4117647058823529,1,1,1,0.7,0.47368421052631576,0.5305164319248826,6.016116431924882,,,,,
Kirk Cousins,QB,LV,NE,1.71,1.5,Passing Touchdowns,0.20999999999999996,2,0.5,1.6,0.1,148,2,8,0.3,1,1,0.6,0.5,0.4166666666666667,0.4032258064516129,6.007225806451613,,,,,
Bucky Irving,RB,TB,DAL,61.02,57.17,Rushing Yards,3.8500000000000014,61.8,4.63,61.4,4.23,-113,1,20,0.7,0.5,1,0.6,0.7,0.6666666666666666,0.5305164319248826,5.986116431924883,,,,,
Jahmyr Gibbs,RB,DET,ARI,4.7,4.5,Receptions,0.20000000000000018,5.2,0.7,5.6,1.1,38,2,4,0.35294117647058826,1,1,0.6,0.6,0.42105263157894735,0.7246376811594203,5.96463768115942,,,,,
David Montgomery,RB,HOU,TEN,1.71,1.5,Receptions,0.20999999999999996,1.6,0.1,1.5,0,-107,2,17,0.4117647058823529,1,0.5,0.6,0.5,0.47368421052631576,0.5169082125603864,5.953908212560387,,,,,
Ashton Jeanty,RB,LV,NE,4.02,3.5,Receptions,0.5199999999999996,3.2,-0.3,4.2,0.7,-150,2,15,0.35294117647058826,1,0.6666666666666666,0.4,0.6,0.42105263157894735,0.6,5.937333333333333,,,,,
Josh Downs,WR,IND,PIT,61.01,50.83,Receiving Yards,10.18,53.8,2.97,36.2,-14.63,-113,1,9,0.3125,0.5,0.5,0.6,0.3,0.3333333333333333,0.5305164319248826,5.849916431924883,,,,,
Tyler Warren,TE,IND,PIT,0.39,1,Anytime Touchdown,-0.61,0.4,-0.6,0.3,-0.7,223,2,12,0.29411764705882354,1,0.5,0.4,0.3,0.3684210526315789,0.30959752321981426,5.828597523219814,,,,,
Colston Loveland,TE,CHI,GB,36.2,35.5,Receiving Yards,0.7000000000000028,57.4,21.9,53.1,17.6,-113,0,14,0.5555555555555556,0,0.3333333333333333,0.6,0.5,0.5,0.5305164319248826,5.787183098591551,,,,,
Chris Rodriguez Jr,RB,,PHI,28.83,20.5,Rushing Yards,8.329999999999998,,,,,-112,,19,,,,,,,0.5283018867924528,5.760301886792452,,,,,
Antonio Williams,WR,WAS,Not Found,1.98,1.5,Receptions,0.48,3.5,2,3.5,2,-151,2,0,,1,1,1,1,1,0.601593625498008,5.713593625498008,,,,,
Jonnu Smith,TE,GB,CHI,13.91,8.17,Receiving Yards,5.74,17,8.83,12.4,4.23,-111,2,2,0.5555555555555556,1,1,0.6,0.5,0.6,0.5260663507109005,5.657666350710901,,,,,
Jameson Williams,WR,DET,ARI,59.44,54.5,Receiving Yards,4.939999999999998,51.8,-2.7,72.1,17.6,-113,0,30,0.5882352941176471,0,0,0.4,0.6,0.5263157894736842,0.5305164319248826,5.600516431924882,,,,,
Jaylen Warren,RB,PIT,IND,105.59,88.5,Rushing + Receiving Yards,17.090000000000003,52.4,-36.1,55.4,-33.1,-113,0,25,0.11764705882352941,0,0,0,0.1,0.10526315789473684,0.5305164319248826,5.594516431924885,,,,,
Calvin Ridley,WR,TEN,HOU,8.53,14.17,Receiving Yards,-5.640000000000001,45.4,31.23,42.25,28.08,-117,1,32,0.8571428571428571,1,1,0.8,0.875,0.875,0.5391705069124424,5.541770506912442,,,,,
D'Andre Swift,RB,CHI,GB,2.33,1.5,Receptions,0.8300000000000001,1.8,0.3,1.8,0.3,-135,1,32,0.6111111111111112,0.5,0.6666666666666666,0.4,0.5,0.6,0.574468085106383,5.487801418439717,,,,,
Denzel Boston,WR,CLE,NYJ,0.42,1,Anytime Touchdown,-0.5800000000000001,1,0,1,0,218,2,7,,1,1,1,1,1,0.31446540880503143,5.4624654088050315,,,,,
Darius Cooper,WR,PHI,JAX,0.24,1,Anytime Touchdown,-0.76,0.2,-0.8,0.111,-0.889,950,1,24,0,0.5,1,0.2,0.1111111111111111,0.1111111111111111,0.09523809523809523,5.449458095238095,,,,,
MarShawn Lloyd,RB,GB,CHI,2.28,1.5,Receptions,0.7799999999999998,1.333,-0.167,1.333,-0.167,162,2,10,,0.6666666666666666,1,0.6666666666666666,0.6666666666666666,0.6666666666666666,0.3816793893129771,5.343639389312978,,,,,
Jaylen Warren,RB,PIT,IND,31.65,25.83,Receiving Yards,5.82,19.6,-6.23,17.9,-7.93,-113,2,25,0.29411764705882354,1,1,0.6,0.4,0.3684210526315789,0.5305164319248826,5.244916431924883,,,,,
Aaron Rodgers,QB,PIT,IND,235.45,224.5,Passing Yards,10.949999999999989,203.2,-21.3,202.3,-22.2,-113,0,29,0.35294117647058826,0,0,0.2,0.3,0.3157894736842105,0.5305164319248826,5.242516431924878,,,,,
Jaxon Smith-Njigba,WR,SEA,SF,0.85,1,Anytime Touchdown,-0.15000000000000002,1.2,0.2,0.9,-0.1,-2,2,6,0.5,1,0.6666666666666666,0.8,0.6,0.6,0.0196078431372549,5.234941176470588,,,,,
Kyren Williams,RB,LA,BUF,3.92,2.17,Receptions,1.75,2.6,0.43,2.5,0.33,17,0,26,0.3,0.5,0,0.4,0.5,0.35,0.8547008547008547,5.216300854700855,,,,,
Makai Lemon,WR,PHI,JAX,38.71,26.5,Receiving Yards,12.21,4.5,-22,4.5,-22,-115,0,24,,0,0,0,0,0,0.5348837209302325,5.178883720930233,,,,,
Braelon Allen,RB,NYJ,CLE,0.6699999999999999,1,Anytime Touchdown,-0.33000000000000007,0.2,-0.8,0.333,-0.667,308,1,8,0.25,0.5,1,0.2,0.3333333333333333,0.3333333333333333,0.24509803921568626,5.175758039215687,,,,,
Wan'Dale Robinson,WR,TEN,HOU,4,3.5,Receptions,0.5,5,1.5,6,2.5,-108,0,32,0.75,0.5,0.3333333333333333,0.6,0.8,0.7222222222222222,0.5192307692307693,5.153897435897436,,,,,
Jordan Love,QB,GB,CHI,246.24,240.5,Passing + Rushing Yards,5.740000000000009,248.8,8.3,230.1,-10.4,-114,1,13,0.4375,0.6666666666666666,1,0.6,0.4,0.47368421052631576,0.5327102803738317,5.118710280373835,,,,,
Chase Brown,RB,CIN,MIA,4.6,3.5,Receptions,1.0999999999999996,3.8,0.3,4.4,0.9,104,0,31,0.47058823529411764,0.5,0,0.6,0.6,0.47368421052631576,0.49019607843137253,5.0961960784313725,,,,,
Chuba Hubbard,RB,CAR,Not Found,Not Found,1,Anytime Touchdown,-1,1,0,0.6,-0.4,-120,3,0,0.3125,1,0.3333333333333333,0.6,0.4,0.3888888888888889,0.5454545454545454,5.072121212121212,,,,,
MarShawn Lloyd,RB,GB,CHI,34.72,25.17,Rushing Yards,9.549999999999997,22.667,-2.503,22.667,-2.503,-112,0,10,,0.3333333333333333,0,0.3333333333333333,0.3333333333333333,0.3333333333333333,0.5283018867924528,5.0579418867924515,,,,,
Javonte Williams,RB,DAL,TB,90.46000000000001,74.17,Rushing + Receiving Yards,16.290000000000006,50,-24.17,63.9,-10.27,-114,0,6,0.5625,0,0.3333333333333333,0.2,0.4,0.5,0.5327102803738317,5.048976947040501,,,,,
Matthew Stafford,QB,LA,BUF,2.22,1.5,Passing Touchdowns,0.7200000000000002,2,0.5,2.4,0.9,-106,1,28,0.85,0.5,1,0.6,0.8,0.85,0.5145631067961165,5.038563106796117,,,,,
Kyle Williams,WR,NE,LV,16.42,8,Receiving Yards,8.420000000000002,4.8,-3.2,12.3,4.3,-112,1,10,0.4117647058823529,0.5,1,0.2,0.4,0.42105263157894735,0.5283018867924528,5.018301886792454,,,,,
Mike Gesicki,TE,CIN,MIA,3.24,2.5,Receptions,0.7400000000000002,2.6,0.1,2.8,0.3,-114,1,28,0.3333333333333333,1,1,0.4,0.4,0.38461538461538464,0.5327102803738317,5.006710280373832,,,,,
Javonte Williams,RB,DAL,TB,2.98,2.5,Receptions,0.48,2,-0.5,1.9,-0.6,-142,2,6,0.3125,1,0.3333333333333333,0.4,0.3,0.3888888888888889,0.5867768595041323,4.9454435261707985,,,,,
Matthew Golden,WR,GB,CHI,0.53,1,Anytime Touchdown,-0.47,0.4,-0.6,0.2,-0.8,195,1,5,0.06666666666666667,0.3333333333333333,1,0.4,0.2,0.1111111111111111,0.3389830508474576,4.9369830508474575,,,,,
Darnell Mooney,WR,NYG,WAS,1.24,1.5,Receptions,-0.26,2.2,0.7,2.3,0.8,-35,6,28,0.6666666666666666,1,1,1,0.9,0.7058823529411765,0.25925925925925924,4.9212592592592594,,,,,
Jameson Williams,WR,DET,ARI,4.12,3.5,Receptions,0.6200000000000001,3.8,0.3,4.4,0.9,-136,0,30,0.5882352941176471,0.5,0,0.6,0.7,0.5789473684210527,0.576271186440678,4.890271186440678,,,,,
Cam Ward,QB,TEN,HOU,184.98,179.17,Passing Yards,5.810000000000002,170.8,-8.37,173.2,-5.97,-113,1,26,0.5294117647058824,0.5,1,0.6,0.5,0.5263157894736842,0.5305164319248826,4.866116431924885,,,,,
Tyler Allgeier,RB,ARI,DET,12.33,7.5,Receiving Yards,4.83,3,-4.5,9.4,1.9,-111,2,21,0.17647058823529413,1,1,0.4,0.4,0.2631578947368421,0.5260663507109005,4.808066350710901,,,,,
Jonathan Taylor,RB,IND,PIT,88.01,81.5,Rushing Yards,6.510000000000005,66.4,-15.1,88,6.5,-113,2,24,0.47058823529411764,1,0.5,0.4,0.5,0.5263157894736842,0.5305164319248826,4.791516431924885,,,,,
Ryan Flournoy,WR,DAL,TB,36.53,30.5,Receiving Yards,6.030000000000001,34.2,3.7,33.4,2.9,-111,0,4,0.3333333333333333,0,0,0.4,0.4,0.29411764705882354,0.5260663507109005,4.778066350710901,,,,,
Bo Nix,QB,DEN,LAC,219.14,213.5,Passing Yards,5.639999999999986,204.2,-9.3,250.3,36.8,-110,1,18,0.5,0.5,1,0.4,0.6,0.5,0.5238095238095238,4.747809523809518,,,,,
Dalton Kincaid,TE,BUF,LAR,0.32,1,Anytime Touchdown,-0.6799999999999999,0.6,-0.4,0.5,-0.5,165,1,3,0.5,0.5,1,0.6,0.5,0.5,0.37735849056603776,4.723358490566038,,,,,
Raheim Sanders,RB,CLE,NYJ,6.02,6.5,Rushing Yards,-0.4800000000000004,18.8,12.3,16.167,9.667,-117,0,29,0.75,0,0,0.6,0.5,0.5,0.5391705069124424,4.688510506912443,,,,,
Joe Burrow,QB,CIN,MIA,269.3,262,Passing + Rushing Yards,7.300000000000011,262.2,0.2,227,-35,-113,0,19,0.375,0,0,0.4,0.3,0.3,0.5305164319248826,4.6825164319248875,,,,,
Trey McBride,TE,ARI,DET,71.35,67.83,Receiving Yards,3.519999999999996,60.8,-7.03,77.2,9.37,-114,0,32,0.5294117647058824,0.5,0.3333333333333333,0.4,0.6,0.5263157894736842,0.5327102803738317,4.653776947040497,,,,,
Michael Wilson,WR,ARI,DET,6.5,3.83,Receptions,2.67,3.8,-0.03,6.3,2.47,-62,0,31,0.47058823529411764,0.5,0.3333333333333333,0.6,0.7,0.47368421052631576,0.38271604938271603,4.631782716049384,,,,,
Devaughn Vele,WR,NO,MIN,49.09,49.17,Receiving Yards,-0.0799999999999983,67,17.83,41.3,-7.87,-113,3,15,0.2222222222222222,1,1,0.8,0.4,0.36363636363636365,0.5305164319248826,4.5981164319248835,,,,,
Jakobi Meyers,WR,JAX,PHI,39.57,35.17,Receiving Yards,4.399999999999999,32.6,-2.57,45.8,10.63,-113,0,23,0.7647058823529411,0.5,0.5,0.6,0.8,0.7368421052631579,0.5305164319248826,4.589116431924883,,,,,
Jahmyr Gibbs,RB,DET,ARI,38.83,35.5,Receiving Yards,3.3299999999999983,42.6,7.1,48,12.5,-114,1,4,0.29411764705882354,0.5,1,0.4,0.5,0.3157894736842105,0.5327102803738317,4.586710280373831,,,,,
Jaylin Noel,WR,HOU,TEN,33.78,27.5,Receiving Yards,6.280000000000001,19.4,-8.1,16.3,-11.2,-114,2,19,0.21052631578947367,1,1,0.4,0.3,0.3,0.5327102803738317,4.572710280373832,,,,,
Kenny Gainwell,RB,TB,DAL,2.21,1.5,Receptions,0.71,3.8,2.3,4.5,3,-165,1,20,0.9444444444444444,0.5,1,0.8,0.9,0.9,0.6226415094339622,4.570641509433962,,,,,
Marvin Harrison Jr,WR,,DET,34.81,32.5,Receiving Yards,2.3100000000000023,,,,,-113,,31,,,,,,,0.5305164319248826,4.554516431924884,,,,,
Cole Kmet,TE,CHI,GB,11.03,9.5,Receiving Yards,1.5299999999999994,16.4,6.9,21.8,12.3,-112,0,14,0.7777777777777778,0.5,0.6666666666666666,0.6,0.8,0.75,0.5283018867924528,4.527635220125786,,,,,
Cam Ward,QB,TEN,HOU,0.97,0.5,Passing Touchdowns,0.47,1,0.5,1.1,0.6,-193,0,26,0.6470588235294118,0.5,0,0.6,0.7,0.631578947368421,0.658703071672355,4.5267030716723555,,,,,
D'Andre Swift,RB,CHI,GB,78.50999999999999,74.83,Rushing + Receiving Yards,3.6799999999999926,67.8,-7.03,73.7,-1.13,-114,0,32,0.3888888888888889,0.5,0.3333333333333333,0.4,0.4,0.4,0.5327102803738317,4.507776947040496,,,,,
Samaje Perine,RB,CIN,MIA,13.58,13.83,Rushing Yards,-0.25,19.6,5.77,30.9,17.07,-113,0,31,0.6666666666666666,0.5,0,0.6,0.7,0.6470588235294118,0.5305164319248826,4.466916431924883,,,,,
Alvin Kamara,RB,NO,MIN,19.82,13.5,Receiving Yards,6.32,14,0.5,16,2.5,-110,0,3,0.5454545454545454,0,0,0.4,0.5,0.5,0.5238095238095238,4.463809523809524,,,,,
Dawson Knox,TE,BUF,LAR,11.91,9.17,Receiving Yards,2.74,19.6,10.43,29.6,20.43,-112,0,3,0.9444444444444444,0,0,0.6,0.8,0.85,0.5283018867924528,4.393901886792452,,,,,
Quentin Johnston,WR,LAC,DEN,36.65,36.17,Receiving Yards,0.4799999999999969,49.2,13.03,37.2,1.03,-114,0,13,0.6428571428571429,0,0.3333333333333333,0.4,0.4,0.5625,0.5327102803738317,4.376976947040498,,,,,
Bucky Irving,RB,TB,DAL,2.57,2.5,Receptions,0.06999999999999984,3.4,0.9,3.1,0.6,-134,2,20,0.5,1,1,0.6,0.5,0.5833333333333334,0.5726495726495726,4.370649572649572,,,,,
Cam Skattebo,RB,NYG,WAS,17.49,13.83,Receiving Yards,3.6599999999999984,16.6,2.77,22.6,8.77,-112,1,5,0.625,0.5,1,0.6,0.6,0.6,0.5283018867924528,4.3127018867924525,,,,,
DeVonta Smith,WR,PHI,Not Found,Not Found,1,Anytime Touchdown,-1,0.2,-0.8,0.2,-0.8,169,1,0,0.2222222222222222,0.5,1,0.2,0.2,0.25,0.37174721189591076,4.231747211895911,,,,,
Travis Kelce,TE,KC,Not Found,Not Found,1,Anytime Touchdown,-1,0.2,-0.8,0.3,-0.7,154,1,0,0.29411764705882354,0.5,0.5,0.2,0.3,0.3157894736842105,0.3937007874015748,4.230700787401575,,,,,
Carnell Tate,WR,TEN,HOU,5.34,3.5,Receptions,1.8399999999999999,3.5,0,3.5,0,-34,0,32,,0.5,0,0.5,0.5,0.5,0.2537313432835821,4.204731343283583,,,,,
Isaac TeSlaa,WR,DET,ARI,2.31,1.5,Receptions,0.81,2,0.5,1.4,-0.1,120,1,30,0.2857142857142857,0.5,1,0.6,0.5,0.3125,0.45454545454545453,4.194545454545454,,,,,
Terrance Ferguson,TE,LA,Not Found,Not Found,1,Anytime Touchdown,-1,0.4,-0.6,0.3,-0.7,234,1,0,0.23076923076923078,0.5,1,0.4,0.3,0.26666666666666666,0.2994011976047904,4.187401197604791,,,,,
Xavier Worthy,WR,KC,Not Found,Not Found,1,Anytime Touchdown,-1,0.2,-0.8,0.1,-0.9,194,1,0,0.07142857142857142,0.5,0.5,0.2,0.1,0.125,0.3401360544217687,4.173136054421769,,,,,
Darren Waller,TE,CAR,Not Found,Not Found,1,Anytime Touchdown,-1,0.8,-0.2,0.6,-0.4,325,1,0,0.4444444444444444,0.5,1,0.4,0.4,0.45454545454545453,0.23529411764705882,4.169294117647059,,,,,
Quinshon Judkins,RB,CLE,NYJ,3.2,2.5,Receptions,0.7000000000000002,3.2,0.7,2.4,-0.1,-103,1,29,0.42857142857142855,0.5,1,0.6,0.5,0.4375,0.5073891625615764,4.123389162561577,,,,,
Elic Ayomanor,WR,TEN,HOU,1.4,1.5,Receptions,-0.10000000000000009,2.6,1.1,2.1,0.6,116,1,32,0.8125,0.5,1,0.8,0.6,0.7777777777777778,0.46296296296296297,4.118962962962963,,,,,
James Cook,RB,BUF,LAR,88.31,79.83,Rushing Yards,8.480000000000004,74,-5.83,89.2,9.37,-114,1,2,0.631578947368421,0.5,1,0.4,0.6,0.65,0.5327102803738317,4.091110280373833,,,,,
Joe Burrow,QB,CIN,MIA,1.95,1.5,Passing Touchdowns,0.44999999999999996,2.4,0.9,2,0.5,-116,1,19,0.625,0.5,1,0.8,0.6,0.6,0.5370370370370371,4.0910370370370375,,,,,
Brian Thomas Jr,WR,,PHI,36.92,33.83,Receiving Yards,3.0900000000000034,,,,,-113,,23,,,,,,,0.5305164319248826,4.066516431924884,,,,,
Bijan Robinson,RB,ATL,BAL,130.68,122.83,Rushing + Receiving Yards,7.8500000000000085,115.4,-7.43,104.4,-18.43,-113,1,11,0.23529411764705882,0.3333333333333333,1,0.4,0.3,0.25,0.5305164319248826,4.020916431924887,,,,,
Trevor Lawrence,QB,JAX,PHI,1.72,1.5,Passing Touchdowns,0.21999999999999997,2,0.5,2.5,1,-108,0,23,0.5,0.5,0.5,0.6,0.8,0.5,0.5192307692307693,4.0202307692307695,,,,,
Jalen Royals,WR,KC,Not Found,Not Found,1,Anytime Touchdown,-1,0.25,-0.75,0.25,-0.75,1100,1,0,0,0.5,1,0.25,0.25,0.25,0.08333333333333333,3.950833333333333,,,,,
Bhayshul Tuten,RB,JAX,PHI,14.11,9.5,Receiving Yards,4.609999999999999,7,-2.5,4.2,-5.3,-120,0,19,0.1875,0.5,0,0.4,0.2,0.2222222222222222,0.5454545454545454,3.9454545454545458,,,,,
Ja'Tavion Sanders,TE,CAR,Not Found,Not Found,1,Anytime Touchdown,-1,0.2,-0.8,0.1,-0.9,1200,1,0,0.08333333333333333,,1,0.2,0.1,0.08333333333333333,0.07692307692307693,3.9349230769230767,,,,,
Tyler Allgeier,RB,ARI,DET,34.73,32.83,Rushing Yards,1.8999999999999986,37.8,4.97,31.5,-1.33,-115,0,21,0.35294117647058826,0.5,0.5,0.4,0.4,0.3684210526315789,0.5348837209302325,3.902283720930232,,,,,
Ja'Marr Chase,WR,CIN,MIA,0.29,1,Anytime Touchdown,-0.71,1,0,0.5,-0.5,-110,1,3,0.375,0.5,1,0.6,0.3,0.3888888888888889,0.5238095238095238,3.897809523809524,,,,,
Chris Godwin Jr,WR,,DAL,38.3,35.5,Receiving Yards,2.799999999999997,,,,,-114,,22,,,,,,,0.5327102803738317,3.852710280373831,,,,,
Cade Otton,TE,TB,DAL,3.66,3.5,Receptions,0.16000000000000014,4.2,0.7,4.1,0.6,135,1,19,0.5333333333333333,0.5,1,0.6,0.5,0.5294117647058824,0.425531914893617,3.8395319148936173,,,,,
Jacoby Brissett,QB,ARI,DET,1.96,1.5,Passing Touchdowns,0.45999999999999996,1.4,-0.1,1.7,0.2,146,0,32,0.7142857142857143,0,0.5,0.4,0.6,0.625,0.4065040650406504,3.821504065040651,,,,,
Darnell Washington,TE,PIT,IND,2.28,1.5,Receptions,0.7799999999999998,2.2,0.7,2.1,0.6,-137,0,18,0.7692307692307693,0.5,0,0.8,0.7,0.7333333333333333,0.5780590717299579,3.7960590717299576,,,,,
Malik Willis,QB,MIA,CIN,1.05,0.5,Passing Touchdowns,0.55,0.6,0.1,0.667,0.167,-223,1,15,0.75,0.5,1,0.6,0.6666666666666666,0.6666666666666666,0.6904024767801857,3.791742476780186,,,,,
Derrick Henry,RB,BAL,ATL,87.16,91.5,Rushing Yards,-4.340000000000003,136.4,44.9,110.3,18.8,-114,0,1,0.5294117647058824,0.5,0,0.8,0.7,0.5263157894736842,0.5327102803738317,3.78671028037383,,,,,
Jared Goff,QB,DET,ARI,2.27,2.17,Passing Touchdowns,0.10000000000000009,2.2,0.03,2,-0.17,47,1,27,0.29411764705882354,0.5,1,0.4,0.3,0.3157894736842105,0.6802721088435374,3.7818721088435376,,,,,
Laquon Treadwell,WR,IND,PIT,27.33,19.83,Receiving Yards,7.5,12.2,-7.63,7.625,-12.205,-121,1,9,0,0.5,0.5,0.2,0.125,0.125,0.5475113122171946,3.771411312217195,,,,,
Calvin Ridley,WR,TEN,HOU,0.62,1.5,Receptions,-0.88,2.2,0.7,2.375,0.875,117,1,32,0.5714285714285714,1,1,0.6,0.625,0.625,0.4608294930875576,3.7643294930875584,,,,,
Malik Willis,QB,MIA,CIN,182.68,176.5,Passing Yards,6.180000000000007,166.6,-9.9,139.833,-36.667,-112,3,15,0.25,1,1,0.6,0.5,0.5,0.5283018867924528,3.7449618867924555,,,,,
Woody Marks,RB,HOU,TEN,1.56,1.5,Receptions,0.06000000000000005,2,0.5,1.6,0.1,-150,1,17,0.3888888888888889,0.5,1,0.6,0.4,0.4,0.6,3.744,,,,,
Josh Allen,QB,BUF,LAR,1.54,1.5,Passing Touchdowns,0.040000000000000036,1.8,0.3,1.6,0.1,-160,3,11,0.5555555555555556,1,1,0.6,0.5,0.6,0.6153846153846154,3.731384615384615,,,,,
Drew Sample,TE,CIN,MIA,0.94,1.5,Receptions,-0.56,2.2,0.7,1.5,0,144,2,28,0.3333333333333333,1,1,0.8,0.4,0.38461538461538464,0.4098360655737705,3.729836065573771,,,,,
AJ Barner,TE,SEA,SF,0.21,1,Anytime Touchdown,-0.79,0.4,-0.6,0.4,-0.6,318,1,5,0.35,0.5,0.6666666666666666,0.4,0.4,0.35,0.23923444976076555,3.696567783094099,,,,,
Drake London,WR,ATL,BAL,6.03,5.5,Receptions,0.5300000000000002,4,-1.5,4.9,-0.6,34,1,25,0.5,0.3333333333333333,1,0.2,0.4,0.4666666666666667,0.746268656716418,3.652268656716418,,,,,
Jameis Winston,QB,NYG,WAS,1.31,0.83,Passing Touchdowns,0.4800000000000001,0.5,-0.33,0.5,-0.33,-96,0,30,0.3333333333333333,0,0,0.25,0.25,0.25,0.4897959183673469,3.649695918367347,,,,,
Aaron Jones Sr,RB,,NO,2.84,1.83,Receptions,1.0099999999999998,,,,,-67,,28,,,,,,,0.40119760479041916,3.6051976047904195,,,,,
Samaje Perine,RB,CIN,MIA,1.35,1.5,Receptions,-0.1499999999999999,2,0.5,1.5,0,107,0,31,0.4,0.5,0,0.6,0.4,0.4117647058823529,0.4830917874396135,3.5910917874396135,,,,,
Omarion Hampton,RB,LAC,DEN,1.13,1.5,Receptions,-0.3700000000000001,2.2,0.7,3.1,1.6,-150,1,27,0.6,0.5,0.5,0.4,0.6,0.5833333333333334,0.6,3.591,,,,,
Chase Brown,RB,CIN,MIA,93.74000000000001,89.5,Rushing + Receiving Yards,4.240000000000009,75,-14.5,73.5,-16,-114,0,31,0.23529411764705882,0,0,0.2,0.3,0.21052631578947367,0.5327102803738317,3.564710280373836,,,,,
Skyy Moore,WR,GB,CHI,16.03,9.83,Receiving Yards,6.200000000000001,7.4,-2.43,6,-3.83,-117,1,5,0.2631578947368421,0.3333333333333333,1,0.2,0.2,0.3,0.5391705069124424,3.555570506912443,,,,,
Malik Nabers,WR,NYG,WAS,5.15,4.5,Receptions,0.6500000000000004,4,-0.5,4.167,-0.333,-105,0,28,0.5,0.5,0,0.4,0.5,0.5,0.5121951219512195,3.52753512195122,,,,,
DK Metcalf,WR,PIT,IND,57.7,52.5,Receiving Yards,5.200000000000003,41.2,-11.3,49.2,-3.3,-114,0,21,0.375,0,0,0.2,0.2,0.3333333333333333,0.5327102803738317,3.5227102803738335,,,,,
Isaiah Williams,WR,NYJ,CLE,2.92,3.5,Receptions,-0.5800000000000001,4,0.5,2.9,-0.6,35,1,26,0.26666666666666666,0.5,1,0.8,0.5,0.29411764705882354,0.7407407407407407,3.5207407407407407,,,,,
Erick All Jr,TE,,MIA,0.8,0.5,Receptions,0.30000000000000004,,,,,-148,,28,,,,,,,0.5967741935483871,3.5167741935483874,,,,,
Stefon Diggs,WR,WAS,NYG,33.53,34.83,Receiving Yards,-1.2999999999999972,39.2,4.37,52,17.17,-115,3,17,0.5714285714285714,1,1,0.8,0.7,0.65,0.5348837209302325,3.4692837209302336,,,,,
Ted Hurst,WR,,DAL,26.68,24.83,Receiving Yards,1.8500000000000014,,,,,-112,,22,,,,,,,0.5283018867924528,3.4683018867924535,,,,,
Marvin Harrison Jr,WR,,DET,2.25,2.5,Receptions,-0.25,,,,,114,,31,,,,,,,0.4672897196261682,3.467289719626168,,,,,
D'Andre Swift,RB,CHI,GB,0.56,1,Anytime Touchdown,-0.43999999999999995,0.8,-0.2,0.9,-0.1,121,0,32,0.5,0.5,0,0.4,0.5,0.5,0.45248868778280543,3.466488687782806,,,,,
Dontayvion Wicks,WR,PHI,JAX,43.69,41.83,Receiving Yards,1.8599999999999994,34.4,-7.43,35,-6.83,-114,2,24,0.15384615384615385,1,1,0.4,0.3,0.26666666666666666,0.5327102803738317,3.4591102803738316,,,,,
Malachi Fields,WR,NYG,WAS,1.92,2.17,Receptions,-0.25,2,-0.17,2,-0.17,30,0,28,,0,0,0,0,0,0.7692307692307693,3.4488307692307694,,,,,
Kendrick Bourne,WR,ARI,DET,2.12,2.5,Receptions,-0.3799999999999999,2.2,-0.3,1.9,-0.6,-110,0,31,0.4,0.5,0,0.2,0.2,0.4117647058823529,0.5238095238095238,3.4358095238095236,,,,,
Makai Lemon,WR,PHI,JAX,3.77,2.5,Receptions,1.27,2,-0.5,2,-0.5,-118,0,24,,0.5,0,0.5,0.5,0.5,0.5412844036697247,3.4042844036697253,,,,,
AJ Barner,TE,SEA,SF,26.89,20.5,Receiving Yards,6.390000000000001,17.6,-2.9,24.8,4.3,-111,0,5,0.65,0,0.3333333333333333,0.2,0.5,0.6,0.5260663507109005,3.4007330173775676,,,,,
Jahan Dotson,WR,ATL,BAL,2.17,1.5,Receptions,0.6699999999999999,1.4,-0.1,1.2,-0.3,-151,0,25,0.25,0.3333333333333333,0,0.4,0.3,0.2631578947368421,0.601593625498008,3.3655936254980077,,,,,
Jonathan Taylor,RB,IND,PIT,2.56,2.83,Receptions,-0.27,3,0.17,2.6,-0.23,-70,2,24,0.6470588235294118,1,0.5,0.8,0.7,0.6842105263157895,0.4117647058823529,3.365164705882353,,,,,
Khalil Shakir,WR,BUF,LAR,4.31,3.83,Receptions,0.47999999999999954,6.4,2.57,5.2,1.37,-76,0,14,0.7222222222222222,0.5,0,0.8,0.7,0.7,0.4318181818181818,3.3322181818181815,,,,,
Kyle Monangai,RB,CHI,GB,0.6299999999999999,1,Anytime Touchdown,-0.3700000000000001,0.2,-0.8,0.2,-0.8,218,0,32,0.2631578947368421,0.5,0.3333333333333333,0.2,0.2,0.3,0.31446540880503143,3.293132075471698,,,,,
Kyle Williams,WR,NE,LV,1.12,0.5,Receptions,0.6200000000000001,0.6,0.1,0.9,0.4,-179,1,10,0.5294117647058824,0.5,1,0.6,0.6,0.5263157894736842,0.6415770609318996,3.2755770609318997,,,,,
Aaron Rodgers,QB,PIT,IND,1.67,1.5,Passing Touchdowns,0.16999999999999993,0.4,-1.1,0.7,-0.8,153,0,29,0.35294117647058826,0,0.5,0,0.1,0.3157894736842105,0.3952569169960474,3.262256916996048,,,,,
Puka Nacua,WR,LA,BUF,0.68,1,Anytime Touchdown,-0.31999999999999995,0.8,-0.2,0.9,-0.1,135,0,29,0.5789473684210527,0,0.6666666666666666,0.6,0.6,0.55,0.425531914893617,3.226865248226951,,,,,
Aaron Jones Sr,RB,,NO,0.69,1,Anytime Touchdown,-0.31000000000000005,,,,,-115,,28,,,,,,,0.5348837209302325,3.2108837209302328,,,,,
Davante Adams,WR,LA,BUF,4.37,5.5,Receptions,-1.13,4.4,-1.1,4,-1.5,-119,1,29,0.11764705882352941,0.5,1,0.2,0.1,0.15789473684210525,0.54337899543379,3.207378995433791,,,,,
Erick All Jr,TE,,MIA,5.67,6,Receiving Yards,-0.33000000000000007,,,,,-106,,28,,,,,,,0.5145631067961165,3.182563106796117,,,,,
Tre Tucker,WR,LV,NE,3.72,3.5,Receptions,0.2200000000000002,3.6,0.1,3,-0.5,32,1,20,0.4117647058823529,0.5,0.3333333333333333,0.6,0.4,0.42105263157894735,0.7575757575757576,3.180242424242425,,,,,
Jeremiyah Love,RB,ARI,DET,68.06,59.5,Rushing + Receiving Yards,8.560000000000002,35,-24.5,35,-24.5,-113,0,21,,0,0,0,0,0,0.5305164319248826,3.114516431924884,,,,,
Quinshon Judkins,RB,CLE,NYJ,0.51,1,Anytime Touchdown,-0.49,0,-1,0.2,-0.8,102,0,29,0.2857142857142857,0,0,0,0.1,0.25,0.49504950495049505,3.083049504950495,,,,,
Greg Dulcich,TE,MIA,CIN,2.39,2.5,Receptions,-0.10999999999999988,3,0.5,2.5,0,118,0,26,0.5555555555555556,0,0,0.6,0.4,0.45454545454545453,0.45871559633027525,3.0827155963302753,,,,,
Zay Flowers,WR,BAL,ATL,5.6,5.5,Receptions,0.09999999999999964,4.6,-0.9,4.5,-1,124,0,27,0.4117647058823529,0,0,0.2,0.2,0.3888888888888889,0.44642857142857145,3.0824285714285717,,,,,
Tony Pollard,RB,TEN,HOU,10.44,6.17,Receiving Yards,4.27,5.4,-0.77,6.3,0.13,-111,0,9,0.7058823529411765,0,0,0.4,0.4,0.631578947368421,0.5260663507109005,3.0716663507109008,,,,,
Dontayvion Wicks,WR,PHI,JAX,3.53,3.5,Receptions,0.029999999999999805,2.2,-1.3,2.5,-1,125,1,24,0.23076923076923078,0.5,1,0.2,0.3,0.26666666666666666,0.4444444444444444,3.062444444444445,,,,,
Travis Hunter,WR,JAX,PHI,0,0.5,Receptions,-0.5,3.2,2.7,3.222,2.722,-153,0,23,1,0.5,0,0.8,0.8888888888888888,0.8888888888888888,0.6047430830039525,3.053183083003953,,,,,
Carnell Tate,WR,TEN,HOU,0.34,1,Anytime Touchdown,-0.6599999999999999,0,-1,0,-1,343,0,32,,0,0,0,0,0,0.22573363431151242,3.041733634311513,,,,,
Adam Trautman,TE,DEN,LAC,0.63,0.5,Receptions,0.13,1.6,1.1,1.5,1,-206,1,8,0.7857142857142857,1,1,0.8,0.8,0.8,0.673202614379085,3.029202614379085,,,,,
Jameson Williams,WR,DET,ARI,0.37,1,Anytime Touchdown,-0.63,0,-1,0.3,-0.7,157,0,30,0.4117647058823529,0,0,0,0.3,0.3684210526315789,0.38910505836575876,3.0231050583657586,,,,,
Olamide Zaccheaus,WR,ATL,BAL,0.97,1.5,Receptions,-0.53,1.2,-0.3,1.3,-0.2,135,1,25,0.6875,0.3333333333333333,0.75,0.2,0.4,0.631578947368421,0.425531914893617,3.023031914893617,,,,,
Stefon Diggs,WR,WAS,NYG,3.4,3.5,Receptions,-0.10000000000000009,4.2,0.7,4.4,0.9,-148,2,17,0.5238095238095238,1,1,0.8,0.6,0.55,0.5967741935483871,3.0187741935483867,,,,,
Jake Ferguson,TE,DAL,TB,2.91,3.5,Receptions,-0.5899999999999999,2.2,-1.3,3.2,-0.3,-121,1,25,0.6470588235294118,0.5,0.6666666666666666,0.2,0.5,0.631578947368421,0.5475113122171946,3.0148446455505287,,,,,
Christian Watson,WR,GB,CHI,69.24,69.5,Receiving Yards,-0.2600000000000051,86.6,17.1,69.7,0.2,-115,1,5,0.36363636363636365,0.6666666666666666,1,0.6,0.5,0.42857142857142855,0.5348837209302325,3.0128837209302306,,,,,
Jeremiyah Love,RB,ARI,DET,2.53,2.5,Receptions,0.029999999999999805,2.5,0,2.5,0,-113,1,21,,0.5,1,0.5,0.5,0.5,0.5305164319248826,3.0075164319248824,,,,,
Wan'Dale Robinson,WR,TEN,HOU,0.24,1,Anytime Touchdown,-0.76,0.2,-0.8,0.2,-0.8,441,0,32,0.25,0,0.3333333333333333,0.2,0.2,0.2222222222222222,0.18484288354898337,3.00750955021565,,,,,
Devaughn Vele,WR,NO,MIN,4.45,4.5,Receptions,-0.04999999999999982,5.6,1.1,3.6,-0.9,118,3,15,0.2222222222222222,1,1,0.8,0.4,0.36363636363636365,0.45871559633027525,3.0047155963302754,,,,,
Chris Godwin Jr,WR,,DAL,3.75,3.5,Receptions,0.25,,,,,43,,22,,,,,,,0.6993006993006993,2.9993006993006994,,,,,
Brian Thomas Jr,WR,,PHI,2.77,2.5,Receptions,0.27,,,,,-144,,23,,,,,,,0.5901639344262295,2.9981639344262296,,,,,
Jonathan Taylor,RB,IND,PIT,17.93,20.5,Receiving Yards,-2.5700000000000003,24.6,4.1,22.3,1.8,-116,2,24,0.4117647058823529,1,0.5,0.6,0.5,0.47368421052631576,0.5370370370370371,2.998037037037037,,,,,
Parker Washington,WR,JAX,PHI,4.88,5.5,Receptions,-0.6200000000000001,6.4,0.9,4.9,-0.6,110,1,23,0.23529411764705882,0.5,1,0.6,0.4,0.2631578947368421,0.47619047619047616,2.9741904761904765,,,,,
Samaje Perine,RB,CIN,MIA,25.65,26,Rushing + Receiving Yards,-0.3500000000000014,19.6,-6.4,30.9,4.9,-114,0,31,0.4666666666666667,0,0,0.2,0.5,0.4117647058823529,0.5327102803738317,2.956710280373831,,,,,
Javonte Williams,RB,DAL,TB,18.78,14.83,Receiving Yards,3.950000000000001,12,-2.83,9.5,-5.33,-112,2,6,0.25,1,0.3333333333333333,0.4,0.3,0.3333333333333333,0.5283018867924528,2.94736855345912,,,,,
Garrett Wilson,WR,NYJ,CLE,6.19,6.17,Receptions,0.020000000000000462,4,-2.17,5.222,-0.948,-126,0,26,0.2857142857142857,0,0,0,0.2222222222222222,0.2222222222222222,0.5575221238938053,2.929562123893805,,,,,
Najee Harris,RB,NYG,WAS,27.19,21.17,Rushing Yards,6.02,16.75,-4.42,16.75,-4.42,-112,0,5,0.6666666666666666,0,0,0.5,0.5,0.5,0.5283018867924528,2.9209018867924526,,,,,
Elic Ayomanor,WR,TEN,HOU,0.1,1,Anytime Touchdown,-0.9,0.4,-0.6,0.3,-0.7,669,0,32,0.25,0.5,0,0.4,0.3,0.2777777777777778,0.13003901170351106,2.9080390117035115,,,,,
Kendrick Bourne,WR,ARI,DET,22.76,24,Receiving Yards,-1.2399999999999984,22.2,-1.8,20.8,-3.2,-111,0,31,0.5333333333333333,0.5,0,0.4,0.4,0.5294117647058824,0.5260663507109005,2.898066350710901,,,,,
Kenyon Sadiq,TE,NYJ,CLE,3.07,3.17,Receptions,-0.10000000000000009,2.5,-0.67,2.5,-0.67,10,0,21,,0,0,0,0,0,0.9090909090909091,2.8886909090909088,,,,,
Samaje Perine,RB,CIN,MIA,0.16999999999999998,1,Anytime Touchdown,-0.8300000000000001,0.4,-0.6,0.3,-0.7,475,0,31,0.2,0,0,0.4,0.3,0.17647058823529413,0.17391304347826086,2.8799130434782607,,,,,
Bhayshul Tuten,RB,JAX,PHI,1.89,1.5,Receptions,0.3899999999999999,0.8,-0.7,0.6,-0.9,-120,1,19,0.125,0.5,1,0.2,0.1,0.16666666666666666,0.5454545454545454,2.8694545454545457,,,,,
Isaiah Likely,TE,NYG,WAS,0.42,1,Anytime Touchdown,-0.5800000000000001,0.4,-0.6,0.3,-0.7,301,0,29,0.08333333333333333,0.5,0,0.2,0.2,0.14285714285714285,0.24937655860349128,2.849376558603492,,,,,
Colston Loveland,TE,CHI,GB,3.61,3.5,Receptions,0.10999999999999988,4.6,1.1,4.3,0.8,-35,0,14,0.5,0,0,0.6,0.6,0.45,0.25925925925925924,2.8472592592592596,,,,,
Hunter Henry,TE,NE,LV,3.32,3.5,Receptions,-0.18000000000000016,2.4,-1.1,3,-0.5,-148,0,24,0.42857142857142855,0,0.5,0,0.2,0.35,0.5967741935483871,2.8297741935483876,,,,,
Jeremiyah Love,RB,ARI,DET,15.56,15.17,Receiving Yards,0.39000000000000057,12.5,-2.67,12.5,-2.67,-110,1,21,,0.5,1,0.5,0.5,0.5,0.5238095238095238,2.824409523809524,,,,,
Bucky Irving,RB,TB,DAL,17.03,16.5,Receiving Yards,0.5300000000000011,15.2,-1.3,26.8,10.3,-111,0,20,0.5,0.5,0,0.2,0.5,0.5,0.5260663507109005,2.820066350710901,,,,,
Pat Freiermuth,TE,PIT,IND,3.06,3.5,Receptions,-0.43999999999999995,3.2,-0.3,2.9,-0.6,-150,2,18,0.125,1,0.5,0.4,0.3,0.2222222222222222,0.6,2.819,,,,,
Zach Ertz,TE,WAS,JAX,2.18,1.5,Receptions,0.6800000000000002,4.6,3.1,3.8,2.3,-34,0,9,0.8461538461538461,,0,0.8,0.8,0.8461538461538461,0.2537313432835821,2.805731343283582,,,,,
Calvin Ridley,WR,TEN,HOU,0.03,1,Anytime Touchdown,-0.97,0,-1,0,-1,788,0,32,0,0,0,0,0,0,0.11261261261261261,2.8046126126126127,,,,,
Malik Nabers,WR,NYG,WAS,0.42,1,Anytime Touchdown,-0.5800000000000001,0.4,-0.6,0.333,-0.667,234,0,28,0.25,0,0,0.2,0.16666666666666666,0.16666666666666666,0.2994011976047904,2.8000611976047907,,,,,
Chimere Dike,WR,TEN,HOU,0.01,1,Anytime Touchdown,-0.99,0.2,-0.8,0.3,-0.7,1138,0,32,0.23529411764705882,0,0,0.2,0.3,0.21052631578947367,0.08077544426494346,2.796775444264944,,,,,
Isaac TeSlaa,WR,DET,ARI,0.16,1,Anytime Touchdown,-0.84,0.4,-0.6,0.4,-0.6,431,0,30,0.42857142857142855,0,0,0.4,0.4,0.375,0.18832391713747645,2.7923239171374767,,,,,
Deshaun Watson,QB,CLE,NYJ,1.36,1.17,Passing Touchdowns,0.19000000000000017,1.5,0.33,1.5,0.33,25,1,5,,0.5,1,0.5,0.5,0.5,0.8,2.7806,,,,,
Jaylen Waddle,WR,DEN,LAC,4.89,4.5,Receptions,0.3899999999999997,3.2,-1.3,3.8,-0.7,-153,1,18,0.5625,0.5,1,0.4,0.5,0.5555555555555556,0.6047430830039525,2.7787430830039526,,,,,
LaJohntay Wester,WR,BAL,ATL,0.4,1.5,Receptions,-1.1,0.6,-0.9,0.3,-1.2,-164,0,27,0,0.5,0,0.2,0.1,0.0625,0.6212121212121212,2.7732121212121212,,,,,
Cam Ward,QB,TEN,HOU,0.16,1,Anytime Touchdown,-0.84,0.6,-0.4,0.4,-0.6,488,1,26,0.11764705882352941,0.5,1,0.4,0.3,0.15789473684210525,0.17006802721088435,2.7440680272108846,,,,,
Jameis Winston,QB,NYG,WAS,0.09,1,Anytime Touchdown,-0.91,0.5,-0.5,0.5,-0.5,606,0,30,0.6666666666666666,0,0,0.5,0.5,0.5,0.141643059490085,2.7326430594900852,,,,,
Rome Odunze,WR,CHI,GB,3.89,2.5,Receptions,1.3900000000000001,2.2,-0.3,2.9,0.4,-34,1,16,0.5,0.5,0.6666666666666666,0.2,0.4,0.5,0.2537313432835821,2.7270646766169158,,,,,
Juwan Johnson,TE,NO,MIN,4.47,3.5,Receptions,0.9699999999999998,4.4,0.9,4.5,1,-35,1,6,0.7058823529411765,0.5,1,0.6,0.8,0.6842105263157895,0.25925925925925924,2.7252592592592593,,,,,
Roschon Johnson,RB,CHI,GB,0.01,1,Anytime Touchdown,-0.99,0,-1,0,-1,2425,0,32,0,0,0,0,0,0,0.039603960396039604,2.72360396039604,,,,,
Olamide Zaccheaus,WR,ATL,BAL,9.73,9.83,Receiving Yards,-0.09999999999999964,6.8,-3.03,9.9,0.07,-114,0,25,0.5625,0,0.25,0,0.2,0.47368421052631576,0.5327102803738317,2.703610280373832,,,,,
Jaylen Warren,RB,PIT,IND,3.6,3.83,Receptions,-0.22999999999999998,2.6,-1.23,2.3,-1.53,-68,0,25,0.23529411764705882,0.5,0.5,0.4,0.2,0.2631578947368421,0.40476190476190477,2.6961619047619045,,,,,
Mark Andrews,TE,BAL,ATL,3.69,4.5,Receptions,-0.81,3.6,-0.9,2.9,-1.6,110,1,23,0.11764705882352941,0.5,1,0.2,0.1,0.15789473684210525,0.47619047619047616,2.6861904761904762,,,,,
Rashod Bateman,WR,BAL,ATL,1.76,3.5,Receptions,-1.74,2,-1.5,1.6,-1.9,-104,1,27,0.07692307692307693,0.5,1,0.2,0.1,0.13333333333333333,0.5098039215686274,2.6818039215686276,,,,,
Jaylen Warren,RB,PIT,IND,0.59,1,Anytime Touchdown,-0.41000000000000003,0,-1,0.5,-0.5,120,0,25,0.35294117647058826,0,0,0,0.4,0.3157894736842105,0.45454545454545453,2.6805454545454546,,,,,
Luther Burden,WR,,GB,4.73,3.5,Receptions,1.2300000000000004,,,,,-126,,16,,,,,,,0.5575221238938053,2.6495221238938056,,,,,
Kayshon Boutte,WR,HOU,TEN,2.25,2.5,Receptions,-0.25,1.8,-0.7,2.1,-0.4,-132,1,19,0.3888888888888889,0.5,0.5,0.4,0.4,0.4,0.5689655172413793,2.6279655172413796,,,,,
Harold Fannin Jr,TE,,NYJ,40.26,36.83,Receiving Yards,3.4299999999999997,,,,,-114,,7,,,,,,,0.5327102803738317,2.6047102803738316,,,,,
Drake London,WR,ATL,BAL,0.54,1,Anytime Touchdown,-0.45999999999999996,0.2,-0.8,0.5,-0.5,196,0,25,0.4166666666666667,0,0,0.2,0.3,0.3333333333333333,0.33783783783783783,2.569837837837838,,,,,
Konata Mumpfield,WR,LA,BUF,0.07,1,Anytime Touchdown,-0.9299999999999999,0,-1,0,-1,606,0,29,0.07692307692307693,0,0,0,0,0.06666666666666667,0.141643059490085,2.5496430594900854,,,,,
Raheim Sanders,RB,CLE,NYJ,0.09000000000000001,1,Anytime Touchdown,-0.91,0,-1,0.167,-0.833,683,0,29,0.25,0,0,0,0.16666666666666666,0.16666666666666666,0.1277139208173691,2.5470539208173695,,,,,
TreVeyon Henderson,RB,NE,LV,10.77,9.5,Receiving Yards,1.2699999999999996,6.6,-2.9,7.4,-2.1,-115,0,18,0.47619047619047616,0,0.5,0.2,0.3,0.4,0.5348837209302325,2.5418837209302327,,,,,
Tyler Warren,TE,IND,PIT,5.5,4.5,Receptions,1,4.4,-0.1,4.3,-0.2,-142,1,12,0.47058823529411764,0.5,1,0.6,0.5,0.47368421052631576,0.5867768595041323,2.5407768595041325,,,,,
Jordan Whittington,WR,LA,BUF,0.04,1,Anytime Touchdown,-0.96,0,-1,0,-1,613,0,29,0,0,0,0,0,0,0.1402524544179523,2.5362524544179528,,,,,
Tom Kennedy,WR,DET,ARI,0,1,Anytime Touchdown,-1,0,-1,0,-1,1700,0,30,0,0,0,0,0,0,0.05555555555555555,2.5355555555555553,,,,,
Theo Johnson,TE,NYG,WAS,0.09,1,Anytime Touchdown,-0.91,0,-1,0.1,-0.9,775,0,29,0.26666666666666666,0,0,0,0.1,0.23529411764705882,0.11428571428571428,2.532285714285715,,,,,
Alvin Kamara,RB,NO,MIN,3.18,2.5,Receptions,0.6800000000000002,2.6,0.1,3,0.5,-137,1,3,0.5454545454545454,1,1,0.4,0.6,0.5833333333333334,0.5780590717299579,2.5320590717299583,,,,,
Tay Martin,WR,DET,ARI,Not Found,1,Anytime Touchdown,-1,0,-1,0,-1,1833,0,30,0,0,0,0,0,0,0.05173305742369374,2.531733057423694,,,,,
Tyjae Spears,RB,TEN,HOU,16.98,17.17,Rushing Yards,-0.19000000000000128,25,7.83,18.4,1.23,-112,1,9,0.6153846153846154,0.5,1,0.6,0.5,0.6,0.5283018867924528,2.5279018867924523,,,,,
Geno Smith,QB,NYJ,CLE,1.34,1.5,Passing Touchdowns,-0.15999999999999992,1,-0.5,1.3,-0.2,133,0,22,0.3333333333333333,0,0,0.2,0.3,0.29411764705882354,0.4291845493562232,2.517184549356223,,,,,
Malachi Fields,WR,NYG,WAS,0.17,1,Anytime Touchdown,-0.83,0,-1,0,-1,500,0,28,,0,0,0,0,0,0.16666666666666666,2.514666666666667,,,,,
Jared Wayne,WR,HOU,TEN,0.18,1.5,Receptions,-1.32,1.667,0.167,1.667,0.167,33,1,19,1,0.5,1,0.6666666666666666,0.6666666666666666,0.6666666666666666,0.7518796992481203,2.5139196992481203,,,,,
Rico Dowdle,RB,PIT,IND,0.12,1,Anytime Touchdown,-0.88,0,-1,0.1,-0.9,114,0,25,0.3333333333333333,0,0,0,0.1,0.3,0.4672897196261682,2.4972897196261683,,,,,
Blake Corum,RB,LA,BUF,0.29000000000000004,1,Anytime Touchdown,-0.71,0,-1,0.4,-0.6,249,0,26,0.25,0,0,0,0.3,0.2,0.28653295128939826,2.4905329512893983,,,,,
Aaron Rodgers,QB,PIT,IND,0.04,1,Anytime Touchdown,-0.96,0,-1,0.1,-0.9,1200,0,29,0.058823529411764705,0,0,0,0.1,0.05263157894736842,0.07692307692307693,2.4749230769230777,,,,,
Tyler Allgeier,RB,ARI,DET,47.059999999999995,45,Rushing + Receiving Yards,2.059999999999995,37.8,-7.2,31.5,-13.5,-112,0,21,0.23529411764705882,0.5,0,0.4,0.2,0.2631578947368421,0.5283018867924528,2.4743018867924507,,,,,
Parker Washington,WR,JAX,PHI,0.45,1,Anytime Touchdown,-0.55,0.6,-0.4,0.5,-0.5,158,0,23,0.35294117647058826,0.5,0.5,0.6,0.5,0.3684210526315789,0.3875968992248062,2.4605968992248064,,,,,
Darnell Mooney,WR,NYG,WAS,0.1,1,Anytime Touchdown,-0.9,0,-1,0.1,-0.9,700,0,28,0.06666666666666667,0,0,0,0.1,0.058823529411764705,0.125,2.4470000000000005,,,,,
Jaleel McLaughlin,RB,CLE,NYJ,0.03,1,Anytime Touchdown,-0.97,0,-1,0.1,-0.9,1850,0,29,0.1,0,0,0,0.1,0.09090909090909091,0.05128205128205128,2.4452820512820517,,,,,
Tutu Atwell,WR,LA,BUF,0.01,1,Anytime Touchdown,-0.99,0,-1,0.111,-0.889,1688,0,29,0.125,0,0,0,0.1111111111111111,0.1111111111111111,0.05592841163310962,2.44214841163311,,,,,
Jakobi Meyers,WR,JAX,PHI,3.22,3.5,Receptions,-0.2799999999999998,3,-0.5,3.8,0.3,-35,0,23,0.8235294117647058,0,0.5,0.4,0.7,0.7368421052631579,0.25925925925925924,2.440259259259259,,,,,
Tre' Harris,WR,,DEN,3.86,2.5,Receptions,1.3599999999999999,,,,,-136,,13,,,,,,,0.576271186440678,2.4202711864406776,,,,,
Ted Hurst,WR,,DAL,1.97,2.5,Receptions,-0.53,,,,,132,,22,,,,,,,0.43103448275862066,2.419034482758621,,,,,
Drew Sample,TE,CIN,MIA,0.06,1,Anytime Touchdown,-0.94,0,-1,0,-1,800,0,28,0.08333333333333333,0,0,0,0,0.07692307692307693,0.1111111111111111,2.4151111111111114,,,,,
Malik Washington,WR,MIA,CIN,4.51,3.5,Receptions,1.0099999999999998,2.4,-1.1,2.5,-1,-137,1,12,0.29411764705882354,0.5,1,0.2,0.2,0.3157894736842105,0.5780590717299579,2.4080590717299577,,,,,
Chris Manhertz,TE,NYG,WAS,Not Found,1,Anytime Touchdown,-1,0,-1,0,-1,3750,0,29,0,,0,0,0,0,0.025974025974025976,2.405974025974026,,,,,
Isaiah Williams,WR,NYJ,CLE,0.21,1,Anytime Touchdown,-0.79,0,-1,0,-1,350,0,26,0,0,0,0,0,0,0.2222222222222222,2.3862222222222225,,,,,
Jalen Hurts,QB,PHI,JAX,1.14,1.5,Passing Touchdowns,-0.3600000000000001,1.8,0.3,1.5,0,133,2,14,0.47058823529411764,1,1,0.6,0.5,0.5263157894736842,0.4291845493562232,2.3831845493562227,,,,,
Justin Herbert,QB,LAC,DEN,1.16,1.5,Passing Touchdowns,-0.3400000000000001,1,-0.5,1,-0.5,130,0,21,0.47058823529411764,0,0.6666666666666666,0.2,0.2,0.42105263157894735,0.43478260869565216,2.3781159420289852,,,,,
Greg Dulcich,TE,MIA,CIN,0.14,1,Anytime Touchdown,-0.86,0.2,-0.8,0.1,-0.9,400,0,26,0.1111111111111111,0,0,0.2,0.1,0.09090909090909091,0.2,2.3640000000000008,,,,,
Jackson Meeks,TE,,ARI,0,1,Anytime Touchdown,-1,,,,,1500,,27,,,,,,,0.0625,2.3625000000000003,,,,,
Tanner Hudson,TE,CIN,MIA,0.06,1,Anytime Touchdown,-0.94,0,-1,0.1,-0.9,1700,0,28,0.2,0,0,0,0.1,0.18181818181818182,0.05555555555555555,2.361555555555556,,,,,
Matthew Stafford,QB,LA,BUF,0.07,1,Anytime Touchdown,-0.9299999999999999,0,-1,0,-1,2050,0,28,0,0,0,0,0,0,0.046511627906976744,2.354511627906977,,,,,
Elijah Sarratt,WR,,ATL,0.01,1,Anytime Touchdown,-0.99,,,,,1900,,27,,,,,,,0.05,2.354,,,,,
Chris Moore,WR,BAL,ATL,0.69,1.5,Receptions,-0.81,1,-0.5,1,-0.5,-3,0,27,0.4,0,0,0.2,0.3,0.3333333333333333,0.02912621359223301,2.351126213592233,,,,,
George Kittle,TE,SF,SEA,4.61,4.17,Receptions,0.4400000000000004,3.8,-0.37,5.2,1.03,14,0,13,0.5,0,0,0.4,0.6,0.42857142857142855,0.8771929824561403,2.3487929824561404,,,,,
Cam Skattebo,RB,NYG,WAS,64.49,60.17,Rushing Yards,4.319999999999993,57.4,-2.77,52.7,-7.47,-113,0,5,0.25,0.5,0,0.4,0.3,0.3,0.5305164319248826,2.34411643192488,,,,,
Brenton Strange,TE,JAX,PHI,3.89,2.83,Receptions,1.06,3,0.17,3.2,0.37,-80,0,4,0.7692307692307693,0,0.5,0.4,0.6,0.6666666666666666,0.4444444444444444,2.3298444444444444,,,,,
Courtland Sutton,WR,DEN,LAC,3.15,3.5,Receptions,-0.3500000000000001,2.6,-0.9,4.1,0.6,40,0,18,0.6842105263157895,0,0.5,0.2,0.6,0.6,0.7142857142857143,2.3272857142857144,,,,,
Hunter Henry,TE,NE,LV,0.3,1,Anytime Touchdown,-0.7,0,-1,0.3,-0.7,239,0,24,0.3333333333333333,0,0.5,0,0.3,0.3,0.2949852507374631,2.325985250737464,,,,,
Brock Wright,TE,DET,ARI,0.07,1,Anytime Touchdown,-0.9299999999999999,0,-1,0.2,-0.8,825,0,27,0.25,0,0,0,0.2,0.2,0.10810810810810811,2.3201081081081085,,,,,
Amon-Ra St. Brown,WR,DET,ARI,Not Found,7.17,Receptions,-7.17,8.4,1.23,7.2,0.03,27,4,30,0.47058823529411764,1,1,0.8,0.6,0.5263157894736842,0.7874015748031497,2.3170015748031494,,,,,
Kyler Murray,QB,MIN,NO,1.38,1.5,Passing Touchdowns,-0.1200000000000001,0.8,-0.7,1,-0.5,129,0,20,0.4,0,0,0.2,0.3333333333333333,0.3333333333333333,0.4366812227074236,2.3146812227074234,,,,,
Tyson Bagent,QB,CHI,GB,247.54,196.5,Passing + Rushing Yards,51.03999999999999,33.667,-162.833,33.667,-162.833,-112,0,9,0,0,0,0,0,0,0.5283018867924528,2.3043418867924492,,,,,
Dalton Kincaid,TE,BUF,LAR,53.38,57.17,Receiving Yards,-3.789999999999999,76.8,19.63,59.7,2.53,-113,3,3,0.2857142857142857,1,1,0.6,0.4,0.375,0.5305164319248826,2.2961164319248826,,,,,
Bryce Lance,WR,NO,MIN,0.86,1.5,Receptions,-0.64,2,0.5,2,0.5,3,0,15,,0.5,0,0.5,0.5,0.5,0.970873786407767,2.289873786407767,,,,,
Brian Thomas Jr,WR,,PHI,0.29,1,Anytime Touchdown,-0.71,,,,,275,,23,,,,,,,0.26666666666666666,2.282666666666667,,,,,
TreVeyon Henderson,RB,NE,LV,1.38,1.5,Receptions,-0.1200000000000001,1,-0.5,1.1,-0.4,-120,0,18,0.5238095238095238,0,0.5,0.2,0.3,0.45,0.5454545454545454,2.2704545454545455,,,,,
Dontayvion Wicks,WR,PHI,JAX,0.28,1,Anytime Touchdown,-0.72,0.2,-0.8,0.3,-0.7,310,0,24,0.07692307692307693,0.5,0,0.2,0.2,0.13333333333333333,0.24390243902439024,2.2679024390243914,,,,,
Malik McClain,WR,,CLE,0.03,1,Anytime Touchdown,-0.97,,,,,1700,,26,,,,,,,0.05555555555555555,2.2675555555555555,,,,,
Emeka Egbuka,WR,TB,DAL,4.05,4.5,Receptions,-0.4500000000000002,2.6,-1.9,3.1,-1.4,121,0,22,0.23529411764705882,0.5,0,0.2,0.2,0.2631578947368421,0.45248868778280543,2.2604886877828054,,,,,
Jaylin Noel,WR,HOU,TEN,2.09,2.5,Receptions,-0.41000000000000014,0.8,-1.7,0.9,-1.6,38,0,19,0.21052631578947367,0,0,0,0.1,0.2,0.7246376811594203,2.25863768115942,,,,,
Omarion Hampton,RB,LAC,DEN,7.56,11.5,Receiving Yards,-3.9400000000000004,12.4,0.9,19.9,8.4,-115,1,27,0.5,0.5,0.5,0.4,0.5,0.5,0.5348837209302325,2.2538837209302325,,,,,
Seydou Traore,TE,,CIN,0,1,Anytime Touchdown,-1,,,,,2333,,26,,,,,,,0.04110152075626798,2.2411015207562683,,,,,
Tony Pollard,RB,TEN,HOU,56.95,58.5,Rushing Yards,-1.5499999999999972,66.8,8.3,70.1,11.6,-113,1,9,0.5294117647058824,0.5,1,0.6,0.6,0.5263157894736842,0.5305164319248826,2.2405164319248843,,,,,
Davante Adams,WR,LA,BUF,66.06,71.83,Receiving Yards,-5.769999999999996,81.2,9.37,62.7,-9.13,-111,1,29,0.29411764705882354,0.5,1,0.6,0.3,0.3157894736842105,0.5260663507109005,2.2404663507109017,,,,,
Jared Goff,QB,DET,ARI,0.02,1,Anytime Touchdown,-0.98,0,-1,0,-1,1813,0,27,0,0,0,0,0,0,0.052273915316257184,2.240273915316257,,,,,
Dean Connors,RB,,BUF,0,1,Anytime Touchdown,-1,,,,,2400,,26,,,,,,,0.04,2.24,,,,,
RJ Harvey,RB,DEN,LAC,0.42000000000000004,1,Anytime Touchdown,-0.58,0.2,-0.8,0.6,-0.4,324,0,23,0.47368421052631576,0,0.3333333333333333,0.2,0.5,0.45,0.2358490566037736,2.238515723270441,,,,,
Bo Nix,QB,DEN,LAC,1.58,1.5,Passing Touchdowns,0.08000000000000007,1.2,-0.3,1.2,-0.3,132,0,18,0.3888888888888889,0,0,0.2,0.2,0.35,0.43103448275862066,2.2330344827586206,,,,,
Emanuel Wilson,RB,SEA,SF,0.5900000000000001,1,Anytime Touchdown,-0.4099999999999999,0,-1,0.2,-0.8,228,0,22,0.1111111111111111,0,0,0,0.1,0.1,0.3048780487804878,2.224878048780488,,,,,
Rhamondre Stevenson,RB,NE,LV,1.45,2.5,Receptions,-1.05,3,0.5,3,0.5,35,0,18,0.4444444444444444,0.5,0.5,0.6,0.6,0.45,0.7407407407407407,2.2237407407407406,,,,,
Rashid Shaheed,WR,SEA,SF,31.73,28.5,Receiving Yards,3.2300000000000004,23.4,-5.1,26.8,-1.7,-112,1,6,0.5238095238095238,0.5,0.6666666666666666,0.4,0.4,0.45,0.5283018867924528,2.2216352201257865,,,,,
Jakobi Meyers,WR,JAX,PHI,0.31,1,Anytime Touchdown,-0.69,0.2,-0.8,0.4,-0.6,257,0,23,0.17647058823529413,0.5,0,0.2,0.4,0.21052631578947367,0.2801120448179272,2.2181120448179277,,,,,
Sterling Shepard,WR,TB,CLE,0.04,1,Anytime Touchdown,-0.96,0,-1,0.1,-0.9,794,0,26,0.07692307692307693,,0,0,0.1,0.07692307692307693,0.11185682326621924,2.2098568232662195,,,,,
Jaylen Waddle,WR,DEN,LAC,61.07,59.17,Receiving Yards,1.8999999999999986,47.6,-11.57,54.6,-4.57,-113,1,18,0.4375,0.5,1,0.4,0.4,0.4444444444444444,0.5305164319248826,2.2041164319248825,,,,,
J.K. Dobbins,RB,DEN,LAC,Not Found,1,Anytime Touchdown,-1,0,-1,0.2,-0.8,146,0,23,0.4,0,0,0,0.2,0.3333333333333333,0.4065040650406504,2.190504065040651,,,,,
Will Kacmarek,TE,MIA,CIN,0.04,1,Anytime Touchdown,-0.96,0,-1,0,-1,1017,0,26,,0,0,0,0,0,0.08952551477170993,2.18552551477171,,,,,
Trevor Lawrence,QB,JAX,PHI,0.18,1,Anytime Touchdown,-0.8200000000000001,0.4,-0.6,0.4,-0.6,295,0,23,0.3333333333333333,0,0.5,0.2,0.3,0.3,0.25316455696202533,2.184164556962026,,,,,
Jeremy Ruckert,TE,NYJ,CLE,7.85,8.83,Receiving Yards,-0.9800000000000004,7.6,-1.23,11.6,2.77,-113,0,21,0.6428571428571429,0,0,0.4,0.6,0.5625,0.5305164319248826,2.1829164319248826,,,,,
Adam Trautman,TE,DEN,LAC,5.65,6.5,Receiving Yards,-0.8499999999999996,13,6.5,14.7,8.2,-113,1,8,0.6428571428571429,1,1,0.8,0.7,0.6666666666666666,0.5305164319248826,2.1785164319248826,,,,,
Jahan Dotson,WR,ATL,BAL,0.15,1,Anytime Touchdown,-0.85,0,-1,0,-1,669,0,25,0.0625,0,0,0,0,0.05263157894736842,0.13003901170351106,2.170039011703511,,,,,
Xavier Hutchinson,WR,HOU,TEN,2.39,3.5,Receptions,-1.1099999999999999,3.4,-0.1,2.3,-1.2,36,0,19,0.16666666666666666,0,0,0.4,0.2,0.15,0.7352941176470589,2.169294117647059,,,,,
Makai Lemon,WR,PHI,JAX,0.23,1,Anytime Touchdown,-0.77,0,-1,0,-1,407,0,24,,0,0,0,0,0,0.19723865877712032,2.1692386587771204,,,,,
Olamide Zaccheaus,WR,ATL,BAL,0.06,1,Anytime Touchdown,-0.94,0.2,-0.8,0.2,-0.8,838,0,25,0.1875,0,0.5,0.2,0.2,0.15789473684210525,0.10660980810234541,2.1656098081023454,,,,,
DK Metcalf,WR,PIT,IND,0.39,1,Anytime Touchdown,-0.61,0.2,-0.8,0.2,-0.8,190,0,21,0.4375,0,0.5,0.2,0.2,0.3888888888888889,0.3448275862068966,2.1358275862068967,,,,,
Kenyon Sadiq,TE,NYJ,CLE,33.14,30.83,Receiving Yards,2.3100000000000023,19,-11.83,19,-11.83,-113,0,21,,0,0,0,0,0,0.5305164319248826,2.134916431924884,,,,,
Isaiah Williams,WR,NYJ,CLE,34.94,34.17,Receiving Yards,0.769999999999996,24,-10.17,19.9,-14.27,-112,0,26,0.06666666666666667,0,0,0,0.1,0.058823529411764705,0.5283018867924528,2.1339018867924513,,,,,
Dyami Brown,WR,WAS,NYG,0.73,1.5,Receptions,-0.77,1,-0.5,1.4,-0.1,131,1,17,0.6363636363636364,0.5,1,0.2,0.5,0.6153846153846154,0.4329004329004329,2.128900432900433,,,,,
DK Metcalf,WR,PIT,IND,4.25,4.5,Receptions,-0.25,3.4,-1.1,4,-0.5,-33,0,21,0.3125,0,0,0,0.3,0.2777777777777778,0.24812030075187969,2.1281203007518794,,,,,
Bucky Irving,RB,TB,DAL,0.44,1,Anytime Touchdown,-0.56,0.2,-0.8,0.4,-0.6,135,0,20,0.4,0.5,0,0.2,0.4,0.4166666666666667,0.425531914893617,2.115531914893617,,,,,
Travis Homer,RB,PIT,IND,0.05,1,Anytime Touchdown,-0.95,0,-1,0,-1,800,0,25,0,0,0,0,0,0,0.1111111111111111,2.111111111111111,,,,,
Gunnar Helm,TE,TEN,HOU,2.27,2.5,Receptions,-0.22999999999999998,2.6,0.1,3.1,0.6,-129,0,16,0.4375,0.5,0,0.4,0.5,0.4444444444444444,0.5633187772925764,2.1053187772925765,,,,,
Eli Raridon,TE,NE,LV,0.05,1,Anytime Touchdown,-0.95,0.5,-0.5,0.5,-0.5,788,0,24,,0.5,0,0.5,0.5,0.5,0.11261261261261261,2.087612612612613,,,,,
Courtland Sutton,WR,DEN,LAC,38.38,36.17,Receiving Yards,2.210000000000001,22.2,-13.97,47.4,11.23,-113,0,18,0.6842105263157895,0,0.5,0.2,0.6,0.6,0.5305164319248826,2.0731164319248827,,,,,
Zachariah Branch,WR,ATL,BAL,0.06,1,Anytime Touchdown,-0.94,0,-1,0,-1,1400,0,25,,0,0,0,0,0,0.06666666666666667,2.070666666666667,,,,,
T.J. Hockenson,TE,MIN,NO,Not Found,3.5,Receptions,-3.5,2.8,-0.7,3.1,-0.4,-113,0,30,0.4666666666666667,0.5,0,0.4,0.4,0.47058823529411764,0.5305164319248826,2.0645164319248828,,,,,
Brevyn Spann-Ford,TE,DAL,TB,0.05,1,Anytime Touchdown,-0.95,0,-1,0.1,-0.9,1500,0,25,0.0625,0,0,0,0.1,0.05555555555555555,0.0625,2.0645000000000002,,,,,
Drake Maye,QB,NE,LV,1.56,1.5,Passing Touchdowns,0.06000000000000005,1.2,-0.3,1.5,0,135,0,16,0.6190476190476191,0,0.5,0.4,0.4,0.55,0.425531914893617,2.056531914893617,,,,,
Woody Marks,RB,HOU,TEN,42.910000000000004,44.17,Rushing + Receiving Yards,-1.259999999999998,45.4,1.23,53.4,9.23,-117,0,17,0.5,0,0,0.4,0.6,0.45,0.5391705069124424,2.054770506912443,,,,,
Tyjae Spears,RB,TEN,HOU,10.75,12.5,Receiving Yards,-1.75,20.4,7.9,20.9,8.4,-113,1,9,0.6923076923076923,0.5,1,0.4,0.6,0.6666666666666666,0.5305164319248826,2.0505164319248825,,,,,
Luke Schoonmaker,TE,DAL,TB,0,1,Anytime Touchdown,-1,0,-1,0,-1,1400,0,25,0,0,0,0,0,0,0.06666666666666667,2.046666666666667,,,,,
George Holani,RB,SEA,SF,0.32,1,Anytime Touchdown,-0.6799999999999999,0,-1,0.1,-0.9,357,0,22,0.08333333333333333,0,0.3333333333333333,0,0.1,0.07142857142857142,0.2188183807439825,2.045485047410649,,,,,
Chris Bell,WR,MIA,CIN,2.56,1.5,Receptions,1.06,0.5,-1,0.5,-1,-114,0,12,,0,0,0,0,0,0.5327102803738317,2.036710280373832,,,,,
Kenyon Sadiq,TE,NYJ,CLE,0.25,1,Anytime Touchdown,-0.75,0.5,-0.5,0.5,-0.5,310,0,21,,0.5,0,0.5,0.5,0.5,0.24390243902439024,1.9989024390243901,,,,,
Seth McGowan,RB,IND,PIT,0.07,1,Anytime Touchdown,-0.9299999999999999,0,-1,0,-1,1013,0,24,,0,0,0,0,0,0.08984725965858041,1.9978472596585808,,,,,
Josh Cameron,WR,JAX,PHI,0.16,1,Anytime Touchdown,-0.84,0.5,-0.5,0.5,-0.5,1238,0,23,,0.5,0,0.5,0.5,0.5,0.07473841554559044,1.9937384155455904,,,,,
Christian McCaffrey,RB,SF,SEA,4.33,4.5,Receptions,-0.16999999999999993,5.2,0.7,4.8,0.3,-120,0,14,0.7894736842105263,0.5,0,0.8,0.6,0.75,0.5454545454545454,1.9774545454545456,,,,,
Josh Cuevas,TE,,ATL,0,1,Anytime Touchdown,-1,,,,,1300,,23,,,,,,,0.07142857142857142,1.9714285714285718,,,,,
Dyami Brown,WR,WAS,NYG,8.7,9.5,Receiving Yards,-0.8000000000000007,5.8,-3.7,13.2,3.7,-112,1,17,0.5454545454545454,0.5,1,0.2,0.5,0.5384615384615384,0.5283018867924528,1.9683018867924527,,,,,
Michael Penix Jr,QB,,BAL,1.42,0.83,Passing Touchdowns,0.59,,,,,-113,,12,,,,,,,0.5305164319248826,1.966516431924883,,,,,
Elijah Moore,WR,DEN,JAX,0,1,Anytime Touchdown,-1,0,-1,0.1,-0.9,1500,0,24,0.1,,0,0,0.1,0.1,0.0625,1.9445000000000003,,,,,
Cameron Latu,TE,NE,LV,Not Found,1,Anytime Touchdown,-1,0,-1,0,-1,1625,0,24,0,0,0,0,0,0,0.057971014492753624,1.937971014492754,,,,,
Chris Rodriguez Jr,RB,,PHI,0.36,1,Anytime Touchdown,-0.64,,,,,241,,19,,,,,,,0.2932551319648094,1.9372551319648095,,,,,
Colby Parkinson,TE,LA,BUF,13.1,18.5,Receiving Yards,-5.4,34.6,16.1,39,20.5,-112,0,15,0.7058823529411765,0,0,0.6,0.8,0.631578947368421,0.5283018867924528,1.9063018867924528,,,,,
Blake Whiteheart,TE,CLE,NYJ,0.3,0.5,Receptions,-0.2,0.4,-0.1,0.4,-0.1,-172,2,7,0.2222222222222222,1,1,0.4,0.4,0.36363636363636365,0.6323529411764706,1.9023529411764706,,,,,
Josh Downs,WR,IND,PIT,4.89,4.5,Receptions,0.3899999999999997,4,-0.5,3.2,-1.3,-141,1,9,0.3125,0.5,0.5,0.4,0.2,0.3333333333333333,0.5850622406639004,1.9020622406639003,,,,,
Michael Pittman Jr,WR,,IND,0,1,Anytime Touchdown,-1,,,,,400,,21,,,,,,,0.2,1.9000000000000001,,,,,
Travis Hunter,WR,JAX,PHI,0,1,Anytime Touchdown,-1,0.2,-0.8,0.111,-0.889,1113,0,23,0.14285714285714285,0,0,0.2,0.1111111111111111,0.1111111111111111,0.08244023083264633,1.890660230832647,,,,,
Tyler Badie,RB,DEN,LAC,0.02,1,Anytime Touchdown,-0.98,0,-1,0,-1,1025,0,23,0,0,0,0,0,0,0.08888888888888889,1.876888888888889,,,,,
Jahdae Walker,WR,CHI,GB,0.01,1,Anytime Touchdown,-0.99,0.6,-0.4,0.429,-0.571,1933,2,16,0.3333333333333333,1,1,0.6,0.42857142857142855,0.42857142857142855,0.04918839153959666,1.869768391539597,,,,,
Ashton Jeanty,RB,LV,NE,0.6,1,Anytime Touchdown,-0.4,0.8,-0.2,0.5,-0.5,-115,0,15,0.4117647058823529,0.5,0,0.4,0.3,0.42105263157894735,0.5348837209302325,1.8568837209302322,,,,,
Laquon Treadwell,WR,IND,PIT,2.01,1.5,Receptions,0.5099999999999998,0.6,-0.9,0.375,-1.125,-114,1,9,0,0.5,0.5,0.2,0.125,0.125,0.5327102803738317,1.8552102803738317,,,,,
Velus Jones Jr,RB,,SF,Not Found,1,Anytime Touchdown,-1,,,,,1900,,22,,,,,,,0.05,1.8500000000000003,,,,,
Rhamondre Stevenson,RB,NE,LV,11.13,14.5,Receiving Yards,-3.369999999999999,19.6,5.1,30.4,15.9,-114,0,18,0.5555555555555556,0.5,0.5,0.4,0.7,0.55,0.5327102803738317,1.849710280373832,,,,,
Deebo Samuel Sr,WR,,SEA,43.96,41.17,Receiving Yards,2.789999999999999,,,,,-113,,2,,,,,,,0.5305164319248826,1.8465164319248824,,,,,
Roman Wilson,WR,PIT,IND,0.28,1,Anytime Touchdown,-0.72,0,-1,0.2,-0.8,600,0,21,0.2222222222222222,0,0,0,0.2,0.18181818181818182,0.14285714285714285,1.8388571428571427,,,,,
Rhamondre Stevenson,RB,NE,LV,0.24,1,Anytime Touchdown,-0.76,0.2,-0.8,0.7,-0.3,139,0,18,0.3333333333333333,0,0,0.2,0.4,0.3,0.41841004184100417,1.834410041841004,,,,,
Cole Kmet,TE,CHI,GB,1.18,1.5,Receptions,-0.32000000000000006,1.4,-0.1,1.8,0.3,-113,0,14,0.5555555555555556,0.5,0.3333333333333333,0.6,0.8,0.55,0.5305164319248826,1.8331830985915492,,,,,
Geno Smith,QB,NYJ,CLE,0.1,1,Anytime Touchdown,-0.9,0,-1,0,-1,794,0,22,0,0,0,0,0,0,0.11185682326621924,1.8318568232662191,,,,,
Woody Marks,RB,HOU,TEN,10.1,11.17,Receiving Yards,-1.0700000000000003,8.8,-2.37,6.2,-4.97,-113,1,17,0.3333333333333333,0.5,1,0.4,0.2,0.35,0.5305164319248826,1.8281164319248826,,,,,
Jaylen Waddle,WR,DEN,LAC,0.46,1,Anytime Touchdown,-0.54,0,-1,0.2,-0.8,199,0,18,0.375,0,0,0,0.2,0.3333333333333333,0.33444816053511706,1.802448160535117,,,,,
Tee Higgins,WR,CIN,MIA,49.05,53.83,Receiving Yards,-4.780000000000001,66.6,12.77,68.4,14.57,-114,4,3,0.5333333333333333,1,1,0.8,0.7,0.5882352941176471,0.5327102803738317,1.7631102803738312,,,,,
Rachaad White,RB,WAS,NYG,0.6,2.5,Receptions,-1.9,2.8,0.3,2.2,-0.3,-116,1,16,0.35294117647058826,0.5,1,0.2,0.2,0.3684210526315789,0.5370370370370371,1.7570370370370374,,,,,
Courtland Sutton,WR,DEN,LAC,0.33,1,Anytime Touchdown,-0.6699999999999999,0.2,-0.8,0.4,-0.6,264,0,18,0.42105263157894735,0,0.5,0.2,0.4,0.35,0.27472527472527475,1.7457252747252747,,,,,
Germie Bernard,WR,PIT,IND,0.08,1,Anytime Touchdown,-0.92,0,-1,0,-1,650,0,21,,0,0,0,0,0,0.13333333333333333,1.7453333333333332,,,,,
Romeo Doubs,WR,NE,LV,4.09,3.5,Receptions,0.5899999999999999,3.8,0.3,3.1,-0.4,117,0,10,0.47058823529411764,0,0,0.4,0.4,0.42105263157894735,0.4608294930875576,1.7308294930875576,,,,,
Denzel Boston,WR,CLE,NYJ,3.81,3.5,Receptions,0.31000000000000005,3.5,0,3.5,0,-113,1,7,,0.5,1,0.5,0.5,0.5,0.5305164319248826,1.7195164319248826,,,,,
Kayshon Boutte,WR,HOU,TEN,0.14,1,Anytime Touchdown,-0.86,0.2,-0.8,0.2,-0.8,299,0,19,0.3333333333333333,0,0,0.2,0.2,0.3,0.2506265664160401,1.71662656641604,,,,,
Jeremy Ruckert,TE,NYJ,CLE,0.06,1,Anytime Touchdown,-0.94,0,-1,0,-1,794,0,21,0.07142857142857142,0,0,0,0,0.0625,0.11185682326621924,1.7158568232662192,,,,,
DeMario Douglas,WR,NE,LV,2.71,2.5,Receptions,0.20999999999999996,2.6,0.1,1.8,-0.7,-159,0,10,0.3,0.5,0,0.4,0.2,0.35,0.6138996138996139,1.7058996138996139,,,,,
Michael Pittman Jr,WR,,IND,0,2.5,Receptions,-2.5,,,,,-152,,21,,,,,,,0.6031746031746031,1.7031746031746033,,,,,
Pat Freiermuth,TE,PIT,IND,0.32,1,Anytime Touchdown,-0.6799999999999999,0.2,-0.8,0.2,-0.8,330,0,18,0.1875,0.5,0,0.2,0.2,0.2222222222222222,0.23255813953488372,1.6705581395348836,,,,,
Woody Marks,RB,HOU,TEN,0.45999999999999996,1,Anytime Touchdown,-0.54,0.2,-0.8,0.2,-0.8,266,0,17,0.2777777777777778,0,0,0.2,0.2,0.25,0.273224043715847,1.6672240437158472,,,,,
Xavier Hutchinson,WR,HOU,TEN,0.15,1,Anytime Touchdown,-0.85,0,-1,0,-1,343,0,19,0.1111111111111111,0,0,0,0,0.1,0.22573363431151242,1.6657336343115123,,,,,
Jacory Croskey-Merritt,RB,WAS,NYG,0.43,1,Anytime Touchdown,-0.5700000000000001,0.8,-0.2,0.5,-0.5,255,0,16,0.35294117647058826,0.5,0.3333333333333333,0.6,0.4,0.3684210526315789,0.28169014084507044,1.6583568075117372,,,,,
Dalton Schultz,TE,HOU,TEN,3.65,5.17,Receptions,-1.52,5,-0.17,5.1,-0.07,22,1,11,0.3157894736842105,0.5,1,0.2,0.3,0.35,0.819672131147541,1.6492721311475411,,,,,
Tyson Bagent,QB,CHI,GB,1.59,0.83,Passing Touchdowns,0.7600000000000001,0,-0.83,0,-0.83,-117,0,9,0,0,0,0,0,0,0.5391705069124424,1.6435705069124424,,,,,
Harold Fannin Jr,TE,,NYJ,4.38,3.5,Receptions,0.8799999999999999,,,,,-143,,7,,,,,,,0.588477366255144,1.6404773662551442,,,,,
Jelani Woods,TE,NYJ,CLE,0,1,Anytime Touchdown,-1,0,-1,0,-1,1567,0,21,0,,0,0,0,0,0.059988002399520096,1.6399880023995201,,,,,
Jaylin Noel,WR,HOU,TEN,0.13,1,Anytime Touchdown,-0.87,0,-1,0.1,-0.9,424,0,19,0.10526315789473684,0,0,0,0.1,0.1,0.19083969465648856,1.6248396946564885,,,,,
Elijah Arroyo,TE,SEA,SF,5.62,5.17,Receiving Yards,0.4500000000000002,4.4,-0.77,11.4,6.23,-111,1,5,0.5384615384615384,1,0.6666666666666666,0.2,0.5,0.5714285714285714,0.5260663507109005,1.5929996840442338,,,,,
Luther Burden,WR,,GB,0.37,1,Anytime Touchdown,-0.63,,,,,310,,16,,,,,,,0.24390243902439024,1.5919024390243903,,,,,
LeQuint Allen Jr,RB,,PHI,0.04,1,Anytime Touchdown,-0.96,,,,,1375,,19,,,,,,,0.06779661016949153,1.5837966101694916,,,,,
Bo Nix,QB,DEN,LAC,0.21,1,Anytime Touchdown,-0.79,0.2,-0.8,0.2,-0.8,431,0,18,0.2222222222222222,0,0,0.2,0.2,0.2,0.18832391713747645,1.5823239171374763,,,,,
Colby Parkinson,TE,LA,BUF,1.25,2.5,Receptions,-1.25,2.2,-0.3,3.1,0.6,-126,0,15,0.5882352941176471,0,0,0.4,0.6,0.5263157894736842,0.5575221238938053,1.5515221238938053,,,,,
Jonnu Smith,TE,GB,CHI,1.15,1.5,Receptions,-0.3500000000000001,2.4,0.9,1.8,0.3,141,3,2,0.6666666666666666,1,1,0.8,0.6,0.7,0.4149377593360996,1.5449377593360996,,,,,
Joe Burrow,QB,CIN,MIA,0.13,1,Anytime Touchdown,-0.87,0,-1,0,-1,800,0,19,0,0,0,0,0,0,0.1111111111111111,1.543111111111111,,,,,
Skyy Moore,WR,GB,CHI,1.6,1.5,Receptions,0.10000000000000009,1,-0.5,0.6,-0.9,131,2,5,0,0.6666666666666666,0.5,0.4,0.2,0.1,0.4329004329004329,1.5419004329004329,,,,,
David Montgomery,RB,HOU,TEN,0.59,1,Anytime Touchdown,-0.41000000000000003,0.6,-0.4,0.6,-0.4,-2,0,17,0.4117647058823529,0.5,0.5,0.2,0.4,0.42105263157894735,0.0196078431372549,1.538607843137255,,,,,
Jauan Jennings,WR,MIN,NO,9.35,14.5,Receiving Yards,-5.15,29,14.5,38.7,24.2,-114,0,11,0.9411764705882353,0,0,0.8,0.9,0.8888888888888888,0.5327102803738317,1.530710280373832,,,,,
Marvin Mims Jr,WR,,LAC,0.06,1,Anytime Touchdown,-0.94,,,,,883,,18,,,,,,,0.1017293997965412,1.525729399796541,,,,,
Ashton Jeanty,RB,LV,NE,64.02,68.83,Rushing Yards,-4.810000000000002,85,16.17,57.8,-11.03,-112,0,15,0.23529411764705882,0.5,0,0.6,0.3,0.2631578947368421,0.5283018867924528,1.518701886792452,,,,,
Darius Slayton,WR,NYG,Not Found,5.77,12,Receiving Yards,-6.23,34.4,22.4,40.3,28.3,-113,2,0,0.8571428571428571,,1,0.8,0.9,0.8571428571428571,0.5305164319248826,1.518516431924882,,,,,
Jordan Addison,WR,MIN,NO,2.6,3.17,Receptions,-0.5699999999999998,1,-2.17,1.8,-1.37,13,0,11,0.35714285714285715,0,0,0,0.2,0.3125,0.8849557522123894,1.5125557522123896,,,,,
Cooper Kupp,WR,SEA,SF,2.02,2.17,Receptions,-0.1499999999999999,3.8,1.63,3.2,1.03,33,0,6,0.5263157894736842,0,0.3333333333333333,0.6,0.5,0.5,0.7518796992481203,1.5101463659147871,,,,,
Jared Wayne,WR,HOU,TEN,0.01,1,Anytime Touchdown,-0.99,0,-1,0,-1,717,0,19,0,0,0,0,0,0,0.12239902080783353,1.5063990208078335,,,,,
Terry McLaurin,WR,WAS,NYG,0.22,1,Anytime Touchdown,-0.78,0,-1,0.3,-0.7,337,0,17,0.3,0,0,0,0.3,0.25,0.2288329519450801,1.50283295194508,,,,,
Jalen Nailor,WR,LV,NE,0.38,2.5,Receptions,-2.12,1.4,-1.1,1.4,-1.1,119,0,20,0.4117647058823529,0.5,0,0.4,0.4,0.42105263157894735,0.45662100456621,1.4886210045662098,,,,,
Tony Pollard,RB,TEN,HOU,1.96,1.5,Receptions,0.45999999999999996,1.4,-0.1,1.6,0.1,151,0,9,0.5294117647058824,0,0,0.4,0.4,0.47368421052631576,0.398406374501992,1.4864063745019922,,,,,
Ameer Abdullah,RB,JAX,PHI,0.03,1,Anytime Touchdown,-0.97,0,-1,0,-1,963,0,19,0.07692307692307693,0,0,0,0,0.06666666666666667,0.09407337723424271,1.4860733772342427,,,,,
Brock Purdy,QB,SF,SEA,1.49,1.5,Passing Touchdowns,-0.010000000000000009,1.4,-0.1,2,0.5,-163,2,2,0.6363636363636364,1,1,0.6,0.6,0.6923076923076923,0.6197718631178707,1.483771863117871,,,,,
CeeDee Lamb,WR,DAL,TB,7.51,6.5,Receptions,1.0099999999999998,5,-1.5,5.3,-1.2,-111,1,4,0.38461538461538464,0.5,0.3333333333333333,0.2,0.2,0.4,0.5260663507109005,1.478733017377567,,,,,
Darnell Washington,TE,PIT,IND,0.2,1,Anytime Touchdown,-0.8,0,-1,0,-1,750,0,18,0.07692307692307693,0,0,0,0,0.06666666666666667,0.11764705882352941,1.4776470588235293,,,,,
Elijah Arroyo,TE,SEA,SF,0.46,0.5,Receptions,-0.03999999999999998,0.4,-0.1,1.1,0.6,-159,1,5,0.6923076923076923,1,1,0.4,0.7,0.7142857142857143,0.6138996138996139,1.4618996138996139,,,,,
Drake Maye,QB,NE,LV,0.2,1,Anytime Touchdown,-0.8,0.2,-0.8,0.3,-0.7,272,0,16,0.19047619047619047,0,0,0.2,0.2,0.15,0.26881720430107525,1.4608172043010752,,,,,
Mack Hollins,WR,NE,LV,1.58,2.5,Receptions,-0.9199999999999999,3.8,1.3,3.8,1.3,-163,0,10,0.5,0.5,0.5,0.6,0.7,0.5,0.6197718631178707,1.4507718631178708,,,,,
Troy Franklin,WR,DEN,LAC,0.13,1,Anytime Touchdown,-0.87,0,-1,0.2,-0.8,800,0,18,0.29411764705882354,0,0,0,0.2,0.2631578947368421,0.1111111111111111,1.447111111111111,,,,,
Terry McLaurin,WR,WAS,NYG,2.1,3.5,Receptions,-1.4,3.2,-0.3,3.5,0,-41,0,17,0.4,0,0.5,0.4,0.3,0.3333333333333333,0.2907801418439716,1.4377801418439717,,,,,
Jalen Hurts,QB,PHI,JAX,0.35,1,Anytime Touchdown,-0.65,0,-1,0.3,-0.7,150,0,14,0.35294117647058826,0,0,0,0.2,0.3157894736842105,0.4,1.4260000000000002,,,,,
Rome Odunze,WR,CHI,GB,0.28,1,Anytime Touchdown,-0.72,0,-1,0.1,-0.9,390,0,16,0.35714285714285715,0,0.3333333333333333,0,0.1,0.3125,0.20408163265306123,1.414748299319728,,,,,
DJ Moore,WR,BUF,LAR,0.16,1,Anytime Touchdown,-0.84,0.6,-0.4,0.6,-0.4,170,0,14,0.3684210526315789,0.5,0,0.6,0.5,0.4,0.37037037037037035,1.4043703703703705,,,,,
Quentin Johnston,WR,LAC,DEN,2.81,3.5,Receptions,-0.69,3,-0.5,2.9,-0.6,133,0,13,0.5714285714285714,0,0,0.4,0.4,0.5,0.4291845493562232,1.4031845493562232,,,,,
Malik Willis,QB,MIA,CIN,0.23,1,Anytime Touchdown,-0.77,0.6,-0.4,0.5,-0.5,322,0,15,0.25,0.5,0,0.4,0.3333333333333333,0.3333333333333333,0.23696682464454977,1.3909668246445497,,,,,
Kalif Raymond,WR,CHI,GB,0.27,1,Anytime Touchdown,-0.73,0.2,-0.8,0.1,-0.9,475,0,16,0.06666666666666667,0,0,0.2,0.1,0.058823529411764705,0.17391304347826086,1.389913043478261,,,,,
Kevin Coleman Jr,WR,,CIN,0.7,1.5,Receptions,-0.8,,,,,107,,12,,,,,,,0.4830917874396135,1.3630917874396136,,,,,
Corey Kiner,RB,NE,LV,0.08,1,Anytime Touchdown,-0.92,0,-1,0,-1,1950,0,18,0,0,0,0,0,0,0.04878048780487805,1.360780487804878,,,,,
Bijan Robinson,RB,ATL,BAL,3.79,4.5,Receptions,-0.71,4.2,-0.3,4.5,0,-124,0,11,0.5294117647058824,0.3333333333333333,0,0.4,0.5,0.5,0.5535714285714286,1.3515714285714286,,,,,
Rachaad White,RB,WAS,NYG,0.08,1,Anytime Touchdown,-0.92,0,-1,0,-1,335,0,16,0.17647058823529413,0,0,0,0,0.15789473684210525,0.22988505747126436,1.3418850574712642,,,,,
Jerry Jeudy,WR,CLE,NYJ,1.31,1.5,Receptions,-0.18999999999999995,2.4,0.9,2.4,0.9,-140,0,7,0.8235294117647058,0.5,0,0.8,0.8,0.7894736842105263,0.5833333333333334,1.3393333333333335,,,,,
Dalton Kincaid,TE,BUF,LAR,3.95,4.5,Receptions,-0.5499999999999998,4.8,0.3,3.9,-0.6,-37,3,3,0.2857142857142857,1,1,0.6,0.4,0.375,0.27007299270072993,1.33607299270073,,,,,
Khalil Shakir,WR,BUF,LAR,0.3,1,Anytime Touchdown,-0.7,0,-1,0.1,-0.9,205,0,14,0.2222222222222222,0,0,0,0.1,0.2,0.32786885245901637,1.3298688524590163,,,,,
Gunnar Helm,TE,TEN,HOU,0.09,1,Anytime Touchdown,-0.91,0.2,-0.8,0.1,-0.9,513,0,16,0.125,0,0,0.2,0.1,0.1111111111111111,0.1631321370309951,1.307132137030995,,,,,
DJ Moore,WR,BUF,LAR,1.77,3.5,Receptions,-1.73,3.4,-0.1,3,-0.5,-140,0,14,0.5263157894736842,0.5,0.3333333333333333,0.6,0.5,0.55,0.5833333333333334,1.306,,,,,
Matthew Golden,WR,GB,CHI,4.61,4.5,Receptions,0.11000000000000032,4,-0.5,2.5,-2,105,1,5,0.06666666666666667,0.6666666666666666,1,0.4,0.2,0.16666666666666666,0.4878048780487805,1.3038048780487808,,,,,
Colby Parkinson,TE,LA,BUF,0.14,1,Anytime Touchdown,-0.86,0.2,-0.8,0.6,-0.4,338,0,15,0.4117647058823529,0,0,0.2,0.4,0.3684210526315789,0.228310502283105,1.3023105022831047,,,,,
Ben Sinnott,TE,WAS,NYG,0.01,1,Anytime Touchdown,-0.99,0,-1,0.1,-0.9,800,0,17,0.1111111111111111,0,0,0,0.1,0.1,0.1111111111111111,1.2971111111111113,,,,,
Dyami Brown,WR,WAS,NYG,0.05,1,Anytime Touchdown,-0.95,0,-1,0,-1,933,0,17,0.09090909090909091,0,0,0,0,0.07692307692307693,0.0968054211035818,1.296805421103582,,,,,
Colston Loveland,TE,CHI,GB,0.34,1,Anytime Touchdown,-0.6599999999999999,0.2,-0.8,0.3,-0.7,302,0,14,0.2777777777777778,0,0,0.2,0.3,0.25,0.24875621890547264,1.2967562189054727,,,,,
John Bates,TE,WAS,NYG,0.02,1,Anytime Touchdown,-0.98,0.2,-0.8,0.1,-0.9,1550,0,17,0.1,0,0.3333333333333333,0.2,0.1,0.09090909090909091,0.06060606060606061,1.2932727272727271,,,,,
Keenan Allen,WR,IND,PIT,3,3.5,Receptions,-0.5,3.6,0.1,3.9,0.4,-111,0,9,0.7222222222222222,0.5,0.6666666666666666,0.4,0.6,0.7,0.5260663507109005,1.2893996840442339,,,,,
Cam Ward,QB,TEN,HOU,198.10999999999999,195.5,Passing + Rushing Yards,2.609999999999985,170.8,-24.7,173.2,-22.3,-113,0,26,0.47058823529411764,0,0,0.4,0.3,0.42105263157894735,0.5305164319248826,1.2705164319248765,,,,,
Treylon Burks,WR,WAS,NYG,0.06,1,Anytime Touchdown,-0.94,0,-1,0.111,-0.889,1717,0,17,0.125,0,0,0,0.1111111111111111,0.1111111111111111,0.0550357732526142,1.2612557732526144,,,,,
Tyler Higbee,TE,LA,BUF,0.3,1,Anytime Touchdown,-0.7,0.2,-0.8,0.3,-0.7,738,0,15,0.23076923076923078,0,0,0.2,0.3,0.21428571428571427,0.11933174224343675,1.2513317422434367,,,,,
Luke McCaffrey,WR,WAS,NYG,0,1,Anytime Touchdown,-1,0.2,-0.8,0.333,-0.667,2650,0,17,0.3333333333333333,,0,0.2,0.3333333333333333,0.3333333333333333,0.03636363636363636,1.2490236363636364,,,,,
Jauan Jennings,WR,MIN,NO,1.02,1.5,Receptions,-0.48,1.8,0.3,3,1.5,-35,0,11,0.8823529411764706,0,0,0.6,0.8,0.8333333333333334,0.25925925925925924,1.2452592592592595,,,,,
Justin Jefferson,WR,MIN,NO,0.47,1,Anytime Touchdown,-0.53,0.4,-0.6,0.2,-0.8,150,0,11,0.11764705882352941,0.5,0.3333333333333333,0.2,0.1,0.15789473684210525,0.4,1.2346666666666666,,,,,
Colson Yankoff,TE,WAS,NYG,0,1,Anytime Touchdown,-1,0,-1,0,-1,1900,0,17,0,0,0,0,0,0,0.05,1.2300000000000002,,,,,
Bucky Irving,RB,TB,DAL,78.05000000000001,77.5,Rushing + Receiving Yards,0.5500000000000114,61.8,-15.7,61.4,-16.1,-114,1,20,0.1,0.5,1,0.4,0.2,0.16666666666666666,0.5327102803738317,1.2227102803738363,,,,,
Ryan Flournoy,WR,DAL,TB,3.54,3.5,Receptions,0.040000000000000036,3.6,0.1,3.3,-0.2,120,1,4,0.26666666666666666,0.5,0.5,0.6,0.4,0.29411764705882354,0.45454545454545453,1.2195454545454545,,,,,
Kaytron Allen,RB,WAS,NYG,0.14,1,Anytime Touchdown,-0.86,0,-1,0,-1,1183,0,16,,0,0,0,0,0,0.0779423226812159,1.2139423226812158,,,,,
Sam Darnold,QB,SEA,SF,1.66,1.5,Passing Touchdowns,0.15999999999999992,1,-0.5,1.1,-0.4,102,0,7,0.45,0,0,0.2,0.3,0.45,0.49504950495049505,1.207049504950495,,,,,
Daniel Bellinger,TE,TEN,HOU,0.05,1,Anytime Touchdown,-0.95,0.2,-0.8,0.2,-0.8,1450,0,16,0.15384615384615385,0,0,0.2,0.2,0.13333333333333333,0.06451612903225806,1.194516129032258,,,,,
Blake Whiteheart,TE,CLE,NYJ,3.66,5.5,Receiving Yards,-1.8399999999999999,6.2,0.7,3.5,-2,-111,2,7,0,1,1,0.4,0.2,0.18181818181818182,0.5260663507109005,1.1820663507109004,,,,,
Ollie Gordon,RB,,CIN,0.5,1,Anytime Touchdown,-0.5,,,,,492,,12,,,,,,,0.16891891891891891,1.168918918918919,,,,,
Tyjae Spears,RB,TEN,HOU,1.57,2.5,Receptions,-0.9299999999999999,3.4,0.9,3.6,1.1,100,0,9,0.6923076923076923,0,0,0.4,0.5,0.6,0.5,1.1520000000000001,,,,,
Evan Engram,TE,DEN,LAC,1.99,2.5,Receptions,-0.51,2.2,-0.3,2.6,0.1,-128,0,8,0.5555555555555556,0.5,0,0.4,0.4,0.55,0.5614035087719298,1.1414035087719299,,,,,
Cole Kmet,TE,CHI,GB,0.11,1,Anytime Touchdown,-0.89,0.4,-0.6,0.3,-0.7,563,0,14,0.16666666666666666,0.5,0,0.4,0.3,0.2,0.15082956259426847,1.1328295625942684,,,,,
Max Klare,TE,,BUF,0,1,Anytime Touchdown,-1,,,,,3233,,15,,,,,,,0.030003000300030003,1.13000300030003,,,,,
Gunnar Helm,TE,TEN,HOU,18.86,21.17,Receiving Yards,-2.3100000000000023,20,-1.17,22.6,1.43,-112,0,16,0.5,0.5,0,0.4,0.5,0.5,0.5283018867924528,1.127901886792452,,,,,
Dawson Knox,TE,BUF,LAR,1.33,1.5,Receptions,-0.16999999999999993,2.2,0.7,2.9,1.4,139,1,3,0.6666666666666666,0.5,1,0.8,0.8,0.65,0.41841004184100417,1.1224100418410043,,,,,
Cam Skattebo,RB,NYG,WAS,2.2,2.5,Receptions,-0.2999999999999998,2,-0.5,2.8,0.3,136,1,5,0.375,0.5,1,0.4,0.4,0.4,0.423728813559322,1.1217288135593222,,,,,
Bryce Lance,WR,NO,MIN,10.75,15.83,Receiving Yards,-5.08,25,9.17,25,9.17,-116,0,15,,0.5,0,0.5,0.5,0.5,0.5370370370370371,1.120437037037037,,,,,
Christian Watson,WR,GB,CHI,4.55,4.83,Receptions,-0.28000000000000025,5,0.17,4.3,-0.53,-55,1,5,0.18181818181818182,0.6666666666666666,1,0.6,0.4,0.2857142857142857,0.3548387096774194,1.1172387096774192,,,,,
David Martin-Robinson,TE,TEN,HOU,Not Found,1,Anytime Touchdown,-1,0,-1,0.1,-0.9,3050,0,16,0.09090909090909091,,0,0,0.1,0.09090909090909091,0.031746031746031744,1.113746031746032,,,,,
Zavion Thomas,WR,CHI,GB,0.01,1,Anytime Touchdown,-0.99,0,-1,0,-1,3833,0,16,,0,0,0,0,0,0.025425883549453344,1.1094258835494535,,,,,
Ryan Miller,WR,MIA,CIN,0.03,1,Anytime Touchdown,-0.97,0.2,-0.8,0.2,-0.8,1667,1,12,0.1111111111111111,1,0.5,0.2,0.2,0.2,0.056593095642331635,1.1035930956423319,,,,,
Davis Allen,TE,LA,BUF,0.07,1,Anytime Touchdown,-0.9299999999999999,0,-1,0.1,-0.9,1150,0,15,0.2,0,0,0,0.1,0.17647058823529413,0.08,1.09,,,,,
Malik Washington,WR,MIA,CIN,0.31000000000000005,1,Anytime Touchdown,-0.69,0.4,-0.6,0.3,-0.7,343,0,12,0.23529411764705882,0,0,0.4,0.3,0.21052631578947367,0.22573363431151242,1.0877336343115125,,,,,
Brian Robinson Jr,RB,,BAL,0.44,1,Anytime Touchdown,-0.56,,,,,389,,11,,,,,,,0.20449897750511248,1.0804989775051126,,,,,
Justin Jefferson,WR,MIN,NO,3.88,5.5,Receptions,-1.62,5.8,0.3,4.4,-1.1,-149,0,11,0.35294117647058826,0.5,0,0.6,0.3,0.3684210526315789,0.5983935742971888,1.0763935742971888,,,,,
Mike Evans,WR,SF,SEA,4.3,4.17,Receptions,0.1299999999999999,3.8,-0.37,3.9,-0.27,25,0,2,0.5,0.5,0,0.4,0.5,0.5,0.8,1.0216,,,,,
Derrick Henry,RB,BAL,ATL,9.53,9.83,Receiving Yards,-0.3000000000000007,7.6,-2.23,13.3,3.47,-110,2,1,0.29411764705882354,1,1,0.4,0.5,0.3684210526315789,0.5238095238095238,1.0122095238095237,,,,,
MarShawn Lloyd,RB,GB,CHI,0.38,1,Anytime Touchdown,-0.62,0.333,-0.667,0.333,-0.667,208,0,10,,0.3333333333333333,0,0.3333333333333333,0.3333333333333333,0.3333333333333333,0.3246753246753247,1.0066353246753246,,,,,
Rashid Shaheed,WR,SEA,SF,2.32,2.5,Receptions,-0.18000000000000016,1.4,-1.1,1.8,-0.7,-35,1,6,0.5238095238095238,0.5,0.6666666666666666,0.2,0.3,0.45,0.25925925925925924,1.0025925925925925,,,,,
Dalton Schultz,TE,HOU,TEN,0.23,1,Anytime Touchdown,-0.77,0,-1,0.2,-0.8,213,0,11,0.15789473684210525,0,0,0,0.2,0.15,0.3194888178913738,0.9954888178913737,,,,,
Cam Skattebo,RB,NYG,WAS,0.54,1,Anytime Touchdown,-0.45999999999999996,1.2,0.2,0.8,-0.2,58,0,5,0.625,0.5,0,0.8,0.6,0.6,0.6329113924050633,0.9889113924050634,,,,,
Tucker Kraft,TE,GB,CHI,3.96,3.83,Receptions,0.1299999999999999,3.6,-0.23,3.9,0.07,-62,1,2,0.5,0.3333333333333333,1,0.4,0.5,0.45454545454545453,0.38271604938271603,0.975116049382716,,,,,
Austin Hooper,TE,ATL,BAL,0.11,1,Anytime Touchdown,-0.89,0.2,-0.8,0.2,-0.8,1363,1,10,0.125,0.5,1,0.2,0.2,0.16666666666666666,0.0683526999316473,0.9723526999316472,,,,,
Romeo Doubs,WR,NE,LV,0.41,1,Anytime Touchdown,-0.5900000000000001,0.4,-0.6,0.3,-0.7,277,0,10,0.29411764705882354,0,0,0.4,0.3,0.2631578947368421,0.26525198938992045,0.9672519893899204,,,,,
Kaelon Black,RB,SF,SEA,25.86,32.17,Rushing Yards,-6.310000000000002,45,12.83,45,12.83,-114,0,14,,0.5,0,0.5,0.5,0.5,0.5327102803738317,0.9633102803738312,,,,,
Jaylen Wright,RB,MIA,CIN,0.19,1,Anytime Touchdown,-0.81,0.2,-0.8,0.2,-0.8,492,0,12,0.2222222222222222,0,0,0.2,0.2,0.18181818181818182,0.16891891891891891,0.9549189189189189,,,,,
Sam Roush,TE,CHI,GB,0.07,1,Anytime Touchdown,-0.9299999999999999,0,-1,0,-1,2033,0,14,,0,0,0,0,0,0.04688232536333802,0.9548823253633381,,,,,
Jordan Love,QB,GB,CHI,0.09,1,Anytime Touchdown,-0.91,0,-1,0,-1,644,0,13,0,0,0,0,0,0,0.13440860215053763,0.9504086021505375,,,,,
Tony Pollard,RB,TEN,HOU,0.36,1,Anytime Touchdown,-0.64,0,-1,0.3,-0.7,145,0,9,0.23529411764705882,0,0,0,0.2,0.21052631578947367,0.40816326530612246,0.9381632653061225,,,,,
Kevin Coleman Jr,WR,,CIN,0.07,1,Anytime Touchdown,-0.9299999999999999,,,,,833,,12,,,,,,,0.10718113612004287,0.935181136120043,,,,,
Kaleb Johnson,RB,GB,CHI,0.28,1,Anytime Touchdown,-0.72,0,-1,0,-1,194,0,10,0,0,0,0,0,0,0.3401360544217687,0.9321360544217687,,,,,
Kyle Pitts Sr,TE,,BAL,2,3.5,Receptions,-1.5,,,,,-112,,10,,,,,,,0.5283018867924528,0.9283018867924527,,,,,
Deebo Samuel Sr,WR,,SEA,3.76,3.5,Receptions,0.2599999999999998,,,,,-164,,2,,,,,,,0.6212121212121212,0.9252121212121212,,,,,
Caleb Douglas,WR,MIA,CIN,0.1,1,Anytime Touchdown,-0.9,0,-1,0,-1,390,0,12,,0,0,0,0,0,0.20408163265306123,0.9240816326530612,,,,,
Chris Bell,WR,MIA,CIN,0.24,1,Anytime Touchdown,-0.76,0,-1,0,-1,592,0,12,,0,0,0,0,0,0.14450867052023122,0.9205086705202312,,,,,
Michael Penix Jr,QB,,BAL,0.08,1,Anytime Touchdown,-0.92,,,,,1100,,12,,,,,,,0.08333333333333333,0.9153333333333334,,,,,
Kyle Pitts Sr,TE,,BAL,0.23,1,Anytime Touchdown,-0.77,,,,,386,,10,,,,,,,0.205761316872428,0.8977613168724279,,,,,
Drew Ogletree,TE,,PIT,0.01,1,Anytime Touchdown,-0.99,,,,,1700,,12,,,,,,,0.05555555555555555,0.8595555555555557,,,,,
Tyler Shough,QB,NO,MIN,1.43,1.5,Passing Touchdowns,-0.07000000000000006,1.6,0.1,1.3,-0.2,35,0,1,0.2727272727272727,0.5,0,0.4,0.4,0.3076923076923077,0.7407407407407407,0.8307407407407407,,,,,
James Cook,RB,BUF,LAR,1.46,1.5,Receptions,-0.040000000000000036,1.6,0.1,1.7,0.2,-154,0,2,0.5789473684210527,0.5,0,0.6,0.6,0.55,0.6062992125984252,0.8222992125984252,,,,,
Chris Brooks,RB,GB,CHI,0.23,1.5,Receptions,-1.27,0.6,-0.9,0.8,-0.7,131,0,10,0.16666666666666666,0,0,0,0.1,0.15,0.4329004329004329,0.8209004329004329,,,,,
Marcus Mariota,QB,WAS,Not Found,Not Found,0.5,Passing Touchdowns,-0.5,0.8,0.3,1,0.5,-173,1,0,0.7,1,0.5,0.6,0.7,0.7272727272727273,0.6336996336996337,0.8166996336996337,,,,,
DeMario Douglas,WR,NE,LV,0.2,1,Anytime Touchdown,-0.8,0.2,-0.8,0.1,-0.9,377,0,10,0.2,0,0,0.2,0.1,0.15,0.20964360587002095,0.7976436058700208,,,,,
Josh Downs,WR,IND,PIT,0.33,1,Anytime Touchdown,-0.6699999999999999,0,-1,0.1,-0.9,255,0,9,0.25,0,0,0,0.1,0.2222222222222222,0.28169014084507044,0.7956901408450705,,,,,
Mack Hollins,WR,NE,LV,0.13,1,Anytime Touchdown,-0.87,0.2,-0.8,0.1,-0.9,330,0,10,0.1875,0,0,0.2,0.1,0.16666666666666666,0.23255813953488372,0.7925581395348835,,,,,
Mo Alie-Cox,TE,IND,PIT,0.02,1,Anytime Touchdown,-0.98,0.2,-0.8,0.1,-0.9,1313,0,12,0.09090909090909091,,0,0.2,0.1,0.09090909090909091,0.07077140835102619,0.7867714083510262,,,,,
Darius Slayton,WR,NYG,Not Found,0.4,1.5,Receptions,-1.1,2.6,1.1,2.8,1.3,146,2,0,0.7857142857142857,,1,0.8,0.8,0.7857142857142857,0.4065040650406504,0.7765040650406504,,,,,
Jalen Tolbert,WR,DAL,CIN,0,1,Anytime Touchdown,-1,0.2,-0.8,0.1,-0.9,1500,0,12,0.08333333333333333,,0,0.2,0.1,0.08333333333333333,0.0625,0.7705000000000001,,,,,
Derrick Henry,RB,BAL,ATL,1.31,1.5,Receptions,-0.18999999999999995,0.8,-0.7,1,-0.5,116,1,1,0.23529411764705882,0.5,1,0.2,0.3,0.2631578947368421,0.46296296296296297,0.7629629629629631,,,,,
Tee Higgins,WR,CIN,MIA,3.68,4.5,Receptions,-0.8199999999999998,4.2,-0.3,4.3,-0.2,121,1,3,0.4,0.5,1,0.4,0.5,0.4117647058823529,0.45248868778280543,0.7524886877828056,,,,,
Harold Fannin Jr,TE,,NYJ,0.44,1,Anytime Touchdown,-0.56,,,,,268,,7,,,,,,,0.2717391304347826,0.7477391304347827,,,,,
Efton Chism,WR,,LV,0.21,1,Anytime Touchdown,-0.79,,,,,1638,,10,,,,,,,0.05753739930955121,0.7415373993095511,,,,,
AJ Barner,TE,SEA,SF,2.53,2.5,Receptions,0.029999999999999805,1.8,-0.7,2.4,-0.1,-38,0,5,0.55,0,0.3333333333333333,0.2,0.5,0.55,0.2753623188405797,0.7380289855072463,,,,,
Chris Brooks,RB,GB,CHI,0.03,1,Anytime Touchdown,-0.97,0,-1,0,-1,311,0,10,0,0,0,0,0,0,0.24330900243309003,0.73530900243309,,,,,
Patrick Mahomes,QB,KC,Not Found,Not Found,1.5,Passing Touchdowns,-1.5,1.8,0.3,1.6,0.1,-186,2,0,0.35714285714285715,1,0.5,0.6,0.5,0.4375,0.6503496503496503,0.7253496503496503,,,,,
Nate Adkins,TE,DEN,LAC,0.1,1,Anytime Touchdown,-0.9,0.2,-0.8,0.222,-0.778,1963,1,8,0.14285714285714285,0.5,0.5,0.2,0.2222222222222222,0.2222222222222222,0.048473097430925836,0.7239130974309257,,,,,
Noah Fant,TE,NO,MIN,0.55,1.5,Receptions,-0.95,1.2,-0.3,1.8,0.3,-108,0,6,0.6153846153846154,0.5,0,0.2,0.4,0.6,0.5192307692307693,0.7212307692307693,,,,,
George Pickens,WR,DAL,TB,4.61,5.5,Receptions,-0.8899999999999997,4.2,-1.3,5.3,-0.2,110,1,4,0.47058823529411764,0.5,0.3333333333333333,0.4,0.5,0.47368421052631576,0.47619047619047616,0.714857142857143,,,,,
Foster Moreau,TE,HOU,TEN,0.09,1,Anytime Touchdown,-0.91,0,-1,0,-1,963,0,11,0,0,0,0,0,0,0.09407337723424271,0.7100733772342426,,,,,
Keenan Allen,WR,IND,PIT,0.22,1,Anytime Touchdown,-0.78,0,-1,0,-1,354,0,9,0.2222222222222222,0,0.3333333333333333,0,0,0.2,0.22026431718061673,0.7049309838472833,,,,,
Tony Pollard,RB,TEN,HOU,67.39,68.83,Rushing + Receiving Yards,-1.4399999999999977,66.8,-2.03,70.1,1.27,-111,0,9,0.29411764705882354,0,0,0.4,0.4,0.2631578947368421,0.5260663507109005,0.6844663507109014,,,,,
Christian McCaffrey,RB,SF,SEA,57.09,56.5,Rushing Yards,0.5900000000000034,39.4,-17.1,66.9,10.4,-113,0,14,0.47368421052631576,0.5,0,0.2,0.5,0.45,0.5305164319248826,0.670516431924884,,,,,
Tyjae Spears,RB,TEN,HOU,0.15,1,Anytime Touchdown,-0.85,0.2,-0.8,0.1,-0.9,439,0,9,0.15384615384615385,0,0,0.2,0.1,0.13333333333333333,0.18552875695732837,0.6535287569573284,,,,,
Blake Whiteheart,TE,CLE,NYJ,0.03,1,Anytime Touchdown,-0.97,0.2,-0.8,0.1,-0.9,1100,1,7,0,0.5,1,0.2,0.1,0.09090909090909091,0.08333333333333333,0.6533333333333333,,,,,
Tory Horton,WR,SEA,SF,0.09,1,Anytime Touchdown,-0.91,0.6,-0.4,0.625,-0.375,900,1,6,0.5,,1,0.4,0.5,0.5,0.1,0.6505000000000001,,,,,
Emmett Johnson,RB,KC,Not Found,Not Found,1.5,Receptions,-1.5,2,0.5,2,0.5,-104,2,0,,1,1,1,1,1,0.5098039215686274,0.6498039215686273,,,,,
Cade Stover,TE,HOU,TEN,0.01,1,Anytime Touchdown,-0.99,0,-1,0,-1,1833,0,11,0,0,0,0,0,0,0.05173305742369374,0.6357330574236937,,,,,
Kyle Williams,WR,NE,LV,0.12,1,Anytime Touchdown,-0.88,0,-1,0.2,-0.8,900,0,10,0.17647058823529413,0,0,0,0.2,0.15789473684210525,0.1,0.632,,,,,
Laquon Treadwell,WR,IND,PIT,0.19,1,Anytime Touchdown,-0.81,0,-1,0,-1,544,0,9,0,0,0,0,0,0,0.15527950310559005,0.61127950310559,,,,,
Zach Ertz,TE,WAS,JAX,0.16,1,Anytime Touchdown,-0.84,0,-1,0.2,-0.8,519,0,9,0.3076923076923077,,0,0,0.2,0.3076923076923077,0.16155088852988692,0.6095508885298869,,,,,
Daniel Jones,QB,IND,PIT,1.33,1.5,Passing Touchdowns,-0.16999999999999993,1.2,-0.3,1.5,0,174,0,3,0.46153846153846156,0,0.5,0.4,0.5,0.4,0.36496350364963503,0.6039635036496351,,,,,
Evan Engram,TE,DEN,LAC,0.14,1,Anytime Touchdown,-0.86,0.2,-0.8,0.1,-0.9,368,0,8,0.05555555555555555,0.5,0,0.2,0.1,0.1,0.21367521367521367,0.5776752136752136,,,,,
Evan Engram,TE,DEN,LAC,17.56,21.17,Receiving Yards,-3.610000000000003,26.2,5.03,28.7,7.53,-113,0,8,0.5,0.5,0.5,0.4,0.4,0.5,0.5305164319248826,0.5771164319248814,,,,,
Tyson Bagent,QB,CHI,GB,0.11,1,Anytime Touchdown,-0.89,0,-1,0,-1,600,0,9,0,0,0,0,0,0,0.14285714285714285,0.5668571428571428,,,,,
Johnny Mundt,TE,PHI,JAX,0.08,1,Anytime Touchdown,-0.92,0,-1,0,-1,656,0,9,0,0,0,0,0,0,0.13227513227513227,0.5442751322751322,,,,,
Bryce Young,QB,CAR,Not Found,Not Found,1.5,Passing Touchdowns,-1.5,1.8,0.3,1.9,0.4,121,2,0,0.4117647058823529,1,0.6666666666666666,0.6,0.6,0.47368421052631576,0.45248868778280543,0.5418220211161386,,,,,
Sione Vaki,RB,DET,ARI,11.88,10.5,Rushing Yards,1.3800000000000008,2.8,-7.7,1.8,-8.7,-113,0,4,0,0,0,0,0,0,0.5305164319248826,0.538516431924883,,,,,
KC Concepcion,WR,CLE,NYJ,0.30000000000000004,1,Anytime Touchdown,-0.7,0,-1,0,-1,322,0,7,,0,0,0,0,0,0.23696682464454977,0.5369668246445498,,,,,
Christian McCaffrey,RB,SF,SEA,34.15,38.83,Receiving Yards,-4.68,40.4,1.57,36,-2.83,-113,1,14,0.7894736842105263,0.5,1,0.6,0.5,0.75,0.5305164319248826,0.526916431924883,,,,,
Charlie Woerner,TE,ATL,BAL,0.01,1,Anytime Touchdown,-0.99,0,-1,0,-1,2400,0,10,0,0,0,0,0,0,0.04,0.524,,,,,
Tucker Kraft,TE,GB,CHI,41.78,45.17,Receiving Yards,-3.3900000000000006,53.8,8.63,57.9,12.73,-121,0,2,0.5,0.3333333333333333,0,0.4,0.5,0.45454545454545453,0.5475113122171946,0.5211113122171944,,,,,
Will Shipley,RB,PHI,JAX,0.33999999999999997,1,Anytime Touchdown,-0.66,0,-1,0,-1,585,0,7,0,0,0,0,0,0,0.145985401459854,0.46198540145985406,,,,,
Deion Burks,WR,IND,PIT,0,1,Anytime Touchdown,-1,0,-1,0,-1,1433,0,9,,0,0,0,0,0,0.06523157208088715,0.44523157208088715,,,,,
Rashid Shaheed,WR,SEA,SF,0.27,1,Anytime Touchdown,-0.73,0,-1,0,-1,295,0,6,0.09523809523809523,0,0,0,0,0.05,0.25316455696202533,0.4411645569620255,,,,,
E.J. Jenkins,TE,PHI,JAX,Not Found,1,Anytime Touchdown,-1,0,-1,0,-1,2000,0,9,0,,0,0,0,0,0.047619047619047616,0.4276190476190476,,,,,
Adam Trautman,TE,DEN,LAC,0.08,1,Anytime Touchdown,-0.92,0,-1,0,-1,800,0,8,0.07142857142857142,0,0,0,0,0.06666666666666667,0.1111111111111111,0.4231111111111111,,,,,
Isaiah Davis,RB,NYJ,CLE,0.13,1,Anytime Touchdown,-0.87,0.2,-0.8,0.1,-0.9,1838,0,8,0.0625,0,0,0.2,0.1,0.058823529411764705,0.05159958720330237,0.4115995872033023,,,,,
George Pickens,WR,DAL,TB,64.49,64.5,Receiving Yards,-0.010000000000005116,57,-7.5,73.3,8.8,-117,0,4,0.7058823529411765,0,0.6666666666666666,0.4,0.5,0.631578947368421,0.5391705069124424,0.4065038402457737,,,,,
Jack Bech,WR,LV,Not Found,Not Found,1.5,Receptions,-1.5,1.8,0.3,1.8,0.3,-42,2,0,0.42857142857142855,1,1,0.8,0.6,0.5,0.29577464788732394,0.4057746478873238,,,,,
C.J. Stroud,QB,HOU,TEN,Not Found,1.5,Passing Touchdowns,-1.5,1,-0.5,1.2,-0.3,128,0,6,0.3125,0.5,0,0.2,0.3,0.3333333333333333,0.43859649122807015,0.3885964912280701,,,,,
Jerry Jeudy,WR,CLE,NYJ,0.07,1,Anytime Touchdown,-0.9299999999999999,0,-1,0.1,-0.9,470,0,7,0.11764705882352941,0,0,0,0.1,0.10526315789473684,0.17543859649122806,0.38543859649122814,,,,,
Cooper Kupp,WR,SEA,SF,0.18,1,Anytime Touchdown,-0.8200000000000001,0.2,-0.8,0.2,-0.8,402,0,6,0.15789473684210525,0,0,0.2,0.2,0.15,0.199203187250996,0.38120318725099595,,,,,
Dawson Knox,TE,BUF,LAR,0.12,1,Anytime Touchdown,-0.88,0.4,-0.6,0.4,-0.6,600,1,3,0.16666666666666666,0.5,1,0.4,0.3,0.2,0.14285714285714285,0.3808571428571429,,,,,
Kirk Cousins,QB,LV,NE,0.06,1,Anytime Touchdown,-0.94,0.2,-0.8,0.1,-0.9,2000,0,8,0.1,0,0,0.2,0.1,0.08333333333333333,0.047619047619047616,0.3796190476190476,,,,,
Tee Higgins,WR,CIN,MIA,0.38,1,Anytime Touchdown,-0.62,0.4,-0.6,0.8,-0.2,170,0,3,0.6,0,0,0.4,0.6,0.5294117647058824,0.37037037037037035,0.3703703703703704,,,,,
Andrew Beck,TE,NYJ,CLE,Not Found,1,Anytime Touchdown,-1,0.2,-0.8,0.1,-0.9,2875,0,8,0.18181818181818182,0,0,0.2,0.1,0.16666666666666666,0.03361344537815126,0.3416134453781512,,,,,
Brenton Strange,TE,JAX,PHI,0.31,1,Anytime Touchdown,-0.69,0.4,-0.6,0.4,-0.6,308,0,4,0.23076923076923078,0.5,0.5,0.4,0.4,0.26666666666666666,0.24509803921568626,0.3340980392156863,,,,,
Sam Darnold,QB,SEA,SF,0.08,1,Anytime Touchdown,-0.92,0,-1,0,-1,950,0,7,0,0,0,0,0,0,0.09523809523809523,0.3072380952380953,,,,,
DeMario Douglas,WR,NE,LV,28.48,29.17,Receiving Yards,-0.6900000000000013,22,-7.17,15.8,-13.37,-113,0,10,0.45,0,0,0.4,0.2,0.45,0.5305164319248826,0.28211643192488206,,,,,
Jerry Jeudy,WR,CLE,NYJ,16.45,19.83,Receiving Yards,-3.379999999999999,21.8,1.97,29.3,9.47,-114,0,7,0.6470588235294118,0.5,0,0.4,0.7,0.631578947368421,0.5327102803738317,0.2791102803738321,,,,,
Kenneth Walker,RB,,Not Found,Not Found,1,Anytime Touchdown,-1,,,,,-207,,0,,,,,,,0.6742671009771987,0.27426710097719864,,,,,
Najee Harris,RB,NYG,WAS,0.17,1,Anytime Touchdown,-0.83,0,-1,0,-1,398,0,5,0,0,0,0,0,0,0.20080321285140562,0.2488032128514056,,,,,
Xavier Legette,WR,CAR,Not Found,Not Found,1.5,Receptions,-1.5,1.4,-0.1,1.8,0.3,106,1,0,0.5625,0.5,1,0.4,0.5,0.5555555555555556,0.4854368932038835,0.2434368932038834,,,,,
Deshaun Watson,QB,CLE,NYJ,0.14,1,Anytime Touchdown,-0.86,0,-1,0,-1,383,0,5,,0,0,0,0,0,0.2070393374741201,0.2430393374741201,,,,,
Tyrone Tracy Jr,RB,,WAS,0.03,1,Anytime Touchdown,-0.97,,,,,681,,5,,,,,,,0.12804097311139565,0.24004097311139563,,,,,
Tucker Kraft,TE,GB,CHI,0.41,1,Anytime Touchdown,-0.5900000000000001,0.4,-0.6,0.5,-0.5,197,0,2,0.625,0,0,0.2,0.4,0.45454545454545453,0.3367003367003367,0.2367003367003367,,,,,
Isaiah Bond,WR,CLE,NYJ,0.01,1,Anytime Touchdown,-0.99,0,-1,0,-1,1800,0,7,0,0,0,0,0,0,0.05263157894736842,0.2366315789473685,,,,,
Malachi Corley,WR,CLE,NYJ,0,1,Anytime Touchdown,-1,0,-1,0,-1,1700,0,7,0,0,0,0,0,0,0.05555555555555555,0.23555555555555563,,,,,
C.J. Stroud,QB,HOU,TEN,Not Found,1,Anytime Touchdown,-1,0.2,-0.8,0.1,-0.9,725,0,6,0.0625,0,0,0.2,0.1,0.05555555555555555,0.12121212121212122,0.2292121212121212,,,,,
Carsen Ryan,TE,CLE,NYJ,Not Found,1,Anytime Touchdown,-1,0,-1,0,-1,2900,0,7,,0,0,0,0,0,0.03333333333333333,0.2133333333333334,,,,,
Tyquan Thornton,WR,KC,Not Found,Not Found,1.5,Receptions,-1.5,1.6,0.1,1.3,-0.2,119,1,0,0.5,0.5,0.5,0.6,0.4,0.5,0.45662100456621,0.2056210045662099,,,,,
Skyy Moore,WR,GB,CHI,0.09,1,Anytime Touchdown,-0.91,0,-1,0,-1,544,0,5,0,0,0,0,0,0,0.15527950310559005,0.17127950310559004,,,,,
Jake Ferguson,TE,DAL,TB,22.34,27.5,Receiving Yards,-5.16,15.8,-11.7,26.5,-1,-116,1,25,0.5882352941176471,0.5,0.6666666666666666,0.2,0.4,0.5789473684210527,0.5370370370370371,0.12237037037037057,,,,,
Ashton Jeanty,RB,LV,NE,96.06,96.17,Rushing + Receiving Yards,-0.10999999999999943,85,-11.17,57.8,-38.37,-113,0,15,0.11764705882352941,0.5,0,0.4,0.2,0.15789473684210525,0.5305164319248826,0.11411643192488291,,,,,
Elijah Arroyo,TE,SEA,SF,0.02,1,Anytime Touchdown,-0.98,0,-1,0.1,-0.9,725,0,5,0.07692307692307693,0,0,0,0.1,0.07142857142857142,0.12121212121212122,0.11121212121212122,,,,,
Bo Melton,WR,GB,CHI,0.01,1,Anytime Touchdown,-0.99,0,-1,0.1,-0.9,925,0,5,0.07692307692307693,0,0,0,0.1,0.0625,0.0975609756097561,0.0835609756097561,,,,,
Blake Corum,RB,LA,BUF,36.2,47.5,Rushing Yards,-11.299999999999997,50.4,2.9,57.6,10.1,-114,3,26,0.45,1,1,0.6,0.7,0.55,0.5327102803738317,0.07271028037383265,,,,,
Tommy Tremble,TE,CAR,Not Found,Not Found,1.5,Receptions,-1.5,2.2,0.7,1.6,0.1,-126,0,0,0.4375,0.5,0.3333333333333333,0.6,0.4,0.4444444444444444,0.5575221238938053,0.06418879056047189,,,,,
Sione Vaki,RB,DET,ARI,0.11,1,Anytime Touchdown,-0.89,0,-1,0,-1,621,0,4,0,0,0,0,0,0,0.13869625520110956,0.06269625520110957,,,,,
Jalen McMillan,WR,TB,Not Found,Not Found,1.5,Receptions,-1.5,3,1.5,3,1.5,130,0,0,0.75,,0.5,0.75,0.75,0.75,0.43478260869565216,0.06228260869565211,,,,,
Tank Bigsby,RB,PHI,Not Found,0,1,Anytime Touchdown,-1,0.4,-0.6,0.3,-0.7,502,1,0,0.125,0.5,1,0.4,0.3,0.16666666666666666,0.16611295681063123,0.054112956810631205,,,,,
Tanner Koziol,TE,,PHI,0,1,Anytime Touchdown,-1,,,,,1900,,4,,,,,,,0.05,0.05,,,,,
Saquon Barkley,RB,PHI,Not Found,Not Found,1,Anytime Touchdown,-1,0.2,-0.8,0.3,-0.7,-115,0,0,0.47058823529411764,0,0,0.2,0.3,0.42105263157894735,0.5348837209302325,0.046883720930232464,,,,,
Eric Saubert,TE,SEA,SF,0.01,1,Anytime Touchdown,-0.99,0,-1,0,-1,1700,0,5,0,0,0,0,0,0,0.05555555555555555,0.03955555555555555,,,,,
J. Michael Sturdivant,WR,GB,CHI,Not Found,1,Anytime Touchdown,-1,0,-1,0,-1,2000,0,5,,0,0,0,0,0,0.047619047619047616,0.027619047619047616,,,,,
Rashee Rice,WR,KC,Not Found,Not Found,1,Anytime Touchdown,-1,0.6,-0.4,0.7,-0.3,128,0,0,0.5,0.5,0,0.4,0.5,0.5,0.43859649122807015,0.004596491228070099,,,,,
Kenny Gainwell,RB,TB,DAL,11.86,18.5,Rushing Yards,-6.640000000000001,16.2,-2.3,33.8,15.3,-114,0,20,0.6666666666666666,0,0.6666666666666666,0.4,0.6,0.6,0.5327102803738317,-0.0019563862928355658,,,,,
Travis Etienne Jr,RB,,Not Found,Not Found,1.5,Receptions,-1.5,,,,,-146,,0,,,,,,,0.5934959349593496,-0.006504065040650486,,,,,
Lamar Jackson,QB,BAL,Not Found,Not Found,1.5,Passing Touchdowns,-1.5,1.4,-0.1,0.9,-0.6,-151,0,0,0.46153846153846156,0,0,0.4,0.2,0.4,0.601593625498008,-0.008406374501992109,,,,,
Daniel Jones,QB,IND,PIT,0.17,1,Anytime Touchdown,-0.83,0,-1,0.2,-0.8,625,0,3,0.3076923076923077,0,0,0,0.2,0.26666666666666666,0.13793103448275862,-0.010068965517241346,,,,,
Nate Boerkircher,TE,JAX,PHI,0.04,1,Anytime Touchdown,-0.96,0,-1,0,-1,1000,0,4,,0,0,0,0,0,0.09090909090909091,-0.013090909090909056,,,,,
Dohnte Meyers,WR,CIN,MIA,0.25,1,Anytime Touchdown,-0.75,0,-1,0,-1,850,0,3,,0,0,0,0,0,0.10526315789473684,-0.014736842105263173,,,,,
De'Von Achane,RB,MIA,Not Found,Not Found,1,Anytime Touchdown,-1,0.2,-0.8,0.5,-0.5,116,0,0,0.625,0,0,0.2,0.4,0.5555555555555556,0.46296296296296297,-0.021037037037037076,,,,,
Quintin Morris,TE,JAX,PHI,0.01,1,Anytime Touchdown,-0.99,0.2,-0.8,0.1,-0.9,1588,0,4,0.09090909090909091,0,0,0.2,0.1,0.07692307692307693,0.05924170616113744,-0.028758293838862567,,,,,
Justice Hill,RB,BAL,ATL,1.48,2.5,Receptions,-1.02,1.2,-1.3,2,-0.5,143,0,1,0.4,0,0,0,0.3,0.3333333333333333,0.411522633744856,-0.036477366255144084,,,,,
Quinshon Judkins,RB,CLE,NYJ,61.73,60.5,Rushing Yards,1.2299999999999969,24.6,-35.9,41.4,-19.1,-114,0,29,0.5,0,0,0,0.2,0.4375,0.5327102803738317,-0.04728971962616901,,,,,
Ladd McConkey,WR,LAC,DEN,Not Found,4.5,Receptions,-4.5,3.2,-1.3,3,-1.5,-141,0,13,0.35294117647058826,0.5,0.3333333333333333,0.2,0.1,0.3684210526315789,0.5850622406639004,-0.05227109266943286,,,,,
Jacob Saylors,RB,DET,ARI,0.01,1,Anytime Touchdown,-0.99,0,-1,0,-1,1944,0,4,0,0,0,0,0,0,0.04892367906066536,-0.06707632093933462,,,,,
Jonathan Mingo,WR,DAL,TB,0,1,Anytime Touchdown,-1,0,-1,0,-1,2200,0,4,0,0,0,0,0,0,0.043478260869565216,-0.07652173913043477,,,,,
Darren Waller,TE,CAR,Not Found,Not Found,2.5,Receptions,-2.5,3.2,0.7,2.6,0.1,119,1,0,0.4444444444444444,0.5,1,0.6,0.4,0.45454545454545453,0.45662100456621,-0.10337899543379003,,,,,
Ja'Marr Chase,WR,CIN,MIA,3.15,6.5,Receptions,-3.35,6.6,0.1,6.4,-0.1,-124,1,3,0.5625,0.5,1,0.8,0.6,0.5555555555555556,0.5535714285714286,-0.10442857142857143,,,,,
Jadarian Price,RB,SEA,Not Found,Not Found,1,Anytime Touchdown,-1,0,-1,0,-1,141,0,0,,0,0,0,0,0,0.4149377593360996,-0.10506224066390041,,,,,
Jalen Coker,WR,CAR,Not Found,Not Found,1,Anytime Touchdown,-1,0.8,-0.2,0.6,-0.4,230,0,0,0.3333333333333333,0.5,0,0.6,0.5,0.35714285714285715,0.30303030303030304,-0.10696969696969699,,,,,
Josh Oliver,TE,MIN,Not Found,Not Found,1.5,Receptions,-1.5,1.6,0.1,1.4,-0.1,117,0,0,0.3333333333333333,0.5,0,0.6,0.4,0.35714285714285715,0.4608294930875576,-0.11317050691244246,,,,,
Breece Hall,RB,NYJ,Not Found,Not Found,1,Anytime Touchdown,-1,0.4,-0.6,0.4,-0.6,-53,0,0,0.25,0.5,0,0.4,0.4,0.2777777777777778,0.3464052287581699,-0.1135947712418301,,,,,
Mark Redman,TE,,CHI,0,1,Anytime Touchdown,-1,,,,,1600,,2,,,,,,,0.058823529411764705,-0.1411764705882353,,,,,
Jonnu Smith,TE,GB,CHI,0.07,1,Anytime Touchdown,-0.9299999999999999,0,-1,0.1,-0.9,638,0,2,0.16666666666666666,0,0,0,0.1,0.15,0.13550135501355012,-0.1544986449864499,,,,,
Breece Hall,RB,NYJ,Not Found,Not Found,3.17,Receptions,-3.17,2.6,-0.57,2.2,-0.97,20,1,0,0.25,0.5,1,0.2,0.2,0.2777777777777778,0.8333333333333334,-0.15506666666666669,,,,,
Tetairoa McMillan,WR,CAR,Not Found,Not Found,1,Anytime Touchdown,-1,0,-1,0.5,-0.5,197,0,0,0.2777777777777778,0,0.3333333333333333,0,0.4,0.25,0.3367003367003367,-0.15663299663299668,,,,,
Jalen Coker,WR,CAR,Not Found,Not Found,4.83,Receptions,-4.83,6.6,1.77,5.1,0.27,-48,4,0,0.16666666666666666,1,0.5,0.8,0.4,0.2857142857142857,0.32432432432432434,-0.17627567567567592,,,,,
Cam Skattebo,RB,NYG,WAS,81.97999999999999,78.5,Rushing + Receiving Yards,3.4799999999999898,57.4,-21.1,52.7,-25.8,-113,0,5,0.25,0.5,0,0.4,0.3,0.3,0.5305164319248826,-0.1914835680751218,,,,,
Xavier Hutchinson,WR,HOU,TEN,31.49,38.83,Receiving Yards,-7.34,43.6,4.77,29.8,-9.03,-114,0,19,0.2777777777777778,0,0,0.4,0.3,0.25,0.5327102803738317,-0.19488971962616797,,,,,
James Cook,RB,BUF,LAR,10.11,11.83,Receiving Yards,-1.7200000000000006,9,-2.83,13.3,1.47,-113,0,2,0.47368421052631576,0.5,0,0.4,0.5,0.45,0.5305164319248826,-0.19908356807511773,,,,,
Derrick Henry,RB,BAL,ATL,96.69,106.5,Rushing + Receiving Yards,-9.810000000000002,136.4,29.9,110.3,3.8,-114,0,1,0.35294117647058826,0.5,0,0.8,0.4,0.3684210526315789,0.5327102803738317,-0.20128971962616926,,,,,
Justice Hill,RB,BAL,ATL,13.45,13.5,Rushing Yards,-0.05000000000000071,5.4,-8.1,12.4,-1.1,-116,0,1,0.2,0.5,0,0.2,0.3,0.25,0.5370370370370371,-0.20896296296296324,,,,,
Omarion Hampton,RB,LAC,DEN,51.94,59.17,Rushing Yards,-7.230000000000004,50,-9.17,60.9,1.73,-111,1,27,0.4,0.5,0.5,0.4,0.5,0.4166666666666667,0.5260663507109005,-0.21133364928910114,,,,,
Baker Mayfield,QB,TB,Not Found,Not Found,1.5,Passing Touchdowns,-1.5,1,-0.5,1.1,-0.4,135,0,0,0.47058823529411764,0,0,0.2,0.2,0.42105263157894735,0.425531914893617,-0.2264680851063831,,,,,
Patrick Mahomes,QB,KC,Not Found,Not Found,1,Anytime Touchdown,-1,0.4,-0.6,0.2,-0.8,340,0,0,0.35714285714285715,0.5,0,0.4,0.2,0.375,0.22727272727272727,-0.23672727272727276,,,,,
Josh Whyle,TE,GB,CHI,0,1,Anytime Touchdown,-1,0,-1,0.143,-0.857,1225,0,2,0.14285714285714285,,0,0,0.14285714285714285,0.14285714285714285,0.07547169811320754,-0.2416683018867925,,,,,
Bryce Young,QB,CAR,Not Found,Not Found,1,Anytime Touchdown,-1,0.6,-0.4,0.3,-0.7,480,0,0,0.17647058823529413,0.5,0.3333333333333333,0.6,0.3,0.21052631578947367,0.1724137931034483,-0.2469195402298851,,,,,
Antonio Williams,WR,WAS,Not Found,0.17,1,Anytime Touchdown,-0.83,0.5,-0.5,0.5,-0.5,783,0,0,,0.5,0,0.5,0.5,0.5,0.11325028312570781,-0.26374971687429216,,,,,
Adonai Mitchell,WR,NYJ,Not Found,Not Found,1,Anytime Touchdown,-1,0,-1,0.2,-0.8,304,0,0,0.125,0,0,0,0.2,0.1111111111111111,0.24752475247524752,-0.2684752475247525,,,,,
Devin Singletary,RB,NYG,Not Found,0.01,1,Anytime Touchdown,-0.99,0.6,-0.4,0.6,-0.4,556,0,0,0.23529411764705882,0.5,0,0.6,0.5,0.2631578947368421,0.1524390243902439,-0.2735609756097561,,,,,
Jadarian Price,RB,SEA,Not Found,Not Found,1.5,Receptions,-1.5,1.5,0,1.5,0,-45,0,0,,0.5,0,0.5,0.5,0.5,0.3103448275862069,-0.27465517241379317,,,,,
John Metchie,WR,,Not Found,Not Found,1,Anytime Touchdown,-1,,,,,700,,0,,,,,,,0.125,-0.275,,,,,
Emmett Johnson,RB,KC,Not Found,Not Found,1,Anytime Touchdown,-1,0,-1,0,-1,313,0,0,,0,0,0,0,0,0.24213075060532688,-0.27786924939467317,,,,,
Mason Taylor,TE,NYJ,Not Found,0.13,1,Anytime Touchdown,-0.87,0,-1,0.1,-0.9,513,0,0,0.07692307692307693,0,0,0,0.1,0.07142857142857142,0.1631321370309951,-0.302867862969005,,,,,
Pat Bryant,WR,DEN,Not Found,Not Found,1,Anytime Touchdown,-1,0,-1,0,-1,390,0,0,0.06666666666666667,0,0,0,0,0.058823529411764705,0.20408163265306123,-0.3159183673469388,,,,,
Lew Nichols,RB,,Not Found,Not Found,1,Anytime Touchdown,-1,,,,,1100,,0,,,,,,,0.08333333333333333,-0.3166666666666667,,,,,
CJ Williams,WR,,Not Found,Not Found,1,Anytime Touchdown,-1,,,,,1313,,0,,,,,,,0.07077140835102619,-0.32922859164897383,,,,,
Skyler Bell,WR,,Not Found,0,1,Anytime Touchdown,-1,,,,,1500,,0,,,,,,,0.0625,-0.3375,,,,,
Tetairoa McMillan,WR,CAR,Not Found,Not Found,4.5,Receptions,-4.5,4,-0.5,3.9,-0.6,-134,3,0,0.4444444444444444,1,0.6666666666666666,0.6,0.5,0.5,0.5726495726495726,-0.33801709401709423,,,,,
Xavier Legette,WR,CAR,Not Found,Not Found,1,Anytime Touchdown,-1,0,-1,0.1,-0.9,550,0,0,0.1875,0,0.5,0,0.1,0.16666666666666666,0.15384615384615385,-0.3391538461538462,,,,,
Darius Slayton,WR,NYG,Not Found,0.03,1,Anytime Touchdown,-0.97,0.2,-0.8,0.1,-0.9,617,0,0,0.07142857142857142,,0,0.2,0.1,0.07142857142857142,0.1394700139470014,-0.34052998605299867,,,,,
Marcus Mariota,QB,WAS,Not Found,Not Found,1,Anytime Touchdown,-1,0,-1,0,-1,460,0,0,0.1,0,0,0,0,0.09090909090909091,0.17857142857142858,-0.3414285714285714,,,,,
Tyquan Thornton,WR,KC,Not Found,Not Found,1,Anytime Touchdown,-1,0,-1,0,-1,472,0,0,0.25,0,0,0,0,0.21428571428571427,0.17482517482517482,-0.34517482517482523,,,,,
Tommy Tremble,TE,CAR,Not Found,Not Found,1,Anytime Touchdown,-1,0.2,-0.8,0.1,-0.9,592,0,0,0.125,0,0,0.2,0.1,0.1111111111111111,0.14450867052023122,-0.3474913294797688,,,,,
Jamaal Pritchett,WR,,Not Found,0,1,Anytime Touchdown,-1,,,,,1900,,0,,,,,,,0.05,-0.35000000000000003,,,,,
Kolbe Katsis,WR,,Not Found,0,1,Anytime Touchdown,-1,,,,,2000,,0,,,,,,,0.047619047619047616,-0.3523809523809524,,,,,
Odell Beckham Jr,WR,,Not Found,Not Found,1,Anytime Touchdown,-1,,,,,2063,,0,,,,,,,0.04623208506703652,-0.3537679149329635,,,,,
Andrei Iosivas,WR,CIN,Not Found,Not Found,1,Anytime Touchdown,-1,0,-1,0.1,-0.9,519,0,0,0.13333333333333333,0,0,0,0.1,0.11764705882352941,0.16155088852988692,-0.3564491114701131,,,,,
Camden Brown,WR,,Not Found,Not Found,1,Anytime Touchdown,-1,,,,,2200,,0,,,,,,,0.043478260869565216,-0.35652173913043483,,,,,
Brevin Jordan,TE,,Not Found,0,1,Anytime Touchdown,-1,,,,,2250,,0,,,,,,,0.0425531914893617,-0.3574468085106383,,,,,
Tanner Arkin,TE,,Not Found,Not Found,1,Anytime Touchdown,-1,,,,,2300,,0,,,,,,,0.041666666666666664,-0.35833333333333334,,,,,
Justin Joly,TE,,Not Found,0.01,1,Anytime Touchdown,-0.99,,,,,2767,,0,,,,,,,0.03487966515521451,-0.3611203348447855,,,,,
Dallen Bentley,TE,,Not Found,Not Found,1,Anytime Touchdown,-1,,,,,2667,,0,,,,,,,0.03614022406938923,-0.3638597759306108,,,,,
Anthony Tyus,RB,,Not Found,Not Found,1,Anytime Touchdown,-1,,,,,2800,,0,,,,,,,0.034482758620689655,-0.36551724137931035,,,,,
CJ Daniels,WR,,Not Found,0.01,1,Anytime Touchdown,-0.99,,,,,3233,,0,,,,,,,0.030003000300030003,-0.36599699969997,,,,,
Lewis Bond,WR,,Not Found,0,1,Anytime Touchdown,-1,,,,,2933,,0,,,,,,,0.03297065611605671,-0.3670293438839433,,,,,
Noah Gray,TE,KC,Not Found,Not Found,1,Anytime Touchdown,-1,0,-1,0,-1,567,0,0,0,0,0,0,0,0,0.14992503748125938,-0.3700749625187406,,,,,
Hunter Henry,TE,NE,LV,37.8,41.17,Receiving Yards,-3.3700000000000045,22.8,-18.37,33.6,-7.57,-115,0,24,0.47619047619047616,0,0.5,0,0.3,0.4,0.5348837209302325,-0.37651627906976926,,,,,
AJ Dillon,RB,CAR,Not Found,Not Found,1,Anytime Touchdown,-1,0,-1,0,-1,600,0,0,0,0,0,0,0,0,0.14285714285714285,-0.37714285714285717,,,,,
Thomas Fidone,TE,,Not Found,0,1,Anytime Touchdown,-1,,,,,4500,,0,,,,,,,0.021739130434782608,-0.37826086956521743,,,,,
Eli Heidenreich,RB,PIT,Not Found,0.01,1,Anytime Touchdown,-0.99,0,-1,0,-1,650,0,0,,0,0,0,0,0,0.13333333333333333,-0.3826666666666667,,,,,
Nicholas Singleton,RB,TEN,Not Found,0.01,1,Anytime Touchdown,-0.99,0,-1,0,-1,694,0,0,,0,0,0,0,0,0.12594458438287154,-0.3900554156171285,,,,,
Pat Bryant,WR,DEN,Not Found,Not Found,2.5,Receptions,-2.5,2.4,-0.1,3,0.5,-130,0,0,0.4,0.5,0.5,0.6,0.7,0.4117647058823529,0.5652173913043478,-0.3917826086956522,,,,,
Brycen Tremayne,WR,CAR,Not Found,Not Found,1,Anytime Touchdown,-1,0,-1,0,-1,750,0,0,0,0,0,0,0,0,0.11764705882352941,-0.4023529411764706,,,,,
Brenen Thompson,WR,LAC,Not Found,0.08,1,Anytime Touchdown,-0.92,0,-1,0,-1,1238,0,0,,0,0,0,0,0,0.07473841554559044,-0.41326158445440964,,,,,
Mitchell Evans,TE,CAR,Not Found,Not Found,1,Anytime Touchdown,-1,0,-1,0,-1,875,0,0,0.13333333333333333,0,0,0,0,0.11764705882352941,0.10256410256410256,-0.4174358974358975,,,,,
DJ Giddens,RB,IND,Not Found,0.01,1,Anytime Touchdown,-0.99,0,-1,0,-1,1000,0,0,0,,0,0,0,0,0.09090909090909091,-0.4250909090909091,,,,,
Xavier Smith,WR,LA,Not Found,0,1,Anytime Touchdown,-1,0,-1,0,-1,1025,0,0,0,0,0,0,0,0,0.08888888888888889,-0.4311111111111111,,,,,
Brashard Smith,RB,KC,Not Found,Not Found,1,Anytime Touchdown,-1,0.2,-0.8,0.1,-0.9,1700,0,0,0.058823529411764705,0,0,0.2,0.1,0.05555555555555555,0.05555555555555555,-0.4364444444444445,,,,,
Lil'Jordan Humphrey,WR,DEN,Not Found,0,1,Anytime Touchdown,-1,0.2,-0.8,0.2,-0.8,2067,0,0,0.2222222222222222,0,0,0.2,0.2,0.2,0.046146746654360866,-0.4438532533456392,,,,,
David Moore,WR,CAR,Not Found,Not Found,1,Anytime Touchdown,-1,0,-1,0,-1,1450,0,0,0,,0,0,0,0,0.06451612903225806,-0.45548387096774196,,,,,
Tylan Wallace,WR,BAL,Not Found,Not Found,1,Anytime Touchdown,-1,0,-1,0.1,-0.9,1500,0,0,0.09090909090909091,,0,0,0.1,0.09090909090909091,0.0625,-0.4555,,,,,
Jared Wiley,TE,KC,Not Found,Not Found,1,Anytime Touchdown,-1,0,-1,0,-1,1500,0,0,0,,0,0,0,0,0.0625,-0.4575,,,,,
Jake Briningstool,TE,KC,Not Found,Not Found,1,Anytime Touchdown,-1,0,-1,0,-1,1600,0,0,,0,0,0,0,0,0.058823529411764705,-0.4611764705882353,,,,,
Braxton Berrios,WR,NYG,Not Found,0,1,Anytime Touchdown,-1,0,-1,0,-1,1750,0,0,0,0,0,0,0,0,0.05405405405405406,-0.46594594594594596,,,,,
Tyler Conklin,TE,LAC,Not Found,0,1,Anytime Touchdown,-1,0,-1,0,-1,1788,0,0,0,,0,0,0,0,0.05296610169491525,-0.4670338983050848,,,,,
Nikko Remigio,WR,KC,Not Found,Not Found,1,Anytime Touchdown,-1,0,-1,0,-1,1800,0,0,0,0,0,0,0,0,0.05263157894736842,-0.4673684210526316,,,,,
Nick Kallerup,TE,SEA,Not Found,Not Found,1,Anytime Touchdown,-1,0,-1,0,-1,1850,0,0,0,,0,0,0,0,0.05128205128205128,-0.46871794871794875,,,,,
Cyrus Allen,WR,KC,Not Found,Not Found,1,Anytime Touchdown,-1,0,-1,0,-1,1883,0,0,,0,0,0,0,0,0.05042864346949067,-0.46957135653050935,,,,,
Marlin Klein,TE,HOU,Not Found,0.01,1,Anytime Touchdown,-0.99,0,-1,0,-1,2067,0,0,,0,0,0,0,0,0.046146746654360866,-0.46985325334563915,,,,,
Nick Westbrook-Ikhine,WR,MIA,Not Found,Not Found,1,Anytime Touchdown,-1,0,-1,0,-1,1900,0,0,0,,0,0,0,0,0.05,-0.47000000000000003,,,,,
Jaylin Lane,WR,WAS,Not Found,0,1,Anytime Touchdown,-1,0,-1,0,-1,1900,0,0,0,0,0,0,0,0,0.05,-0.47000000000000003,,,,,
Julius Chestnut,RB,TEN,Not Found,0.01,1,Anytime Touchdown,-0.99,0,-1,0,-1,2300,0,0,0,0,0,0,0,0,0.041666666666666664,-0.47433333333333333,,,,,
Kylen Granson,TE,PHI,Not Found,0,1,Anytime Touchdown,-1,0,-1,0,-1,2300,0,0,0,,0,0,0,0,0.041666666666666664,-0.47833333333333333,,,,,
Chris Blair,WR,ATL,Not Found,0.03,1,Anytime Touchdown,-0.97,0,-1,0,-1,3325,0,0,0,0,0,0,0,0,0.029197080291970802,-0.4788029197080292,,,,,
Anthony Gould,WR,IND,Not Found,0,1,Anytime Touchdown,-1,0,-1,0,-1,2367,0,0,0,0,0,0,0,0,0.040535062829347386,-0.47946493717065264,,,,,
Chuba Hubbard,RB,CAR,Not Found,Not Found,2.5,Receptions,-2.5,2.4,-0.1,2.1,-0.4,-111,0,0,0.3125,0.5,0,0.4,0.3,0.3333333333333333,0.5260663507109005,-0.47993364928909954,,,,,
Britain Covey,WR,PHI,Not Found,0,1,Anytime Touchdown,-1,0,-1,0,-1,2600,0,0,0,0,0,0,0,0,0.037037037037037035,-0.482962962962963,,,,,
British Brooks,RB,HOU,Not Found,Not Found,1,Anytime Touchdown,-1,0,-1,0,-1,2733,0,0,0,0,0,0,0,0,0.03529827038475115,-0.4847017296152489,,,,,
Arian Smith,WR,NYJ,Not Found,Not Found,1,Anytime Touchdown,-1,0,-1,0,-1,2800,0,0,0,0,0,0,0,0,0.034482758620689655,-0.48551724137931035,,,,,
Feleipe Franks,TE,CAR,Not Found,Not Found,1,Anytime Touchdown,-1,0,-1,0,-1,2900,0,0,0,0,0,0,0,0,0.03333333333333333,-0.4866666666666667,,,,,
Trevor Lawrence,QB,JAX,PHI,245.52,249.5,Passing + Rushing Yards,-3.9799999999999898,231.8,-17.7,249.7,0.2,-114,0,23,0.4444444444444444,0,0.5,0.4,0.5,0.4,0.5327102803738317,-0.4882897196261642,,,,,
Justice Hill,RB,BAL,ATL,11.53,13.5,Receiving Yards,-1.9700000000000006,9.4,-4.1,17,3.5,-114,0,1,0.4,0,0,0,0.3,0.3333333333333333,0.5327102803738317,-0.4952897196261685,,,,,
Nick Muse,TE,ATL,Not Found,Not Found,1,Anytime Touchdown,-1,0,-1,0,-1,4450,0,0,,0,0,0,0,0,0.02197802197802198,-0.49802197802197806,,,,,
Rachaad White,RB,WAS,NYG,7.5,19.5,Rushing Yards,-12,28.6,9.1,31.2,11.7,-114,3,16,0.7058823529411765,1,1,0.8,0.8,0.7368421052631579,0.5327102803738317,-0.549289719626169,,,,,
Adonai Mitchell,WR,NYJ,Not Found,Not Found,3.5,Receptions,-3.5,3,-0.5,3.3,-0.2,-114,1,0,0.125,0.5,1,0.2,0.3,0.16666666666666666,0.5327102803738317,-0.5652897196261684,,,,,
Mike Evans,WR,SF,SEA,55.28,54.5,Receiving Yards,0.7800000000000011,39.8,-14.7,47.1,-7.4,-114,0,2,0.25,0,0,0,0.2,0.2,0.5327102803738317,-0.5732897196261677,,,,,
Terrance Ferguson,TE,LA,Not Found,Not Found,3.5,Receptions,-3.5,1.8,-1.7,1.3,-2.2,-161,1,0,0,0.5,1,0.2,0.1,0.06666666666666667,0.6168582375478927,-0.6411417624521075,,,,,
Xavier Worthy,WR,KC,Not Found,Not Found,3.5,Receptions,-3.5,2.4,-1.1,2.9,-0.6,-107,1,0,0.35714285714285715,0.5,1,0.2,0.3,0.375,0.5169082125603864,-0.6490917874396137,,,,,
Emmett Johnson,RB,KC,Not Found,Not Found,11,Receiving Yards,-11,32,21,32,21,-110,2,0,,1,1,1,1,1,0.5238095238095238,-0.6761904761904768,,,,,
James Cook,RB,BUF,LAR,98.42,96.83,Rushing + Receiving Yards,1.5900000000000034,74,-22.83,89.2,-7.63,-114,1,2,0.5263157894736842,0.5,1,0.4,0.5,0.55,0.5327102803738317,-0.704889719626167,,,,,
Saquon Barkley,RB,PHI,Not Found,Not Found,2.5,Receptions,-2.5,1,-1.5,1.5,-1,118,0,0,0.47058823529411764,0,0,0.2,0.2,0.42105263157894735,0.45871559633027525,-0.7052844036697249,,,,,
Quinshon Judkins,RB,CLE,NYJ,83.42999999999999,78.5,Rushing + Receiving Yards,4.929999999999993,24.6,-53.9,41.4,-37.1,-114,0,29,0.35714285714285715,0,0,0,0.1,0.3125,0.5327102803738317,-0.7272897196261714,,,,,
Keenan Allen,WR,IND,PIT,29.4,32.5,Receiving Yards,-3.1000000000000014,23,-9.5,30,-2.5,-114,0,9,0.6666666666666666,0,0.6666666666666666,0.2,0.4,0.6,0.5327102803738317,-0.7679563862928358,,,,,
Emari Demercado,RB,DAL,Not Found,0.55,7.83,Rushing Yards,-7.28,17,9.17,23.8,15.97,-112,1,0,0.6666666666666666,0.5,1,0.8,0.7,0.6428571428571429,0.5283018867924528,-0.7732981132075473,,,,,
Kenny Gainwell,RB,TB,DAL,27.81,32.17,Rushing + Receiving Yards,-4.360000000000003,16.2,-15.97,33.8,1.63,-114,0,20,0.2222222222222222,0,0,0,0.3,0.2,0.5327102803738317,-0.7756897196261698,,,,,
Tyler Shough,QB,NO,MIN,233.71,253.17,Passing Yards,-19.45999999999998,312.4,59.23,274.2,21.03,-113,0,1,0.45454545454545453,0.5,0,0.8,0.6,0.46153846153846156,0.5305164319248826,-0.7858835680751094,,,,,
De'Von Achane,RB,MIA,Not Found,Not Found,3.5,Receptions,-3.5,3.8,0.3,3.7,0.2,-125,0,0,0.5625,0.5,0,0.4,0.5,0.5555555555555556,0.5555555555555556,-0.7984444444444445,,,,,
Emeka Egbuka,WR,TB,DAL,45.99,49.17,Receiving Yards,-3.1799999999999997,29.4,-19.77,34,-15.17,-114,0,22,0.4117647058823529,0.5,0,0.2,0.2,0.42105263157894735,0.5327102803738317,-0.8136897196261683,,,,,
Pat Freiermuth,TE,PIT,IND,28.3,37.17,Receiving Yards,-8.870000000000001,42,4.83,32.2,-4.97,-113,0,18,0.25,0.5,0,0.6,0.4,0.2777777777777778,0.5305164319248826,-0.8158835680751176,,,,,
Josh Allen,QB,BUF,LAR,275.42,279.5,Passing + Rushing Yards,-4.079999999999984,280,0.5,235,-44.5,-114,0,11,0.2222222222222222,0.5,0,0.4,0.2,0.25,0.5327102803738317,-0.8272897196261619,,,,,
Chris Brooks,RB,GB,CHI,1.5,7.17,Receiving Yards,-5.67,6,-1.17,6.2,-0.97,-111,0,10,0.2777777777777778,0.3333333333333333,0,0.4,0.4,0.3,0.5260663507109005,-0.8663336492890998,,,,,
Chris Brooks,RB,GB,CHI,6.25,14.5,Rushing Yards,-8.25,23.4,8.9,13.1,-1.4,-116,0,10,0.16666666666666666,0.3333333333333333,0,0.6,0.3,0.2,0.5370370370370371,-0.8829629629629631,,,,,
Rhamondre Stevenson,RB,NE,LV,20.16,35.17,Rushing Yards,-15.010000000000002,51.6,16.43,59,23.83,-111,2,18,0.6111111111111112,1,0.5,0.8,0.9,0.65,0.5260663507109005,-0.9093336492891013,,,,,
Kenneth Walker,RB,,Not Found,Not Found,3.5,Receptions,-3.5,,,,,118,,0,,,,,,,0.45871559633027525,-0.9412844036697249,,,,,
Travis Kelce,TE,KC,Not Found,Not Found,4.5,Receptions,-4.5,4.2,-0.3,4.7,0.2,-114,1,0,0.47058823529411764,0.5,0.5,0.4,0.5,0.47368421052631576,0.5327102803738317,-0.9562897196261684,,,,,
Sam Darnold,QB,SEA,SF,228.6,221.83,Passing Yards,6.769999999999982,176.6,-45.23,194.8,-27.03,-113,0,7,0.55,0,0,0.2,0.4,0.55,0.5305164319248826,-1.1190835680751237,,,,,
Mark Andrews,TE,BAL,ATL,32.46,41.17,Receiving Yards,-8.71,32.2,-8.97,27.6,-13.57,-111,2,23,0.11764705882352941,1,1,0.4,0.3,0.21052631578947367,0.5260663507109005,-1.1643336492890997,,,,,
Rashee Rice,WR,KC,Not Found,Not Found,4.5,Receptions,-4.5,5,0.5,5.9,1.4,108,0,0,0.75,0,0.5,0.4,0.6,0.6,0.4807692307692308,-1.2042307692307692,,,,,
Jalen McMillan,WR,TB,Not Found,Not Found,13.83,Receiving Yards,-13.83,44.5,30.67,44.5,30.67,-112,0,0,0.75,,0.5,0.75,0.75,0.75,0.5283018867924528,-1.2757981132075473,,,,,
Mack Hollins,WR,NE,LV,21.7,34.5,Receiving Yards,-12.8,53.4,18.9,53.1,18.6,-113,0,10,0.5,0.5,0,0.8,0.7,0.5,0.5305164319248826,-1.3034835680751184,,,,,
Tyler Warren,TE,IND,PIT,44.1,46.17,Receiving Yards,-2.0700000000000003,26.6,-19.57,33.3,-12.87,-113,0,12,0.4117647058823529,0,0,0,0.1,0.3684210526315789,0.5305164319248826,-1.3118835680751175,,,,,
Kayshon Boutte,WR,HOU,TEN,29.27,37.17,Receiving Yards,-7.900000000000002,32,-5.17,33.1,-4.07,-113,0,19,0.3888888888888889,0,0,0.2,0.2,0.35,0.5305164319248826,-1.3218835680751182,,,,,
DeVonta Smith,WR,PHI,Not Found,Not Found,5.5,Receptions,-5.5,5.2,-0.3,4.9,-0.6,-118,1,0,0.3888888888888889,0.5,1,0.4,0.4,0.4,0.5412844036697247,-1.3387155963302755,,,,,
Drake Maye,QB,NE,LV,220.47,221.17,Passing Yards,-0.6999999999999886,189.2,-31.97,219.6,-1.57,-113,0,16,0.7619047619047619,0,0.5,0.2,0.4,0.65,0.5305164319248826,-1.3468835680751132,,,,,
Josh Oliver,TE,MIN,Not Found,Not Found,10.17,Receiving Yards,-10.17,20.4,10.23,15.4,5.23,-116,3,0,0.5,1,0.3333333333333333,0.8,0.6,0.5714285714285714,0.5370370370370371,-1.4626962962962966,,,,,
Jordan Addison,WR,MIN,NO,35.27,36.17,Receiving Yards,-0.8999999999999986,11,-25.17,23.9,-12.27,-115,0,11,0.42857142857142855,0,0,0,0.2,0.375,0.5348837209302325,-1.4875162790697671,,,,,
Tyjae Spears,RB,TEN,HOU,27.73,33.17,Rushing + Receiving Yards,-5.440000000000001,25,-8.17,18.4,-14.77,-115,1,9,0.23076923076923078,0.5,1,0.4,0.3,0.26666666666666666,0.5348837209302325,-1.491516279069768,,,,,
Noah Fant,TE,NO,MIN,5.5,12.17,Receiving Yards,-6.67,10.6,-1.57,17,4.83,-113,0,6,0.6923076923076923,0.5,0,0.4,0.5,0.6666666666666666,0.5305164319248826,-1.5858835680751175,,,,,
Jared Wayne,WR,HOU,TEN,2.23,15.17,Receiving Yards,-12.94,21.667,6.497,21.667,6.497,-115,1,19,1,0.5,1,0.6666666666666666,0.6666666666666666,0.6666666666666666,0.5348837209302325,-1.5914762790697674,,,,,
Garrett Wilson,WR,NYJ,CLE,75.46,78.17,Receiving Yards,-2.710000000000008,44,-34.17,59,-19.17,-114,0,26,0.42857142857142855,0.5,0,0.2,0.4444444444444444,0.4444444444444444,0.5327102803738317,-1.7456897196261718,,,,,
Rachaad White,RB,WAS,NYG,4.5,15.5,Receiving Yards,-11,17,1.5,13,-2.5,-114,1,16,0.4117647058823529,0.5,1,0.4,0.3,0.42105263157894735,0.5327102803738317,-1.8052897196261684,,,,,
Bo Nix,QB,DEN,LAC,230.67999999999998,235,Passing + Rushing Yards,-4.320000000000022,204.2,-30.8,250.3,15.3,-114,1,18,0.5,0.5,1,0.4,0.6,0.5,0.5327102803738317,-1.807289719626177,,,,,
Jonathan Taylor,RB,IND,PIT,105.94,106.83,Rushing + Receiving Yards,-0.8900000000000006,66.4,-40.43,88,-18.83,-114,0,24,0.23529411764705882,0,0,0,0.1,0.21052631578947367,0.5327102803738317,-1.8428897196261682,,,,,
Jahmyr Gibbs,RB,DET,ARI,89.99,90.17,Rushing Yards,-0.18000000000000682,66.2,-23.97,73.8,-16.37,-113,0,4,0.29411764705882354,0.5,0,0.2,0.2,0.3157894736842105,0.5305164319248826,-1.8598835680751202,,,,,
Kevin Coleman Jr,WR,,CIN,6.48,15.5,Receiving Yards,-9.02,,,,,-112,,12,,,,,,,0.5283018867924528,-1.8796981132075472,,,,,
Bijan Robinson,RB,ATL,BAL,31.78,39.17,Receiving Yards,-7.390000000000001,32.4,-6.77,43.2,4.03,-114,0,11,0.47058823529411764,0.3333333333333333,0,0.2,0.4,0.45,0.5327102803738317,-1.9136897196261684,,,,,
Dalton Schultz,TE,HOU,TEN,36.46,49.5,Receiving Yards,-13.04,61.4,11.9,51.4,1.9,-112,1,11,0.42105263157894735,0.5,1,0.4,0.4,0.45,0.5283018867924528,-1.9976981132075475,,,,,
Terry McLaurin,WR,WAS,NYG,28.28,42.17,Receiving Yards,-13.89,47.4,5.23,57.1,14.93,-113,1,17,0.8,0.5,1,0.8,0.8,0.75,0.5305164319248826,-2.129883568075118,,,,,
Chris Moore,WR,BAL,ATL,8.33,21.5,Receiving Yards,-13.17,20.4,-1.1,20.7,-0.8,-111,0,27,0.5,0.5,0,0.4,0.4,0.5,0.5260663507109005,-2.1559336492891,,,,,
Kyle Pitts Sr,TE,,BAL,26.35,35.83,Receiving Yards,-9.479999999999997,,,,,-113,,10,,,,,,,0.5305164319248826,-2.2614835680751164,,,,,
Tommy Tremble,TE,CAR,Not Found,Not Found,10.17,Receiving Yards,-10.17,19,8.83,17,6.83,-115,0,0,0.5,0.5,0.6666666666666666,0.6,0.5,0.5,0.5348837209302325,-2.4621829457364344,,,,,
David Montgomery,RB,HOU,TEN,43.85,50.17,Rushing Yards,-6.32,30.2,-19.97,32,-18.17,-114,0,17,0.29411764705882354,0.5,0.5,0.2,0.2,0.3157894736842105,0.5327102803738317,-2.6246897196261685,,,,,
Tyler Shough,QB,NO,MIN,253.25,272,Passing + Rushing Yards,-18.75,312.4,40.4,274.2,2.2,-114,0,1,0.36363636363636365,0.5,0,0.6,0.5,0.38461538461538464,0.5327102803738317,-2.7652897196261685,,,,,
Kaleb Johnson,RB,GB,CHI,35.23,37.5,Rushing Yards,-2.270000000000003,9.2,-28.3,8.6,-28.9,-110,0,10,0,0,0,0,0,0,0.5238095238095238,-2.7921904761904774,,,,,
Jameis Winston,QB,NYG,WAS,192.52,199.5,Passing Yards,-6.97999999999999,169.5,-30,169.5,-30,-113,0,30,0.6666666666666666,0,0,0.5,0.5,0.5,0.5305164319248826,-2.8464835680751137,,,,,
Xavier Legette,WR,CAR,Not Found,Not Found,12.5,Receiving Yards,-12.5,19.4,6.9,25.4,12.9,-113,1,0,0.5,0.5,1,0.4,0.5,0.5,0.5305164319248826,-3.1594835680751174,,,,,
Jadarian Price,RB,SEA,Not Found,Not Found,8.83,Receiving Yards,-8.83,7,-1.83,7,-1.83,-111,0,0,,0,0,0,0,0,0.5260663507109005,-3.2255336492890994,,,,,
Tyrone Tracy Jr,RB,,WAS,4.58,15.5,Rushing Yards,-10.92,,,,,-115,,5,,,,,,,0.5348837209302325,-3.3331162790697677,,,,,
Travis Etienne Jr,RB,,Not Found,Not Found,10.17,Receiving Yards,-10.17,,,,,-114,,0,,,,,,,0.5327102803738317,-3.535289719626169,,,,,
Drake Maye,QB,NE,LV,254.22,251.5,Passing + Rushing Yards,2.719999999999999,189.2,-62.3,219.6,-31.9,-114,0,16,0.6666666666666666,0,0.5,0.2,0.4,0.6,0.5327102803738317,-3.6162897196261694,,,,,
David Montgomery,RB,HOU,TEN,57.14,62.5,Rushing + Receiving Yards,-5.359999999999999,30.2,-32.3,32,-30.5,-113,0,17,0.17647058823529413,0,0.5,0,0,0.15789473684210525,0.5305164319248826,-3.728483568075117,,,,,
Jack Bech,WR,LV,Not Found,Not Found,14.83,Receiving Yards,-14.83,21.6,6.77,19.9,5.07,-114,2,0,0.5,1,1,0.8,0.7,0.5625,0.5327102803738317,-3.946889719626169,,,,,
Daniel Jones,QB,IND,PIT,207.95,209.83,Passing Yards,-1.8800000000000239,163.6,-46.23,218.7,8.87,-114,1,3,0.7692307692307693,0.5,0.5,0.2,0.6,0.7333333333333333,0.5327102803738317,-4.0338897196261785,,,,,
Jameis Winston,QB,NYG,WAS,200.55,208,Passing + Rushing Yards,-7.449999999999989,169.5,-38.5,169.5,-38.5,-113,0,30,0.3333333333333333,0,0,0.25,0.25,0.25,0.5305164319248826,-4.061983568075113,,,,,
LaJohntay Wester,WR,BAL,ATL,4.32,19,Receiving Yards,-14.68,5.8,-13.2,2.9,-16.1,-112,0,27,0,0,0,0,0,0,0.5283018867924528,-4.285698113207547,,,,,
Malik Willis,QB,MIA,CIN,212.83,213.5,Passing + Rushing Yards,-0.6699999999999875,166.6,-46.9,139.833,-73.667,-114,0,15,0.25,0.5,0,0.4,0.3333333333333333,0.3333333333333333,0.5327102803738317,-4.386629719626164,,,,,
Justice Hill,RB,BAL,ATL,24.979999999999997,30.5,Rushing + Receiving Yards,-5.520000000000003,5.4,-25.1,12.4,-18.1,-115,0,1,0.1,0,0,0,0.1,0.08333333333333333,0.5348837209302325,-4.44511627906977,,,,,
Tyquan Thornton,WR,KC,Not Found,Not Found,19,Receiving Yards,-19,30.4,11.4,34.2,15.2,-114,1,0,0.6666666666666666,0.5,0.5,0.6,0.6,0.6428571428571429,0.5327102803738317,-5.280289719626169,,,,,
Darren Waller,TE,CAR,Not Found,Not Found,20.17,Receiving Yards,-20.17,33.4,13.23,31.7,11.53,-114,2,0,0.5555555555555556,1,1,0.8,0.6,0.6363636363636364,0.5327102803738317,-5.30768971962617,,,,,
Omarion Hampton,RB,LAC,DEN,59.5,74.83,Rushing + Receiving Yards,-15.329999999999998,50,-24.83,60.9,-13.93,-114,1,27,0.2,0.5,0.5,0.4,0.3,0.25,0.5327102803738317,-5.323889719626168,,,,,
Chuba Hubbard,RB,CAR,Not Found,Not Found,14.83,Receiving Yards,-14.83,15,0.17,16.6,1.77,-113,0,0,0.375,0.5,0,0.2,0.3,0.3888888888888889,0.5305164319248826,-5.343083568075118,,,,,
Sam Darnold,QB,SEA,SF,234.43,234.5,Passing + Rushing Yards,-0.06999999999999318,176.6,-57.9,194.8,-39.7,-112,0,7,0.55,0,0,0.2,0.4,0.55,0.5283018867924528,-5.377698113207544,,,,,
Dak Prescott,QB,DAL,TB,258.95,265.17,Passing Yards,-6.220000000000027,215,-50.17,268.7,3.53,-114,1,10,0.47058823529411764,0.5,0.6666666666666666,0.4,0.7,0.47368421052631576,0.5327102803738317,-5.556356386292848,,,,,
Tyrone Tracy Jr,RB,,WAS,4.98,21.5,Rushing + Receiving Yards,-16.52,,,,,-115,,5,,,,,,,0.5348837209302325,-5.573116279069768,,,,,
Saquon Barkley,RB,PHI,Not Found,Not Found,13.5,Receiving Yards,-13.5,6.6,-6.9,10.6,-2.9,-112,0,0,0.47058823529411764,0,0,0.2,0.3,0.42105263157894735,0.5283018867924528,-5.613698113207548,,,,,
AJ Dillon,RB,CAR,Not Found,Not Found,14,Rushing Yards,-14,7.8,-6.2,10.625,-3.375,-113,0,0,0.3333333333333333,0.5,0,0.2,0.375,0.375,0.5305164319248826,-5.750983568075117,,,,,
Jalen Nailor,WR,LV,NE,5,24.17,Receiving Yards,-19.17,17,-7.17,17.8,-6.37,-113,0,20,0.5294117647058824,0.5,0,0.4,0.4,0.5263157894736842,0.5305164319248826,-5.969883568075118,,,,,
Chris Brooks,RB,GB,CHI,7.75,25.83,Rushing + Receiving Yards,-18.08,23.4,-2.43,13.1,-12.73,-114,0,10,0.05555555555555555,0.3333333333333333,0,0.4,0.2,0.1,0.5327102803738317,-6.184889719626168,,,,,
Rhamondre Stevenson,RB,NE,LV,31.29,53.83,Rushing + Receiving Yards,-22.54,51.6,-2.23,59,5.17,-114,0,18,0.2777777777777778,0,0,0.4,0.3,0.25,0.5327102803738317,-6.790889719626168,,,,,
Jahmyr Gibbs,RB,DET,ARI,128.82,130.17,Rushing + Receiving Yards,-1.3499999999999943,66.2,-63.97,73.8,-56.37,-114,0,4,0.17647058823529413,0.5,0,0.2,0.2,0.21052631578947367,0.5327102803738317,-7.125689719626165,,,,,
Brock Purdy,QB,SF,SEA,226.82,238.5,Passing Yards,-11.680000000000007,204.2,-34.3,227.5,-11,-110,1,2,0.5454545454545454,0.5,1,0.4,0.5,0.5384615384615384,0.5238095238095238,-7.236190476190479,,,,,
Justin Jefferson,WR,MIN,NO,52.21,73.5,Receiving Yards,-21.29,72.6,-0.9,50.9,-22.6,-114,0,11,0.47058823529411764,0.5,0,0.6,0.3,0.47368421052631576,0.5327102803738317,-7.407289719626168,,,,,
Breece Hall,RB,NYJ,Not Found,Not Found,21.83,Receiving Yards,-21.83,24,2.17,25.1,3.27,-115,1,0,0.375,0.5,1,0.2,0.3,0.3888888888888889,0.5348837209302325,-7.558716279069766,,,,,
Daniel Jones,QB,IND,PIT,217.32999999999998,223.5,Passing + Rushing Yards,-6.170000000000016,163.6,-59.9,218.7,-4.8,-113,0,3,0.6153846153846154,0,0,0,0.4,0.5333333333333333,0.5305164319248826,-7.723483568075124,,,,,
Michael Pittman Jr,WR,,IND,0,26.83,Receiving Yards,-26.83,,,,,-114,,21,,,,,,,0.5327102803738317,-8.099289719626167,,,,,
Brock Purdy,QB,SF,SEA,252.39999999999998,260,Passing + Rushing Yards,-7.600000000000023,204.2,-55.8,227.5,-32.5,-113,1,2,0.5454545454545454,0.5,1,0.4,0.5,0.5384615384615384,0.5305164319248826,-8.177483568075129,,,,,
DJ Moore,WR,BUF,LAR,23.88,48.17,Receiving Yards,-24.290000000000003,45.4,-2.77,41.3,-6.87,-113,0,14,0.42105263157894735,0.5,0,0.6,0.5,0.4,0.5305164319248826,-8.181883568075119,,,,,
Christian McCaffrey,RB,SF,SEA,91.24000000000001,100.17,Rushing + Receiving Yards,-8.929999999999993,39.4,-60.77,66.9,-33.27,-113,0,14,0.21052631578947367,0,0,0,0.2,0.2,0.5305164319248826,-8.383883568075117,,,,,
Kenneth Walker,RB,,Not Found,Not Found,22.5,Receiving Yards,-22.5,,,,,-113,,0,,,,,,,0.5305164319248826,-8.469483568075118,,,,,
Dak Prescott,QB,DAL,TB,273.86,282.5,Passing + Rushing Yards,-8.639999999999986,215,-67.5,268.7,-13.8,-113,0,10,0.4117647058823529,0,0.3333333333333333,0.2,0.5,0.3684210526315789,0.5305164319248826,-8.928816901408446,,,,,
T.J. Hockenson,TE,MIN,NO,Not Found,30.83,Receiving Yards,-30.83,29,-1.83,28.1,-2.73,-114,0,30,0.4666666666666667,0.5,0.3333333333333333,0.4,0.4,0.47058823529411764,0.5327102803738317,-9.008223052959503,,,,,
Rachaad White,RB,WAS,NYG,12,38.5,Rushing + Receiving Yards,-26.5,28.6,-9.9,31.2,-7.3,-115,1,16,0.35294117647058826,0.5,1,0.4,0.4,0.3684210526315789,0.5348837209302325,-9.239116279069771,,,,,
Rashod Bateman,WR,BAL,ATL,23.1,48,Receiving Yards,-24.9,23.6,-24.4,20,-28,-111,1,27,0.15384615384615385,0.5,1,0.2,0.2,0.2,0.5260663507109005,-9.377933649289101,,,,,
Pat Bryant,WR,DEN,Not Found,Not Found,25.5,Receiving Yards,-25.5,21.4,-4.1,34.8,9.3,-113,0,0,0.5333333333333333,0.5,0.5,0.6,0.8,0.5294117647058824,0.5305164319248826,-9.850483568075118,,,,,
De'Von Achane,RB,MIA,Not Found,Not Found,27.5,Receiving Yards,-27.5,30.8,3.3,30.2,2.7,-114,0,0,0.5,0.5,0,0.6,0.6,0.5,0.5327102803738317,-10.065289719626167,,,,,
Emmett Johnson,RB,KC,Not Found,Not Found,26,Rushing Yards,-26,19.5,-6.5,19.5,-6.5,-111,0,0,,0,0,0,0,0,0.5260663507109005,-10.653933649289101,,,,,
Geno Smith,QB,NYJ,CLE,200.75,226.83,Passing Yards,-26.080000000000013,191,-35.83,207,-19.83,-116,1,22,0.4,0.5,1,0.2,0.4,0.4117647058823529,0.5370370370370371,-11.31856296296297,,,,,
Kyler Murray,QB,MIN,NO,186.89,213.83,Passing Yards,-26.940000000000026,163.4,-50.43,163.333,-50.497,-113,0,20,0.4,0,0,0.4,0.3333333333333333,0.3333333333333333,0.5305164319248826,-14.28642356807513,,,,,
Travis Etienne Jr,RB,,Not Found,Not Found,39.5,Rushing Yards,-39.5,,,,,-113,,0,,,,,,,0.5305164319248826,-15.269483568075119,,,,,
J.K. Dobbins,RB,DEN,LAC,Not Found,50.17,Rushing Yards,-50.17,64.2,14.03,70.5,20.33,-114,0,23,0.9,0,0,0.6,0.7,0.75,0.5327102803738317,-15.40768971962617,,,,,
Ja'Marr Chase,WR,CIN,MIA,36.44,76.17,Receiving Yards,-39.730000000000004,70.4,-5.77,77.9,1.73,-113,0,3,0.625,0,0,0.4,0.5,0.5555555555555556,0.5305164319248826,-15.59188356807512,,,,,
Geno Smith,QB,NYJ,CLE,212.06,244.5,Passing + Rushing Yards,-32.44,191,-53.5,207,-37.5,-112,1,22,0.26666666666666666,0.5,1,0.2,0.3,0.29411764705882354,0.5283018867924528,-15.991698113207546,,,,,
Xavier Worthy,WR,KC,Not Found,Not Found,38.5,Receiving Yards,-38.5,23.8,-14.7,34.2,-4.3,-113,0,0,0.5,0,0.5,0.2,0.4,0.4375,0.5305164319248826,-16.394483568075113,,,,,
Jalen Hurts,QB,PHI,JAX,178.91,218.17,Passing Yards,-39.25999999999999,186,-32.17,199.9,-18.27,-113,1,14,0.4117647058823529,0.5,1,0.2,0.4,0.42105263157894735,0.5305164319248826,-16.999883568075116,,,,,
Kyler Murray,QB,MIN,NO,209.26,237,Passing + Rushing Yards,-27.74000000000001,163.4,-73.6,163.333,-73.667,-114,0,20,0,0,0,0,0,0,0.5327102803738317,-17.396629719626173,,,,,
Justin Herbert,QB,LAC,DEN,180.73,227.5,Passing Yards,-46.77000000000001,219.2,-8.3,189.7,-37.8,-115,0,21,0.47058823529411764,0,0.3333333333333333,0.4,0.2,0.42105263157894735,0.5348837209302325,-17.63044961240311,,,,,
Rashee Rice,WR,KC,Not Found,Not Found,49,Receiving Yards,-49,55.8,6.8,67.3,18.3,-111,1,0,0.625,0.5,1,0.6,0.6,0.6,0.5260663507109005,-17.6599336492891,,,,,
Adonai Mitchell,WR,NYJ,Not Found,Not Found,45.5,Receiving Yards,-45.5,37.6,-7.9,42.4,-3.1,-114,2,0,0.1875,1,1,0.4,0.4,0.2777777777777778,0.5327102803738317,-17.85728971962617,,,,,
Emmett Johnson,RB,KC,Not Found,Not Found,41.5,Rushing + Receiving Yards,-41.5,19.5,-22,19.5,-22,-113,0,0,,0,0,0,0,0,0.5305164319248826,-18.709483568075118,,,,,
Jalen Coker,WR,CAR,Not Found,Not Found,58.83,Receiving Yards,-58.83,80.2,21.37,66.6,7.77,-113,3,0,0.25,1,0.5,0.6,0.5,0.35714285714285715,0.5305164319248826,-19.766083568075118,,,,,
Jalen Hurts,QB,PHI,JAX,207.7,246.5,Passing + Rushing Yards,-38.80000000000001,186,-60.5,199.9,-46.6,-114,1,14,0.23529411764705882,0.5,1,0.2,0.2,0.2631578947368421,0.5327102803738317,-20.213289719626175,,,,,
Travis Kelce,TE,KC,Not Found,Not Found,52,Receiving Yards,-52,45.2,-6.8,48.3,-3.7,-112,2,0,0.47058823529411764,1,0.5,0.4,0.4,0.5263157894736842,0.5283018867924528,-20.38869811320755,,,,,
Travis Etienne Jr,RB,,Not Found,Not Found,53,Rushing + Receiving Yards,-53,,,,,-113,,0,,,,,,,0.5305164319248826,-20.66948356807512,,,,,
Justin Herbert,QB,LAC,DEN,203.19,251,Passing + Rushing Yards,-47.81,219.2,-31.8,189.7,-61.3,-113,0,21,0.29411764705882354,0,0,0.2,0.1,0.2631578947368421,0.5305164319248826,-20.89348356807512,,,,,
Jadarian Price,RB,SEA,Not Found,Not Found,54.83,Rushing Yards,-54.83,52,-2.83,52,-2.83,-114,0,0,,0,0,0,0,0,0.5327102803738317,-21.738889719626172,,,,,
De'Von Achane,RB,MIA,Not Found,Not Found,60,Rushing Yards,-60,66.8,6.8,92.1,32.1,-111,1,0,0.8125,0.5,1,0.8,0.9,0.7777777777777778,0.5260663507109005,-21.777933649289103,,,,,
Terrance Ferguson,TE,LA,Not Found,Not Found,50.17,Receiving Yards,-50.17,25.4,-24.77,16.6,-33.57,-113,1,0,0.15384615384615385,0.5,1,0.4,0.2,0.2,0.5305164319248826,-22.323883568075118,,,,,
Breece Hall,RB,NYJ,Not Found,Not Found,59.5,Rushing Yards,-59.5,63.8,4.3,61.5,2,-112,0,0,0.4375,0.5,0,0.4,0.4,0.4444444444444444,0.5283018867924528,-22.78969811320755,,,,,
Tetairoa McMillan,WR,CAR,Not Found,Not Found,63.17,Receiving Yards,-63.17,69.4,6.23,65.3,2.13,-114,4,0,0.4444444444444444,1,0.6666666666666666,0.8,0.6,0.5,0.5327102803738317,-22.812356386292837,,,,,
Ladd McConkey,WR,LAC,DEN,Not Found,58.5,Receiving Yards,-58.5,44.6,-13.9,41.4,-17.1,-114,0,13,0.29411764705882354,0.5,0,0.2,0.2,0.3157894736842105,0.5327102803738317,-23.29328971962617,,,,,
Amon-Ra St. Brown,WR,DET,ARI,Not Found,77.17,Receiving Yards,-77.17,94,16.83,91.7,14.53,-113,1,30,0.47058823529411764,0.5,1,0.4,0.5,0.47368421052631576,0.5305164319248826,-25.001883568075115,,,,,
Saquon Barkley,RB,PHI,Not Found,Not Found,72,Rushing Yards,-72,79.6,7.6,75.9,3.9,-113,0,0,0.4117647058823529,0.5,0,0.6,0.6,0.42105263157894735,0.5305164319248826,-27.41348356807512,,,,,
Jadarian Price,RB,SEA,Not Found,Not Found,68.17,Rushing + Receiving Yards,-68.17,52,-16.17,52,-16.17,-114,0,0,,0,0,0,0,0,0.5327102803738317,-28.67568971962617,,,,,
DeVonta Smith,WR,PHI,Not Found,Not Found,72.83,Receiving Yards,-72.83,63.4,-9.43,58.3,-14.53,-114,1,0,0.2222222222222222,0.5,1,0.2,0.2,0.25,0.5327102803738317,-29.476889719626172,,,,,
Chuba Hubbard,RB,CAR,Not Found,Not Found,68.83,Rushing Yards,-68.83,34,-34.83,34.6,-34.23,-114,0,0,0.125,0,0.3333333333333333,0,0.1,0.1111111111111111,0.5327102803738317,-31.150223052959504,,,,,
Kenneth Walker,RB,,Not Found,Not Found,84.5,Rushing Yards,-84.5,,,,,-111,,0,,,,,,,0.5260663507109005,-33.273933649289106,,,,,
Saquon Barkley,RB,PHI,Not Found,Not Found,89.5,Rushing + Receiving Yards,-89.5,79.6,-9.9,75.9,-13.6,-114,0,0,0.23529411764705882,0,0,0.4,0.3,0.21052631578947367,0.5327102803738317,-36.51728971962617,,,,,
Breece Hall,RB,NYJ,Not Found,Not Found,86.17,Rushing + Receiving Yards,-86.17,63.8,-22.37,61.5,-24.67,-114,0,0,0.25,0.5,0,0.4,0.2,0.2777777777777778,0.5327102803738317,-36.65368971962617,,,,,
De'Von Achane,RB,MIA,Not Found,Not Found,92.5,Rushing + Receiving Yards,-92.5,66.8,-25.7,92.1,-0.4,-112,0,0,0.3125,0,0,0,0.3,0.2777777777777778,0.5283018867924528,-39.04969811320755,,,,,
Chuba Hubbard,RB,CAR,Not Found,Not Found,87.5,Rushing + Receiving Yards,-87.5,34,-53.5,34.6,-52.9,-114,0,0,0,0,0,0,0,0,0.5327102803738317,-40.87528971962617,,,,,
Kenneth Walker,RB,,Not Found,Not Found,111.5,Rushing + Receiving Yards,-111.5,,,,,-112,,0,,,,,,,0.5283018867924528,-44.071698113207546,,,,,
Marcus Mariota,QB,WAS,Not Found,Not Found,172.83,Passing Yards,-172.83,148.2,-24.63,159.9,-12.93,-110,0,0,0.6,0,0,0.4,0.5,0.5454545454545454,0.5238095238095238,-71.31779047619048,,,,,
Bryce Young,QB,CAR,Not Found,Not Found,222.17,Passing Yards,-222.17,246.4,24.23,240.9,18.73,-113,4,0,0.23529411764705882,1,0.6666666666666666,0.8,0.5,0.3157894736842105,0.5305164319248826,-84.28255023474178,,,,,
Marcus Mariota,QB,WAS,Not Found,Not Found,198.5,Passing + Rushing Yards,-198.5,148.2,-50.3,159.9,-38.6,-112,0,0,0.6,0,0,0.4,0.5,0.5454545454545454,0.5283018867924528,-84.66169811320756,,,,,
Baker Mayfield,QB,TB,Not Found,Not Found,214.83,Passing Yards,-214.83,218.4,3.57,189.9,-24.93,-114,0,0,0.5294117647058824,0.5,0,0.4,0.3,0.5263157894736842,0.5327102803738317,-85.52888971962618,,,,,
C.J. Stroud,QB,HOU,TEN,Not Found,238.5,Passing Yards,-238.5,251.6,13.1,242.8,4.3,-114,2,6,0.375,1,1,0.6,0.6,0.4444444444444444,0.5327102803738317,-92.20328971962617,,,,,
Patrick Mahomes,QB,KC,Not Found,Not Found,236,Passing Yards,-236,235.2,-0.8,263.9,27.9,-112,1,0,0.7142857142857143,0.5,1,0.4,0.7,0.6875,0.5283018867924528,-93.03169811320755,,,,,
Bryce Young,QB,CAR,Not Found,Not Found,240.5,Passing + Rushing Yards,-240.5,246.4,5.9,240.9,0.4,-114,4,0,0.23529411764705882,1,0.6666666666666666,0.8,0.5,0.3157894736842105,0.5327102803738317,-93.81195638629283,,,,,
Baker Mayfield,QB,TB,Not Found,Not Found,234.5,Passing + Rushing Yards,-234.5,218.4,-16.1,189.9,-44.6,-113,0,0,0.35294117647058826,0,0,0.2,0.2,0.3157894736842105,0.5305164319248826,-95.76548356807513,,,,,
Lamar Jackson,QB,BAL,Not Found,Not Found,239.17,Passing Yards,-239.17,209.6,-29.57,203.5,-35.67,-113,0,0,0.15384615384615385,0.5,0,0.2,0.2,0.2,0.5305164319248826,-98.80188356807513,,,,,
C.J. Stroud,QB,HOU,TEN,Not Found,254.5,Passing + Rushing Yards,-254.5,251.6,-2.9,242.8,-11.7,-113,2,6,0.1875,1,1,0.4,0.4,0.2777777777777778,0.5305164319248826,-100.53148356807513,,,,,
Patrick Mahomes,QB,KC,Not Found,Not Found,255.5,Passing + Rushing Yards,-255.5,235.2,-20.3,263.9,8.4,-113,1,0,0.6428571428571429,0.5,1,0.4,0.6,0.625,0.5305164319248826,-103.16948356807512,,,,,
Lamar Jackson,QB,BAL,Not Found,Not Found,282.5,Passing + Rushing Yards,-282.5,209.6,-72.9,203.5,-79,-114,0,0,0.07692307692307693,0.5,0,0.2,0.1,0.13333333333333333,0.5327102803738317,-121.33128971962617,,,,,
,,,,,,,,,,,,,,,,,,,,,,,,,,,
,,,,,,,,,,,,,,,,,,,,,,,,,,,
,,,,,,,,,,,,,,,,,,,,,,,,,,,
,,,,,,,,,,,,,,,,,,,,,,,,,,,
,,,,,,,,,,,,,,,,,,,,,,,,,,,
,,,,,,,,,,,,,,,,,,,,,,,,,,,
,,,,,,,,,,,,,,,,,,,,,,,,,,,
,,,,,,,,,,,,,,,,,,,,,,,,,,,
,,,,,,,,,,,,,,,,,,,,,,,,,,,
,,,,,,,,,,,,,,,,,,,,,,,,,,,
,,,,,,,,,,,,,,,,,,,,,,,,,,,
,,,,,,,,,,,,,,,,,,,,,,,,,,,
,,,,,,,,,,,,,,,,,,,,,,,,,,,
,,,,,,,,,,,,,,,,,,,,,,,,,,,
,,,,,,,,,,,,,,,,,,,,,,,,,,,
,,,,,,,,,,,,,,,,,,,,,,,,,,,
,,,,,,,,,,,,,,,,,,,,,,,,,,,
,,,,,,,,,,,,,,,,,,,,,,,,,,,
,,,,,,,,,,,,,,,,,,,,,,,,,,,
,,,,,,,,,,,,,,,,,,,,,,,,,,,
,,,,,,,,,,,,,,,,,,,,,,,,,,,
,,,,,,,,,,,,,,,,,,,,,,,,,,,
,,,,,,,,,,,,,,,,,,,,,,,,,,,
,,,,,,,,,,,,,,,,,,,,,,,,,,,
,,,,,,,,,,,,,,,,,,,,,,,,,,,
,,,,,,,,,,,,,,,,,,,,,,,,,,,
,,,,,,,,,,,,,,,,,,,,,,,,,,,
,,,,,,,,,,,,,,,,,,,,,,,,,,,
,,,,,,,,,,,,,,,,,,,,,,,,,,,
,,,,,,,,,,,,,,,,,,,,,,,,,,,
,,,,,,,,,,,,,,,,,,,,,,,,,,,
,,,,,,,,,,,,,,,,,,,,,,,,,,,
,,,,,,,,,,,,,,,,,,,,,,,,,,,
,,,,,,,,,,,,,,,,,,,,,,,,,,,
,,,,,,,,,,,,,,,,,,,,,,,,,,,
,,,,,,,,,,,,,,,,,,,,,,,,,,,
,,,,,,,,,,,,,,,,,,,,,,,,,,,
,,,,,,,,,,,,,,,,,,,,,,,,,,,
,,,,,,,,,,,,,,,,,,,,,,,,,,,
,,,,,,,,,,,,,,,,,,,,,,,,,,,
,,,,,,,,,,,,,,,,,,,,,,,,,,,
,,,,,,,,,,,,,,,,,,,,,,,,,,,
,,,,,,,,,,,,,,,,,,,,,,,,,,,
,,,,,,,,,,,,,,,,,,,,,,,,,,,
,,,,,,,,,,,,,,,,,,,,,,,,,,,
,,,,,,,,,,,,,,,,,,,,,,,,,,,
,,,,,,,,,,,,,,,,,,,,,,,,,,,