Detailed Breakdown,,,,,
#1  Pete Crow-Armstrong (CHC) vs Nick Lodolo   Score: 72.5   HR Prob: 24.8%  |  Odds: +240,,,,,
Batter Power: 84.6,Pitcher Vuln: 51.8,Pitch Match: 1.062,Bullpen: 0.917,Bullpen Vuln 🔬: 44.1  (BVu 44 (~3.8 IP)),
Park: 1.200,Env: 1.200,Platoon: 1.08,Impl Runs: 5.0,Mkt Signal: 1.086,
HR/PA Rate: 0.072,Opp Score: 50/50,Conv Score: 50/50,NewConv CONV100: 86,NewConv Rank: 6,
NewConv p: 0.300,NewConv raw: 0.2600,Hits Odds: -,Hits Line: 0.5,xHR Factor: 0.906,
Pull×Park: 1.000,Zone Damage: 1.001,Count Score: 1.150,Umpire Factor: 1.018,Signal Score: 9/20,
   ✅ STRONG SIGNAL COMBO (9/20): Power≥63 + Score≥50  →  Historical HR rate: 18%  637/3630 AT (signal-combo),,,,,
   🔥 L7 power surge: SLG 0.704 (1.57x season — HR heat),,,,,
   💥 3 HRs last 7 days — active HR streak,,,,,
   📊 wRC+ vs RHP: 157 (+57 above avg) (+2 conv),,,,,
   🎯 PitchMix wOBA 0.406 — elite contact vs pitcher's actual mix (+4 conv),,,,,
   💪 Elite HR/PA vs RHP: 6.4% (1.9x league avg) (+3 conv),,,,,
   🏟️ Elite road SLG: 0.576 — power venue type (+3 conv),,,,,
"   💰 ODDS: +240 (above +250 gate — informational, boost retired Jul 2026)",,,,,
   💎 DIAMOND: NEAR-HR POWER CONTACT (Tier A): NearHR3≥3+Park1.20≥1.05+Vu52≥48 → 50.0%/2.87x n=10. Batter generating elite exit-velocity fly balls that aren't leaving due to luck/park — power is real. Near-HR alone is noise (1.17x); this combo is validated. Ranking +8%.,,,,,
   🎯 Hand-specific pitch: Lodolo throws 48% SI vs LHB (overall primary: FF),,,,,
   🎯 PITCHER TARGET SI (48% vs LHB): Lodolo allows 100% HH (vuln 50) → Batter L10 SI: 0 HR/10 BBE • 40% HH • 344ft avg dist,,,,,
   🔥 CROSS-PITCH T1→T2 UPGRADE: T1 carry signal + 3 HR in L10 BBE on FF — batter has real recent power on non-target pitch (conv 1→3),,,,,
   🔥 CROSS-PITCH BBE SURGE: 3 HR in L10 BBE on FF (273ft avg · 60% HH) — power surge on non-target pitch (+3 conv),,,,,
   🎯 DP SHARP HR: PM 1.062 + pitch edge +8 + Pwr 85 + Vuln 52 + Park 1.200,,,,,
   ⚠️ Low blast rate: 16% per contact (-1.5 conv),,,,,
   🎯 Pull power in hitter's park: 34% pull air rate (+2 conv),,,,,
   ⚾ Career vs pitcher: 0HR/10AB (0%),,,,,
   ✅ Strong career OPS vs pitcher: 0.938 (10AB) (+2 conv),,,,,
   📊 HH% vs pitcher: 30%,,,,,
   🌡️ FL HR Factor: 1.6x (favourable game environment),,,,,
"   🎯 Crushes sinkers: wOBA 0.435, SLG 0.526 vs Lodolo SI 48% vs LHB (+4.5 conv)",,,,,
   🎯 PITCH DOMINANCE EDGE: batter hits primary pitch types hard (+8 conv total),,,,,
   🔥🔥 L10 BBE vs FF: 3 HR in 10 BBE (30% HR rate • 273.1 Avg Dist • 60% HH • 20% Brl) — Marsh-pattern recent power surge (+7 conv),,,,,
   🎯 PITCHMIX wOBA: 0.406 vs pitcher mix — elite contact quality against this specific arsenal (1.27x avg),,,,,
"   🎯 PITCH CORRELATION: Pitcher's FF → wOBA 0.384 allowed | Batter FF → wOBA 0.409, EV 87.5mph — direct weakness × strength match",,,,,
"   🎯 2 BZM-SZN (FF): up, middle",,,,,
   🎯 BZM multi-zone boost: 2 overlapping zones (+6 conv),,,,,
   🎯 Elite spot: Opp 50/50 + Conv 50/50 — both stages firing (57% hist HR rate for this tier),,,,,
   ℹ️ Low hit score (HS=3) — cold contact; HS not predictive of HR,,,,,
   ✅ Platoon edge (L vs R),,,,,
   🏟️ Power park (1.20x) — 1.42x HR lift at 1.15-1.20 (17 slates),,,,,
   ⏱️ SP market: 5.2 IP expected,,,,,
   ⚡ High K% (26.2%),,,,,
   ⚡ High Z-Contact: 90.1% (≥88% = batters making easy contact in zone → xwOBA quality elevated),,,,,
   📊 ERA composite 4.77 (FIP/xFIP/SIERA avg) vs ERA 4.00 — ERA understated,,,,,
   🔥 HR-prone L5: 2.53 HR/9 vs 1.20 season (24 IP) — getting hit hard lately,,,,,
   ⚠️ Command issues L5: 4.7 BB/9 — losing zone = meatballs,,,,,
"   🟣 Quality Metrics [8/10 core | 9/13 elite | DTP 5/7]: 🟡 DTP FILTER 5/7: PASS=ISO>0.2, Barrel>13%, HH>38%, Air>55%, GB<35% | FAIL=PullBrl>6, FB>40% · 💥 Blast%:16.5%≥15% (nuclear) · 🔴 NearHR:3≥3 (power at contact — fires DIAMOND 4 when Vuln≥48+Env≥1.05 or Vuln≥52+Odds250-400; standalone = 1.17x only) · 🎯 PullBrl proxy:4.0 ≥3.5 must-have · 💪 HH%:60%≥55% (nuclear) · ⚡ EV:95.9mph≥94 (nuclear) · ↙ Pull%:51%≥45% (nuclear) · 🌤️ FB%:40%≥40% (nuclear/DTP) · 🔻 GB%:10%≤35% (nuclear/DTP — air-ball profile) · 💪 ISO:0.800≥.300 (nuclear)",,,,,
"   🧪 AUDIT-A5 AIR60+HRPA06+ODDS340: 34.6% HR (18/52, 2.43x, 32 slates, Jul 13/31 · Aug 5/21) [TRACKING — no conv points]",,,,,
"   🧪 AUDIT-A6 PROB19+DTPPASS+ODDS340: 33.9% HR (20/59, 2.38x, 34 slates, Jul 12/28 · Aug 8/31) [TRACKING — no conv points]",,,,,
"   🧪 AUDIT-A7 PROB19+PFGATES8+ODDS340: 31.0% HR (13/42, 2.17x, 29 slates, Jul 10/26 · Aug 3/16) [TRACKING — no conv points]",,,,,
"   🎯 HR26 PF CORE TRIPLE: ISO 0.800>0.2 + Barrel% 20.0>15 + HH% 60>40 → 19.3%  73/379 HR (mined 19.3% 73/379, 1.30x, p=0.0074, boot5 1.12, 30sl). Beats the 9-gate count at every threshold (≥7/9 1.14x · ≥8/9 1.04x · 9/9 0.92x) because requiring all nine forces Pull%>30 (0.99x, passes on 94% of the pool) and GB%<40 (0.97x) to clear. ⚠️ July-weighted: split-half 24%→15%, August 6/47 = 13% below base.",,,,,
"   🔵 PropFinder [9/9 must-have] [L10 n=10]: 🔥 ELITE CONTACT PROFILE: PullBrl%>20.0 + FB%>40.0% — both elite HR-profile gates clear (+5 conv bonus, stackable) · ☢️☢️ 9/9 GATES (display only — measured 0.93x, no credit): ISO>0.2, Barrel%>15, HH%>40, Air%>50, GB%<40, PullBrl%>10, FB%>35, Blast%>15, Pull%>30 — automatic gold ✅ PLAY (tracking new grade, validate over 10+ slates) · 💪 ISO:0.800>0.2 (must-have) · 🎯 Barrel%:20.0%>15% (must-have) · 💪 HH%:60%>40% (must-have) · 🌤️ Air%:80%>50% (must-have) · 🔻 GB%:10%<40% (must-have) · 🎯 PullBrl%:20.0>10 (must-have) · 🌤️ FB%:40%>35% (must-have) · 💥 Blast%:50.0%>15% (must-have) · ↙ Pull%:80%>30% (must-have)",,,,,
   📐 9-STAT: ISO 0.800 | Barrel% 20.0 | HH% 60.0 | Air% 80.0 | GB% 10.0 | PullBrl% 20.0 | FB% 40.0 | Blast% 50.0 | Pull% 80.0,,,,,
   🔥 PWR-VULN-ENV conv boost: +15 pts (Pwr85+Vu52+Env1.20+Sig9 · Env≥1.10 elite bonus +3),,,,,
"   🏟️ HIGH_CONV+PARK_POWER: Sc70≥62+Vu52≥47+PM1.062≥1.04+Env1.200≥1.00+Pwr85≥82+Park1.20≥1.10 → 50.0% HR (2.67x, n=24, 38-sl audit Jul10) — conv +6",,,,,
"   🎰 MARKET CONFIRMING: PWR-VULN-ENV+Odds+240 → 43.5% HR (2.53x, p=0.003, n=23, 49-sl)",,,,,
"   🔥 PITCHER CASCADE: Nick Lodolo is HR-prone L5 + losing zone — elevated HR equity for all batters (+3.0 score, pitcher-first signal)",,,,,
"   📋 MULTI-BBE PITCHER: 9 batters have T3+ BBE matches vs Nick Lodolo — pitcher structurally vulnerable (informational, no score boost)",,,,,
   📈 HRF 1.6 > model env 1.200 — FL confirms better environment (+2 conv),,,,,
   📊 HR market: +240 (line 0.5) [FanDuel],,,,,
   🎯 Hit Score: 3.0/100,,,,,
   ⚠️ Limited market signal (no hits or HR consensus over),,,,,
   ⚠️ Elevated K% (26%),,,,,
   📈 Quality trend up (form 1.12x) (+2.4 pts),,,,,
   🌡️ Strong game environment (Env 1.200) — already reflected in HS baseline,,,,,
   🎯 SHARP HIT: PM 1.062 + PA 4.7 — strong PM+PA contact combo,,,,,
   📊 wRC+ vs RHP: 157 (+3 hit pts — elite vs this hand),,,,,
   🧮 HR STACK — all 5 of these grades have fired together 1 time: 0 produced a HR = 0% (0.00x base) · ⚠️ thin sample,,,,,
   🧮 HIT STACK — all 5 of these grades have fired together 1 time: 1 produced a HIT = 100% (1.72x base) · ⚠️ thin sample,,,,,
,,,,,
#2  Ben Rice (NYY) vs Brandon Pfaadt  [📋 PROJECTED]   Score: 67.8   HR Prob: 24.8%  |  Odds: +420,,,,,
Batter Power: 86.3,Pitcher Vuln: 49.7,Pitch Match: 1.097,Bullpen: 1.040,Bullpen Vuln 🔬: 52.6  (BVu 53 (~3.2 IP)),
Park: 1.030,Env: 1.069,Platoon: 1.08,Impl Runs: 4.3,Mkt Signal: 0.997,
HR/PA Rate: 0.080,Opp Score: 50/50,Conv Score: 50/50,NewConv CONV100: 65,NewConv Rank: 45,
NewConv p: 0.229,NewConv raw: 0.2100,Hits Odds: -,Hits Line: 0.5,xHR Factor: 0.879,
Pull×Park: 1.000,Zone Damage: 1.150,Count Score: 1.150,Umpire Factor: 1.006,Signal Score: 11/20,
   ✅ STRONG SIGNAL COMBO (11/20): Power≥63 + Score≥50  →  Historical HR rate: 18%  637/3630 AT (signal-combo),,,,,
   🔥 L7 power surge: SLG 0.882 (1.42x season — HR heat),,,,,
   💥 2 HRs last 7 days — active HR streak,,,,,
   📊 wRC+ vs RHP: 149 (+49 above avg) (+2 conv),,,,,
   🎯 PitchMix wOBA 0.531 — elite contact vs pitcher's actual mix (+4 conv),,,,,
   💪 Elite HR/PA vs RHP: 6.2% (1.8x league avg) (+3 conv),,,,,
   📊 Good road SLG: 0.534 (+1.5 conv),,,,,
"   📈 SHARP_PM+SC+PWR: PM1.097≥1.085+Sc68≥58+Pwr86≥84 → 28.4% HR (1.62x, n=88, 61-sl Jul11). Ranking +6%. High PM underweighted when pitch-edge modest.",,,,,
   🎯 Hand-specific pitch: Pfaadt throws 35% FF vs LHB (overall primary: CH),,,,,
   🎯 PITCHER TARGET FF (35% vs LHB): Pfaadt allows 75% HH / 50% FB / 50% Pull (vuln 50) → Batter L10 FF: 1 HR/10 BBE • 70% HH • 315ft avg dist,,,,,
"   🔥 PITCHER-FIRST MATCH (FF): 1 HR in L10 BBEs vs pitcher's target pitch — ⚡ HIGH-USAGE (35% vs LHB): pitcher leans on this pitch heavily, batter sees it repeatedly (+7 conv)",,,,,
   🔥 CROSS-PITCH BBE SURGE: 2 HR in L10 BBE on SL (297ft avg · 60% HH) — power surge on non-target pitch (+3 conv),,,,,
   🎯 DP SHARP HR: PM 1.097 + pitch edge +8 + Pwr 86 + Vuln 50 + Park 1.030,,,,,
   📊 Good solid contact: 35% squared-up rate (+1.5 hit),,,,,
"   🎯 Crushes four-seamers: wOBA 0.531, SLG 0.858 — Pfaadt FF 35% vs LHB (+2.5 conv)",,,,,
   🎯 Crushes curveball: wOBA 0.356 vs Pfaadt CU 12% vs LHB (+2.5 conv),,,,,
   ✅ Good vs changeup: wOBA 0.354 — CH 30% vs LHB (+1.5 conv),,,,,
   🎯 PITCH DOMINANCE EDGE: batter hits primary pitch types hard (+8 conv total),,,,,
   🔥 L10 BBE vs FF: 1 HR in 10 BBE • 314.8 Avg Dist • 70% HH • 10% Brl — quality carry confirms (+4 conv),,,,,
   🎯 PITCHMIX wOBA: 0.531 vs pitcher mix — elite contact quality against this specific arsenal (1.66x avg),,,,,
   🎯 Elite spot: Opp 50/50 + Conv 50/50 — both stages firing (57% hist HR rate for this tier),,,,,
   ✅ Platoon edge (L vs R),,,,,
   💪 Elite ISO: 0.345 — well above 0.220 strong threshold (pure power),,,,,
   ⏱️ SP market: 5.8 IP expected,,,,,
   🎯 Elite zone damage (1.40x),,,,,
   ⚡ High Z-Contact: 89.5% (≥88% = batters making easy contact in zone → xwOBA quality elevated),,,,,
   🔥 HR-prone L5: 1.70 HR/9 vs 1.20 season (30 IP) — getting hit hard lately,,,,,
   📋 Projected lineup (unconfirmed),,,,,
"   🟣 Quality Metrics [6/10 core | 4/13 elite | DTP 3/7]: 📊 DTP FILTER 3/7: ISO>0.2, HH>38%, Air>55% · 💥 Blast%:18.1%≥15% (nuclear) · 💪 HH%:60%≥55% (nuclear) · ⚡ EV:94.0mph≥92 (must-have) · 🌤️ FB%:40%≥40% (nuclear/DTP) · 💪 ISO:0.500≥.300 (nuclear)",,,,,
"   🔵 PropFinder [8/9 must-have] [L10 n=10]: 🔥 ELITE CONTACT PROFILE: PullBrl%>11.4 + FB%>40.0% — both elite HR-profile gates clear (+5 conv bonus, stackable) · ☢️ 8/9 gates (display only — 1.13x) · 💪 ISO:0.500>0.2 (must-have) · ❌ Barrel%:10.0% [Barrel%>15% ✗] · 💪 HH%:60%>40% (must-have) · 🌤️ Air%:60%>50% (must-have) · 🔻 GB%:40%<40% (must-have) · 🎯 PullBrl%:11.4>10 (must-have) · 🌤️ FB%:40%>35% (must-have) · 💥 Blast%:18.1%>15% (must-have) · ↙ Pull%:60%>30% (must-have)",,,,,
   📐 9-STAT: ISO 0.500 | Barrel% 10.0 | HH% 60.0 | Air% 60.0 | GB% 40.0 | PullBrl% 11.4 | FB% 40.0 | Blast% 18.1 | Pull% 60.0,,,,,
"   📈 HS+PWR+PM BOOST: HS53≥40+Pwr86≥82+PM1.097≥1.04 → 25.3%/1.35x (n=186, 38-sl Jul10 post-mortem). Active contact + power + matchup aligned. Conv +3.",,,,,
"   📋 MULTI-BBE PITCHER: 9 batters have T3+ BBE matches vs Brandon Pfaadt — pitcher structurally vulnerable (informational, no score boost)",,,,,
   📊 HR market: +420 (line 0.5) [FanDuel],,,,,
   ⚠️ Concerns:,,,,,
   ⚠️ Model over-bullish vs market (+6%): edge 0-5% = 0.62x HR rate historically (-2 conv),,,,,
   🎯 Hit Score: 52.8/100,,,,,
   🔥 Hot hitter: 78% weighted hit rate,,,,,
   📈 RotoWire projects 1.25 hits vs 0.5 line (+edge),,,,,
   💪 Power edge: 2.57 TB projected vs 1.5 line,,,,,
"   ✅ Hits well vs Pfaadt (SP): 75% (+2.5 pts, very small sample 0AB)",,,,,
   🔥 Red hot last 5: 100% hit rate (+6 pts),,,,,
"   ⚠️ Regression risk: 100% last-5 vs 64% season (36pt gap, -5.7 pts)",,,,,
"   ⚠️ Hot streak not confirmed by market (WHR 78% but only 44% consensus over, -2 pts)",,,,,
   ⚡ Game environment boost (Env 1.069): 80.6% hit rate in sweet zone (+3 pts),,,,,
   🎯 SHARP HIT: PM 1.097 + PA 4.6 — strong PM+PA contact combo,,,,,
   📊 wRC+ vs RHP: 149 (+3 hit pts — elite vs this hand),,,,,
"   💰 DFF CROSS-CHECK (TIER1): DailyFantasyFuel's #1-ranked batter on this team today (FPTS 14.1, slate rank #23) - independent same-day agreement, unvalidated, small bonus only.",,,,,
"   🧮 HR STACK — these 3 grades have never all fired together. Closest: 2 of them (1 left out). 1 such group on record, typical 1.35x base HR. Most-seen: PITCH DOMINANCE + T3 → 22% (1.35x) over 91 occurrences",,,,,
"   🧮 HIT STACK — these 3 grades have never all fired together. Closest: 2 of them (1 left out). 1 such group on record, typical 1.04x base HIT. Most-seen: PITCH DOMINANCE + T3 → 60% (1.04x) over 91 occurrences",,,,,
,,,,,
#3  Vladimir Guerrero Jr. (TOR) vs Cal Quantrill   Score: 58.4   HR Prob: 24.7%  |  Odds: +490,,,,,
Batter Power: 80.5,Pitcher Vuln: 52.1,Pitch Match: 0.992,Bullpen: 1.021,Bullpen Vuln 🔬: 51.0  (BVu 51 (~3.5 IP)),
Park: 1.080,Env: 1.101,Platoon: 0.97,Impl Runs: 3.8,Mkt Signal: 0.962,
HR/PA Rate: 0.057,Opp Score: 40/50,Conv Score: 19/50,NewConv CONV100: 60,NewConv Rank: 63,
NewConv p: 0.211,NewConv raw: 0.1918,Hits Odds: -,Hits Line: 0.5,xHR Factor: 1.133,
Pull×Park: 1.000,Zone Damage: 0.965,Count Score: 1.150,Umpire Factor: 1.006,Signal Score: 4/20,
   📊 SIGNAL COMBO (4/20): Power≥63 + Score≥50  →  Historical HR rate: 18%  637/3630 AT (signal-combo),,,,,
   🔥 L7 power surge: SLG 0.522 (1.53x season — HR heat),,,,,
   📊 PitchMix wOBA 0.388 — strong contact vs pitcher's mix (+2 conv),,,,,
   🎯 Hand-specific pitch: Quantrill throws 33% FF vs RHB (overall primary: SI),,,,,
   🎯 PITCHER TARGET FF (33% vs RHB): Quantrill allows 100% FB (vuln 33) → Batter L10 FF: 0 HR/10 BBE • 60% HH,,,,,
   📊 PITCHER TARGET FF: 60% HH in L10 BBEs vs pitcher's weakest pitch (+3 conv),,,,,
   📊 Good solid contact: 33% squared-up rate (+1.5 hit),,,,,
   ⚠️ Poor attack angle: 31% ideal zone swings (-1 conv),,,,,
"   ✅ Good vs sinker (wOBA 0.388, SLG 0.438) — Quantrill throws SI 31% vs RHB (+2.5 conv)",,,,,
   ✅ Good vs four-seamer: wOBA 0.388 — Quantrill FF 33% vs RHB (+2.0 conv),,,,,
   ⚠️ Slider weakness: wOBA 0.195 — SL 14% vs RHB (-2 conv),,,,,
   📊 L10 BBE vs SI: 0 HR in 10 BBE • 357.0 Avg Dist • 60% HH — hard contact quality (+1 conv),,,,,
   📊 PitchMix wOBA: 0.388 — above-avg contact vs pitcher's mix,,,,,
"   🏟️ Opportunity-driven: Opp 40/50 — great game environment, weak batter profile vs pitcher (Conv 19/50)",,,,,
   💪 Same-side + elite power (R vs R) — HR advantage,,,,,
   ⏱️ SP market: 5.5 IP expected,,,,,
   💥 Strong xHR quality (1.133x),,,,,
   ⚡ High Z-Contact: 90.6% (≥88% = batters making easy contact in zone → xwOBA quality elevated),,,,,
   📊 Pitcher L5: 1.16 HR/9 (31 IP) — near season avg,,,,,
   🟣 Quality Metrics [2/10 core | 1/13 elite | DTP 1/7]: 💥 Blast%:21.0%≥15% (nuclear) · 🔶 NearHR:2≥2 (near-HR signal — meaningful only with Vuln≥48+Env≥1.05 combo; standalone = 1.17x) · 💪 HH%:50%≥50% (must-have),,,,,
   🔵 PropFinder [4/9 must-have] [L10 n=10]: ❌ ISO:0.087 [ISO>0.2 ✗] · ❌ Barrel%:10.0% [Barrel%>15% ✗] · 💪 HH%:50%>40% (must-have) · 🌤️ Air%:50%>50% (must-have) · ❌ GB%:50% [GB%<40% ✗] · ❌ PullBrl%:5.5 [PullBrl%>10 ✗] · ❌ FB%:10% [FB%>35% ✗] · 💥 Blast%:40.0%>15% (must-have) · ↙ Pull%:60%>30% (must-have),,,,,
   📐 9-STAT: ISO 0.087 | Barrel% 10.0 | HH% 50.0 | Air% 50.0 | GB% 50.0 | PullBrl% 5.5 | FB% 10.0 | Blast% 40.0 | Pull% 60.0,,,,,
"   🌡️ SC58-66+ENV legacy match (Sc58+Env1.101) [RETIRED — 0.88x on n=200, 72-sl CSV Jul26; no ranking or conv credit]",,,,,
"   📋 MULTI-BBE PITCHER: 9 batters have T3+ BBE matches vs Cal Quantrill — pitcher structurally vulnerable (informational, no score boost)",,,,,
   📊 HR market: +490 (line 0.5) [FanDuel],,,,,
   ⚠️ Concerns:,,,,,
"   ⛔ AUDIT-F1 ISO-REGRESSION FADE: xISO 0.145 vs ISO 0.087 — historically a NEGATIVE HR signal, not a positive one: 8.4% HR (22/261, 0.59x, 46 slates, both months, perm p=0.997). Treat as NEG-class caution.",,,,,
   ⚠️ Model over-bullish vs market (+8%): edge 0-5% = 0.62x HR rate historically (-2 conv),,,,,
   🎯 Hit Score: 36.6/100,,,,,
   🔥 Hot hitter: 67% weighted hit rate,,,,,
   ⚠️ Weak hits probability (32% consensus over),,,,,
   📈 RotoWire projects 1.34 hits vs 0.5 line (+edge),,,,,
   📊 Contact-favorable matchup: PM 0.992 (low PM = 1.13x hit rate),,,,,
   💪 Power edge: 2.24 TB projected vs 1.5 line,,,,,
   📊 Good contact vs SI: wOBA 0.388 on primary pitch type (+2 pts),,,,,
   ⚾ vs Quantrill (SP): 69% hit rate,,,,,
   📈 Strong last 5: 60% hit rate (+3 pts),,,,,
   ⚠️ Same-side disadvantage (R vs R) -3 pts,,,,,
   ⚡ Game environment boost (Env 1.101): 80.6% hit rate in sweet zone (+3 pts),,,,,
"   💰 DFF CROSS-CHECK (TIER2): DailyFantasyFuel's #2-ranked batter on this team today (FPTS 10.5, slate rank #18) - independent same-day agreement, unvalidated, smaller bonus only.",,,,,
,,,,,
#4  John Rave (KC) vs Bubba Chandler   Score: 53.0   HR Prob: 24.6%  |  Odds: +830,,,,,
Batter Power: 85.1,Pitcher Vuln: 47.6,Pitch Match: 1.019,Bullpen: 1.082,"Bullpen Vuln 🔬: 54.8  (BULLPEN VULN (BVu 55, ~3.8 IP exposure))",
Park: 0.960,Env: 0.960,Platoon: 1.08,Impl Runs: 4.0,Mkt Signal: 0.950,
HR/PA Rate: 0.085,Opp Score: 46/50,Conv Score: 13/50,NewConv CONV100: 37,NewConv Rank: 169,
NewConv p: 0.131,NewConv raw: 0.1316,Hits Odds: -,Hits Line: 0.5,xHR Factor: 0.887,
Pull×Park: 1.000,Zone Damage: 1.104,Count Score: 1.150,Umpire Factor: 0.970,Signal Score: 7/20,
   📊 SIGNAL COMBO (7/20): Power≥63 + Score≥50  →  Historical HR rate: 18%  637/3630 AT (signal-combo),,,,,
   📊 Above-avg HR/PA vs RHP: 4.4% (+1.5 conv),,,,,
"   ⚠️ ODDS FADE -22%: +830 (backtest: 8.6% HR 0.50x — market correct, model grade likely stale). PRIME exemption REMOVED in this band Sep 14 2026: +700+ is ROI -0.256 with a bootstrap CI excluding zero (n=672), and PRIME there ran 2.86% vs non-PRIME 7.85%.",,,,,
   🎯 PITCHER TARGET SI (21% vs LHB): Chandler allows 50% HH / 75% FB / 50% Pull / 0.750 ISO (vuln 54) → Batter L10 SI: 0 HR/10 BBE,,,,,
   🔥 CROSS-PITCH T1→T2 UPGRADE: T1 carry signal + 2 HR in L10 BBE on CH — batter has real recent power on non-target pitch (conv 1→3),,,,,
   🔥 CROSS-PITCH BBE SURGE: 2 HR in L10 BBE on CH (319ft avg · 40% HH) — power surge on non-target pitch (+3 conv),,,,,
   ✅ Solid vs Chandler's fastball (SI 21%): season xwOBA (proxy) 0.365 (+2 conv),,,,,
   🔥🔥 L10 BBE vs CH: 2 HR in 10 BBE (20% HR rate • 319.4 Avg Dist • 40% HH • 10% Brl) — Marsh-pattern recent power surge (+7 conv),,,,,
"   🏟️ Opportunity-driven: Opp 46/50 — great game environment, weak batter profile vs pitcher (Conv 13/50)",,,,,
   ✅ Platoon edge (L vs R),,,,,
   💪 Elite ISO: 0.313 — well above 0.220 strong threshold (pure power),,,,,
   ⏱️ SP market: 5.2 IP expected,,,,,
   🔓 Weak bullpen (HR/9: 1.55),,,,,
   🎯 Elite zone damage (1.10x),,,,,
   📊 ERA composite 4.78 (FIP/xFIP/SIERA avg) vs ERA 4.00 — ERA understated,,,,,
   📊 Pitcher L5: 1.41 HR/9 (25 IP) — near season avg,,,,,
"   🟣 Quality Metrics [3/10 core | 3/13 elite | DTP 4/7]: 📊 DTP FILTER 4/7: ISO>0.2, HH>38%, Air>55%, GB<35% · 💥 Blast%:18.8%≥15% (nuclear) · 💪 HH%:50%≥50% (must-have) · 🔻 GB%:30%≤35% (nuclear/DTP — air-ball profile) · 💪 ISO:0.400≥.300 (nuclear)",,,,,
   🔵 PropFinder [5/9 must-have] [L10 n=10]: 💪 ISO:0.400>0.2 (must-have) · ❌ Barrel%:10.0% [Barrel%>15% ✗] · 💪 HH%:50%>40% (must-have) · 🌤️ Air%:50%>50% (must-have) · 🔻 GB%:30%<40% (must-have) · ❌ PullBrl%:10.0 [PullBrl%>10 ✗] · ❌ FB%:20% [FB%>35% ✗] · ❌ Blast%:10.0% [Blast%>15% ✗] · ↙ Pull%:50%>30% (must-have),,,,,
   📐 9-STAT: ISO 0.400 | Barrel% 10.0 | HH% 50.0 | Air% 50.0 | GB% 30.0 | PullBrl% 10.0 | FB% 20.0 | Blast% 10.0 | Pull% 50.0,,,,,
"   📋 MULTI-BBE PITCHER: 8 batters have T3+ BBE matches vs Bubba Chandler — pitcher structurally vulnerable (informational, no score boost)",,,,,
   📊 HR market: +830 (line 0.5) [FanDuel],,,,,
   🎯 Hit Score: 47.2/100,,,,,
   🔥 Hot hitter: 66% weighted hit rate,,,,,
   📈 RotoWire projects 0.83 hits vs 0.5 line (+edge),,,,,
   💪 Power edge: 1.58 TB projected vs 0.5 line,,,,,
   ⚾ vs Chandler (SP): 33% hit rate,,,,,
   ⚾ vs Chandler (SP): 33% hit rate (career fade skipped: ≤20 AB sample),,,,,
   📈 Strong last 5: 60% hit rate (+3 pts),,,,,
   📉 Mild regression risk: last-5 (60%) ahead of season (48%),,,,,
   📈 Quality trend up (form 1.12x) (+2.4 pts),,,,,
   🎯 SHARP HIT: Pwr 85 + PM 1.019 (sweet zone) — 5-slate: 100% (14/14),,,,,
,,,,,
#5  Seiya Suzuki (CHC) vs Nick Lodolo   Score: 68.0   HR Prob: 20.6%  |  Odds: +350,,,,,
Batter Power: 83.8,Pitcher Vuln: 51.8,Pitch Match: 1.060,Bullpen: 0.917,Bullpen Vuln 🔬: 44.1  (BVu 44 (~3.8 IP)),
Park: 1.160,Env: 1.160,Platoon: 0.97,Impl Runs: 5.0,Mkt Signal: 1.050,
HR/PA Rate: 0.058,Opp Score: 40/50,Conv Score: 50/50,NewConv CONV100: 60,NewConv Rank: 59,
NewConv p: 0.211,NewConv raw: 0.1944,Hits Odds: -,Hits Line: 0.5,xHR Factor: 0.834,
Pull×Park: 1.000,Zone Damage: 1.150,Count Score: 1.150,Umpire Factor: 1.018,Signal Score: 12/20,
   🔥 ELITE SIGNAL COMBO (12/20): Power≥63 + Score≥50  →  Historical HR rate: 18%  637/3630 AT (signal-combo),,,,,
   📊 wRC+ vs RHP: 130 (+30 above avg),,,,,
   🎯 PITCHER TARGET FF (34% vs RHB): Lodolo allows 38% HH / 75% FB / 0.750 ISO (vuln 45) → Batter L10 FF: 0 HR/10 BBE • 50% HH • 20% Brl • 277ft avg dist,,,,,
   📊 PITCHER TARGET FF: 50% HH in L10 BBEs vs pitcher's weakest pitch (+3 conv),,,,,
   🎯 DP SHARP HR: PM 1.060 + pitch edge +2 + Pwr 84 + Vuln 52 + Park 1.160,,,,,
   ⚠️ Low blast rate: 14% per contact (-1.5 conv),,,,,
"   ⚠️ No career HRs vs pitcher: 0HR/18AB (0%) (-2 conv, -10% rate)",,,,,
   ✅ Strong career OPS vs pitcher: 1.071 (18AB) (+2 conv),,,,,
   📊 Elite qAB% vs pitcher: 68% (works counts well),,,,,
   🌡️ FL HR Factor: 1.6x (favourable game environment),,,,,
"   🎯 Crushes four-seamers: wOBA 0.438, SLG 0.557 — Lodolo FF 34% vs RHB (+2.5 conv)",,,,,
   📊 L10 BBE vs CH: 1 HR in 10 BBE • 236.2 Avg Dist • 20% HH • 10% Brl (+2 conv),,,,,
   📊 PitchMix wOBA: 0.366 — above-avg contact vs pitcher's mix,,,,,
"   🎯 PITCH CORRELATION: Pitcher's FF → wOBA 0.384 allowed | Batter FF → wOBA 0.438, EV 87.5mph — direct weakness × strength match",,,,,
"   🎯 3 BZM-SZN (FF): up, up/out, middle",,,,,
   🎯 BZM triple-zone boost: 3 overlapping zones (+8 conv),,,,,
   🎯 Elite spot: Opp 40/50 + Conv 50/50 — both stages firing (57% hist HR rate for this tier),,,,,
   💪 Same-side + elite power (R vs R) — HR advantage,,,,,
   🏟️ Power park (1.16x) — 1.42x HR lift at 1.15-1.20 (17 slates),,,,,
   💪 Elite ISO: 0.259 — well above 0.220 strong threshold (pure power),,,,,
   ⏱️ SP market: 5.2 IP expected,,,,,
   🎯 Elite zone damage (1.40x),,,,,
   ⚡ High Z-Contact: 90.1% (≥88% = batters making easy contact in zone → xwOBA quality elevated),,,,,
   📊 ERA composite 4.77 (FIP/xFIP/SIERA avg) vs ERA 4.00 — ERA understated,,,,,
   🔥 HR-prone L5: 2.53 HR/9 vs 1.20 season (24 IP) — getting hit hard lately,,,,,
   ⚠️ Command issues L5: 4.7 BB/9 — losing zone = meatballs,,,,,
   🟣 Quality Metrics [3/10 core | 0/13 elite | DTP 2/7]: 💥 Blast%:14.3%≥12% (must-have) · ⚠️ xHR CAUTION: luck_regression=0.920<0.95 + HH%=40%<42% — batter outperforming expected HR rate; contact quality may not support continuation.,,,,,
   🔵 PropFinder [3/9 must-have] [L10 n=10]: 💪 ISO:0.259>0.2 (must-have) · ❌ Barrel%:0.0% [Barrel%>15% ✗] · 💪 HH%:40%>40% (must-have) · ❌ Air%:40% [Air%>50% ✗] · ❌ GB%:60% [GB%<40% ✗] · ❌ PullBrl%:7.9 [PullBrl%>10 ✗] · ❌ FB%:10% [FB%>35% ✗] · ❌ Blast%:14.3% [Blast%>15% ✗] · ↙ Pull%:60%>30% (must-have),,,,,
   📐 9-STAT: ISO 0.259 | Barrel% 0.0 | HH% 40.0 | Air% 40.0 | GB% 60.0 | PullBrl% 7.9 | FB% 10.0 | Blast% 14.3 | Pull% 60.0,,,,,
   🔥 PWR-VULN-ENV conv boost: +18 pts (Pwr84+Vu52+Env1.16+Sig12 · Env≥1.10 elite bonus +3),,,,,
"   🏟️ HIGH_CONV+PARK_POWER: Sc65≥62+Vu52≥47+PM1.060≥1.04+Env1.160≥1.00+Pwr84≥82+Park1.16≥1.10 → 50.0% HR (2.67x, n=24, 38-sl audit Jul10) — conv +6",,,,,
"   📈 HS+PWR+PM BOOST: HS45≥40+Pwr84≥82+PM1.060≥1.04 → 25.3%/1.35x (n=186, 38-sl Jul10 post-mortem). Active contact + power + matchup aligned. Conv +3.",,,,,
"   🔥 PITCHER CASCADE: Nick Lodolo is HR-prone L5 + losing zone — elevated HR equity for all batters (+3.0 score, pitcher-first signal)",,,,,
"   📋 MULTI-BBE PITCHER: 9 batters have T3+ BBE matches vs Nick Lodolo — pitcher structurally vulnerable (informational, no score boost)",,,,,
   📈 HRF 1.6 > model env 1.160 — FL confirms better environment (+2 conv),,,,,
   📊 HR market: +350 (line 0.5) [FanDuel],,,,,
   🎯 Hit Score: 44.6/100,,,,,
   📊 Strong hits probability (64% consensus over),,,,,
   📈 RotoWire projects 1.22 hits vs 0.5 line (+edge),,,,,
   💪 Power edge: 2.32 TB projected vs 1.5 line,,,,,
   📊 Elite qAB% vs pitcher: 68% — works counts well (+2 pts),,,,,
   🎯 Elite contact vs FF: wOBA 0.438 on primary pitch type (+4 pts),,,,,
"   ✅ Hits well vs Lodolo (SP): 70% (+2.5 pts, very small sample 0AB)",,,,,
   📈 Strong last 5: 60% hit rate (+3 pts),,,,,
   💪 Same-side + elite power (R vs R) — HR advantage,,,,,
   🌡️ Strong game environment (Env 1.160) — already reflected in HS baseline,,,,,
   🎯 SHARP HIT: Pwr 84 + PM 1.060 (sweet zone) — 5-slate: 100% (14/14),,,,,
   📊 wRC+ vs RHP: 130 (+1.5 hit pts),,,,,
"   💰 DFF CROSS-CHECK (TIER1): DailyFantasyFuel's #1-ranked batter on this team today (FPTS 12.5, slate rank #39) - independent same-day agreement, unvalidated, small bonus only.",,,,,
   🧮 HR STACK — all 3 of these grades have fired together 16 times: 2 produced a HR = 12% (0.77x base),,,,,
   🧮 HIT STACK — all 3 of these grades have fired together 16 times: 8 produced a HIT = 50% (0.86x base),,,,,
,,,,,
#6  Kyle Schwarber (PHI) vs Christian Scott   Score: 68.0   HR Prob: 20.6%  |  Odds: +310,,,,,
Batter Power: 88.0,Pitcher Vuln: 46.7,Pitch Match: 1.070,Bullpen: 1.138,"Bullpen Vuln 🔬: 59.2  (BULLPEN VULN (BVu 59, ~3.5 IP exposure))",
Park: 0.980,Env: 0.925,Platoon: 1.08,Impl Runs: 3.9,Mkt Signal: 1.048,
HR/PA Rate: 0.067,Opp Score: 47/50,Conv Score: 38/50,NewConv CONV100: 88,NewConv Rank: 4,
NewConv p: 0.307,NewConv raw: 0.2620,Hits Odds: -,Hits Line: 0.5,xHR Factor: 0.861,
Pull×Park: 1.000,Zone Damage: 1.142,Count Score: 1.150,Umpire Factor: 1.018,Signal Score: 3/20,
   📊 SIGNAL COMBO (3/20): Power≥63 + Score≥50  →  Historical HR rate: 18%  637/3630 AT (signal-combo),,,,,
   📊 wRC+ vs RHP: 130 (+30 above avg),,,,,
   💪 Elite HR/PA vs RHP: 6.8% (2.0x league avg) (+3 conv),,,,,
   📊 Good road SLG: 0.513 (+1.5 conv),,,,,
"   💰 ODDS: +310 (above +250 gate — informational, boost retired Jul 2026)",,,,,
   🎯 PITCHER TARGET FS (12% vs LHB): Scott allows 75% FB / 75% Pull / 0.750 ISO (vuln 48) → Batter L10 FS: 2 HR/10 BBE • 40% HH • 20% Brl • 324ft avg dist,,,,,
"   🔥🔥 PITCHER-FIRST MATCH (FS): 2 HR in last 10 BBEs vs pitcher's most vulnerable pitch (vuln 48) + HR-prone L5 (×1.45 vs season) — ⚠️ PRIME demoted to T4: 12% vs LHB — batter sees this pitch <3× per game, limiting exposure (+8 conv)",,,,,
   🔥 CROSS-PITCH BBE SURGE: 2 HR in L10 BBE on CH (324ft avg · 40% HH) — power surge on non-target pitch (+3 conv),,,,,
   📊 DailyPitch HR signal: PM 1.070 + pitch edge +8 + Pwr 88 + Vuln 47 (informational — no park gate),,,,,
   🎯 Elite attack angle efficiency: 67% ideal zone swings (+2 conv),,,,,
   ⚠️ Low blast rate: 17% per contact (-1.5 conv),,,,,
   📊 Good pull air rate: 33% (+1 conv),,,,,
"   🎯 Crushes cutters: wOBA 0.514, SLG 0.816 vs Scott FC 27% vs LHB (+3.5 conv)",,,,,
   ✅ Good vs four-seamer: wOBA 0.378 — Scott FF 49% vs LHB (+2.0 conv),,,,,
   🎯 PITCH DOMINANCE EDGE: batter hits primary pitch types hard (+8 conv total),,,,,
   🔥 L10 BBE vs FC: 1 HR in 10 BBE • 306.4 Avg Dist • 70% HH • 20% Brl — quality carry confirms (+4 conv),,,,,
   🎯 Elite spot: Opp 47/50 + Conv 30/50 — both stages firing (57% hist HR rate for this tier),,,,,
   ℹ️ Low hit score (HS=2) — cold contact; HS not predictive of HR,,,,,
   ✅ Platoon edge (L vs R),,,,,
   💪 Elite ISO: 0.294 — well above 0.220 strong threshold (pure power),,,,,
   🔓 Weak bullpen (HR/9: 1.76),,,,,
   ⚠️ Vuln 45-48 Score60+ trap (Vuln 47): 0/17 HR at Score≥60 — soft arm priced in by market,,,,,
   ⚡ High K% (32.3%),,,,,
   🎯 Elite zone damage (1.14x),,,,,
   📊 Pitcher L5: 1.46 HR/9 (24 IP) — near season avg,,,,,
"   🟣 Quality Metrics [5/10 core | 4/13 elite | DTP 4/7]: 📊 DTP FILTER 4/7: ISO>0.2, HH>38%, Air>55%, FB>40% · 💥 Blast%:16.6%≥15% (nuclear) · 🔶 NearHR:2≥2 (near-HR signal — meaningful only with Vuln≥48+Env≥1.05 combo; standalone = 1.17x) · 💪 HH%:50%≥50% (must-have) · ↙ Pull%:54%≥45% (nuclear) · 🌤️ FB%:50%≥40% (nuclear/DTP) · 💪 ISO:0.300≥.300 (nuclear)",,,,,
"   🧪 AUDIT-A5 AIR60+HRPA06+ODDS340: 34.6% HR (18/52, 2.43x, 32 slates, Jul 13/31 · Aug 5/21) [TRACKING — no conv points]",,,,,
"   🌤️ FB50 LOFT: FB%50 (>50, retuned from the stock >35 gate) → 1.31x HR (Jul 1.18x / Aug 1.52x p=0.043, n=233 combined). The stock FB%>35 gate measured 0.97x in July — this threshold is the one that held in both periods. +3 conv.",,,,,
"   🔵 PropFinder [7/9 must-have] [L10 n=10]: 🔥 ELITE CONTACT PROFILE: PullBrl%>13.4 + FB%>50.0% — both elite HR-profile gates clear (+5 conv bonus, stackable) · 🔥 7/9 gates (display only — 1.37x, best tier) · 💪 ISO:0.300>0.2 (must-have) · ❌ Barrel%:0.0% [Barrel%>15% ✗] · 💪 HH%:50%>40% (must-have) · 🌤️ Air%:70%>50% (must-have) · ❌ GB%:44% [GB%<40% ✗] · 🎯 PullBrl%:13.4>10 (must-have) · 🌤️ FB%:50%>35% (must-have) · 💥 Blast%:30.0%>15% (must-have) · ↙ Pull%:60%>30% (must-have)",,,,,
   📐 9-STAT: ISO 0.300 | Barrel% 0.0 | HH% 50.0 | Air% 70.0 | GB% 44.0 | PullBrl% 13.4 | FB% 50.0 | Blast% 30.0 | Pull% 60.0,,,,,
"   🎰 MARKET CONFIRMING: PM1.070+Odds+310 → 25.9% HR (1.51x, p=0.001, n=193, 49-sl)",,,,,
"   📋 MULTI-BBE PITCHER: 6 batters have T3+ BBE matches vs Christian Scott — pitcher structurally vulnerable (informational, no score boost)",,,,,
   📈 HRF 1.2 > model env 0.925 — FL confirms better environment (+2 conv),,,,,
   📊 HR market: +310 (line 0.5) [FanDuel [LOCKED-PRE]],,,,,
   🎯 Hit Score: 1.5/100,,,,,
   ⚠️ Limited market signal (no hits or HR consensus over),,,,,
   ⚠️ High-K profile (32%) — significant contact risk,,,,,
   🎯 SHARP HIT: PM 1.070 + PA 4.6 — strong PM+PA contact combo,,,,,
   📊 wRC+ vs RHP: 130 (+1.5 hit pts),,,,,
   🧮 HR STACK — all 3 of these grades have fired together 3 times: 0 produced a HR = 0% (0.00x base) · ⚠️ thin sample,,,,,
   🧮 HIT STACK — all 3 of these grades have fired together 3 times: 2 produced a HIT = 67% (1.15x base) · ⚠️ thin sample,,,,,
,,,,,
#7  Tyrone Taylor (CHC) vs Nick Lodolo   Score: 68.0   HR Prob: 20.5%  |  Odds: +520,,,,,
Batter Power: 84.2,Pitcher Vuln: 51.8,Pitch Match: 1.055,Bullpen: 0.917,Bullpen Vuln 🔬: 44.1  (BVu 44 (~3.8 IP)),
Park: 1.160,Env: 1.160,Platoon: 0.97,Impl Runs: 5.0,Mkt Signal: 1.001,
HR/PA Rate: 0.070,Opp Score: 44/50,Conv Score: 50/50,NewConv CONV100: 60,NewConv Rank: 54,
NewConv p: 0.211,NewConv raw: 0.1979,Hits Odds: -,Hits Line: 0.5,xHR Factor: 0.828,
Pull×Park: 1.000,Zone Damage: 1.150,Count Score: 1.150,Umpire Factor: 1.018,Signal Score: 16/20,
   🔥 ELITE SIGNAL COMBO (16/20): PM 1.04-1.06 + Power≥60 + Score≥50  →  Historical HR rate: 18%  637/3630 AT (signal-combo),,,,,
   📊 wRC+ vs RHP: 127 (+27 above avg),,,,,
   📊 Above-avg HR/PA vs RHP: 4.8% (+1.5 conv),,,,,
   📊 Good road SLG: 0.507 (+1.5 conv),,,,,
   🎯 PITCHER TARGET FF (34% vs RHB): Lodolo allows 38% HH / 75% FB / 0.750 ISO (vuln 45) → Batter L10 FF: 1 HR/10 BBE,,,,,
   🔥 PITCHER-FIRST MATCH (FF): 1 HR in L10 BBEs vs pitcher's target pitch (+5 conv),,,,,
   🎯 DP SHARP HR: PM 1.055 + pitch edge +3 + Pwr 84 + Vuln 52 + Park 1.160,,,,,
   ⚠️ Low blast rate: 14% per contact (-1.5 conv),,,,,
   📊 Good pull air rate: 27% (+1 conv),,,,,
"   🎯 Elite career OPS vs pitcher: 0.705 (11AB) (+3 conv, +8% rate)",,,,,
   ⚠️ Low qAB%: 30% vs this pitcher (struggles with count),,,,,
   🌡️ FL HR Factor: 1.6x (favourable game environment),,,,,
   ✅ Good vs four-seamer: wOBA 0.384 — Lodolo FF 34% vs RHB (+2.0 conv),,,,,
   🔥 L10 BBE vs CU: 1 HR in 7 BBE • 339.7 Avg Dist • 43% HH • 14% Brl — quality carry confirms (+4 conv),,,,,
"   🎯 PITCH CORRELATION: Pitcher's FF → wOBA 0.384 allowed | Batter FF → wOBA 0.384, EV 87.5mph — direct weakness × strength match",,,,,
   🎯 1 BZM-SZN (FF): up,,,,,
   🎯 BZM zone boost: 1 overlapping zone (+4 conv),,,,,
   🎯 Elite spot: Opp 44/50 + Conv 50/50 — both stages firing (57% hist HR rate for this tier),,,,,
"   ⚡ LA spike +-8.0° → upset candidate (upset score -6, +0.5 pts)",,,,,
   💪 Same-side + elite power (R vs R) — HR advantage,,,,,
   🏟️ Power park (1.16x) — 1.42x HR lift at 1.15-1.20 (17 slates),,,,,
   💪 Elite ISO: 0.300 — well above 0.220 strong threshold (pure power),,,,,
   ⏱️ SP market: 5.2 IP expected,,,,,
   🎯 Elite zone damage (1.40x),,,,,
   ⚡ High Z-Contact: 90.1% (≥88% = batters making easy contact in zone → xwOBA quality elevated),,,,,
   📊 ERA composite 4.77 (FIP/xFIP/SIERA avg) vs ERA 4.00 — ERA understated,,,,,
   🔥 HR-prone L5: 2.53 HR/9 vs 1.20 season (24 IP) — getting hit hard lately,,,,,
   ⚠️ Command issues L5: 4.7 BB/9 — losing zone = meatballs,,,,,
   🟣 Quality Metrics [3/10 core | 2/13 elite | DTP 1/7]: 💥 Blast%:13.8%≥12% (must-have) · ⚠️ xHR CAUTION: luck_regression=0.920<0.95 + HH%=20%<42% — batter outperforming expected HR rate; contact quality may not support continuation. · ↙ Pull%:53%≥45% (nuclear) · 🌤️ FB%:40%≥40% (nuclear/DTP),,,,,
   🔵 PropFinder [5/9 must-have] [L10 n=10]: 💪 ISO:0.200>0.2 (must-have) · ❌ Barrel%:10.0% [Barrel%>15% ✗] · ❌ HH%:20% [HH%>40% ✗] · 🌤️ Air%:60%>50% (must-have) · 🔻 GB%:40%<40% (must-have) · ❌ PullBrl%:10.0 [PullBrl%>10 ✗] · 🌤️ FB%:40%>35% (must-have) · ❌ Blast%:13.8% [Blast%>15% ✗] · ↙ Pull%:50%>30% (must-have),,,,,
   📐 9-STAT: ISO 0.200 | Barrel% 10.0 | HH% 20.0 | Air% 60.0 | GB% 40.0 | PullBrl% 10.0 | FB% 40.0 | Blast% 13.8 | Pull% 50.0,,,,,
   🔥 PWR-VULN-ENV conv boost: +18 pts (Pwr84+Vu52+Env1.16+Sig16 · Env≥1.10 elite bonus +3),,,,,
"   🏟️ HIGH_CONV+PARK_POWER: Sc65≥62+Vu52≥47+PM1.055≥1.04+Env1.160≥1.00+Pwr84≥82+Park1.16≥1.10 → 50.0% HR (2.67x, n=24, 38-sl audit Jul10) — conv +6",,,,,
"   ⚠️ HS DULL HR ZONE: HS32(20-39) — 17.3%/0.93x (n=467, 38-sl). HS20-39 underperforms both cold bat (HS<20=1.13x) AND hot bat (HS40+=1.17x). Not a block — deprioritize vs same-tier picks with HS≥40 or HS<20.",,,,,
"   🔥 PITCHER CASCADE: Nick Lodolo is HR-prone L5 + losing zone — elevated HR equity for all batters (+3.0 score, pitcher-first signal)",,,,,
"   📋 MULTI-BBE PITCHER: 9 batters have T3+ BBE matches vs Nick Lodolo — pitcher structurally vulnerable (informational, no score boost)",,,,,
   📈 HRF 1.6 > model env 1.160 — FL confirms better environment (+2 conv),,,,,
   📊 HR market: +520 (line 0.5) [FanDuel],,,,,
   🎯 Hit Score: 32.0/100,,,,,
   📊 Strong hits probability (62% consensus over),,,,,
   📈 RotoWire projects 0.97 hits vs 0.5 line (+edge),,,,,
   📊 Good contact vs FF: wOBA 0.384 on primary pitch type (+2 pts),,,,,
   ⚾ vs Lodolo (SP): 54% hit rate,,,,,
   ❄️ Ice cold last 5: 20%,,,,,
   📉 Negative momentum,,,,,
   💪 Same-side + elite power (R vs R) — HR advantage,,,,,
   📈 Quality trend up (form 1.12x) (+2.4 pts),,,,,
   🌡️ Strong game environment (Env 1.160) — already reflected in HS baseline,,,,,
   🎯 SHARP HIT: Pwr 84 + PM 1.055 (sweet zone) — 5-slate: 100% (14/14),,,,,
   📊 wRC+ vs RHP: 127 (+1.5 hit pts),,,,,
   🧮 HR STACK — all 3 of these grades have fired together 16 times: 2 produced a HR = 12% (0.77x base),,,,,
   🧮 HIT STACK — all 3 of these grades have fired together 16 times: 8 produced a HIT = 50% (0.86x base),,,,,
,,,,,
#8  Jackson Chourio (MIL) vs Trevor Rogers   Score: 68.0   HR Prob: 20.2%  |  Odds: +950,,,,,
Batter Power: 84.8,Pitcher Vuln: 46.6,Pitch Match: 1.048,Bullpen: 0.821,Bullpen Vuln 🔬: 36.8  (BULLPEN ELITE (BVu 37) - late-game HR suppressed),
Park: 1.060,Env: 1.018,Platoon: 0.97,Impl Runs: 3.9,Mkt Signal: 0.936,
HR/PA Rate: 0.065,Opp Score: 43/50,Conv Score: 39/50,NewConv CONV100: 42,NewConv Rank: 119,
NewConv p: 0.147,NewConv raw: 0.1508,Hits Odds: -,Hits Line: 0.5,xHR Factor: 0.919,
Pull×Park: 1.000,Zone Damage: 1.123,Count Score: 1.150,Umpire Factor: 1.006,Signal Score: 6/20,
   📊 SIGNAL COMBO (6/20): PM 1.04-1.06 + Power≥60 + Score≥50  →  Historical HR rate: 18%  637/3630 AT (signal-combo),,,,,
   📊 wRC+ vs RHP: 126 (+26 above avg),,,,,
   📊 PitchMix wOBA 0.380 — strong contact vs pitcher's mix (+2 conv),,,,,
   📊 Above-avg HR/PA vs RHP: 4.4% (+1.5 conv),,,,,
   📊 Good road SLG: 0.486 (+1.5 conv),,,,,
"   ⚠️ ODDS FADE -22%: +950 (backtest: 8.6% HR 0.50x — market correct, model grade likely stale). PRIME exemption REMOVED in this band Sep 14 2026: +700+ is ROI -0.256 with a bootstrap CI excluding zero (n=672), and PRIME there ran 2.86% vs non-PRIME 7.85%.",,,,,
   🎯 PITCHER TARGET FF (53% vs RHB): Rogers allows 84% FB / 0.263 ISO (vuln 34) → Batter L10 FF: 0 HR/10 BBE • 40% HH,,,,,
   🔥 CROSS-PITCH T1→T2 UPGRADE: T1 carry signal + 2 HR in L10 BBE on CH — batter has real recent power on non-target pitch (conv 1→3),,,,,
   🔥 CROSS-PITCH BBE SURGE: 2 HR in L10 BBE on CH (287ft avg · 50% HH) — power surge on non-target pitch (+3 conv),,,,,
   📊 DailyPitch HR signal: PM 1.048 + pitch edge +5 + Pwr 85 + Vuln 47 (informational — no park gate),,,,,
   📊 Good solid contact: 34% squared-up rate (+1.5 hit),,,,,
   🎯 Elite attack angle efficiency: 67% ideal zone swings (+2 conv),,,,,
   ✅ Strong career OPS vs pitcher: 1.000 (5AB) (+2 conv),,,,,
   🎯 Elite HH% vs pitcher: 40% hard hit rate (+2 conv),,,,,
"   🎯 Crushes four-seamers: wOBA 0.417, SLG 0.598 — Rogers FF 53% vs RHB (+3.5 conv)",,,,,
   🎯 PITCH DOMINANCE EDGE: batter hits primary pitch types hard (+5 conv total),,,,,
   🔥🔥 L10 BBE vs CH: 2 HR in 10 BBE (20% HR rate • 287.0 Avg Dist • 50% HH • 20% Brl) — Marsh-pattern recent power surge (+7 conv),,,,,
   📊 PitchMix wOBA: 0.380 — above-avg contact vs pitcher's mix,,,,,
   🎯 Elite spot: Opp 43/50 + Conv 39/50 — both stages firing (57% hist HR rate for this tier),,,,,
   ℹ️ Low hit score (HS=4) — cold contact; HS not predictive of HR,,,,,
   💪 Same-side + elite power (R vs R) — HR advantage,,,,,
   ⚠️ Vuln 45-48 Score60+ trap (Vuln 47): 0/17 HR at Score≥60 — soft arm priced in by market,,,,,
   🎯 Elite zone damage (1.12x),,,,,
   🎣 Elite chase rate: 38.3% O-Swing (avg 32%) — gets batters to expand zone,,,,,
   📊 Pitcher L5: 1.53 HR/9 (29 IP) — near season avg,,,,,
"   🟣 Quality Metrics [6/10 core | 4/13 elite | DTP 4/7]: 📊 DTP FILTER 4/7: ISO>0.2, Barrel>13%, HH>38%, Air>55% · 💥 Blast%:18.8%≥15% (nuclear) · 🎯 PullBrl proxy:4.0 ≥3.5 must-have · 💪 HH%:50%≥50% (must-have) · ⚡ EV:94.1mph≥94 (nuclear) · 💪 ISO:0.300≥.300 (nuclear)",,,,,
"   🎯 HR26 PF CORE TRIPLE: ISO 0.300>0.2 + Barrel% 20.0>15 + HH% 50>40 → 19.3%  73/379 HR (mined 19.3% 73/379, 1.30x, p=0.0074, boot5 1.12, 30sl). Beats the 9-gate count at every threshold (≥7/9 1.14x · ≥8/9 1.04x · 9/9 0.92x) because requiring all nine forces Pull%>30 (0.99x, passes on 94% of the pool) and GB%<40 (0.97x) to clear. ⚠️ July-weighted: split-half 24%→15%, August 6/47 = 13% below base.",,,,,
   🔵 PropFinder [8/9 must-have] [L10 n=10]: ☢️ 8/9 gates (display only — 1.13x) · 💪 ISO:0.300>0.2 (must-have) · 🎯 Barrel%:20.0%>15% (must-have) · 💪 HH%:50%>40% (must-have) · 🌤️ Air%:60%>50% (must-have) · 🔻 GB%:40%<40% (must-have) · 🎯 PullBrl%:20.0>10 (must-have) · ❌ FB%:30% [FB%>35% ✗] · 💥 Blast%:30.0%>15% (must-have) · ↙ Pull%:70%>30% (must-have),,,,,
   📐 9-STAT: ISO 0.300 | Barrel% 20.0 | HH% 50.0 | Air% 60.0 | GB% 40.0 | PullBrl% 20.0 | FB% 30.0 | Blast% 30.0 | Pull% 70.0,,,,,
   ⚠️ PITCHER WEAK SPOT (3rd time through order): allows .373 wOBA (157 TBF) — meaningful weakness (+4 conv),,,,,
"   📋 MULTI-BBE PITCHER: 8 batters have T3+ BBE matches vs Trevor Rogers — pitcher structurally vulnerable (informational, no score boost)",,,,,
   📊 HR market: +950 (line 0.5) [FanDuel [LOCKED-PRE]],,,,,
   🎯 Hit Score: 4.0/100,,,,,
   ⚠️ Limited market signal (no hits or HR consensus over),,,,,
   💪 Same-side + elite power (R vs R) — HR advantage,,,,,
   📈 Quality trend up (form 1.12x) (+2.4 pts),,,,,
   🧤 Elite framing catcher (+9.1 runs) — tight zone (-2 pts),,,,,
   🎯 SHARP HIT: Pwr 85 + PM 1.048 (sweet zone) — 5-slate: 100% (14/14),,,,,
   📊 wRC+ vs RHP: 126 (+1.5 hit pts),,,,,
   📊 AVG vs RHP: 0.287 (+1.5 hit pts),,,,,
   📊 Road AVG: 0.287 (+1 hit pt),,,,,
"   💰 DFF CROSS-CHECK (TIER1): DailyFantasyFuel's #1-ranked batter on this team today (FPTS 12.5, slate rank #29) - independent same-day agreement, unvalidated, small bonus only.",,,,,
   🧮 HR STACK — all 3 of these grades have fired together 25 times: 10 produced a HR = 40% (2.46x base),,,,,
   🧮 HIT STACK — all 3 of these grades have fired together 25 times: 18 produced a HIT = 72% (1.24x base),,,,,
,,,,,
#9  Luis Garcia (NYY) vs Brandon Pfaadt  [📋 PROJECTED]   Score: 64.6   HR Prob: 20.8%  |  Odds: +525,,,,,
Batter Power: 87.8,Pitcher Vuln: 49.7,Pitch Match: 1.084,Bullpen: 1.040,Bullpen Vuln 🔬: 52.6  (BVu 53 (~3.2 IP)),
Park: 1.030,Env: 1.069,Platoon: 1.08,Impl Runs: 4.3,Mkt Signal: 0.956,
HR/PA Rate: 0.062,Opp Score: 46/50,Conv Score: 43/50,NewConv CONV100: 66,NewConv Rank: 43,
NewConv p: 0.232,NewConv raw: 0.2112,Hits Odds: -,Hits Line: 0.5,xHR Factor: 0.894,
Pull×Park: 1.000,Zone Damage: 1.150,Count Score: 1.150,Umpire Factor: 1.006,Signal Score: 6/20,
   📊 SIGNAL COMBO (6/20): Power≥63 + Score≥50  →  Historical HR rate: 18%  637/3630 AT (signal-combo),,,,,
   📊 wRC+ vs RHP: 129 (+29 above avg),,,,,
   📊 PitchMix wOBA 0.385 — strong contact vs pitcher's mix (+2 conv),,,,,
   💪 Elite HR/PA vs RHP: 5.8% (1.7x league avg) (+3 conv),,,,,
   📊 Good road SLG: 0.538 (+1.5 conv),,,,,
   🎯 Hand-specific pitch: Pfaadt throws 35% FF vs LHB (overall primary: CH),,,,,
   🎯 PITCHER TARGET FF (35% vs LHB): Pfaadt allows 75% HH / 50% FB / 50% Pull (vuln 50) → Batter L10 FF: 0 HR/10 BBE • 50% HH • 20% Brl • 288ft avg dist,,,,,
"   📊 PITCHER TARGET FF: 50% HH in L10 BBEs vs pitcher's weakest pitch — ⚡ HIGH-USAGE (35% vs LHB): elite contact on a pitch batter faces repeatedly (upgraded T2→T3, +5 conv)",,,,,
   🔥 CROSS-PITCH BBE SURGE: 4 HR in L10 BBE on ST (374ft avg · 70% HH) — power surge on non-target pitch (+3 conv),,,,,
   🎯 DP SHARP HR: PM 1.084 + pitch edge +4 + Pwr 88 + Vuln 50 + Park 1.030,,,,,
   📊 Good solid contact: 33% squared-up rate (+1.5 hit),,,,,
   🎯 Elite attack angle efficiency: 64% ideal zone swings (+2 conv),,,,,
   ✅ Career HR rate vs pitcher: 1HR/7AB (14%) (+3 conv),,,,,
   🎯 Elite career OPS vs pitcher: 1.429 (7AB) (+3 conv),,,,,
   📊 HH% vs pitcher: 29%,,,,,
   ✅ Good vs four-seamer: wOBA 0.385 — Pfaadt FF 35% vs LHB (+2.0 conv),,,,,
   🔥 L10 BBE vs CH: 1 HR in 10 BBE • 342.2 Avg Dist • 60% HH • 10% Brl — quality carry confirms (+4 conv),,,,,
   📊 PitchMix wOBA: 0.385 — above-avg contact vs pitcher's mix,,,,,
   🎯 Elite spot: Opp 46/50 + Conv 38/50 — both stages firing (57% hist HR rate for this tier),,,,,
   ℹ️ Low hit score (HS=6) — cold contact; HS not predictive of HR,,,,,
   ✅ Platoon edge (L vs R),,,,,
   💪 Elite ISO: 0.287 — well above 0.220 strong threshold (pure power),,,,,
   ⏱️ SP market: 5.8 IP expected,,,,,
   🎯 Elite zone damage (1.40x),,,,,
   ⚡ High Z-Contact: 89.5% (≥88% = batters making easy contact in zone → xwOBA quality elevated),,,,,
   🔥 HR-prone L5: 1.70 HR/9 vs 1.20 season (30 IP) — getting hit hard lately,,,,,
   📋 Projected lineup (unconfirmed),,,,,
"   🟣 Quality Metrics [4/10 core | 2/13 elite | DTP 4/7]: 📊 DTP FILTER 4/7: ISO>0.2, HH>38%, Air>55%, FB>40% · 💥 Blast%:19.4%≥15% (nuclear) · ⚠️ xHR CAUTION: luck_regression=0.920<0.95 + HH%=40%<42% — batter outperforming expected HR rate; contact quality may not support continuation. · 🌤️ FB%:60%≥40% (nuclear/DTP)",,,,,
"   🌤️ FB50 LOFT + GROUND SUPPRESSION: FB%60 (>50) + GB%40 (<40) → 1.42x HR (Jul 1.31x / Aug 1.58x p=0.045, n=187 combined; tuned on July, held out-of-sample on August). +5 conv.",,,,,
"   🔵 PropFinder [7/9 must-have] [L10 n=10]: 🔥 7/9 gates (display only — 1.37x, best tier) · 💪 ISO:0.287>0.2 (must-have) · ❌ Barrel%:10.0% [Barrel%>15% ✗] · 💪 HH%:40%>40% (must-have) · 🌤️ Air%:60%>50% (must-have) · 🔻 GB%:40%<40% (must-have) · ❌ PullBrl%:10.0 [PullBrl%>10 ✗] · 🌤️ FB%:60%>35% (must-have) · 💥 Blast%:19.4%>15% (must-have) · ↙ Pull%:70%>30% (must-have)",,,,,
   📐 9-STAT: ISO 0.287 | Barrel% 10.0 | HH% 40.0 | Air% 60.0 | GB% 40.0 | PullBrl% 10.0 | FB% 60.0 | Blast% 19.4 | Pull% 70.0,,,,,
"   🌡️ SC58-66+ENV legacy match (Sc65+Env1.069) [RETIRED — 0.88x on n=200, 72-sl CSV Jul26; no ranking or conv credit]",,,,,
"   📋 MULTI-BBE PITCHER: 9 batters have T3+ BBE matches vs Brandon Pfaadt — pitcher structurally vulnerable (informational, no score boost)",,,,,
   📊 HR market: +525 (line 0.5) [Best],,,,,
   🎯 Hit Score: 6.0/100,,,,,
   ❄️ Cold: 26% weighted hit rate (-7 pts),,,,,
   ⚠️ Weak hits probability (32% consensus over),,,,,
   📉 RotoWire projects only 1.19 hits vs 1.5 line,,,,,
   💪 Power edge: 1.92 TB projected vs 1.5 line,,,,,
   📊 Hard contact vs pitcher: 29% HH% (+2 pts),,,,,
   ⚾ vs Pfaadt (SP): 38% hit rate,,,,,
   ❄️ Ice cold last 5: 20%,,,,,
   📉 Negative momentum,,,,,
   ⚡ Game environment boost (Env 1.069): 80.6% hit rate in sweet zone (+3 pts),,,,,
   📊 wRC+ vs RHP: 129 (+1.5 hit pts),,,,,
   📊 AVG vs RHP: 0.283 (+1.5 hit pts),,,,,
   🧮 HR STACK — these 2 grades have never all fired together and no smaller group has enough history. Individual grade rates are all that apply.,,,,,
   🧮 HIT STACK — these 2 grades have never all fired together and no smaller group has enough history. Individual grade rates are all that apply.,,,,,
,,,,,
#10  Oneil Cruz (PIT) vs Noah Cameron   Score: 68.0   HR Prob: 20.2%  |  Odds: +330,,,,,
Batter Power: 86.7,Pitcher Vuln: 43.9,Pitch Match: 1.068,Bullpen: 1.202,"Bullpen Vuln 🔬: 63.8  (BULLPEN SUPER VULN (BVu 64, ~3.5 IP exposure))",
Park: 0.960,Env: 0.960,Platoon: 1.08,Impl Runs: 4.2,Mkt Signal: 1.060,
HR/PA Rate: 0.042,Opp Score: 35/50,Conv Score: 42/50,NewConv CONV100: 81,NewConv Rank: 18,
NewConv p: 0.285,NewConv raw: 0.2328,Hits Odds: -,Hits Line: 0.5,xHR Factor: 0.914,
Pull×Park: 1.000,Zone Damage: 1.116,Count Score: 1.150,Umpire Factor: 0.970,Signal Score: 6/20,
   📊 SIGNAL COMBO (6/20): Power≥63 + Score≥50  →  Historical HR rate: 18%  637/3630 AT (signal-combo),,,,,
   📊 wRC+ vs RHP: 129 (+29 above avg),,,,,
   📊 PitchMix wOBA 0.380 — strong contact vs pitcher's mix (+2 conv),,,,,
   📊 Above-avg HR/PA vs RHP: 4.8% (+1.5 conv),,,,,
   📊 Good home SLG: 0.483 (+1.5 conv),,,,,
"   💰 ODDS: +330 (above +250 gate — informational, boost retired Jul 2026)",,,,,
   📊 DailyPitch HR signal: PM 1.068 + pitch edge +4 + Pwr 87 + Vuln 44 (informational — no park gate),,,,,
   📊 Good solid contact: 32% squared-up rate (+1.5 hit),,,,,
   🌡️ FL HR Factor: 1.6x (favourable game environment),,,,,
   🎯 Crushes slider: wOBA 0.359 vs Cameron SL 26% vs LHB (+2.5 conv),,,,,
   🔥🔥 L10 BBE vs CU: 2 HR in 10 BBE (20% HR rate • 335.4 Avg Dist • 40% HH • 30% Brl) — Marsh-pattern recent power surge (+7 conv),,,,,
   📊 PitchMix wOBA: 0.380 — above-avg contact vs pitcher's mix,,,,,
   🎯 Elite spot: Opp 35/50 + Conv 39/50 — both stages firing (57% hist HR rate for this tier),,,,,
   ✅ Platoon edge (L vs R),,,,,
   🎯 High-K pitcher (market: 5.5 Ks),,,,,
   ⏱️ SP market: 5.5 IP expected,,,,,
"   🧪 AUDIT-A2 HOT-WHR+ODDS-BAND: 32.3% HR (40/124, 2.26x, 45 slates, Jul 24/65 · Aug 16/59) [TRACKING — no conv points]",,,,,
   🔓 Weak bullpen (HR/9: 1.97),,,,,
   ⚠️ Vuln 42-44 HR trap (Vuln 44): 0.68x HR rate — PM does not rescue this zone vs hit rate 1.09x,,,,,
   ⚡ High K% (33.9%),,,,,
   🎯 Elite zone damage (1.12x),,,,,
   📊 Pitcher L5: 0.96 HR/9 (28 IP) — near season avg,,,,,
   🟣 Quality Metrics [3/10 core | 2/13 elite | DTP 1/7]: 💥 Blast%:22.4%≥15% (nuclear) · ⚠️ xHR CAUTION: luck_regression=0.920<0.95 + HH%=20%<42% — batter outperforming expected HR rate; contact quality may not support continuation. · 💪 ISO:0.400≥.300 (nuclear),,,,,
   🔵 PropFinder [2/9 must-have] [L10 n=10]: 💪 ISO:0.400>0.2 (must-have) · ❌ Barrel%:10.0% [Barrel%>15% ✗] · ❌ HH%:20% [HH%>40% ✗] · ❌ Air%:30% [Air%>50% ✗] · ❌ GB%:70% [GB%<40% ✗] · ❌ PullBrl%:10.0 [PullBrl%>10 ✗] · ❌ FB%:0% [FB%>35% ✗] · ❌ Blast%:10.0% [Blast%>15% ✗] · ↙ Pull%:50%>30% (must-have),,,,,
   📐 9-STAT: ISO 0.400 | Barrel% 10.0 | HH% 20.0 | Air% 30.0 | GB% 70.0 | PullBrl% 10.0 | FB% 0.0 | Blast% 10.0 | Pull% 50.0,,,,,
"   📈 HS+PWR+PM BOOST: HS54≥40+Pwr87≥82+PM1.068≥1.04 → 25.3%/1.35x (n=186, 38-sl Jul10 post-mortem). Active contact + power + matchup aligned. Conv +3.",,,,,
"   🎰 MARKET CONFIRMING: PM1.068+Odds+330 → 25.9% HR (1.51x, p=0.001, n=193, 49-sl)",,,,,
"   📋 MULTI-BBE PITCHER: 3 batters have T3+ BBE matches vs Noah Cameron — pitcher structurally vulnerable (informational, no score boost)",,,,,
   📈 HRF 1.6 > model env 0.960 — FL confirms better environment (+2 conv),,,,,
   📊 HR market: +330 (line 0.5) [FanDuel],,,,,
   🎯 Hit Score: 54.5/100,,,,,
   🔥 Hot hitter: 77% weighted hit rate,,,,,
   ✅ High-consensus over: 65% of books project hit (+8 pts),,,,,
   📈 RotoWire projects 0.92 hits vs 0.5 line (+edge),,,,,
   💪 Power edge: 1.68 TB projected vs 1.5 line,,,,,
   ⚠️ vs Cameron (SP): 100% but ≤4 AB — tiny sample (+1.5 pts),,,,,
   🔥 Red hot last 5: 80% hit rate (+6 pts),,,,,
   📉 Mild regression risk: last-5 (80%) ahead of season (66%),,,,,
   ⚡ K-Collision: 34% K rate vs Cameron (9.9 K/9) (-8 pts),,,,,
   ⚠️ High-K profile (34%) — significant contact risk,,,,,
   🧤 Poor framing catcher (-9.1 runs) — batter-friendly zone (+2 pts),,,,,
   🎯 SHARP HIT: Cons 65% + Env 0.960 + Platoon + Score 53 — validated (17-slate),,,,,
   📊 wRC+ vs RHP: 129 (+1.5 hit pts),,,,,
,,,,,
#11  Corey Seager (TEX) vs José Soriano   Score: 68.0   HR Prob: 20.1%  |  Odds: +440,,,,,
Batter Power: 82.2,Pitcher Vuln: 43.6,Pitch Match: 1.042,Bullpen: 0.875,Bullpen Vuln 🔬: 39.8  (BVu 40 (~3.2 IP)),
Park: 1.120,Env: 1.142,Platoon: 1.08,Impl Runs: 3.9,Mkt Signal: 1.024,
HR/PA Rate: 0.052,Opp Score: 31/50,Conv Score: 41/50,NewConv CONV100: 71,NewConv Rank: 34,
NewConv p: 0.248,NewConv raw: 0.2148,Hits Odds: -,Hits Line: 0.5,xHR Factor: 0.887,
Pull×Park: 1.000,Zone Damage: 0.941,Count Score: 1.150,Umpire Factor: 1.006,Signal Score: 9/20,
   ✅ STRONG SIGNAL COMBO (9/20): PM 1.04-1.06 + Power≥60 + Score≥50  →  Historical HR rate: 18%  637/3630 AT (signal-combo),,,,,
   🔥 L7 power surge: SLG 0.560 (1.35x season — HR heat),,,,,
   📊 Above-avg HR/PA vs RHP: 4.5% (+1.5 conv),,,,,
   🏟️ T4 BBE + ENV BOOST: favorable game environment amplifies pitch BBE signal (+10% ranking),,,,,
   🎯 PITCHER TARGET SI (46% vs LHB): Soriano allows 33% HH / 42% FB / 33% Pull / 0.333 ISO (vuln 32) → Batter L10 SI: 1 HR/10 BBE • 50% HH • 319ft avg dist,,,,,
"   🔥 PITCHER-FIRST MATCH (SI): 1 HR in L10 BBEs vs pitcher's target pitch — ⚡ HIGH-USAGE (46% vs LHB): pitcher leans on this pitch heavily, batter sees it repeatedly (+7 conv)",,,,,
   🔥 CROSS-PITCH BBE SURGE: 2 HR in L10 BBE on FF (348ft avg · 70% HH) — power surge on non-target pitch (+3 conv),,,,,
   🎯 Elite solid contact: 38% squared-up rate (+3 hit),,,,,
"   🎯 Elite career OPS vs pitcher: 1.136 (11AB) (+3 conv, +8% rate)",,,,,
   🎯 Elite career OPS vs pitcher: 1.136 (11AB) (+3 conv),,,,,
   🎯 Elite HH% vs pitcher: 43% hard hit rate (+2 conv),,,,,
   🔥🔥 L10 BBE vs FF: 2 HR in 10 BBE (20% HR rate • 347.8 Avg Dist • 70% HH • 20% Brl) — Marsh-pattern recent power surge (+7 conv),,,,,
   🎯 Elite spot: Opp 31/50 + Conv 38/50 — both stages firing (57% hist HR rate for this tier),,,,,
   ✅ Platoon edge (L vs R),,,,,
"   ⚠️ Park trap zone (1.12x) — 0.71x HR rate (17 slates, -3 pts)",,,,,
   💪 Strong ISO: 0.228 — meets 0.220 power threshold,,,,,
   🎯 High-K pitcher (market: 5.0 Ks),,,,,
   ⏱️ SP market: 5.8 IP expected,,,,,
   ⚠️ Vuln 42-44 HR trap (Vuln 44): 0.68x HR rate — PM does not rescue this zone vs hit rate 1.09x,,,,,
   📊 Pitcher L5: 0.92 HR/9 (29 IP) — near season avg,,,,,
   🟣 Quality Metrics [3/10 core | 3/13 elite | DTP 2/7]: 💥 Blast%:18.8%≥15% (nuclear) · ⚠️ xHR CAUTION: luck_regression=0.920<0.95 + HH%=30%<42% — batter outperforming expected HR rate; contact quality may not support continuation. · 🌤️ FB%:40%≥40% (nuclear/DTP) · 🔻 GB%:20%≤35% (nuclear/DTP — air-ball profile),,,,,
   🔵 PropFinder [4/9 must-have] [L10 n=10]: ❌ ISO:0.100 [ISO>0.2 ✗] · ❌ Barrel%:10.0% [Barrel%>15% ✗] · ❌ HH%:30% [HH%>40% ✗] · 🌤️ Air%:80%>50% (must-have) · 🔻 GB%:20%<40% (must-have) · ❌ PullBrl%:10.0 [PullBrl%>10 ✗] · 🌤️ FB%:40%>35% (must-have) · ❌ Blast%:10.0% [Blast%>15% ✗] · ↙ Pull%:70%>30% (must-have),,,,,
   📐 9-STAT: ISO 0.100 | Barrel% 10.0 | HH% 30.0 | Air% 80.0 | GB% 20.0 | PullBrl% 10.0 | FB% 40.0 | Blast% 10.0 | Pull% 70.0,,,,,
"   📈 HS+PWR+PM BOOST: HS71≥40+Pwr82≥82+PM1.042≥1.04 → 25.3%/1.35x (n=186, 38-sl Jul10 post-mortem). Active contact + power + matchup aligned. Conv +3.",,,,,
"   📋 MULTI-BBE PITCHER: 8 batters have T3+ BBE matches vs José Soriano — pitcher structurally vulnerable (informational, no score boost)",,,,,
   📊 HR market: +440 (line 0.5) [FanDuel],,,,,
   🎯 Hit Score: 71.0/100,,,,,
   🔥 Hot hitter: 83% weighted hit rate,,,,,
   ✅ High-consensus over: 65% of books project hit (+15 pts),,,,,
   📈 RotoWire projects 0.99 hits vs 0.5 line (+edge),,,,,
   🎯 Elite HH% vs pitcher: 43% hard contact rate (+4 pts),,,,,
"   ✅ Hits well vs Soriano (SP): 79% (+2.5 pts, very small sample 0AB)",,,,,
   🔥 Red hot last 5: 100% hit rate (+6 pts),,,,,
"   ⚠️ Regression risk: 100% last-5 vs 56% season (44pt gap, -7.0 pts)",,,,,
   📈 Quality trend up (form 1.07x) (+1.5 pts),,,,,
   ⚡ Game environment boost (Env 1.142): 80.6% hit rate in sweet zone (+3 pts),,,,,
   🎯 SHARP HIT: Cons 65% + Env 1.142 + Platoon + Score 71 — validated (17-slate),,,,,
"   🧮 HR STACK — these 3 grades have never all fired together. Closest: 2 of them (1 left out). 1 such group on record, typical 0.44x base HR. Most-seen: T3 + T4 → 7% (0.44x) over 14 occurrences · ⚠️ typically BELOW base rate",,,,,
"   🧮 HIT STACK — these 3 grades have never all fired together. Closest: 2 of them (1 left out). 1 such group on record, typical 1.23x base HIT. Most-seen: T3 + T4 → 71% (1.23x) over 14 occurrences",,,,,
,,,,,
#12  Jac Caglianone (KC) vs Bubba Chandler   Score: 65.0   HR Prob: 20.4%  |  Odds: +400,,,,,
Batter Power: 87.3,Pitcher Vuln: 47.6,Pitch Match: 1.046,Bullpen: 1.082,"Bullpen Vuln 🔬: 54.8  (BULLPEN VULN (BVu 55, ~3.8 IP exposure))",
Park: 0.960,Env: 0.960,Platoon: 1.08,Impl Runs: 4.0,Mkt Signal: 1.030,
HR/PA Rate: 0.056,Opp Score: 44/50,Conv Score: 33/50,NewConv CONV100: 59,NewConv Rank: 76,
NewConv p: 0.208,NewConv raw: 0.1852,Hits Odds: -,Hits Line: 0.5,xHR Factor: 0.914,
Pull×Park: 1.000,Zone Damage: 1.044,Count Score: 1.150,Umpire Factor: 0.970,Signal Score: 10/20,
   ✅ STRONG SIGNAL COMBO (10/20): PM 1.04-1.06 + Power≥60 + Score≥50  →  Historical HR rate: 18%  637/3630 AT (signal-combo),,,,,
   📊 wRC+ vs RHP: 122 (+22 above avg),,,,,
   📊 Above-avg HR/PA vs RHP: 4.4% (+1.5 conv),,,,,
   📊 Good road SLG: 0.483 (+1.5 conv),,,,,
   🎯 PITCHER TARGET SI (21% vs LHB): Chandler allows 50% HH / 75% FB / 50% Pull / 0.750 ISO (vuln 54) → Batter L10 SI: 1 HR/10 BBE • 60% HH • 370ft avg dist,,,,,
   🔥 PITCHER-FIRST MATCH (SI): 1 HR in L10 BBEs vs pitcher's target pitch (+5 conv),,,,,
   📊 DailyPitch HR signal: PM 1.046 + pitch edge +4 + Pwr 87 + Vuln 48 (informational — no park gate),,,,,
   📊 Good solid contact: 31% squared-up rate (+1.5 hit),,,,,
   ✅ Good vs four-seamer: wOBA 0.394 — Chandler FF 42% vs LHB (+2.0 conv),,,,,
   ✅ Good vs changeup: wOBA 0.368 — CH 13% vs LHB (+1.5 conv),,,,,
   🔥 L10 BBE vs SI: 1 HR in 10 BBE • 370.5 Avg Dist • 60% HH • 10% Brl — quality carry confirms (+4 conv),,,,,
   🎯 Elite spot: Opp 44/50 + Conv 33/50 — both stages firing (57% hist HR rate for this tier),,,,,
   ✅ Platoon edge (L vs R),,,,,
   ⏱️ SP market: 5.2 IP expected,,,,,
   🔓 Weak bullpen (HR/9: 1.55),,,,,
   ⚠️ Vuln 45-48 Score60+ trap (Vuln 48): 0/17 HR at Score≥60 — soft arm priced in by market,,,,,
   ⚡ High K% (26.6%),,,,,
   📊 ERA composite 4.78 (FIP/xFIP/SIERA avg) vs ERA 4.00 — ERA understated,,,,,
   📊 Pitcher L5: 1.41 HR/9 (25 IP) — near season avg,,,,,
   🟣 Quality Metrics [2/10 core | 2/13 elite | DTP 1/7]: 💥 Blast%:23.3%≥15% (nuclear) · ⚠️ xHR CAUTION: luck_regression=0.920<0.95 + HH%=40%<42% — batter outperforming expected HR rate; contact quality may not support continuation. · ↙ Pull%:46%≥45% (nuclear),,,,,
   🔵 PropFinder [4/9 must-have] [L10 n=10]: ❌ ISO:0.100 [ISO>0.2 ✗] · ❌ Barrel%:0.0% [Barrel%>15% ✗] · 💪 HH%:40%>40% (must-have) · ❌ Air%:40% [Air%>50% ✗] · ❌ GB%:60% [GB%<40% ✗] · 🎯 PullBrl%:12.0>10 (must-have) · ❌ FB%:10% [FB%>35% ✗] · 💥 Blast%:20.0%>15% (must-have) · ↙ Pull%:80%>30% (must-have),,,,,
   📐 9-STAT: ISO 0.100 | Barrel% 0.0 | HH% 40.0 | Air% 40.0 | GB% 60.0 | PullBrl% 12.0 | FB% 10.0 | Blast% 20.0 | Pull% 80.0,,,,,
"   ⚠️ HS DULL HR ZONE: HS22(20-39) — 17.3%/0.93x (n=467, 38-sl). HS20-39 underperforms both cold bat (HS<20=1.13x) AND hot bat (HS40+=1.17x). Not a block — deprioritize vs same-tier picks with HS≥40 or HS<20.",,,,,
   ⚠️ PITCHER WEAK SPOT (3rd time through order): allows .377 wOBA (114 TBF) — meaningful weakness (+4 conv),,,,,
"   📋 MULTI-BBE PITCHER: 8 batters have T3+ BBE matches vs Bubba Chandler — pitcher structurally vulnerable (informational, no score boost)",,,,,
   📊 HR market: +400 (line 0.5) [FanDuel],,,,,
   🎯 Hit Score: 21.9/100,,,,,
   📊 Strong hits probability (62% consensus over),,,,,
   📈 RotoWire projects 1.04 hits vs 0.5 line (+edge),,,,,
   💪 Power edge: 1.88 TB projected vs 1.5 line,,,,,
   📊 Good contact vs FF: wOBA 0.394 on primary pitch type (+2 pts),,,,,
   ⚾ vs Chandler (SP): 67% hit rate,,,,,
   ⚠️ Elevated K% (27%),,,,,
   🎯 SHARP HIT: Pwr 87 + PM 1.046 (sweet zone) — 5-slate: 100% (14/14),,,,,
   📊 wRC+ vs RHP: 122 (+1.5 hit pts),,,,,
,,,,,
#13  Elly De La Cruz (CIN) vs Matthew Boyd   Score: 66.1   HR Prob: 20.2%  |  Odds: +300,,,,,
Batter Power: 88.0,Pitcher Vuln: 44.8,Pitch Match: 1.099,Bullpen: 1.097,"Bullpen Vuln 🔬: 56.3  (BULLPEN VULN (BVu 56, ~3.5 IP exposure))",
Park: 1.160,Env: 1.160,Platoon: 1.08,Impl Runs: 4.2,Mkt Signal: 1.073,
HR/PA Rate: 0.035,Opp Score: 40/50,Conv Score: 50/50,NewConv CONV100: 73,NewConv Rank: 29,
NewConv p: 0.255,NewConv raw: 0.2164,Hits Odds: -,Hits Line: 0.5,xHR Factor: 0.914,
Pull×Park: 1.000,Zone Damage: 1.150,Count Score: 1.150,Umpire Factor: 1.018,Signal Score: 10/20,
   ✅ STRONG SIGNAL COMBO (10/20): Power≥63 + Score≥50  →  Historical HR rate: 18%  637/3630 AT (signal-combo),,,,,
   📋 Pitcher-specific BBE (CH vs Boyd): 0% barrel on 3 BBE — season aggregate used (below barrel gate),,,,,
   💥 2 HRs last 7 days — active HR streak,,,,,
   📊 wRC+ vs RHP: 139 (+39 above avg),,,,,
   🎯 PitchMix wOBA 0.440 — elite contact vs pitcher's actual mix (+4 conv),,,,,
   📊 Above-avg HR/PA vs RHP: 4.7% (+1.5 conv),,,,,
   📊 Good home SLG: 0.519 (+1.5 conv),,,,,
"   💰 ODDS: +300 (above +250 gate — informational, boost retired Jul 2026)",,,,,
"   🔥 ENV_FIRE+ELITE_PWR: Env1.160≥1.10+Pwr88≥86+Vu45≥44 → 45.5% HR (2.58x, n=22, 61-sl Jul11 audit). Ranking +8%. Systematically underranked by Score.",,,,,
"   📈 SHARP_PM+SC+PWR: PM1.099≥1.085+Sc68≥58+Pwr88≥84 → 28.4% HR (1.62x, n=88, 61-sl Jul11). Ranking +6%. High PM underweighted when pitch-edge modest.",,,,,
"   🎯 PITCH HR CONCENTRATION: FF is pitcher's primary damage vehicle (wOBA 0.379 × usage 44% = 0.166 weighted score, 2.0× higher than next pitch type — pitcher concentrates contact damage on FF) | Batter L10 BBE HR on FF: 0 | Usage 44% → batter will see this pitch. Conv +6. (Jul 11 2026 — Ryan Johnson/Royce Lewis SI pattern)",,,,,
   📊 DailyPitch HR signal: PM 1.099 + pitch edge +6 + Pwr 88 + Vuln 45 (informational — no park gate),,,,,
   📊 Good solid contact: 34% squared-up rate (+1.5 hit),,,,,
   🌡️ FL HR Factor: 1.6x (favourable game environment),,,,,
"   🎯 Crushes four-seamers: wOBA 0.439, SLG 0.637 — Boyd FF 44% overall (+3.0 conv)",,,,,
   🎯 Crushes changeup: wOBA 0.442 vs Boyd CH 27% overall (+2.0 conv),,,,,
   🎯 PITCH DOMINANCE EDGE: batter hits primary pitch types hard (+6 conv total),,,,,
   🔥🔥 L10 BBE vs FF: 3 HR in 10 BBE (30% HR rate • 394.0 Avg Dist • 70% HH) — Marsh-pattern recent power surge (+7 conv),,,,,
   🎯 PITCHMIX wOBA: 0.440 vs pitcher mix — elite contact quality against this specific arsenal (1.38x avg),,,,,
"   🎯 PITCH CORRELATION: Pitcher's FF → wOBA 0.379 allowed | Batter FF → wOBA 0.439, EV 87.5mph — direct weakness × strength match",,,,,
"   🎯 3 BZM-SZN (FF): up, middle, mid-out",,,,,
   🎯 BZM triple-zone boost: 3 overlapping zones (+8 conv),,,,,
   🎯 Elite spot: Opp 40/50 + Conv 50/50 — both stages firing (57% hist HR rate for this tier),,,,,
   ✅ Platoon edge (S vs R),,,,,
   🏟️ Power park (1.16x) — 1.42x HR lift at 1.15-1.20 (17 slates),,,,,
   💪 Elite ISO: 0.340 — well above 0.220 strong threshold (pure power),,,,,
   ⏱️ SP market: 5.5 IP expected,,,,,
"   🧪 AUDIT-A2 HOT-WHR+ODDS-BAND: 32.3% HR (40/124, 2.26x, 45 slates, Jul 24/65 · Aug 16/59) [TRACKING — no conv points]",,,,,
   🔓 Weak bullpen (HR/9: 1.62),,,,,
   ⚡ High K% (27.5%),,,,,
   🎯 Elite zone damage (1.40x),,,,,
   🛡️ Suppressing L5: 0.62 HR/9 vs 1.20 season (29 IP) — buy low on HR,,,,,
   🟣 Quality Metrics [4/10 core | 4/13 elite | DTP 2/7]: 💥 Blast%:23.0%≥15% (nuclear) · 💪 HH%:60%≥55% (nuclear) · ⚡ EV:97.6mph≥94 (nuclear) · 💪 ISO:0.400≥.300 (nuclear),,,,,
   🔵 PropFinder [4/9 must-have] [L10 n=10]: 💪 ISO:0.400>0.2 (must-have) · ❌ Barrel%:10.0% [Barrel%>15% ✗] · 💪 HH%:60%>40% (must-have) · ❌ Air%:40% [Air%>50% ✗] · ❌ GB%:60% [GB%<40% ✗] · ❌ PullBrl%:10.0 [PullBrl%>10 ✗] · ❌ FB%:30% [FB%>35% ✗] · 💥 Blast%:20.0%>15% (must-have) · ↙ Pull%:50%>30% (must-have),,,,,
   📐 9-STAT: ISO 0.400 | Barrel% 10.0 | HH% 60.0 | Air% 40.0 | GB% 60.0 | PullBrl% 10.0 | FB% 30.0 | Blast% 20.0 | Pull% 50.0,,,,,
"   🌡️ ENV-ANCHORED PITCH MATCH: PRIME/CONF+Vuln45+Env1.160/Park1.16+Pwr88 → 26.1% HR (1.76x, n=69, 74-sl CSV Jul9) — conv +12 [Pwr>86 elite sub-bucket: 47.1%/3.17x, n=17]",,,,,
"   📈 HS+PWR+PM BOOST: HS71≥40+Pwr88≥82+PM1.099≥1.04 → 25.3%/1.35x (n=186, 38-sl Jul10 post-mortem). Active contact + power + matchup aligned. Conv +3.",,,,,
"   🔥 ELITE_PWR+SHARP_PM+HOT_CONTACT: PM1.099≥1.085+Pwr88≥88+HS71≥45 → 28.1% HR (1.50x, n=32, 38-sl Jul11). Wood+Alvarez profile today. NOTE: Env gate NOT added — hot env in this bucket = 0.67x (overpriced). Conv +6.",,,,,
"   🎰 MARKET CONFIRMING: SHARP PM1.099+Odds+300 → 23.0% HR (1.34x, p=0.027, n=178, 49-sl)",,,,,
"   📋 MULTI-BBE PITCHER: 7 batters have T3+ BBE matches vs Matthew Boyd — pitcher structurally vulnerable (informational, no score boost)",,,,,
   📈 HRF 1.6 > model env 1.160 — FL confirms better environment (+2 conv),,,,,
   📊 HR market: +300 (line 0.5) [FanDuel],,,,,
   🎯 Hit Score: 71.3/100,,,,,
   🔥 Hot hitter: 81% weighted hit rate,,,,,
   ✅ High-consensus over: 65% of books project hit (+8 pts),,,,,
   📈 RotoWire projects 0.93 hits vs 0.5 line (+edge),,,,,
   💪 Power edge: 1.68 TB projected vs 1.5 line,,,,,
   🎯 Elite contact vs FF: wOBA 0.439 on primary pitch type (+4 pts),,,,,
   ⚾ vs Boyd (SP): 65% hit rate,,,,,
   🔥 Red hot last 5: 80% hit rate (+6 pts),,,,,
   ⚠️ Elevated K% (27%),,,,,
   📈 Quality trend up (form 1.12x) (+2.4 pts),,,,,
   🧤 Poor framing catcher (-8.4 runs) — batter-friendly zone (+2 pts),,,,,
   🌡️ Strong game environment (Env 1.160) — already reflected in HS baseline,,,,,
   🎯 SHARP HIT: Cons 65% + Env 1.160 + Platoon + Score 67 — validated (17-slate),,,,,
   📊 wRC+ vs RHP: 139 (+1.5 hit pts),,,,,
   📊 AVG vs RHP: 0.287 (+1.5 hit pts),,,,,
   📊 Home AVG: 0.287 (+1 hit pt),,,,,
"   🧮 HR STACK — these 4 grades have never all fired together. Closest: 3 of them (1 left out). 2 such groups on record, typical 1.14x base HR. Most-seen: BZM + SHARP PM + T3 → 24% (1.45x) over 17 occurrences",,,,,
"   🧮 HIT STACK — these 4 grades have never all fired together. Closest: 3 of them (1 left out). 2 such groups on record, typical 0.59x base HIT. Most-seen: BZM + SHARP PM + T3 → 41% (0.71x) over 17 occurrences · ⚠️ typically BELOW base rate",,,,,
,,,,,
#14  Kazuma Okamoto (TOR) vs Cal Quantrill   Score: 65.0   HR Prob: 20.3%  |  Odds: +390,,,,,
Batter Power: 83.6,Pitcher Vuln: 52.1,Pitch Match: 1.039,Bullpen: 1.021,Bullpen Vuln 🔬: 51.0  (BVu 51 (~3.5 IP)),
Park: 1.080,Env: 1.101,Platoon: 0.97,Impl Runs: 3.8,Mkt Signal: 1.029,
HR/PA Rate: 0.057,Opp Score: 39/50,Conv Score: 50/50,NewConv CONV100: 74,NewConv Rank: 28,
NewConv p: 0.257,NewConv raw: 0.2170,Hits Odds: -,Hits Line: 0.5,xHR Factor: 0.840,
Pull×Park: 1.000,Zone Damage: 0.996,Count Score: 1.150,Umpire Factor: 1.006,Signal Score: 6/20,
   📊 SIGNAL COMBO (6/20): Power≥63 + Score≥50  →  Historical HR rate: 18%  637/3630 AT (signal-combo),,,,,
   📈 L7 SLG elevated: 0.579 (1.30x season),,,,,
   💥 2 HRs last 7 days — active HR streak,,,,,
   📊 PitchMix wOBA 0.379 — strong contact vs pitcher's mix (+2 conv),,,,,
   💪 Elite HR/PA vs RHP: 5.5% (1.6x league avg) (+3 conv),,,,,
   🎯 Hand-specific pitch: Quantrill throws 33% FF vs RHB (overall primary: SI),,,,,
   🎯 PITCHER TARGET FF (33% vs RHB): Quantrill allows 100% FB (vuln 33) → Batter L10 FF: 2 HR/10 BBE • 60% HH • 30% Brl • 322ft avg dist,,,,,
   🎯🎯 PRIME PITCHER TARGET MATCH (FF): 2 HR in last 10 BBEs vs pitcher's most vulnerable pitch (vuln 33) + HR-prone L5 (×1.38 vs season) — Jun 17 validated (75%) | Note: ⚠️ xHR caution: luck_regression=0.920<0.95 (batter outperforming contact quality — HR regression risk) (+9 conv),,,,,
   🔥 CROSS-PITCH BBE SURGE: 2 HR in L10 BBE on FC (335ft avg · 50% HH) — power surge on non-target pitch (+3 conv),,,,,
   📊 Good solid contact: 32% squared-up rate (+1.5 hit),,,,,
   ⚠️ Low blast rate: 15% per contact (-1.5 conv),,,,,
   🎯 Pull power in hitter's park: 28% pull air rate (+2 conv),,,,,
"   🎯 Crushes four-seamers: wOBA 0.413, SLG 0.586 — Quantrill FF 33% vs RHB (+2.5 conv)",,,,,
   🎯 Crushes slider: wOBA 0.355 vs Quantrill SL 14% vs RHB (+2.5 conv),,,,,
   🎯 PITCH DOMINANCE EDGE: batter hits primary pitch types hard (+8 conv total),,,,,
   🔥🔥 L10 BBE vs FC: 2 HR in 10 BBE (20% HR rate • 335.4 Avg Dist • 50% HH • 20% Brl) — Marsh-pattern recent power surge (+7 conv),,,,,
   📊 PitchMix wOBA: 0.379 — above-avg contact vs pitcher's mix,,,,,
   🎯 Elite spot: Opp 39/50 + Conv 35/50 — both stages firing (57% hist HR rate for this tier),,,,,
   💪 Same-side + elite power (R vs R) — HR advantage,,,,,
   💪 Strong ISO: 0.225 — meets 0.220 power threshold,,,,,
   ⏱️ SP market: 5.5 IP expected,,,,,
   ⚡ High K% (29.1%),,,,,
   ⚡ High Z-Contact: 90.6% (≥88% = batters making easy contact in zone → xwOBA quality elevated),,,,,
   📊 Pitcher L5: 1.16 HR/9 (31 IP) — near season avg,,,,,
"   🟣 Quality Metrics [6/10 core | 3/13 elite | DTP 4/7]: 📊 DTP FILTER 4/7: ISO>0.2, HH>38%, Air>55%, FB>40% · 💥 Blast%:14.8%≥12% (must-have) · 💪 HH%:50%≥50% (must-have) · ⚡ EV:93.7mph≥92 (must-have) · ↙ Pull%:52%≥45% (nuclear) · 🌤️ FB%:50%≥40% (nuclear/DTP) · 💪 ISO:0.300≥.300 (nuclear)",,,,,
"   🌤️ FB50 LOFT + GROUND SUPPRESSION: FB%50 (>50) + GB%40 (<40) → 1.42x HR (Jul 1.31x / Aug 1.58x p=0.045, n=187 combined; tuned on July, held out-of-sample on August). +5 conv.",,,,,
   🔵 PropFinder [6/9 must-have] [L10 n=10]: ✅ 6/9 gates (display only — 1.11x) · 💪 ISO:0.300>0.2 (must-have) · ❌ Barrel%:10.0% [Barrel%>15% ✗] · 💪 HH%:50%>40% (must-have) · 🌤️ Air%:60%>50% (must-have) · 🔻 GB%:40%<40% (must-have) · ❌ PullBrl%:10.0 [PullBrl%>10 ✗] · 🌤️ FB%:50%>35% (must-have) · ❌ Blast%:10.0% [Blast%>15% ✗] · ↙ Pull%:60%>30% (must-have),,,,,
   📐 9-STAT: ISO 0.300 | Barrel% 10.0 | HH% 50.0 | Air% 60.0 | GB% 40.0 | PullBrl% 10.0 | FB% 50.0 | Blast% 10.0 | Pull% 60.0,,,,,
   🔥 PWR-VULN-ENV conv boost: +11 pts (Pwr84+Vu52+Env1.10+Sig6 · Env≥1.10 elite bonus +3),,,,,
"   📋 MULTI-BBE PITCHER: 9 batters have T3+ BBE matches vs Cal Quantrill — pitcher structurally vulnerable (informational, no score boost)",,,,,
   📊 HR market: +390 (line 0.5) [SGO],,,,,
   🎯 Hit Score: 59.6/100,,,,,
   🔥 Hot hitter: 75% weighted hit rate,,,,,
   📈 RotoWire projects 1.01 hits vs 0.5 line (+edge),,,,,
   💪 Power edge: 1.92 TB projected vs 1.5 line,,,,,
   ⚾ vs Quantrill (SP): 60% hit rate,,,,,
   🔥 Red hot last 5: 80% hit rate (+6 pts),,,,,
   📉 Mild regression risk: last-5 (80%) ahead of season (62%),,,,,
   💪 Same-side + elite power (R vs R) — HR advantage,,,,,
   ⚠️ Elevated K% (29%),,,,,
   📈 Quality trend up (form 1.08x) (+1.5 pts),,,,,
   ⚡ Game environment boost (Env 1.101): 80.6% hit rate in sweet zone (+3 pts),,,,,
   🎯 SHARP HIT: Pwr 84 + PM 1.039 (sweet zone) — 5-slate: 100% (14/14),,,,,
"   🧮 HR STACK — these 4 grades have never all fired together. Closest: 3 of them (1 left out). 1 such group on record, typical 0.97x base HR. Most-seen: PITCH DOMINANCE + PWR-VULN-ENV + T3 → 16% (0.97x) over 19 occurrences · ⚠️ typically BELOW base rate",,,,,
"   🧮 HIT STACK — these 4 grades have never all fired together. Closest: 3 of them (1 left out). 1 such group on record, typical 1.00x base HIT. Most-seen: PITCH DOMINANCE + PWR-VULN-ENV + T3 → 58% (1.00x) over 19 occurrences · ⚠️ typically BELOW base rate",,,,,
,,,,,
#15  Michael Harris II (ATL) vs Hayden Wesneski   Score: 64.7   HR Prob: 20.1%  |  Odds: +420,,,,,
Batter Power: 84.6,Pitcher Vuln: 46.9,Pitch Match: 1.052,Bullpen: 1.000,Bullpen Vuln 🔬: 50.0  (BVu 50 (~4.0 IP)),
Park: 1.010,Env: 1.012,Platoon: 1.08,Impl Runs: 4.1,Mkt Signal: 1.031,
HR/PA Rate: 0.047,Opp Score: 35/50,Conv Score: 36/50,NewConv CONV100: 63,NewConv Rank: 50,
NewConv p: 0.220,NewConv raw: 0.2045,Hits Odds: -,Hits Line: 0.5,xHR Factor: 0.908,
Pull×Park: 1.000,Zone Damage: 1.150,Count Score: 1.150,Umpire Factor: 0.988,Signal Score: 10/20,
   ✅ STRONG SIGNAL COMBO (10/20): PM 1.04-1.06 + Power≥60 + Score≥50  →  Historical HR rate: 18%  637/3630 AT (signal-combo),,,,,
   🔥 L7 power surge: SLG 0.704 (1.38x season — HR heat),,,,,
   💥 2 HRs last 7 days — active HR streak,,,,,
   📊 Above-avg HR/PA vs RHP: 4.4% (+1.5 conv),,,,,
   📊 Good road SLG: 0.491 (+1.5 conv),,,,,
   🎯 PITCHER TARGET FC (29% vs LHB): Wesneski allows 50% HH / 83% FB / 50% Pull / 0.833 ISO (vuln 57) → Batter L10 FC: 0 HR/6 BBE • 50% HH,,,,,
   📊 PITCHER TARGET FC: 50% HH in L10 BBEs vs pitcher's weakest pitch (+3 conv),,,,,
   📊 DailyPitch HR signal: PM 1.052 + pitch edge +2 + Pwr 85 + Vuln 47 (informational — no park gate),,,,,
   📊 Good solid contact: 31% squared-up rate (+1.5 hit),,,,,
   ✅ Good vs four-seamer: wOBA 0.381 — Wesneski FF 30% vs LHB (+2.0 conv),,,,,
   📊 L10 BBE vs FF: 0 HR in 4 BBE • 221.0 Avg Dist • 50% HH — hard contact quality (+1 conv),,,,,
   🎯 Elite spot: Opp 35/50 + Conv 33/50 — both stages firing (57% hist HR rate for this tier),,,,,
   ✅ Platoon edge (L vs R),,,,,
"   🧪 AUDIT-A3 PROB20+SHORT-START: 30.3% HR (43/142, 2.13x, 40 slates, Jul 20/62 · Aug 23/80) [TRACKING — no conv points]",,,,,
   ⚠️ Vuln 45-48 Score60+ trap (Vuln 47): 0/17 HR at Score≥60 — soft arm priced in by market,,,,,
   🎯 Elite zone damage (1.29x),,,,,
   ⚡ High Z-Contact: 90.2% (≥88% = batters making easy contact in zone → xwOBA quality elevated),,,,,
   🎣 Elite chase rate: 37.3% O-Swing (avg 32%) — gets batters to expand zone,,,,,
   🛡️ Suppressing L5: 0.69 HR/9 vs 1.20 season (26 IP) — buy low on HR,,,,,
"   🟣 Quality Metrics [4/10 core | 2/13 elite | DTP 3/7]: 📊 DTP FILTER 3/7: ISO>0.2, HH>38%, Air>55% · 💥 Blast%:20.5%≥15% (nuclear) · 💪 HH%:50%≥50% (must-have) · ⚡ EV:93.9mph≥92 (must-have) · 💪 ISO:0.300≥.300 (nuclear)",,,,,
   🔵 PropFinder [5/9 must-have] [L10 n=10]: 💪 ISO:0.300>0.2 (must-have) · ❌ Barrel%:10.0% [Barrel%>15% ✗] · 💪 HH%:50%>40% (must-have) · 🌤️ Air%:60%>50% (must-have) · 🔻 GB%:40%<40% (must-have) · ❌ PullBrl%:8.1 [PullBrl%>10 ✗] · ❌ FB%:20% [FB%>35% ✗] · ❌ Blast%:10.0% [Blast%>15% ✗] · ↙ Pull%:50%>30% (must-have),,,,,
   📐 9-STAT: ISO 0.300 | Barrel% 10.0 | HH% 50.0 | Air% 60.0 | GB% 40.0 | PullBrl% 8.1 | FB% 20.0 | Blast% 10.0 | Pull% 50.0,,,,,
"   📈 HS+PWR+PM BOOST: HS55≥40+Pwr85≥82+PM1.052≥1.04 → 25.3%/1.35x (n=186, 38-sl Jul10 post-mortem). Active contact + power + matchup aligned. Conv +3.",,,,,
"   📋 MULTI-BBE PITCHER: 8 batters have T3+ BBE matches vs Hayden Wesneski — pitcher structurally vulnerable (informational, no score boost)",,,,,
   📊 HR market: +420 (line 0.5) [FanDuel],,,,,
   ⚠️ Concerns:,,,,,
"   🔓 SHORT-START × HIGH SCORE: 4.8 IP projected — bullpen exposure. POSITIVE for HR at this score tier: 22.0% HR (67/304, 1.55x, 40 slates, both months, perm p=0.001). -3 pt dock removed Aug 25 2026.",,,,,
   🎯 Hit Score: 54.8/100,,,,,
   📊 Solid hit rate: 60%,,,,,
   ✅ High-consensus over: 67% of books project hit (+15 pts),,,,,
   📈 RotoWire projects 1.10 hits vs 0.5 line (+edge),,,,,
   💪 Power edge: 2.04 TB projected vs 1.5 line,,,,,
   📊 Good contact vs FF: wOBA 0.381 on primary pitch type (+2 pts),,,,,
   ⚾ vs Wesneski (SP): 60% hit rate,,,,,
   🔥 Red hot last 5: 80% hit rate (+6 pts),,,,,
   📉 Mild regression risk: last-5 (80%) ahead of season (69%),,,,,
   ⚠️ Short-start alert: form less predictive vs. bullpen-heavy game (×0.97),,,,,
   🎯 SHARP HIT: Cons 67% + Env 1.012 + Platoon + Score 52 — validated (17-slate),,,,,
   📊 AVG vs RHP: 0.293 (+1.5 hit pts),,,,,
   📊 Road AVG: 0.293 (+1 hit pt),,,,,
   🧮 HR STACK — all 2 of these grades have fired together 27 times: 7 produced a HR = 26% (1.60x base),,,,,
   🧮 HIT STACK — all 2 of these grades have fired together 27 times: 19 produced a HIT = 70% (1.21x base),,,,,
,,,,,
#16  Bobby Witt Jr. (KC) vs Bubba Chandler   Score: 60.9   HR Prob: 20.5%  |  Odds: +500,,,,,
Batter Power: 83.2,Pitcher Vuln: 47.6,Pitch Match: 1.036,Bullpen: 1.082,"Bullpen Vuln 🔬: 54.8  (BULLPEN VULN (BVu 55, ~3.8 IP exposure))",
Park: 0.920,Env: 0.920,Platoon: 0.97,Impl Runs: 4.0,Mkt Signal: 1.014,
HR/PA Rate: 0.058,Opp Score: 41/50,Conv Score: 22/50,NewConv CONV100: 70,NewConv Rank: 37,
NewConv p: 0.246,NewConv raw: 0.2143,Hits Odds: -,Hits Line: 0.5,xHR Factor: 0.986,
Pull×Park: 1.000,Zone Damage: 1.043,Count Score: 1.150,Umpire Factor: 0.970,Signal Score: 6/20,
   📊 SIGNAL COMBO (6/20): Power≥63 + Score≥50  →  Historical HR rate: 18%  637/3630 AT (signal-combo),,,,,
   🎯 PITCHER TARGET FF (45% vs RHB): Chandler allows 60% HH / 80% FB / 60% Pull (vuln 53) → Batter L10 FF: 0 HR/10 BBE • 50% HH • 20% Brl,,,,,
"   📊 PITCHER TARGET FF: 50% HH in L10 BBEs vs pitcher's weakest pitch — ⚡ HIGH-USAGE (45% vs RHB): elite contact on a pitch batter faces repeatedly (upgraded T2→T3, +5 conv)",,,,,
   🎯 Elite solid contact: 36% squared-up rate (+3 hit),,,,,
"   🎯 Crushes four-seamers: wOBA 0.395, SLG 0.467 — Chandler FF 45% vs RHB (+3.5 conv)",,,,,
   📊 L10 BBE vs SL: 0 HR in 10 BBE • 289.8 Avg Dist • 30% HH • 10% Brl — hard contact quality (+1 conv),,,,,
   🎯 Elite spot: Opp 41/50 + Conv 27/50 — both stages firing (57% hist HR rate for this tier),,,,,
   💪 Same-side + elite power (R vs R) — HR advantage,,,,,
   ⚠️ High-score×supp-park penalty: Score 65.9 + park 0.920 compound suppressor (−3 conv; Jun 22 post-mortem: all park<0.93 picks at Score>60 went 0 HR),,,,,
   ⏱️ SP market: 5.2 IP expected,,,,,
   🔓 Weak bullpen (HR/9: 1.55),,,,,
   ⚠️ Vuln 45-48 Score60+ trap (Vuln 48): 0/17 HR at Score≥60 — soft arm priced in by market,,,,,
   📊 ERA composite 4.78 (FIP/xFIP/SIERA avg) vs ERA 4.00 — ERA understated,,,,,
   📊 Pitcher L5: 1.41 HR/9 (25 IP) — near season avg,,,,,
   🟣 Quality Metrics [1/10 core | 2/13 elite | DTP 2/7]: 💥 Blast%:20.6%≥15% (nuclear) · ⚠️ xHR CAUTION: luck_regression=0.920<0.95 + HH%=20%<42% — batter outperforming expected HR rate; contact quality may not support continuation. · 🔻 GB%:20%≤35% (nuclear/DTP — air-ball profile),,,,,
   🔵 PropFinder [3/9 must-have] [L10 n=10]: ❌ ISO:0.157 [ISO>0.2 ✗] · ❌ Barrel%:0.0% [Barrel%>15% ✗] · ❌ HH%:20% [HH%>40% ✗] · 🌤️ Air%:70%>50% (must-have) · 🔻 GB%:20%<40% (must-have) · ❌ PullBrl%:7.2 [PullBrl%>10 ✗] · ❌ FB%:30% [FB%>35% ✗] · ❌ Blast%:10.0% [Blast%>15% ✗] · ↙ Pull%:50%>30% (must-have),,,,,
   📐 9-STAT: ISO 0.157 | Barrel% 0.0 | HH% 20.0 | Air% 70.0 | GB% 20.0 | PullBrl% 7.2 | FB% 30.0 | Blast% 10.0 | Pull% 50.0,,,,,
   ⚠️ PITCHER WEAK SPOT (3rd time through order): allows .377 wOBA (114 TBF) — meaningful weakness (+4 conv),,,,,
"   📋 MULTI-BBE PITCHER: 8 batters have T3+ BBE matches vs Bubba Chandler — pitcher structurally vulnerable (informational, no score boost)",,,,,
   📊 HR market: +500 (line 0.5) [FanDuel],,,,,
   ⚠️ Concerns:,,,,,
   🏟️ Suppressive park (0.92x),,,,,
   🎯 Hit Score: 51.2/100,,,,,
   📊 Solid hit rate: 57%,,,,,
   ✅ High-consensus over: 68% of books project hit (+15 pts),,,,,
   📈 RotoWire projects 1.32 hits vs 0.5 line (+edge),,,,,
   💪 Power edge: 2.32 TB projected vs 1.5 line,,,,,
   🎯 Elite contact vs FF: wOBA 0.395 on primary pitch type (+4 pts),,,,,
   ⚠️ vs Chandler (SP): 80% but ≤4 AB — tiny sample (+1.5 pts),,,,,
   📈 Strong last 5: 60% hit rate (+3 pts),,,,,
   💪 Same-side + elite power (R vs R) — HR advantage,,,,,
   🎯 SHARP HIT: Pwr 83 + PM 1.036 (sweet zone) — 5-slate: 100% (14/14),,,,,
"   💰 DFF CROSS-CHECK (TIER1): DailyFantasyFuel's #1-ranked batter on this team today (FPTS 13.1, slate rank #32) - independent same-day agreement, unvalidated, small bonus only.",,,,,
   🧮 HR STACK — these 2 grades have never all fired together and no smaller group has enough history. Individual grade rates are all that apply.,,,,,
   🧮 HIT STACK — these 2 grades have never all fired together and no smaller group has enough history. Individual grade rates are all that apply.,,,,,
,,,,,
#17  H. Goodman (COL) vs Bryce Miller  [📋 PROJECTED]   Score: 61.1   HR Prob: 20.4%  |  Odds: +310,,,,,
Batter Power: 88.0,Pitcher Vuln: 48.0,Pitch Match: 1.067,Bullpen: 1.005,Bullpen Vuln 🔬: 49.8  (BVu 50 (~3.8 IP)),
Park: 1.400,Env: 1.583,Platoon: 0.97,Impl Runs: 4.9,Mkt Signal: 1.069,
HR/PA Rate: 0.050,Opp Score: 18/50,Conv Score: 50/50,NewConv CONV100: 66,NewConv Rank: 42,
NewConv p: 0.232,NewConv raw: 0.2112,Hits Odds: -,Hits Line: 0.5,xHR Factor: 0.861,
Pull×Park: 1.000,Zone Damage: 1.150,Count Score: 1.150,Umpire Factor: 1.000,Signal Score: 8/20,
   ✅ STRONG SIGNAL COMBO (8/20): Power≥63 + Score≥50  →  Historical HR rate: 18%  637/3630 AT (signal-combo),,,,,
   🔥 L7 power surge: SLG 0.833 (1.50x season — HR heat),,,,,
   💪 Elite HR/PA vs RHP: 7.0% (2.1x league avg) (+3 conv),,,,,
   📊 Good home SLG: 0.526 (+1.5 conv),,,,,
"   💰 ODDS: +310 (above +250 gate — informational, boost retired Jul 2026)",,,,,
"   🔥 ENV_FIRE+ELITE_PWR: Env1.583≥1.10+Pwr88≥86+Vu48≥44 → 45.5% HR (2.58x, n=22, 61-sl Jul11 audit). Ranking +8%. Systematically underranked by Score.",,,,,
   🎯 PITCHER TARGET ST (17% vs RHB): Miller allows 67% FB (vuln 17) → Batter L10 ST: 0 HR/10 BBE • 342ft avg dist,,,,,
   📊 DailyPitch HR signal: PM 1.067 + pitch edge +6 + Pwr 88 + Vuln 48 (informational — no park gate),,,,,
   🎯 Elite attack angle efficiency: 66% ideal zone swings (+2 conv),,,,,
   ⚠️ Low blast rate: 17% per contact (-1.5 conv),,,,,
   🎯 Pull power in hitter's park: 30% pull air rate (+2 conv),,,,,
   🎯 Crushes Miller's fastball arsenal: fastball wOBA 0.390 (SI 22%) — primary pitch plays into batter strength (+3 conv),,,,,
   🎯 PITCH DOMINANCE EDGE: batter hits primary pitch types hard (+6 conv total),,,,,
   🔥🔥 L10 BBE vs SL: 3 HR in 10 BBE (30% HR rate • 338.2 Avg Dist • 40% HH • 20% Brl) — Marsh-pattern recent power surge (+7 conv),,,,,
   💪 Conversion-driven: Conv 40/50 — elite matchup quality in neutral environment (Opp 18/50),,,,,
   💪 Same-side + elite power (R vs R) — HR advantage,,,,,
   🏟️ Power park (1.40x) — 1.42x HR lift at 1.15-1.20 (17 slates),,,,,
   💪 Elite ISO: 0.311 — well above 0.220 strong threshold (pure power),,,,,
   ⏱️ SP market: 5.2 IP expected,,,,,
   ⚡ High K% (31.5%),,,,,
   🎯 Elite zone damage (1.22x),,,,,
   🎣 Elite chase rate: 38.2% O-Swing (avg 32%) — gets batters to expand zone,,,,,
   🔥 HR-prone L5: 2.46 HR/9 vs 1.20 season (21 IP) — getting hit hard lately,,,,,
   ⚠️ Command issues L5: 7.4 BB/9 — losing zone = meatballs,,,,,
   📋 Projected lineup (unconfirmed),,,,,
   🟣 Quality Metrics [5/10 core | 5/13 elite | DTP 2/7]: 💥 Blast%:16.6%≥15% (nuclear) · 💪 HH%:60%≥55% (nuclear) · ↙ Pull%:48%≥45% (nuclear) · 🌤️ FB%:40%≥40% (nuclear/DTP) · 💪 ISO:0.600≥.300 (nuclear),,,,,
"   🔵 PropFinder [6/9 must-have] [L10 n=10]: 🔥 ELITE CONTACT PROFILE: PullBrl%>12.1 + FB%>40.0% — both elite HR-profile gates clear (+5 conv bonus, stackable) · ✅ 6/9 gates (display only — 1.11x) · 💪 ISO:0.600>0.2 (must-have) · ❌ Barrel%:10.0% [Barrel%>15% ✗] · 💪 HH%:60%>40% (must-have) · ❌ Air%:40% [Air%>50% ✗] · ❌ GB%:60% [GB%<40% ✗] · 🎯 PullBrl%:12.1>10 (must-have) · 🌤️ FB%:40%>35% (must-have) · 💥 Blast%:16.6%>15% (must-have) · ↙ Pull%:70%>30% (must-have)",,,,,
   📐 9-STAT: ISO 0.600 | Barrel% 10.0 | HH% 60.0 | Air% 40.0 | GB% 60.0 | PullBrl% 12.1 | FB% 40.0 | Blast% 16.6 | Pull% 70.0,,,,,
"   🌡️ SC58-66+ENV legacy match (Sc58+Env1.583) [RETIRED — 0.88x on n=200, 72-sl CSV Jul26; no ranking or conv credit]",,,,,
"   📈 HS+PWR+PM BOOST: HS43≥40+Pwr88≥82+PM1.067≥1.04 → 25.3%/1.35x (n=186, 38-sl Jul10 post-mortem). Active contact + power + matchup aligned. Conv +3.",,,,,
"   🔥 NUCLEAR+ENV_FIRE+PWR85: Vu48≥47+Env1.583≥1.10+Pwr88≥85+Sc58≥58 → 50.0% HR (2.67x, n=18, 38-sl audit Jul10) — conv +8",,,,,
"   🎰 MARKET CONFIRMING: PM1.067+Odds+310 → 25.9% HR (1.51x, p=0.001, n=193, 49-sl)",,,,,
"   🔥 PITCHER CASCADE: Bryce Miller is HR-prone L5 + losing zone — elevated HR equity for all batters (+3.0 score, pitcher-first signal)",,,,,
"   📋 MULTI-BBE PITCHER: 7 batters have T3+ BBE matches vs Bryce Miller — pitcher structurally vulnerable (informational, no score boost)",,,,,
   ⚠️ HRF 0.7 < model env 1.583 — FL sees worse environment (-2 conv),,,,,
   📊 HR market: +310 (line 0.5) [FanDuel],,,,,
   🎯 Hit Score: 42.6/100,,,,,
   📊 Solid hit rate: 57%,,,,,
   ✅ High-consensus over: 66% of books project hit (+8 pts),,,,,
   📈 RotoWire projects 1.12 hits vs 0.5 line (+edge),,,,,
   💪 Power edge: 2.16 TB projected vs 1.5 line,,,,,
"   ✅ Hits well vs Miller (SP): 75% (+2.5 pts, very small sample 0AB)",,,,,
   📈 Strong last 5: 60% hit rate (+3 pts),,,,,
   💪 Same-side + elite power (R vs R) — HR advantage,,,,,
   ⚠️ High-K profile (31%) — significant contact risk,,,,,
   🌡️ Strong game environment (Env 1.583) — already reflected in HS baseline,,,,,
   🎯 SHARP HIT: Pwr 88 + PM 1.067 (sweet zone) — 5-slate: 100% (14/14),,,,,
"   🧮 HR STACK — these 3 grades have never all fired together. Closest: 2 of them (1 left out). 1 such group on record, typical 1.35x base HR. Most-seen: PITCH DOMINANCE + T3 → 22% (1.35x) over 91 occurrences",,,,,
"   🧮 HIT STACK — these 3 grades have never all fired together. Closest: 2 of them (1 left out). 1 such group on record, typical 1.04x base HIT. Most-seen: PITCH DOMINANCE + T3 → 60% (1.04x) over 91 occurrences",,,,,
,,,,,
#18  Vinnie Pasquantino (KC) vs Bubba Chandler   Score: 59.0   HR Prob: 20.8%  |  Odds: +500,,,,,
Batter Power: 78.9,Pitcher Vuln: 47.6,Pitch Match: 1.008,Bullpen: 1.082,"Bullpen Vuln 🔬: 54.8  (BULLPEN VULN (BVu 55, ~3.8 IP exposure))",
Park: 0.960,Env: 0.960,Platoon: 1.08,Impl Runs: 4.0,Mkt Signal: 1.005,
HR/PA Rate: 0.074,Opp Score: 41/50,Conv Score: 35/50,NewConv CONV100: 63,NewConv Rank: 51,
NewConv p: 0.219,NewConv raw: 0.2039,Hits Odds: -,Hits Line: 0.5,xHR Factor: 0.926,
Pull×Park: 1.000,Zone Damage: 1.119,Count Score: 1.150,Umpire Factor: 0.970,Signal Score: 0/20,
   🔥 L7 power surge: SLG 0.688 (1.68x season — HR heat),,,,,
   💥 2 HRs last 7 days — active HR streak,,,,,
   🎯 PITCHER TARGET SI (21% vs LHB): Chandler allows 50% HH / 75% FB / 50% Pull / 0.750 ISO (vuln 54) → Batter L10 SI: 1 HR/10 BBE • 20% Brl • 332ft avg dist,,,,,
   🔥 PITCHER-FIRST MATCH (SI): 1 HR in L10 BBEs vs pitcher's target pitch (+5 conv),,,,,
   🔥 CROSS-PITCH BBE SURGE: 3 HR in L10 BBE on SL (321ft avg · 60% HH) — power surge on non-target pitch (+3 conv),,,,,
   📊 Good solid contact: 34% squared-up rate (+1.5 hit),,,,,
   ⚠️ Low blast rate: 14% per contact (-1.5 conv),,,,,
   📊 Good pull air rate: 25% (+1 conv),,,,,
   ✅ Good vs four-seamer: wOBA 0.362 — Chandler FF 42% vs LHB (+2.0 conv),,,,,
   🔥🔥 L10 BBE vs SL: 3 HR in 10 BBE (30% HR rate • 320.9 Avg Dist • 60% HH • 30% Brl) — Marsh-pattern recent power surge (+7 conv),,,,,
   ⚡ Balanced spot: Opp 41/50 · Conv 25/50,,,,,
   ✅ Platoon edge (L vs R),,,,,
   ⏱️ SP market: 5.2 IP expected,,,,,
   🔓 Weak bullpen (HR/9: 1.55),,,,,
   🎯 Elite zone damage (1.12x),,,,,
   📊 ERA composite 4.78 (FIP/xFIP/SIERA avg) vs ERA 4.00 — ERA understated,,,,,
   📊 Pitcher L5: 1.41 HR/9 (25 IP) — near season avg,,,,,
"   🟣 Quality Metrics [8/10 core | 6/13 elite | DTP 6/7]: 🟡 DTP FILTER 6/7: PASS=ISO>0.2, Barrel>13%, HH>38%, Air>55%, GB<35%, FB>40% | FAIL=PullBrl>6 · 💥 Blast%:14.1%≥12% (must-have) · 🔶 NearHR:2≥2 (near-HR signal — meaningful only with Vuln≥48+Env≥1.05 combo; standalone = 1.17x) · 🎯 PullBrl proxy:6.0 (pull-air 20%×barrel 30.0%) ≥5.0 nuclear · 💪 HH%:50%≥50% (must-have) · ⚡ EV:94.6mph≥94 (nuclear) · 🌤️ FB%:60%≥40% (nuclear/DTP) · 🔻 GB%:10%≤35% (nuclear/DTP — air-ball profile) · 💪 ISO:0.600≥.300 (nuclear)",,,,,
"   🎯 HR26 PF CORE TRIPLE: ISO 0.600>0.2 + Barrel% 30.0>15 + HH% 50>40 → 19.3%  73/379 HR (mined 19.3% 73/379, 1.30x, p=0.0074, boot5 1.12, 30sl). Beats the 9-gate count at every threshold (≥7/9 1.14x · ≥8/9 1.04x · 9/9 0.92x) because requiring all nine forces Pull%>30 (0.99x, passes on 94% of the pool) and GB%<40 (0.97x) to clear. ⚠️ July-weighted: split-half 24%→15%, August 6/47 = 13% below base.",,,,,
"   🌤️ FB50 LOFT + GROUND SUPPRESSION: FB%60 (>50) + GB%10 (<40) → 1.42x HR (Jul 1.31x / Aug 1.58x p=0.045, n=187 combined; tuned on July, held out-of-sample on August). +5 conv.",,,,,
"   🔵 PropFinder [8/9 must-have] [L10 n=10]: 🔥 ELITE CONTACT PROFILE: PullBrl%>20.0 + FB%>60.0% — both elite HR-profile gates clear (+5 conv bonus, stackable) · ☢️ 8/9 gates (display only — 1.13x) · 💪 ISO:0.600>0.2 (must-have) · 🎯 Barrel%:30.0%>15% (must-have) · 💪 HH%:50%>40% (must-have) · 🌤️ Air%:90%>50% (must-have) · 🔻 GB%:10%<40% (must-have) · 🎯 PullBrl%:20.0>10 (must-have) · 🌤️ FB%:60%>35% (must-have) · ❌ Blast%:10.0% [Blast%>15% ✗] · ↙ Pull%:60%>30% (must-have)",,,,,
   📐 9-STAT: ISO 0.600 | Barrel% 30.0 | HH% 50.0 | Air% 90.0 | GB% 10.0 | PullBrl% 20.0 | FB% 60.0 | Blast% 10.0 | Pull% 60.0,,,,,
"   📋 MULTI-BBE PITCHER: 8 batters have T3+ BBE matches vs Bubba Chandler — pitcher structurally vulnerable (informational, no score boost)",,,,,
   📊 HR market: +500 (line 0.5) [FanDuel],,,,,
   🎯 Hit Score: 53.2/100,,,,,
   🔥 Hot hitter: 66% weighted hit rate,,,,,
   📊 Strong hits probability (62% consensus over),,,,,
   📈 RotoWire projects 1.14 hits vs 0.5 line (+edge),,,,,
   💪 Power edge: 2.10 TB projected vs 1.5 line,,,,,
   📊 Good contact vs FF: wOBA 0.362 on primary pitch type (+2 pts),,,,,
   ⚠️ vs Chandler (SP): 100% but ≤4 AB — tiny sample (+1.5 pts),,,,,
   📈 Strong last 5: 60% hit rate (+3 pts),,,,,
   📈 Quality trend up (form 1.06x) (+1.1 pts),,,,,
   🎯 SHARP HIT: Cons 62% + Env 0.960 + Platoon + Score 53 — validated (17-slate),,,,,
"   💰 DFF CROSS-CHECK (TIER2): DailyFantasyFuel's #2-ranked batter on this team today (FPTS 11.4, slate rank #9) - independent same-day agreement, unvalidated, smaller bonus only.",,,,,
   🧮 HR STACK — all 2 of these grades have fired together 164 times: 37 produced a HR = 23% (1.39x base),,,,,
   🧮 HIT STACK — all 2 of these grades have fired together 164 times: 102 produced a HIT = 62% (1.07x base),,,,,
,,,,,
#19  Bryce Harper (PHI) vs Christian Scott   Score: 59.3   HR Prob: 20.7%  |  Odds: +550,,,,,
Batter Power: 85.4,Pitcher Vuln: 46.7,Pitch Match: 1.076,Bullpen: 1.138,"Bullpen Vuln 🔬: 59.2  (BULLPEN VULN (BVu 59, ~3.5 IP exposure))",
Park: 0.980,Env: 0.925,Platoon: 1.08,Impl Runs: 3.9,Mkt Signal: 0.980,
HR/PA Rate: 0.076,Opp Score: 41/50,Conv Score: 21/50,NewConv CONV100: 45,NewConv Rank: 90,
NewConv p: 0.159,NewConv raw: 0.1678,Hits Odds: -,Hits Line: 0.5,xHR Factor: 0.858,
Pull×Park: 1.000,Zone Damage: 1.150,Count Score: 1.150,Umpire Factor: 1.018,Signal Score: 6/20,
   📊 SIGNAL COMBO (6/20): Power≥63 + Score≥50  →  Historical HR rate: 18%  637/3630 AT (signal-combo),,,,,
   📊 wRC+ vs RHP: 137 (+37 above avg),,,,,
   🎯 PitchMix wOBA 0.428 — elite contact vs pitcher's actual mix (+4 conv),,,,,
   📊 Above-avg HR/PA vs RHP: 4.3% (+1.5 conv),,,,,
   📊 Good road SLG: 0.494 (+1.5 conv),,,,,
   🎯 PITCHER TARGET FS (12% vs LHB): Scott allows 75% FB / 75% Pull / 0.750 ISO (vuln 48) → Batter L10 FS: 0 HR/10 BBE,,,,,
   🔥 CROSS-PITCH T1→T2 UPGRADE: T1 carry signal + 2 HR in L10 BBE on FF — batter has real recent power on non-target pitch (conv 1→3),,,,,
   🔥 CROSS-PITCH BBE SURGE: 2 HR in L10 BBE on FF (296ft avg · 50% HH) — power surge on non-target pitch (+3 conv),,,,,
   📊 DailyPitch HR signal: PM 1.076 + pitch edge +4 + Pwr 85 + Vuln 47 (informational — no park gate),,,,,
   📊 Good solid contact: 29% squared-up rate (+1.5 hit),,,,,
   ⚠️ Low blast rate: 16% per contact (-1.5 conv),,,,,
"   🎯 Crushes four-seamers: wOBA 0.472, SLG 0.693 — Scott FF 49% vs LHB (+3.5 conv)",,,,,
   🔥🔥 L10 BBE vs FF: 2 HR in 10 BBE (20% HR rate • 296.4 Avg Dist • 50% HH • 20% Brl) — Marsh-pattern recent power surge (+7 conv),,,,,
   🎯 PITCHMIX wOBA: 0.428 vs pitcher mix — elite contact quality against this specific arsenal (1.34x avg),,,,,
   ⚡ Balanced spot: Opp 41/50 · Conv 21/50,,,,,
   ℹ️ Low hit score (HS=2) — cold contact; HS not predictive of HR,,,,,
   ✅ Platoon edge (L vs R),,,,,
   💪 Elite ISO: 0.325 — well above 0.220 strong threshold (pure power),,,,,
   🔓 Weak bullpen (HR/9: 1.76),,,,,
   🎯 Elite zone damage (1.40x),,,,,
   📊 Pitcher L5: 1.46 HR/9 (24 IP) — near season avg,,,,,
   🟣 Quality Metrics [2/10 core | 2/13 elite | DTP 1/7]: 💥 Blast%:16.3%≥15% (nuclear) · ⚠️ xHR CAUTION: luck_regression=0.920<0.95 + HH%=10%<42% — batter outperforming expected HR rate; contact quality may not support continuation. · 💪 ISO:0.325≥.300 (nuclear),,,,,
   🔵 PropFinder [2/9 must-have] [L10 n=10]: 💪 ISO:0.325>0.2 (must-have) · ❌ Barrel%:0.0% [Barrel%>15% ✗] · ❌ HH%:10% [HH%>40% ✗] · ❌ Air%:20% [Air%>50% ✗] · ❌ GB%:60% [GB%<40% ✗] · ❌ PullBrl%:7.8 [PullBrl%>10 ✗] · ❌ FB%:20% [FB%>35% ✗] · ❌ Blast%:10.0% [Blast%>15% ✗] · ↙ Pull%:60%>30% (must-have),,,,,
   📐 9-STAT: ISO 0.325 | Barrel% 0.0 | HH% 10.0 | Air% 20.0 | GB% 60.0 | PullBrl% 7.8 | FB% 20.0 | Blast% 10.0 | Pull% 60.0,,,,,
"   📋 MULTI-BBE PITCHER: 6 batters have T3+ BBE matches vs Christian Scott — pitcher structurally vulnerable (informational, no score boost)",,,,,
   📈 HRF 1.2 > model env 0.925 — FL confirms better environment (+2 conv),,,,,
   📊 HR market: +550 (line 0.5) [FanDuel [LOCKED-PRE]],,,,,
   ⚠️ Concerns:,,,,,
   ⚠️ Model over-bullish vs market (+5%): edge 0-5% = 0.62x HR rate historically (-2 conv),,,,,
   🎯 Hit Score: 1.5/100,,,,,
   ⚠️ Limited market signal (no hits or HR consensus over),,,,,
   📊 wRC+ vs RHP: 137 (+1.5 hit pts),,,,,
,,,,,
#20  Bryan Reynolds (PIT) vs Noah Cameron   Score: 59.9   HR Prob: 20.2%  |  Odds: +630,,,,,
Batter Power: 81.6,Pitcher Vuln: 43.9,Pitch Match: 1.046,Bullpen: 1.202,"Bullpen Vuln 🔬: 63.8  (BULLPEN SUPER VULN (BVu 64, ~3.5 IP exposure))",
Park: 0.920,Env: 0.920,Platoon: 1.08,Impl Runs: 4.2,Mkt Signal: 0.987,
HR/PA Rate: 0.050,Opp Score: 33/50,Conv Score: 25/50,NewConv CONV100: 42,NewConv Rank: 121,
NewConv p: 0.147,NewConv raw: 0.1507,Hits Odds: -,Hits Line: 0.5,xHR Factor: 0.866,
Pull×Park: 1.000,Zone Damage: 1.150,Count Score: 1.150,Umpire Factor: 0.970,Signal Score: 10/20,
   ✅ STRONG SIGNAL COMBO (10/20): PM 1.04-1.06 + Power≥60 + Score≥50  →  Historical HR rate: 18%  637/3630 AT (signal-combo),,,,,
   ⚠️ ODDS FADE -15%: +630 (backtest: 9.3% HR 0.54x — market sees something model misses),,,,,
   📊 Good solid contact: 33% squared-up rate (+1.5 hit),,,,,
   ⚠️ Low blast rate: 17% per contact (-1.5 conv),,,,,
   📊 HH% vs pitcher: 33%,,,,,
   ✅ Good vs curveball: wOBA 0.315 — CU 16% overall (+1.0 conv),,,,,
   🔥 L10 BBE vs FF: 1 HR in 10 BBE • 336.3 Avg Dist • 80% HH • 10% Brl — quality carry confirms (+4 conv),,,,,
   🎯 Elite spot: Opp 33/50 + Conv 30/50 — both stages firing (57% hist HR rate for this tier),,,,,
   ✅ Platoon edge (S vs R),,,,,
   ⚠️ High-score×supp-park penalty: Score 60.9 + park 0.920 compound suppressor (−3 conv; Jun 22 post-mortem: all park<0.93 picks at Score>60 went 0 HR),,,,,
   🎯 High-K pitcher (market: 5.5 Ks),,,,,
   ⏱️ SP market: 5.5 IP expected,,,,,
   🔓 Weak bullpen (HR/9: 1.97),,,,,
   ⚠️ Vuln 42-44 HR trap (Vuln 44): 0.68x HR rate — PM does not rescue this zone vs hit rate 1.09x,,,,,
   🎯 Elite zone damage (1.18x),,,,,
   📊 Pitcher L5: 0.96 HR/9 (28 IP) — near season avg,,,,,
   🟣 Quality Metrics [2/10 core | 2/13 elite | DTP 1/7]: 💥 Blast%:17.0%≥15% (nuclear) · ⚠️ xHR CAUTION: luck_regression=0.920<0.95 + HH%=30%<42% — batter outperforming expected HR rate; contact quality may not support continuation. · 💪 ISO:0.300≥.300 (nuclear),,,,,
   🔵 PropFinder [3/9 must-have] [L10 n=10]: 💪 ISO:0.300>0.2 (must-have) · ❌ Barrel%:0.0% [Barrel%>15% ✗] · ❌ HH%:30% [HH%>40% ✗] · ❌ Air%:20% [Air%>50% ✗] · ❌ GB%:70% [GB%<40% ✗] · ❌ PullBrl%:8.0 [PullBrl%>10 ✗] · ❌ FB%:10% [FB%>35% ✗] · 💥 Blast%:17.0%>15% (must-have) · ↙ Pull%:60%>30% (must-have),,,,,
   📐 9-STAT: ISO 0.300 | Barrel% 0.0 | HH% 30.0 | Air% 20.0 | GB% 70.0 | PullBrl% 8.0 | FB% 10.0 | Blast% 17.0 | Pull% 60.0,,,,,
"   📋 MULTI-BBE PITCHER: 3 batters have T3+ BBE matches vs Noah Cameron — pitcher structurally vulnerable (informational, no score boost)",,,,,
   📈 HRF 1.2 > model env 0.920 — FL confirms better environment (+2 conv),,,,,
   📊 HR market: +630 (line 0.5) [FanDuel],,,,,
   ⚠️ Concerns:,,,,,
   🏟️ Suppressive park (0.92x),,,,,
   ⚠️ Model over-bullish vs market (+6%): edge 0-5% = 0.62x HR rate historically (-2 conv),,,,,
   🎯 Hit Score: 48.9/100,,,,,
   📊 Solid hit rate: 63%,,,,,
   📊 Strong hits probability (65% consensus over),,,,,
   📈 RotoWire projects 1.06 hits vs 0.5 line (+edge),,,,,
   💪 Power edge: 1.87 TB projected vs 1.5 line,,,,,
   📊 Hard contact vs pitcher: 33% HH% (+2 pts),,,,,
   🎯 Elite contact vs FF: wOBA 0.453 on primary pitch type (+4 pts),,,,,
"   ✅ Hits well vs Cameron (SP): 75% (+2.5 pts, very small sample 0AB)",,,,,
   📈 Strong last 5: 60% hit rate (+3 pts),,,,,
   ⚠️ K-Risk: 23% K rate vs Cameron (9.9 K/9) (-3 pts),,,,,
   🧤 Poor framing catcher (-9.1 runs) — batter-friendly zone (+2 pts),,,,,
   🎯 SHARP HIT: Pwr 82 + PM 1.046 (sweet zone) — 5-slate: 100% (14/14),,,,,
,,,,,
#21  Fernando Tatis Jr. (SD) vs Eury Pérez   Score: 57.0   HR Prob: 20.7%  |  Odds: +410,,,,,
Batter Power: 84.8,Pitcher Vuln: 43.8,Pitch Match: 1.046,Bullpen: 1.017,Bullpen Vuln 🔬: 50.6  (BVu 51 (~3.8 IP)),
Park: 0.860,Env: 0.832,Platoon: 0.97,Impl Runs: 4.2,Mkt Signal: 1.035,
HR/PA Rate: 0.061,Opp Score: 41/50,Conv Score: 50/50,NewConv CONV100: 64,NewConv Rank: 48,
NewConv p: 0.225,NewConv raw: 0.2080,Hits Odds: -,Hits Line: 0.5,xHR Factor: 1.115,
Pull×Park: 1.000,Zone Damage: 0.959,Count Score: 1.150,Umpire Factor: 1.000,Signal Score: 9/20,
   ✅ STRONG SIGNAL COMBO (9/20): PM 1.04-1.06 + Power≥60 + Score≥50  →  Historical HR rate: 18%  637/3630 AT (signal-combo),,,,,
   🔥 L7 power surge: SLG 0.655 (1.77x season — HR heat),,,,,
   💥 3 HRs last 7 days — active HR streak,,,,,
   📊 wRC+ vs RHP: 127 (+27 above avg),,,,,
   📊 PitchMix wOBA 0.378 — strong contact vs pitcher's mix (+2 conv),,,,,
   🎯 Hand-specific pitch: Pérez throws 32% SL vs RHB (overall primary: FF),,,,,
   🎯 PITCHER TARGET SL (32% vs RHB): Pérez allows 50% HH / 75% FB / 0.250 ISO (vuln 41) → Batter L10 SL: 0 HR/10 BBE • 271ft avg dist,,,,,
   🔥 CROSS-PITCH T1→T2 UPGRADE: T1 carry signal + 2 HR in L10 BBE on FF — batter has real recent power on non-target pitch (conv 1→3),,,,,
   🔥 CROSS-PITCH BBE SURGE: 2 HR in L10 BBE on FF (388ft avg · 70% HH) — power surge on non-target pitch (+3 conv),,,,,
   📊 DailyPitch HR signal: PM 1.046 + pitch edge +4 + Pwr 85 + Vuln 44 (informational — no park gate),,,,,
   🎯 Elite solid contact: 36% squared-up rate (+3 hit),,,,,
   🎯 Crushes slider: wOBA 0.414 vs Pérez SL 32% vs RHB (+2.5 conv),,,,,
   🔥🔥 L10 BBE vs FF: 2 HR in 10 BBE (20% HR rate • 388.5 Avg Dist • 70% HH • 30% Brl) — Marsh-pattern recent power surge (+7 conv),,,,,
   📊 PitchMix wOBA: 0.378 — above-avg contact vs pitcher's mix,,,,,
   🎯 Elite spot: Opp 41/50 + Conv 42/50 — both stages firing (57% hist HR rate for this tier),,,,,
   💪 Same-side + elite power (R vs R) — HR advantage,,,,,
   ⚠️ High-score×supp-park penalty: Score 79.2 + park 0.860 compound suppressor (−3 conv; Jun 22 post-mortem: all park<0.93 picks at Score>60 went 0 HR),,,,,
   🎯 High-K pitcher (market: 5.5 Ks),,,,,
   ⏱️ SP market: 5.2 IP expected,,,,,
   ⚠️ Vuln 42-44 HR trap (Vuln 44): 0.68x HR rate — PM does not rescue this zone vs hit rate 1.09x,,,,,
   💥 Strong xHR quality (1.115x),,,,,
   🔥 HR-prone L5: 2.00 HR/9 vs 1.20 season (21 IP) — getting hit hard lately,,,,,
   ⚠️ Command issues L5: 6.2 BB/9 — losing zone = meatballs,,,,,
   🔵 PropFinder [2/9 must-have] [L10 n=10]: ❌ ISO:0.100 [ISO>0.2 ✗] · ❌ Barrel%:10.0% [Barrel%>15% ✗] · 💪 HH%:40%>40% (must-have) · ❌ Air%:40% [Air%>50% ✗] · ❌ GB%:60% [GB%<40% ✗] · ❌ PullBrl%:10.0 [PullBrl%>10 ✗] · ❌ FB%:30% [FB%>35% ✗] · ❌ Blast%:10.0% [Blast%>15% ✗] · ↙ Pull%:40%>30% (must-have),,,,,
   📐 9-STAT: ISO 0.100 | Barrel% 10.0 | HH% 40.0 | Air% 40.0 | GB% 60.0 | PullBrl% 10.0 | FB% 30.0 | Blast% 10.0 | Pull% 40.0,,,,,
"   🎯 SUPP-PARK SWEET-PM conv boost: +12 pts (Park0.86<0.90 + PM1.046 + Vu44 + Edge16% → 33.3% HR, 4.40x, n=18 pkl Jun25)",,,,,
"   📈 HS+PWR+PM BOOST: HS73≥40+Pwr85≥82+PM1.046≥1.04 → 25.3%/1.35x (n=186, 38-sl Jul10 post-mortem). Active contact + power + matchup aligned. Conv +3.",,,,,
"   🔥 PITCHER CASCADE: Eury Pérez is HR-prone L5 + losing zone — elevated HR equity for all batters (+3.0 score, pitcher-first signal)",,,,,
"   📋 MULTI-BBE PITCHER: 9 batters have T3+ BBE matches vs Eury Pérez — pitcher structurally vulnerable (informational, no score boost)",,,,,
   📊 HR market: +410 (line 0.5) [FanDuel],,,,,
   ⚠️ Concerns:,,,,,
   🏟️ Park×arm cap: suppressive park (0.860) + elite arm (Vuln 44) — score capped at 54,,,,,
   🏟️ Suppressive park (0.86x),,,,,
"   ⛔ AUDIT-F1 ISO-REGRESSION FADE: xISO 0.145 vs ISO 0.096 — historically a NEGATIVE HR signal, not a positive one: 8.4% HR (22/261, 0.59x, 46 slates, both months, perm p=0.997). Treat as NEG-class caution.",,,,,
   🎯 Hit Score: 73.0/100,,,,,
   🔥 Hot hitter: 78% weighted hit rate,,,,,
   ✅ High-consensus over: 67% of books project hit (+15 pts),,,,,
   📈 RotoWire projects 1.12 hits vs 0.5 line (+edge),,,,,
   💪 Power edge: 2.08 TB projected vs 1.5 line,,,,,
   📊 Good contact vs FF: wOBA 0.365 on primary pitch type (+2 pts),,,,,
   ⚾ vs Pérez (SP): 48% hit rate,,,,,
   🔥 Red hot last 5: 80% hit rate (+6 pts),,,,,
   💪 Same-side + elite power (R vs R) — HR advantage,,,,,
   📈 Quality trend up (form 1.10x) (+2.0 pts),,,,,
   🎯 SHARP HIT: Pwr 85 + PM 1.046 (sweet zone) — 5-slate: 100% (14/14),,,,,
   📊 wRC+ vs RHP: 127 (+1.5 hit pts),,,,,
   📊 AVG vs RHP: 0.285 (+1.5 hit pts),,,,,
   📊 Home AVG: 0.285 (+1 hit pt),,,,,
"   💰 DFF CROSS-CHECK (TIER1): DailyFantasyFuel's #1-ranked batter on this team today (FPTS 12.5, slate rank #36) - independent same-day agreement, unvalidated, small bonus only.",,,,,
   🧮 HR STACK — all 2 of these grades have fired together 213 times: 39 produced a HR = 18% (1.13x base),,,,,
   🧮 HIT STACK — all 2 of these grades have fired together 213 times: 122 produced a HIT = 57% (0.99x base),,,,,
,,,,,
#22  Mike Trout (LAA) vs Joe Ryan  [📋 PROJECTED]   Score: 59.0   HR Prob: 20.2%  |  Odds: +440,,,,,
Batter Power: 84.4,Pitcher Vuln: 42.2,Pitch Match: 1.033,Bullpen: 0.888,Bullpen Vuln 🔬: 42.9  (BVu 43 (~4.2 IP)),
Park: 1.120,Env: 1.096,Platoon: 0.97,Impl Runs: 3.9,Mkt Signal: 1.013,
HR/PA Rate: 0.056,Opp Score: 34/50,Conv Score: 29/50,NewConv CONV100: 69,NewConv Rank: 39,
NewConv p: 0.242,NewConv raw: 0.2135,Hits Odds: -,Hits Line: 0.5,xHR Factor: 0.855,
Pull×Park: 1.000,Zone Damage: 1.000,Count Score: 1.150,Umpire Factor: 1.000,Signal Score: 4/20,
   📊 SIGNAL COMBO (4/20): Power≥63 + Score≥50  →  Historical HR rate: 18%  637/3630 AT (signal-combo),,,,,
   📊 wRC+ vs RHP: 126 (+26 above avg),,,,,
   🏟️ Power park for RHB: 1.120x (vs 1.040x overall),,,,,
   ⚠️ Low blast rate: 16% per contact (-1.5 conv),,,,,
   ⚾ Career vs pitcher: 0HR/8AB (0%),,,,,
   ⚠️ Low qAB%: 20% vs this pitcher (struggles with count),,,,,
   🌡️ FL HR Factor: 1.4x (favourable game environment),,,,,
   📊 L10 BBE vs ST: 1 HR in 10 BBE • 279.2 Avg Dist • 20% HH • 10% Brl (+2 conv),,,,,
   🎯 Elite spot: Opp 34/50 + Conv 29/50 — both stages firing (57% hist HR rate for this tier),,,,,
   💪 Same-side + elite power (R vs R) — HR advantage,,,,,
"   ⚠️ Park trap zone (1.12x) — 0.71x HR rate (17 slates, -3 pts)",,,,,
   💪 Strong ISO: 0.222 — meets 0.220 power threshold,,,,,
   🎯 High-K pitcher (market: 6.5 Ks),,,,,
"   🧪 AUDIT-A3 PROB20+SHORT-START: 30.3% HR (43/142, 2.13x, 40 slates, Jul 20/62 · Aug 23/80) [TRACKING — no conv points]",,,,,
   ⚠️ Vuln 42-44 HR trap (Vuln 42): 0.68x HR rate — PM does not rescue this zone vs hit rate 1.09x,,,,,
   ⚡ High K% (26.3%),,,,,
   🔥 HR-prone L5: 3.90 HR/9 vs 1.20 season (23 IP) — getting hit hard lately,,,,,
   📋 Projected lineup (unconfirmed),,,,,
"   🟣 Quality Metrics [4/10 core | 3/13 elite | DTP 4/7]: 📊 DTP FILTER 4/7: ISO>0.2, Barrel>13%, HH>38%, Air>55% · 💥 Blast%:16.1%≥15% (nuclear) · 🎯 PullBrl proxy:6.0 (pull-air 20%×barrel 30.0%) ≥5.0 nuclear · 💪 HH%:50%≥50% (must-have)",,,,,
"   🎯 HR26 PF CORE TRIPLE: ISO 0.222>0.2 + Barrel% 30.0>15 + HH% 50>40 → 19.3%  73/379 HR (mined 19.3% 73/379, 1.30x, p=0.0074, boot5 1.12, 30sl). Beats the 9-gate count at every threshold (≥7/9 1.14x · ≥8/9 1.04x · 9/9 0.92x) because requiring all nine forces Pull%>30 (0.99x, passes on 94% of the pool) and GB%<40 (0.97x) to clear. ⚠️ July-weighted: split-half 24%→15%, August 6/47 = 13% below base.",,,,,
"   🔵 PropFinder [7/9 must-have] [L10 n=10]: 🔥 7/9 gates (display only — 1.37x, best tier) · 💪 ISO:0.222>0.2 (must-have) · 🎯 Barrel%:30.0%>15% (must-have) · 💪 HH%:50%>40% (must-have) · 🌤️ Air%:50%>50% (must-have) · 🔻 GB%:40%<40% (must-have) · 🎯 PullBrl%:20.0>10 (must-have) · ❌ FB%:20% [FB%>35% ✗] · ❌ Blast%:10.0% [Blast%>15% ✗] · ↙ Pull%:60%>30% (must-have)",,,,,
   📐 9-STAT: ISO 0.222 | Barrel% 30.0 | HH% 50.0 | Air% 50.0 | GB% 40.0 | PullBrl% 20.0 | FB% 20.0 | Blast% 10.0 | Pull% 60.0,,,,,
"   🌡️ SC58-66+ENV legacy match (Sc59+Env1.096) [RETIRED — 0.88x on n=200, 72-sl CSV Jul26; no ranking or conv credit]",,,,,
"   📋 MULTI-BBE PITCHER: 4 batters have T3+ BBE matches vs Joe Ryan — pitcher structurally vulnerable (informational, no score boost)",,,,,
   📈 HRF 1.4 > model env 1.096 — FL confirms better environment (+2 conv),,,,,
   📊 HR market: +440 (line 0.5) [FanDuel],,,,,
   ⚠️ Concerns:,,,,,
   ⚠️ Short-start alert: 4.8 IP projected — bullpen exposure (data: neutral/negative for HRs),,,,,
   🎯 Hit Score: 25.6/100,,,,,
   📊 Solid hit rate: 60%,,,,,
   📈 RotoWire projects 0.84 hits vs 0.5 line (+edge),,,,,
   💪 Power edge: 1.90 TB projected vs 0.5 line,,,,,
"   ✅ Hits well vs Ryan (SP): 74% (+2.5 pts, very small sample 0AB)",,,,,
   ⚠️ Short-start alert: form less predictive vs. bullpen-heavy game (×0.97),,,,,
   ⚡ K-Danger: 26% K rate vs elite K pitcher Ryan (11.7 K/9) (-12 pts),,,,,
   💪 Same-side + elite power (R vs R) — HR advantage,,,,,
   ⚠️ Elevated K% (26%),,,,,
   ⚡ Game environment boost (Env 1.096): 80.6% hit rate in sweet zone (+3 pts),,,,,
   🎯 SHARP HIT: Pwr 84 + PM 1.033 (sweet zone) — 5-slate: 100% (14/14),,,,,
   📊 wRC+ vs RHP: 126 (+1.5 hit pts),,,,,
   🧮 HR STACK — all 3 of these grades have fired together 5 times: 2 produced a HR = 40% (2.46x base) · ⚠️ thin sample,,,,,
   🧮 HIT STACK — all 3 of these grades have fired together 5 times: 4 produced a HIT = 80% (1.38x base) · ⚠️ thin sample,,,,,
,,,,,
#23  Nolan Arenado (ARI) vs Cam Schlittler   Score: 62.9   HR Prob: 11.2%  |  Odds: +920,,,,,
Batter Power: 77.6,Pitcher Vuln: 32.1,Pitch Match: 1.005,Bullpen: 0.894,Bullpen Vuln 🔬: 41.3  (BVu 41 (~3.2 IP)),
Park: 0.990,Env: 1.027,Platoon: 0.97,Impl Runs: 3.4,Mkt Signal: 0.942,
HR/PA Rate: 0.023,Opp Score: 26/50,Conv Score: 39/50,NewConv CONV100: 37,NewConv Rank: 170,
NewConv p: 0.130,NewConv raw: 0.1314,Hits Odds: -,Hits Line: 0.5,xHR Factor: 0.812,
Pull×Park: 1.000,Zone Damage: 0.996,Count Score: 1.150,Umpire Factor: 1.006,Signal Score: 2/20,
   🔥 L7 power surge: SLG 0.714 (1.75x season — HR heat),,,,,
   💥 2 HRs last 7 days — active HR streak,,,,,
   🎯 PitchMix wOBA 0.417 — elite contact vs pitcher's actual mix (+4 conv),,,,,
   📊 Above-avg HR/PA vs RHP: 4.6% (+1.5 conv),,,,,
"   ⚠️ ODDS FADE -22%: +920 (backtest: 8.6% HR 0.50x — market correct, model grade likely stale). PRIME exemption REMOVED in this band Sep 14 2026: +700+ is ROI -0.256 with a bootstrap CI excluding zero (n=672), and PRIME there ran 2.86% vs non-PRIME 7.85%.",,,,,
   🎯 PITCHER TARGET FF (46% vs RHB): Schlittler allows 43% HH / 86% FB (vuln 41) → Batter L10 FF: 3 HR/10 BBE • 60% HH • 270ft avg dist,,,,,
   🔥🔥 PITCHER-FIRST MATCH (FF): 3 HR in L10 BBEs vs pitcher's most vulnerable pitch — ⚡ HIGH-USAGE (46% vs RHB): batter faces this pitch repeatedly per game (+10 conv),,,,,
"    ⚠️ T4 WEAK-CONTACT CAUTION: 3 HR in L10 BBE but HH%=10%<50% → 9.0% HR / 0.56x (11/122, p=0.025, boot5 0.30, halves 12%/6%, 34sl). Quantity without quality (-4 conv).",,,,,
   📊 Good solid contact: 29% squared-up rate (+1.5 hit),,,,,
   ⚠️ Low blast rate: 8% per contact (-1.5 conv),,,,,
   📊 Good pull air rate: 29% (+1 conv),,,,,
"   🎯 Crushes sinkers: wOBA 0.400, SLG 0.522 vs Schlittler SI 35% vs RHB (+4.5 conv)",,,,,
"   🎯 Crushes four-seamers: wOBA 0.426, SLG 0.644 — Schlittler FF 46% vs RHB (+3.5 conv)",,,,,
   🎯 PITCH DOMINANCE EDGE: batter hits primary pitch types hard (+10 conv total),,,,,
   🔥🔥 L10 BBE vs FF: 3 HR in 10 BBE (30% HR rate • 270.4 Avg Dist • 60% HH • 10% Brl) — Marsh-pattern recent power surge (+7 conv),,,,,
   🎯 PITCHMIX wOBA: 0.417 vs pitcher mix — elite contact quality against this specific arsenal (1.30x avg),,,,,
   ⚡ Balanced spot: Opp 26/50 · Conv 39/50,,,,,
   💪 Same-side + elite power (R vs R) — HR advantage,,,,,
   🎯 High-K pitcher (market: 6.5 Ks),,,,,
   ⏱️ SP market: 5.8 IP expected,,,,,
   🎣 Elite chase rate: 37.5% O-Swing (avg 32%) — gets batters to expand zone,,,,,
   📊 ERA composite 2.88 (FIP/xFIP/SIERA avg) vs ERA 4.00 — ERA overstated,,,,,
   🛡️ Suppressing L5: 0.56 HR/9 vs 1.20 season (32 IP) — buy low on HR,,,,,
"   🟣 Quality Metrics [3/10 core | 4/13 elite | DTP 3/7]: 📊 DTP FILTER 3/7: ISO>0.2, Air>55%, GB<35% · ⚠️ xHR CAUTION: luck_regression=0.920<0.95 + HH%=10%<42% — batter outperforming expected HR rate; contact quality may not support continuation. · ↙ Pull%:48%≥45% (nuclear) · 🌤️ FB%:40%≥40% (nuclear/DTP) · 🔻 GB%:20%≤35% (nuclear/DTP — air-ball profile) · 💪 ISO:0.300≥.300 (nuclear)",,,,,
   🔵 PropFinder [5/9 must-have] [L10 n=10]: 💪 ISO:0.300>0.2 (must-have) · ❌ Barrel%:10.0% [Barrel%>15% ✗] · ❌ HH%:10% [HH%>40% ✗] · 🌤️ Air%:80%>50% (must-have) · 🔻 GB%:20%<40% (must-have) · ❌ PullBrl%:10.0 [PullBrl%>10 ✗] · 🌤️ FB%:40%>35% (must-have) · ❌ Blast%:8.5% [Blast%>15% ✗] · ↙ Pull%:40%>30% (must-have),,,,,
   📐 9-STAT: ISO 0.300 | Barrel% 10.0 | HH% 10.0 | Air% 80.0 | GB% 20.0 | PullBrl% 10.0 | FB% 40.0 | Blast% 8.5 | Pull% 40.0,,,,,
"   📋 MULTI-BBE PITCHER: 7 batters have T3+ BBE matches vs Cam Schlittler — pitcher structurally vulnerable (informational, no score boost)",,,,,
   📊 HR market: +920 (line 0.5) [FanDuel],,,,,
   🎯 Hit Score: 45.3/100,,,,,
   🔥 Hot hitter: 80% weighted hit rate,,,,,
   📈 RotoWire projects 0.93 hits vs 0.5 line (+edge),,,,,
   💪 Power edge: 1.47 TB projected vs 0.5 line,,,,,
   🎯 Elite contact vs FF: wOBA 0.426 on primary pitch type (+4 pts),,,,,
   ⚠️ vs Schlittler (SP): 100% but ≤4 AB — tiny sample (+1.5 pts),,,,,
   🔥 Red hot last 5: 100% hit rate (+6 pts),,,,,
"   ⚠️ Regression risk: 100% last-5 vs 62% season (38pt gap, -6.2 pts)",,,,,
   ⚠️ K-Risk: 20% K rate vs elite K pitcher Schlittler (11.7 K/9) (-5 pts),,,,,
   ⚠️ Same-side disadvantage (R vs R) -3 pts,,,,,
   🎯 SHARP HIT: Pwr 78 + PM 1.005 (sweet zone) — 5-slate: 100% (14/14),,,,,
"   🧮 HR STACK — these 4 grades have never all fired together. Closest: 2 of them (2 left out). 3 such groups on record, typical 0.99x base HR. Most-seen: PITCH DOMINANCE + T3 → 22% (1.35x) over 91 occurrences · ⚠️ typically BELOW base rate",,,,,
"   🧮 HIT STACK — these 4 grades have never all fired together. Closest: 2 of them (2 left out). 3 such groups on record, typical 1.21x base HIT. Most-seen: PITCH DOMINANCE + T3 → 60% (1.04x) over 91 occurrences",,,,,
,,,,,
#24  Junior Caminero (TB) vs Brayan Bello   Score: 60.0   HR Prob: 13.9%  |  Odds: +280,,,,,
Batter Power: 88.0,Pitcher Vuln: 45.5,Pitch Match: 1.080,Bullpen: 0.834,Bullpen Vuln 🔬: 37.8  (BULLPEN ELITE (BVu 38) - late-game HR suppressed),
Park: 0.910,Env: 0.910,Platoon: 0.97,Impl Runs: 4.2,Mkt Signal: 1.062,
HR/PA Rate: 0.033,Opp Score: 31/50,Conv Score: 35/50,NewConv CONV100: 100,NewConv Rank: 1,
NewConv p: 0.359,NewConv raw: 0.3137,Hits Odds: -,Hits Line: 0.5,xHR Factor: 0.914,
Pull×Park: 1.000,Zone Damage: 1.150,Count Score: 1.150,Umpire Factor: 1.000,Signal Score: 3/20,
   📊 SIGNAL COMBO (3/20): Power≥63 + Score≥50  →  Historical HR rate: 18%  637/3630 AT (signal-combo),,,,,
   📊 wRC+ vs RHP: 145 (+45 above avg) (+2 conv),,,,,
   🎯 PitchMix wOBA 0.438 — elite contact vs pitcher's actual mix (+4 conv),,,,,
   💪 Elite HR/PA vs RHP: 6.1% (1.8x league avg) (+3 conv),,,,,
   📊 Good home SLG: 0.533 (+1.5 conv),,,,,
"   💰 ODDS: +280 (above +250 gate — informational, boost retired Jul 2026)",,,,,
   📊 DailyPitch HR signal: PM 1.080 + pitch edge +8 + Pwr 88 + Vuln 46 (informational — no park gate),,,,,
   📊 Good solid contact: 29% squared-up rate (+1.5 hit),,,,,
   🎯 Elite attack angle efficiency: 63% ideal zone swings (+2 conv),,,,,
   📊 Good pull air rate: 23% (+1 conv),,,,,
   ⚾ Career vs pitcher: 0HR/9AB (0%),,,,,
"   🎯 Crushes sinkers: wOBA 0.438, SLG 0.585 vs Bello SI 39% vs RHB (+4.5 conv)",,,,,
   🎯 PITCH DOMINANCE EDGE: batter hits primary pitch types hard (+8 conv total),,,,,
   📊 L10 BBE vs SI: 0 HR in 10 BBE • 261.0 Avg Dist • 70% HH — hard contact quality (+1 conv),,,,,
   🎯 PITCHMIX wOBA: 0.438 vs pitcher mix — elite contact quality against this specific arsenal (1.37x avg),,,,,
   🎯 Elite spot: Opp 31/50 + Conv 40/50 — both stages firing (57% hist HR rate for this tier),,,,,
   ℹ️ Low hit score (HS=3) — cold contact; HS not predictive of HR,,,,,
   💪 Same-side + elite power (R vs R) — HR advantage,,,,,
   ⚠️ High-score×supp-park penalty: Score 69.4 + park 0.910 compound suppressor (−3 conv; Jun 22 post-mortem: all park<0.93 picks at Score>60 went 0 HR),,,,,
   💪 Elite ISO: 0.262 — well above 0.220 strong threshold (pure power),,,,,
   ⚠️ Vuln 45-48 Score60+ trap (Vuln 46): 0/17 HR at Score≥60 — soft arm priced in by market,,,,,
   🎯 Elite zone damage (1.31x),,,,,
   🛡️ Suppressing L5: 0.52 HR/9 vs 1.20 season (17 IP) — buy low on HR,,,,,
"   🟣 Quality Metrics [6/10 core | 7/13 elite | DTP 5/7]: 🟡 DTP FILTER 5/7: PASS=ISO>0.2, Barrel>13%, HH>38%, Air>55%, GB<35% | FAIL=PullBrl>6, FB>40% · 💥 Blast%:24.0%≥15% (nuclear) · 🔴 NearHR:3≥3 (power at contact — fires DIAMOND 4 when Vuln≥48+Env≥1.05 or Vuln≥52+Odds250-400; standalone = 1.17x only) · 💪 HH%:50%≥50% (must-have) · ↙ Pull%:46%≥45% (nuclear) · 🌤️ FB%:40%≥40% (nuclear/DTP) · 🔻 GB%:20%≤35% (nuclear/DTP — air-ball profile) · 💪 ISO:0.500≥.300 (nuclear)",,,,,
"   🎯 HR26 PF CORE TRIPLE: ISO 0.500>0.2 + Barrel% 20.0>15 + HH% 50>40 → 19.3%  73/379 HR (mined 19.3% 73/379, 1.30x, p=0.0074, boot5 1.12, 30sl). Beats the 9-gate count at every threshold (≥7/9 1.14x · ≥8/9 1.04x · 9/9 0.92x) because requiring all nine forces Pull%>30 (0.99x, passes on 94% of the pool) and GB%<40 (0.97x) to clear. ⚠️ July-weighted: split-half 24%→15%, August 6/47 = 13% below base.",,,,,
   🔵 PropFinder [8/9 must-have] [L10 n=10]: ☢️ 8/9 gates (display only — 1.13x) · 💪 ISO:0.500>0.2 (must-have) · 🎯 Barrel%:20.0%>15% (must-have) · 💪 HH%:50%>40% (must-have) · 🌤️ Air%:70%>50% (must-have) · 🔻 GB%:20%<40% (must-have) · ❌ PullBrl%:10.0 [PullBrl%>10 ✗] · 🌤️ FB%:40%>35% (must-have) · 💥 Blast%:50.0%>15% (must-have) · ↙ Pull%:50%>30% (must-have),,,,,
   📐 9-STAT: ISO 0.500 | Barrel% 20.0 | HH% 50.0 | Air% 70.0 | GB% 20.0 | PullBrl% 10.0 | FB% 40.0 | Blast% 50.0 | Pull% 50.0,,,,,
"   🎰 MARKET CONFIRMING: SHARP PM1.080+Odds+280 → 23.0% HR (1.34x, p=0.027, n=178, 49-sl)",,,,,
"   📋 MULTI-BBE PITCHER: 7 batters have T3+ BBE matches vs Brayan Bello — pitcher structurally vulnerable (informational, no score boost)",,,,,
   📊 HR market: +280 (line 0.5) [FanDuel [LOCKED-PRE]],,,,,
   ⚠️ Concerns:,,,,,
   🏟️ Suppressive park (0.91x),,,,,
   🎯 Hit Score: 3.0/100,,,,,
   ⚠️ Limited market signal (no hits or HR consensus over),,,,,
   💪 Same-side + elite power (R vs R) — HR advantage,,,,,
   📊 wRC+ vs RHP: 145 (+3 hit pts — elite vs this hand),,,,,
"   🧮 HR STACK — these 4 grades have never all fired together. Closest: 3 of them (1 left out). 2 such groups on record, typical 1.75x base HR. Most-seen: HR26 + SHARP PM + T3 → 17% (1.03x) over 30 occurrences",,,,,
"   🧮 HIT STACK — these 4 grades have never all fired together. Closest: 3 of them (1 left out). 2 such groups on record, typical 1.11x base HIT. Most-seen: HR26 + SHARP PM + T3 → 57% (0.98x) over 30 occurrences",,,,,
,,,,,
#25  Yainer Diaz (HOU) vs Grant Holmes   Score: 58.5   HR Prob: 14.8%  |  Odds: +630,,,,,
Batter Power: 79.5,Pitcher Vuln: 49.2,Pitch Match: 1.129,Bullpen: 0.800,Bullpen Vuln 🔬: 33.2  (BULLPEN ELITE (BVu 33) - late-game HR suppressed),
Park: 0.970,Env: 0.971,Platoon: 0.97,Impl Runs: 4.6,Mkt Signal: 0.986,
HR/PA Rate: 0.038,Opp Score: 26/50,Conv Score: 32/50,NewConv CONV100: 41,NewConv Rank: 131,
NewConv p: 0.144,NewConv raw: 0.1445,Hits Odds: -,Hits Line: 0.5,xHR Factor: 0.883,
Pull×Park: 1.000,Zone Damage: 1.140,Count Score: 1.150,Umpire Factor: 0.988,Signal Score: 2/20,
   📈 L7 SLG elevated: 0.500 (1.20x season),,,,,
   💥 Elite contact quality (14-day xwOBA: 0.599),,,,,
   ⚠️ ODDS FADE -15%: +630 (backtest: 9.3% HR 0.54x — market sees something model misses),,,,,
   ⚠️ T4 BBE vs LONG ODDS (+630): market fading despite BBE match — likely Suppressing L5 or recent pitcher domination. Market may have live recency data model's BBE window misses. Treat as LEAN not PLAY.,,,,,
   🎯 Hand-specific pitch: Holmes throws 39% FF vs RHB (overall primary: SL),,,,,
   🎯 PITCHER TARGET FF (39% vs RHB): Holmes allows 60% HH / 100% FB / 40% Pull / 0.800 ISO (vuln 63) → Batter L10 FF: 1 HR/10 BBE • 50% HH • 279ft avg dist,,,,,
"   🔥 PITCHER-FIRST MATCH (FF): 1 HR in L10 BBEs vs pitcher's target pitch — ⚡ HIGH-USAGE (39% vs RHB): pitcher leans on this pitch heavily, batter sees it repeatedly (+7 conv)",,,,,
   🔥 CROSS-PITCH BBE SURGE: 2 HR in L10 BBE on SL (356ft avg · 60% HH) — power surge on non-target pitch (+3 conv),,,,,
   🎯 DP SHARP HR: PM 1.129 + pitch edge +2 + Pwr 80 + Vuln 49 + Park 0.970,,,,,
   ⚠️ Low blast rate: 16% per contact (-1.5 conv),,,,,
"   ⚠️ No career HRs vs pitcher: 0HR/18AB (0%) (-2 conv, -10% rate)",,,,,
   ✅ Strong career OPS vs pitcher: 1.080 (18AB) (+2 conv),,,,,
   ✅ Good vs four-seamer: wOBA 0.365 — Holmes FF 39% vs RHB (+2.0 conv),,,,,
   🔥 L5 pitch-type hot zone: 50% barrel% on primary pitch type (driving PM boost),,,,,
   🔥🔥 L10 BBE vs SL: 2 HR in 10 BBE (20% HR rate • 356.5 Avg Dist • 60% HH • 50% Brl) — Marsh-pattern recent power surge (+7 conv),,,,,
   ⚡ Balanced spot: Opp 26/50 · Conv 32/50,,,,,
   💪 Same-side + elite power (R vs R) — HR advantage,,,,,
   📈 Hot recent form,,,,,
   🎯 Elite zone damage (1.14x),,,,,
   ⚡ High Z-Contact: 88.3% (≥88% = batters making easy contact in zone → xwOBA quality elevated),,,,,
   📊 ERA composite 4.77 (FIP/xFIP/SIERA avg) vs ERA 4.00 — ERA understated,,,,,
   🛡️ Suppressing L5: 0.38 HR/9 vs 1.20 season (24 IP) — buy low on HR,,,,,
   🟣 Quality Metrics [2/10 core | 2/13 elite | DTP 2/7]: 💥 Blast%:15.9%≥15% (nuclear) · ⚠️ xHR CAUTION: luck_regression=0.920<0.95 + HH%=30%<42% — batter outperforming expected HR rate; contact quality may not support continuation. · 💪 ISO:0.300≥.300 (nuclear),,,,,
   🔵 PropFinder [4/9 must-have] [L10 n=10]: 💪 ISO:0.300>0.2 (must-have) · ❌ Barrel%:10.0% [Barrel%>15% ✗] · ❌ HH%:30% [HH%>40% ✗] · 🌤️ Air%:50%>50% (must-have) · 🔻 GB%:40%<40% (must-have) · ❌ PullBrl%:10.0 [PullBrl%>10 ✗] · ❌ FB%:20% [FB%>35% ✗] · ❌ Blast%:10.0% [Blast%>15% ✗] · ↙ Pull%:70%>30% (must-have),,,,,
   📐 9-STAT: ISO 0.300 | Barrel% 10.0 | HH% 30.0 | Air% 50.0 | GB% 40.0 | PullBrl% 10.0 | FB% 20.0 | Blast% 10.0 | Pull% 70.0,,,,,
   ⚠️ PITCHER WEAK SPOT (2nd time through order): allows .372 wOBA (240 TBF) — meaningful weakness (+4 conv),,,,,
"   📋 MULTI-BBE PITCHER: 9 batters have T3+ BBE matches vs Grant Holmes — pitcher structurally vulnerable (informational, no score boost)",,,,,
   📊 HR market: +630 (line 0.5) [FanDuel],,,,,
   ⚠️ Concerns:,,,,,
   ⚠️ Short-start alert: 4.8 IP projected — bullpen exposure (data: neutral/negative for HRs),,,,,
   🎯 Hit Score: 39.0/100,,,,,
   📊 Solid hit rate: 58%,,,,,
   📊 Strong hits probability (64% consensus over),,,,,
   📈 RotoWire projects 0.94 hits vs 0.5 line (+edge),,,,,
"   ✅ Hits well vs Holmes (SP): 71% (+2.5 pts, very small sample 0AB)",,,,,
   ⚠️ Short-start alert: form less predictive vs. bullpen-heavy game (×0.97),,,,,
   ⚠️ Same-side disadvantage (R vs R) -3 pts,,,,,
   📈 Quality trend up (form 1.40x) (+4.0 pts),,,,,
"   🧮 HR STACK — these 3 grades have never all fired together. Closest: 2 of them (1 left out). 1 such group on record, typical 0.44x base HR. Most-seen: T3 + T4 → 7% (0.44x) over 14 occurrences · ⚠️ typically BELOW base rate",,,,,
"   🧮 HIT STACK — these 3 grades have never all fired together. Closest: 2 of them (1 left out). 1 such group on record, typical 1.23x base HIT. Most-seen: T3 + T4 → 71% (1.23x) over 14 occurrences",,,,,
,,,,,
#26  Kevin McGonigle (DET) vs Sean Burke   Score: 57.4   HR Prob: 14.1%  |  Odds: +450,,,,,
Batter Power: 78.4,Pitcher Vuln: 44.7,Pitch Match: 1.023,Bullpen: 0.916,Bullpen Vuln 🔬: 43.6  (BVu 44 (~3.5 IP)),
Park: 0.970,Env: 0.951,Platoon: 1.08,Impl Runs: 3.9,Mkt Signal: 1.001,
HR/PA Rate: 0.037,Opp Score: 31/50,Conv Score: 29/50,NewConv CONV100: 51,NewConv Rank: 81,
NewConv p: 0.179,NewConv raw: 0.1782,Hits Odds: -,Hits Line: 0.5,xHR Factor: 0.889,
Pull×Park: 1.000,Zone Damage: 1.150,Count Score: 1.150,Umpire Factor: 1.018,Signal Score: 0/20,
   📈 L7 SLG elevated: 0.594 (1.35x season),,,,,
   📊 wRC+ vs RHP: 130 (+30 above avg),,,,,
   📊 PitchMix wOBA 0.372 — strong contact vs pitcher's mix (+2 conv),,,,,
"   ⚡ QUIET POWER ARCHETYPE: Pwr 78 + PM<1.04 + Score~48 — 28.6% HR all-time (1.67x, n=49) (+4 conv)",,,,,
   🎯 PITCHER TARGET SL (12% vs LHB): Burke allows 100% HH / 67% FB / 67% Pull / 0.333 ISO (vuln 70) → Batter L10 SL: 0 HR/10 BBE • 40% HH • 301ft avg dist,,,,,
   🔥 CROSS-PITCH T1→T2 UPGRADE: T1 carry signal + 2 HR in L10 BBE on CU — batter has real recent power on non-target pitch (conv 1→3),,,,,
   🔥 CROSS-PITCH BBE SURGE: 2 HR in L10 BBE on CU (334ft avg · 50% HH) — power surge on non-target pitch (+3 conv),,,,,
   📊 Good solid contact: 35% squared-up rate (+1.5 hit),,,,,
   ⚠️ Low blast rate: 12% per contact (-1.5 conv),,,,,
"   ✅ Good vs cutter (wOBA 0.363, SLG 0.390) — Burke FC 25% vs LHB (+2.0 conv)",,,,,
"   🎯 Crushes four-seamers: wOBA 0.418, SLG 0.497 — Burke FF 34% vs LHB (+2.5 conv)",,,,,
   🎯 Crushes curveball: wOBA 0.407 vs Burke CU 20% overall (+2.0 conv),,,,,
   🎯 PITCH DOMINANCE EDGE: batter hits primary pitch types hard (+6 conv total),,,,,
   🔥🔥 L10 BBE vs CU: 2 HR in 10 BBE (20% HR rate • 334.4 Avg Dist • 50% HH • 20% Brl) — Marsh-pattern recent power surge (+7 conv),,,,,
   📊 PitchMix wOBA: 0.372 — above-avg contact vs pitcher's mix,,,,,
   🎯 Elite spot: Opp 31/50 + Conv 29/50 — both stages firing (57% hist HR rate for this tier),,,,,
   ℹ️ Low hit score (HS=2) — cold contact; HS not predictive of HR,,,,,
   ✅ Platoon edge (L vs R),,,,,
   🎯 Elite zone damage (1.19x),,,,,
   🛡️ Suppressing L5: 0.44 HR/9 vs 1.20 season (20 IP) — buy low on HR,,,,,
   ⚠️ Command issues L5: 7.2 BB/9 — losing zone = meatballs,,,,,
   🔵 PropFinder [5/9 must-have] [L10 n=10]: 💪 ISO:0.200>0.2 (must-have) · ❌ Barrel%:10.0% [Barrel%>15% ✗] · 💪 HH%:40%>40% (must-have) · 🌤️ Air%:50%>50% (must-have) · 🔻 GB%:40%<40% (must-have) · ❌ PullBrl%:10.0 [PullBrl%>10 ✗] · ❌ FB%:30% [FB%>35% ✗] · ❌ Blast%:12.4% [Blast%>15% ✗] · ↙ Pull%:50%>30% (must-have),,,,,
   📐 9-STAT: ISO 0.200 | Barrel% 10.0 | HH% 40.0 | Air% 50.0 | GB% 40.0 | PullBrl% 10.0 | FB% 30.0 | Blast% 12.4 | Pull% 50.0,,,,,
"   📋 MULTI-BBE PITCHER: 9 batters have T3+ BBE matches vs Sean Burke — pitcher structurally vulnerable (informational, no score boost)",,,,,
   📊 HR market: +450 (line 0.5) [FanDuel [LOCKED-PRE]],,,,,
   🎯 Hit Score: 1.5/100,,,,,
   ⚠️ Limited market signal (no hits or HR consensus over),,,,,
   🎯 SHARP HIT: Pwr 78 + PM 1.023 (sweet zone) — 5-slate: 100% (14/14),,,,,
   📊 wRC+ vs RHP: 130 (+1.5 hit pts),,,,,
   🧮 HR STACK — all 2 of these grades have fired together 91 times: 20 produced a HR = 22% (1.35x base),,,,,
   🧮 HIT STACK — all 2 of these grades have fired together 91 times: 55 produced a HIT = 60% (1.04x base),,,,,
,,,,,
#27  Eugenio Suárez (CIN) vs Matthew Boyd   Score: 56.8   HR Prob: 14.0%  |  Odds: +360,,,,,
Batter Power: 81.0,Pitcher Vuln: 44.8,Pitch Match: 1.014,Bullpen: 1.097,"Bullpen Vuln 🔬: 56.3  (BULLPEN VULN (BVu 56, ~3.5 IP exposure))",
Park: 1.160,Env: 1.160,Platoon: 0.97,Impl Runs: 4.2,Mkt Signal: 1.036,
HR/PA Rate: 0.024,Opp Score: 27/50,Conv Score: 50/50,NewConv CONV100: 45,NewConv Rank: 92,
NewConv p: 0.159,NewConv raw: 0.1666,Hits Odds: -,Hits Line: 0.5,xHR Factor: 0.800,
Pull×Park: 1.000,Zone Damage: 0.974,Count Score: 1.150,Umpire Factor: 1.018,Signal Score: 7/20,
   📊 SIGNAL COMBO (7/20): Power≥63 + Score≥50  →  Historical HR rate: 18%  637/3630 AT (signal-combo),,,,,
   📈 L7 SLG elevated: 0.571 (1.31x season),,,,,
   💥 2 HRs last 7 days — active HR streak,,,,,
   📊 Above-avg HR/PA vs RHP: 5.1% (+1.5 conv),,,,,
"   🎯 PITCH HR CONCENTRATION: FF is pitcher's primary damage vehicle (wOBA 0.379 × usage 44% = 0.166 weighted score, 2.0× higher than next pitch type — pitcher concentrates contact damage on FF) | Batter L10 BBE HR on FF: 0 | Usage 44% → batter will see this pitch. Conv +6. (Jul 11 2026 — Ryan Johnson/Royce Lewis SI pattern)",,,,,
   🎯 PITCHER TARGET CH (40% vs RHB): Boyd allows 33% HH / 67% FB / 42% Pull (vuln 36) → Batter L10 CH: 0 HR/10 BBE,,,,,
   🔥 CROSS-PITCH T1→T2 UPGRADE: T1 carry signal + 3 HR in L10 BBE on FF — batter has real recent power on non-target pitch (conv 1→3),,,,,
   🔥 CROSS-PITCH BBE SURGE: 3 HR in L10 BBE on FF (275ft avg · 70% HH) — power surge on non-target pitch (+3 conv),,,,,
   ⚠️ Low blast rate: 11% per contact (-1.5 conv),,,,,
   📊 Good pull air rate: 23% (+1 conv),,,,,
"   🎯 Crushes four-seamers: wOBA 0.406, SLG 0.611 — Boyd FF 46% vs RHB (+3.5 conv)",,,,,
   🔥🔥 L10 BBE vs FF: 3 HR in 10 BBE (30% HR rate • 274.7 Avg Dist • 70% HH • 40% Brl) — Marsh-pattern recent power surge (+7 conv),,,,,
   📊 PitchMix wOBA: 0.363 — above-avg contact vs pitcher's mix,,,,,
"   🎯 PITCH CORRELATION: Pitcher's FF → wOBA 0.379 allowed | Batter FF → wOBA 0.406, EV 87.5mph — direct weakness × strength match",,,,,
"   🎯 3 BZM-SZN (FF): up, up/out, mid-out",,,,,
   🎯 BZM triple-zone boost: 3 overlapping zones (+8 conv),,,,,
   ⚡ Balanced spot: Opp 27/50 · Conv 46/50,,,,,
   💪 Same-side + elite power (R vs R) — HR advantage,,,,,
   🏟️ Power park (1.16x) — 1.42x HR lift at 1.15-1.20 (17 slates),,,,,
   💪 Strong ISO: 0.242 — meets 0.220 power threshold,,,,,
   ⏱️ SP market: 5.5 IP expected,,,,,
   🔓 Weak bullpen (HR/9: 1.62),,,,,
   ⚡ High K% (33.8%),,,,,
   🛡️ Suppressing L5: 0.62 HR/9 vs 1.20 season (29 IP) — buy low on HR,,,,,
   🔵 PropFinder [4/9 must-have] [L10 n=10]: 💪 ISO:0.242>0.2 (must-have) · ❌ Barrel%:0.0% [Barrel%>15% ✗] · ❌ HH%:20% [HH%>40% ✗] · ❌ Air%:40% [Air%>50% ✗] · 🔻 GB%:40%<40% (must-have) · ❌ PullBrl%:8.7 [PullBrl%>10 ✗] · ❌ FB%:10% [FB%>35% ✗] · 💥 Blast%:20.0%>15% (must-have) · ↙ Pull%:70%>30% (must-have),,,,,
   📐 9-STAT: ISO 0.242 | Barrel% 0.0 | HH% 20.0 | Air% 40.0 | GB% 40.0 | PullBrl% 8.7 | FB% 10.0 | Blast% 20.0 | Pull% 70.0,,,,,
"   🌡️ ENV-ANCHORED PITCH MATCH: PRIME/CONF+Vuln45+Env1.160/Park1.16+Pwr81 → 26.1% HR (1.76x, n=69, 74-sl CSV Jul9) — conv +8",,,,,
"   📋 MULTI-BBE PITCHER: 7 batters have T3+ BBE matches vs Matthew Boyd — pitcher structurally vulnerable (informational, no score boost)",,,,,
   📊 HR market: +360 (line 0.5) [FanDuel],,,,,
   🎯 Hit Score: 47.0/100,,,,,
   📊 Solid hit rate: 55%,,,,,
   📈 RotoWire projects 0.94 hits vs 0.5 line (+edge),,,,,
   💪 Power edge: 1.92 TB projected vs 0.5 line,,,,,
   🎯 Elite contact vs FF: wOBA 0.406 on primary pitch type (+4 pts),,,,,
   ⚾ vs Boyd (SP): 62% hit rate,,,,,
   📈 Strong last 5: 60% hit rate (+3 pts),,,,,
   💪 Same-side + elite power (R vs R) — HR advantage,,,,,
   ⚠️ High-K profile (34%) — significant contact risk,,,,,
   📈 Quality trend up (form 1.11x) (+2.3 pts),,,,,
   🧤 Poor framing catcher (-8.4 runs) — batter-friendly zone (+2 pts),,,,,
   🌡️ Strong game environment (Env 1.160) — already reflected in HS baseline,,,,,
   🎯 SHARP HIT: Pwr 81 + PM 1.014 (sweet zone) — 5-slate: 100% (14/14),,,,,
"   💰 DFF CROSS-CHECK (TIER2): DailyFantasyFuel's #2-ranked batter on this team today (FPTS 10.5, slate rank #19) - independent same-day agreement, unvalidated, smaller bonus only.",,,,,
   🧮 HR STACK — all 2 of these grades have fired together 97 times: 13 produced a HR = 13% (0.83x base),,,,,
   🧮 HIT STACK — all 2 of these grades have fired together 97 times: 45 produced a HIT = 46% (0.80x base),,,,,
,,,,,
#28  Max Muncy (LAD) vs Yunior Marte   Score: 53.8   HR Prob: 14.9%  |  Odds: +330,,,,,
Batter Power: 83.5,Pitcher Vuln: 50.1,Pitch Match: 1.039,Bullpen: 0.874,Bullpen Vuln 🔬: 40.6  (BVu 41 (~3.5 IP)),
Park: 1.000,Env: 1.052,Platoon: 1.08,Impl Runs: 5.2,Mkt Signal: 1.048,
HR/PA Rate: 0.041,Opp Score: 25/50,Conv Score: 44/50,NewConv CONV100: 69,NewConv Rank: 38,
NewConv p: 0.242,NewConv raw: 0.2135,Hits Odds: -,Hits Line: 0.5,xHR Factor: 0.854,
Pull×Park: 1.000,Zone Damage: 1.150,Count Score: 1.150,Umpire Factor: 1.000,Signal Score: 11/20,
   ✅ STRONG SIGNAL COMBO (11/20): Power≥63 + Score≥50  →  Historical HR rate: 18%  637/3630 AT (signal-combo),,,,,
"   ⚡ QUIET POWER ARCHETYPE: Pwr 84 + PM<1.04 + Score~48 — 28.6% HR all-time (1.67x, n=49) (+4 conv)",,,,,
"   💰 ODDS: +330 (above +250 gate — informational, boost retired Jul 2026)",,,,,
   🎯 PITCHER TARGET FF (51% vs LHB): Marte allows 62% HH / 75% FB / 62% Pull / 0.375 ISO (vuln 57) → Batter L10 FF: 3 HR/10 BBE • 80% HH • 30% Brl • 344ft avg dist,,,,,
   🔥🔥 PITCHER-FIRST MATCH (FF): 3 HR in L10 BBEs vs pitcher's most vulnerable pitch — ⚡ HIGH-USAGE (51% vs LHB): batter faces this pitch repeatedly per game (+10 conv),,,,,
   ⚠️ High popup rate (14%) — weak contact risk (-2 hit),,,,,
   ⚠️ Low blast rate: 16% per contact (-1.5 conv),,,,,
"   🎯 Crushes four-seamers: wOBA 0.421, SLG 0.612 — Marte FF 51% vs LHB (+3.5 conv)",,,,,
   🔥🔥 L10 BBE vs FF: 3 HR in 10 BBE (30% HR rate • 344.4 Avg Dist • 80% HH • 30% Brl) — Marsh-pattern recent power surge (+7 conv),,,,,
   ⚡ Balanced spot: Opp 25/50 · Conv 29/50,,,,,
   ✅ Platoon edge (L vs R),,,,,
   💪 Strong ISO: 0.242 — meets 0.220 power threshold,,,,,
   ⚡ High K% (32.0%),,,,,
   🎯 Elite zone damage (1.15x),,,,,
   📊 ERA composite 5.16 (FIP/xFIP/SIERA avg) vs ERA 4.00 — ERA understated,,,,,
   🟣 Quality Metrics [3/10 core | 1/13 elite | DTP 2/7]: 💥 Blast%:16.0%≥15% (nuclear) · 💪 HH%:50%≥50% (must-have),,,,,
   🔵 PropFinder [4/9 must-have] [L10 n=10]: 💪 ISO:0.242>0.2 (must-have) · ❌ Barrel%:0.0% [Barrel%>15% ✗] · 💪 HH%:50%>40% (must-have) · ❌ Air%:40% [Air%>50% ✗] · ❌ GB%:50% [GB%<40% ✗] · ❌ PullBrl%:8.1 [PullBrl%>10 ✗] · ❌ FB%:20% [FB%>35% ✗] · 💥 Blast%:20.0%>15% (must-have) · ↙ Pull%:80%>30% (must-have),,,,,
   📐 9-STAT: ISO 0.242 | Barrel% 0.0 | HH% 50.0 | Air% 40.0 | GB% 50.0 | PullBrl% 8.1 | FB% 20.0 | Blast% 20.0 | Pull% 80.0,,,,,
   🔥 PWR-VULN-ENV conv boost: +15 pts (Pwr84+Vu50+Env1.05+Sig11),,,,,
"   🎰 MARKET CONFIRMING: PWR-VULN-ENV+Odds+330 → 43.5% HR (2.53x, p=0.003, n=23, 49-sl)",,,,,
"   📋 MULTI-BBE PITCHER: 7 batters have T3+ BBE matches vs Yunior Marte — pitcher structurally vulnerable (informational, no score boost)",,,,,
   📊 HR market: +330 (line 0.5) [FanDuel],,,,,
   🎯 Hit Score: 38.5/100,,,,,
   📊 Solid hit rate: 55%,,,,,
   📈 RotoWire projects 1.01 hits vs 0.5 line (+edge),,,,,
   💪 Power edge: 2.11 TB projected vs 0.5 line,,,,,
   🎯 Elite contact vs FF: wOBA 0.421 on primary pitch type (+4 pts),,,,,
   ⚾ vs Marte (SP): 62% hit rate,,,,,
   ⚠️ High-K profile (32%) — significant contact risk,,,,,
   🧤 Elite framing catcher (+10.2 runs) — tight zone (-2 pts),,,,,
   ⚡ Game environment boost (Env 1.052): 80.6% hit rate in sweet zone (+3 pts),,,,,
   🎯 SHARP HIT: Pwr 84 + PM 1.039 (sweet zone) — 5-slate: 100% (14/14),,,,,
"   🧮 HR STACK — these 3 grades have never all fired together. Closest: 2 of them (1 left out). 1 such group on record, typical 1.03x base HR. Most-seen: PWR-VULN-ENV + T3 → 17% (1.03x) over 66 occurrences",,,,,
"   🧮 HIT STACK — these 3 grades have never all fired together. Closest: 2 of them (1 left out). 1 such group on record, typical 0.99x base HIT. Most-seen: PWR-VULN-ENV + T3 → 58% (0.99x) over 66 occurrences · ⚠️ typically BELOW base rate",,,,,
,,,,,
#29  Jake Burger (TEX) vs José Soriano   Score: 53.8   HR Prob: 15.0%  |  Odds: +590,,,,,
Batter Power: 85.3,Pitcher Vuln: 43.6,Pitch Match: 1.028,Bullpen: 0.875,Bullpen Vuln 🔬: 39.8  (BVu 40 (~3.2 IP)),
Park: 1.080,Env: 1.101,Platoon: 0.97,Impl Runs: 3.9,Mkt Signal: 0.981,
HR/PA Rate: 0.039,Opp Score: 30/50,Conv Score: 28/50,NewConv CONV100: 60,NewConv Rank: 68,
NewConv p: 0.211,NewConv raw: 0.1907,Hits Odds: -,Hits Line: 0.5,xHR Factor: 0.930,
Pull×Park: 1.000,Zone Damage: 0.983,Count Score: 1.150,Umpire Factor: 1.006,Signal Score: 6/20,
   📊 SIGNAL COMBO (6/20): Power≥63 + Score≥50  →  Historical HR rate: 18%  637/3630 AT (signal-combo),,,,,
   📊 Above-avg HR/PA vs RHP: 4.4% (+1.5 conv),,,,,
"   ⚡ QUIET POWER ARCHETYPE: Pwr 85 + PM<1.04 + Score~46 — 28.6% HR all-time (1.67x, n=49) (+4 conv)",,,,,
   🎯 PITCHER TARGET KC (35% vs RHB): Soriano allows 33% HH / 44% FB / 56% Pull (vuln 34) → Batter L10 KC: 1 HR/1 BBE • 100% HH • 100% Brl • 374ft avg dist,,,,,
   🔥 PITCHER-FIRST MATCH (KC): 1 HR in L10 BBEs vs pitcher's target pitch (+5 conv),,,,,
   🔥 CROSS-PITCH BBE SURGE: 2 HR in L10 BBE on FF (255ft avg · 30% HH) — power surge on non-target pitch (+3 conv),,,,,
   📊 Good solid contact: 31% squared-up rate (+1.5 hit),,,,,
   📊 Good pull air rate: 23% (+1 conv),,,,,
   🎯 Elite career OPS vs pitcher: 1.196 (7AB) (+3 conv),,,,,
   🎯 Elite HH% vs pitcher: 40% hard hit rate (+2 conv),,,,,
   📊 Elite qAB% vs pitcher: 80% (works counts well),,,,,
"   🎯 Crushes sinkers: wOBA 0.415, SLG 0.542 vs Soriano SI 45% vs RHB (+4.5 conv)",,,,,
   🎯 PITCH DOMINANCE EDGE: batter hits primary pitch types hard (+6 conv total),,,,,
   🔥🔥 L10 BBE vs FF: 2 HR in 10 BBE (20% HR rate • 255.2 Avg Dist • 30% HH • 30% Brl) — Marsh-pattern recent power surge (+7 conv),,,,,
   ⚡ Balanced spot: Opp 30/50 · Conv 28/50,,,,,
   💪 Same-side + elite power (R vs R) — HR advantage,,,,,
   🎯 High-K pitcher (market: 5.0 Ks),,,,,
   ⏱️ SP market: 5.8 IP expected,,,,,
   ⚠️ Vuln 42-44 HR trap (Vuln 44): 0.68x HR rate — PM does not rescue this zone vs hit rate 1.09x,,,,,
   ⚡ High K% (26.7%),,,,,
   📊 Pitcher L5: 0.92 HR/9 (29 IP) — near season avg,,,,,
   🟣 Quality Metrics [5/10 core | 3/13 elite | DTP 2/7]: 💥 Blast%:19.4%≥15% (nuclear) · 💪 HH%:50%≥50% (must-have) · ⚡ EV:95.6mph≥94 (nuclear),,,,,
   🔵 PropFinder [5/9 must-have] [L10 n=10]: 💪 ISO:0.200>0.2 (must-have) · 🎯 Barrel%:20.0%>15% (must-have) · 💪 HH%:50%>40% (must-have) · ❌ Air%:40% [Air%>50% ✗] · ❌ GB%:60% [GB%<40% ✗] · ❌ PullBrl%:9.6 [PullBrl%>10 ✗] · ❌ FB%:20% [FB%>35% ✗] · 💥 Blast%:40.0%>15% (must-have) · ↙ Pull%:70%>30% (must-have),,,,,
   📐 9-STAT: ISO 0.200 | Barrel% 20.0 | HH% 50.0 | Air% 40.0 | GB% 60.0 | PullBrl% 9.6 | FB% 20.0 | Blast% 40.0 | Pull% 70.0,,,,,
"   📋 MULTI-BBE PITCHER: 8 batters have T3+ BBE matches vs José Soriano — pitcher structurally vulnerable (informational, no score boost)",,,,,
   📊 HR market: +590 (line 0.5) [FanDuel],,,,,
   🎯 Hit Score: 39.0/100,,,,,
   📈 RotoWire projects 0.86 hits vs 0.5 line (+edge),,,,,
   💪 Power edge: 1.43 TB projected vs 0.5 line,,,,,
   🎯 Elite HH% vs pitcher: 40% hard contact rate (+4 pts),,,,,
   📊 Elite qAB% vs pitcher: 80% — works counts well (+2 pts),,,,,
   🎯 Elite contact vs SI: wOBA 0.415 on primary pitch type (+4 pts),,,,,
   ⚾ vs Soriano (SP): 53% hit rate,,,,,
   💪 Same-side + elite power (R vs R) — HR advantage,,,,,
   ⚠️ Elevated K% (27%),,,,,
   📈 Quality trend up (form 1.05x) (+1.0 pts),,,,,
   ⚡ Game environment boost (Env 1.101): 80.6% hit rate in sweet zone (+3 pts),,,,,
   🎯 SHARP HIT: Pwr 85 + PM 1.028 (sweet zone) — 5-slate: 100% (14/14),,,,,
   🧮 HR STACK — all 2 of these grades have fired together 91 times: 20 produced a HR = 22% (1.35x base),,,,,
   🧮 HIT STACK — all 2 of these grades have fired together 91 times: 55 produced a HIT = 60% (1.04x base),,,,,
,,,,,
#30  Zack Gelof (ATH) vs Tanner Bibee   Score: 53.6   HR Prob: 11.2%  |  Odds: +520,,,,,
Batter Power: 81.9,Pitcher Vuln: 41.7,Pitch Match: 1.024,Bullpen: 0.965,Bullpen Vuln 🔬: 46.8  (BVu 47 (~3.2 IP)),
Park: 0.950,Env: 0.906,Platoon: 0.97,Impl Runs: 3.3,Mkt Signal: 0.994,
HR/PA Rate: 0.024,Opp Score: 21/50,Conv Score: 33/50,NewConv CONV100: 65,NewConv Rank: 47,
NewConv p: 0.226,NewConv raw: 0.2083,Hits Odds: -,Hits Line: 0.5,xHR Factor: 0.834,
Pull×Park: 1.000,Zone Damage: 1.078,Count Score: 1.150,Umpire Factor: 1.012,Signal Score: 7/20,
   📊 SIGNAL COMBO (7/20): Power≥63 + Score≥50  →  Historical HR rate: 18%  637/3630 AT (signal-combo),,,,,
   💥 2 HRs last 7 days — active HR streak,,,,,
   📊 Above-avg HR/PA vs RHP: 4.7% (+1.5 conv),,,,,
"   ⚡ QUIET POWER ARCHETYPE: Pwr 82 + PM<1.04 + Score~48 — 28.6% HR all-time (1.67x, n=49) (+4 conv)",,,,,
   🎯 PITCHER TARGET FC (30% vs RHB): Bibee allows 60% HH / 100% FB / 0.800 ISO (vuln 60) → Batter L10 FC: 2 HR/10 BBE • 50% HH • 20% Brl,,,,,
   🔥🔥 PITCHER-FIRST MATCH (FC): 2 HR in L10 BBEs vs pitcher's most vulnerable pitch (+8 conv),,,,,
   🔥 CROSS-PITCH BBE SURGE: 3 HR in L10 BBE on FF (362ft avg · 80% HH) — power surge on non-target pitch (+3 conv),,,,,
   ⚠️ Low blast rate: 14% per contact (-1.5 conv),,,,,
   🎯 Elite career OPS vs pitcher: 1.500 (6AB) (+3 conv),,,,,
   🎯 Elite HH% vs pitcher: 50% hard hit rate (+2 conv),,,,,
   📊 Elite qAB% vs pitcher: 83% (works counts well),,,,,
   🎯 Crushes Bibee's fastball arsenal: fastball wOBA 0.383 (FC 30%) — primary pitch plays into batter strength (+3 conv),,,,,
   🔥🔥 L10 BBE vs FF: 3 HR in 10 BBE (30% HR rate • 361.9 Avg Dist • 80% HH • 50% Brl) — Marsh-pattern recent power surge (+7 conv),,,,,
   📊 PitchMix wOBA: 0.367 — above-avg contact vs pitcher's mix,,,,,
   💪 Conversion-driven: Conv 33/50 — elite matchup quality in neutral environment (Opp 21/50),,,,,
   💪 Same-side + elite power (R vs R) — HR advantage,,,,,
   ⏱️ SP market: 5.8 IP expected,,,,,
   ⚡ High K% (25.2%),,,,,
   📊 Pitcher L5: 0.98 HR/9 (26 IP) — near season avg,,,,,
"   🟣 Quality Metrics [6/10 core | 4/13 elite | DTP 4/7]: 📊 DTP FILTER 4/7: ISO>0.2, Barrel>13%, HH>38%, Air>55% · 💥 Blast%:14.3%≥12% (must-have) · 💪 HH%:50%≥50% (must-have) · ⚡ EV:95.9mph≥94 (nuclear) · 🌤️ FB%:40%≥40% (nuclear/DTP) · 💪 ISO:0.300≥.300 (nuclear)",,,,,
"   🎯 HR26 PF CORE TRIPLE: ISO 0.300>0.2 + Barrel% 20.0>15 + HH% 50>40 → 19.3%  73/379 HR (mined 19.3% 73/379, 1.30x, p=0.0074, boot5 1.12, 30sl). Beats the 9-gate count at every threshold (≥7/9 1.14x · ≥8/9 1.04x · 9/9 0.92x) because requiring all nine forces Pull%>30 (0.99x, passes on 94% of the pool) and GB%<40 (0.97x) to clear. ⚠️ July-weighted: split-half 24%→15%, August 6/47 = 13% below base.",,,,,
   🔵 PropFinder [8/9 must-have] [L10 n=10]: ☢️ 8/9 gates (display only — 1.13x) · 💪 ISO:0.300>0.2 (must-have) · 🎯 Barrel%:20.0%>15% (must-have) · 💪 HH%:50%>40% (must-have) · 🌤️ Air%:50%>50% (must-have) · 🔻 GB%:40%<40% (must-have) · ❌ PullBrl%:6.7 [PullBrl%>10 ✗] · 🌤️ FB%:40%>35% (must-have) · 💥 Blast%:20.0%>15% (must-have) · ↙ Pull%:40%>30% (must-have),,,,,
   📐 9-STAT: ISO 0.300 | Barrel% 20.0 | HH% 50.0 | Air% 50.0 | GB% 40.0 | PullBrl% 6.7 | FB% 40.0 | Blast% 20.0 | Pull% 40.0,,,,,
"   📋 MULTI-BBE PITCHER: 9 batters have T3+ BBE matches vs Tanner Bibee — pitcher structurally vulnerable (informational, no score boost)",,,,,
   📊 HR market: +520 (line 0.5) [FanDuel],,,,,
   🎯 Hit Score: 45.7/100,,,,,
   📊 Solid hit rate: 56%,,,,,
   📈 RotoWire projects 0.84 hits vs 0.5 line (+edge),,,,,
   💪 Power edge: 1.62 TB projected vs 0.5 line,,,,,
   🎯 Elite HH% vs pitcher: 50% hard contact rate (+4 pts),,,,,
   📊 Elite qAB% vs pitcher: 83% — works counts well (+2 pts),,,,,
   📊 Good contact vs FC: wOBA 0.383 on primary pitch type (+2 pts),,,,,
   ⚾ vs Bibee (SP): 67% hit rate,,,,,
   📈 Strong last 5: 60% hit rate (+3 pts),,,,,
   💪 Same-side + elite power (R vs R) — HR advantage,,,,,
   ⚠️ Elevated K% (25%),,,,,
   🎯 SHARP HIT: Pwr 82 + PM 1.024 (sweet zone) — 5-slate: 100% (14/14),,,,,
   🧮 HR STACK — all 2 of these grades have fired together 164 times: 37 produced a HR = 23% (1.39x base),,,,,
   🧮 HIT STACK — all 2 of these grades have fired together 164 times: 102 produced a HIT = 62% (1.07x base),,,,,
,,,,,
#31  CJ Abrams (WSH) vs Michael McGreevy   Score: 53.6   HR Prob: 14.0%  |  Odds: +470,,,,,
Batter Power: 84.5,Pitcher Vuln: 52.7,Pitch Match: 1.056,Bullpen: 0.977,Bullpen Vuln 🔬: 47.7  (BVu 48 (~3.2 IP)),
Park: 0.970,Env: 0.975,Platoon: 1.08,Impl Runs: 4.4,Mkt Signal: 1.017,
HR/PA Rate: 0.032,Opp Score: 24/50,Conv Score: 33/50,NewConv CONV100: 71,NewConv Rank: 33,
NewConv p: 0.250,NewConv raw: 0.2152,Hits Odds: -,Hits Line: 0.5,xHR Factor: 0.838,
Pull×Park: 1.000,Zone Damage: 1.150,Count Score: 1.150,Umpire Factor: 1.000,Signal Score: 7/20,
   📊 SIGNAL COMBO (7/20): PM 1.04-1.06 + Power≥60 + Score≥50  →  Historical HR rate: 18%  637/3630 AT (signal-combo),,,,,
   📊 wRC+ vs RHP: 123 (+23 above avg),,,,,
   📊 Above-avg HR/PA vs RHP: 4.8% (+1.5 conv),,,,,
   📊 Good road SLG: 0.493 (+1.5 conv),,,,,
"   📊 PITCH HR CONC (soft): FF = pitcher's primary damage pitch (wOBA 0.349 × usage 24%, 1.6× next pitch type) but no confirmed batter L10 BBE HR on FF. Informational — watch this matchup.",,,,,
   🎯 Hand-specific pitch: McGreevy throws 34% CH vs LHB (overall primary: FF),,,,,
   🎯 PITCHER TARGET CU (17% vs LHB): McGreevy allows 75% HH / 50% FB / 50% Pull / 0.750 ISO (vuln 58) → Batter L10 CU: 0 HR/10 BBE,,,,,
   🔥 CROSS-PITCH T1→T2 UPGRADE: T1 carry signal + 2 HR in L10 BBE on FC — batter has real recent power on non-target pitch (conv 1→3),,,,,
   🔥 CROSS-PITCH BBE SURGE: 2 HR in L10 BBE on FC (295ft avg · 30% HH) — power surge on non-target pitch (+3 conv),,,,,
   📊 DailyPitch HR signal: PM 1.056 + pitch edge +4 + Pwr 84 + Vuln 53 (informational — no park gate),,,,,
   📊 Good solid contact: 32% squared-up rate (+1.5 hit),,,,,
   ⚠️ Low blast rate: 15% per contact (-1.5 conv),,,,,
   📊 Good pull air rate: 25% (+1 conv),,,,,
   🌡️ FL HR Factor: 1.7x (favourable game environment),,,,,
   🎯 Crushes curveball: wOBA 0.348 vs McGreevy CU 17% vs LHB (+2.5 conv),,,,,
   🔥🔥 L10 BBE vs FC: 2 HR in 10 BBE (20% HR rate • 294.8 Avg Dist • 30% HH • 10% Brl) — Marsh-pattern recent power surge (+7 conv),,,,,
   ⚡ Balanced spot: Opp 24/50 · Conv 29/50,,,,,
   ✅ Platoon edge (L vs R),,,,,
   🌡️ Hot (86°F),,,,,
   💪 Elite ISO: 0.302 — well above 0.220 strong threshold (pure power),,,,,
   ⏱️ SP market: 5.8 IP expected,,,,,
   🎯 Elite zone damage (1.40x),,,,,
   ⚡ High Z-Contact: 91.4% (≥88% = batters making easy contact in zone → xwOBA quality elevated),,,,,
   🛡️ Suppressing L5: 0.66 HR/9 vs 1.20 season (27 IP) — buy low on HR,,,,,
   🟣 Quality Metrics [2/10 core | 0/13 elite | DTP 0/7]: 💥 Blast%:14.7%≥12% (must-have) · ⚠️ xHR CAUTION: luck_regression=0.920<0.95 + HH%=30%<42% — batter outperforming expected HR rate; contact quality may not support continuation.,,,,,
   🔵 PropFinder [1/9 must-have] [L10 n=10]: ❌ ISO:0.100 [ISO>0.2 ✗] · ❌ Barrel%:0.0% [Barrel%>15% ✗] · ❌ HH%:30% [HH%>40% ✗] · ❌ Air%:40% [Air%>50% ✗] · ❌ GB%:50% [GB%<40% ✗] · ❌ PullBrl%:8.3 [PullBrl%>10 ✗] · ❌ FB%:0% [FB%>35% ✗] · ❌ Blast%:14.7% [Blast%>15% ✗] · ↙ Pull%:70%>30% (must-have),,,,,
   📐 9-STAT: ISO 0.100 | Barrel% 0.0 | HH% 30.0 | Air% 40.0 | GB% 50.0 | PullBrl% 8.3 | FB% 0.0 | Blast% 14.7 | Pull% 70.0,,,,,
"   📈 HS+PWR+PM BOOST: HS62≥40+Pwr84≥82+PM1.056≥1.04 → 25.3%/1.35x (n=186, 38-sl Jul10 post-mortem). Active contact + power + matchup aligned. Conv +3.",,,,,
"   📋 MULTI-BBE PITCHER: 7 batters have T3+ BBE matches vs Michael McGreevy — pitcher structurally vulnerable (informational, no score boost)",,,,,
"   📐 COVERAGE FLOOR: promoted — only 1 batter(s) vs Michael McGreevy (Vuln 52.7 ≥ 52) were in the window. Capture rate is monotonic in coverage depth (covered-1 24.8% → covered-4 66.1% of that starter's HR, n=1,491 starter-games / 81 slates). Visibility promotion only — no score/conv/rank change, and NOT a pick-quality signal.",,,,,
   📈 HRF 1.7 > model env 0.975 — FL confirms better environment (+2 conv),,,,,
   📊 HR market: +470 (line 0.5) [FanDuel],,,,,
   🎯 Hit Score: 61.5/100,,,,,
   🔥 Hot hitter: 66% weighted hit rate,,,,,
   ✅ High-consensus over: 66% of books project hit (+15 pts),,,,,
   📈 RotoWire projects 1.13 hits vs 0.5 line (+edge),,,,,
   💪 Power edge: 1.86 TB projected vs 1.5 line,,,,,
   🎯 Elite contact vs FF: wOBA 0.402 on primary pitch type (+4 pts),,,,,
   ⚠️ vs McGreevy (SP): 83% but ≤4 AB — tiny sample (+1.5 pts),,,,,
   🔥 Red hot last 5: 100% hit rate (+6 pts),,,,,
"   ⚠️ Regression risk: 100% last-5 vs 65% season (35pt gap, -5.5 pts)",,,,,
   🎯 SHARP HIT: Cons 66% + Env 0.975 + Platoon + Score 60 — validated (17-slate),,,,,
   📊 wRC+ vs RHP: 123 (+1.5 hit pts),,,,,
,,,,,
#32  Kody Clemens (MIN) vs Reid Detmers  [📋 PROJECTED]   Score: 53.0   HR Prob: 11.4%  |  Odds: +390,,,,,
Batter Power: 83.5,Pitcher Vuln: 32.5,Pitch Match: 1.044,Bullpen: 0.954,Bullpen Vuln 🔬: 45.9  (BVu 46 (~3.2 IP)),
Park: 0.970,Env: 0.949,Platoon: 1.08,Impl Runs: 3.8,Mkt Signal: 1.030,
HR/PA Rate: 0.027,Opp Score: 24/50,Conv Score: 32/50,NewConv CONV100: 60,NewConv Rank: 69,
NewConv p: 0.211,NewConv raw: 0.1905,Hits Odds: -,Hits Line: 0.5,xHR Factor: 0.871,
Pull×Park: 1.000,Zone Damage: 1.150,Count Score: 1.150,Umpire Factor: 1.000,Signal Score: 7/20,
   📊 SIGNAL COMBO (7/20): PM 1.04-1.06 + Power≥60 + Score≥50  →  Historical HR rate: 18%  637/3630 AT (signal-combo),,,,,
   📊 Above-avg HR/PA vs RHP: 4.7% (+1.5 conv),,,,,
   🎯 Hand-specific pitch: Detmers throws 50% SL vs LHB (overall primary: FF),,,,,
   🎯 PITCHER TARGET FF (46% vs LHB): Detmers allows 50% HH / 62% FB (vuln 39) → Batter L10 FF: 2 HR/10 BBE • 40% HH • 20% Brl • 294ft avg dist,,,,,
   🔥🔥 PITCHER-FIRST MATCH (FF): 2 HR in L10 BBEs vs pitcher's most vulnerable pitch — ⚡ HIGH-USAGE (46% vs LHB): batter faces this pitch repeatedly per game (+10 conv),,,,,
"    ⚠️ T4 WEAK-CONTACT CAUTION: 2 HR in L10 BBE but HH%=20%<50% → 9.0% HR / 0.56x (11/122, p=0.025, boot5 0.30, halves 12%/6%, 34sl). Quantity without quality (-4 conv).",,,,,
   🎯 Elite solid contact: 38% squared-up rate (+3 hit),,,,,
   🎯 Elite attack angle efficiency: 63% ideal zone swings (+2 conv),,,,,
   ⚠️ Low blast rate: 17% per contact (-1.5 conv),,,,,
   📊 Good pull air rate: 23% (+1 conv),,,,,
   🎯 Elite HH% vs pitcher: 100% hard hit rate (+2 conv),,,,,
   📊 Elite qAB% vs pitcher: 100% (works counts well),,,,,
   🌡️ FL HR Factor: 1.4x (favourable game environment),,,,,
   🎯 Crushes slider: wOBA 0.380 vs Detmers SL 50% vs LHB (+2.5 conv),,,,,
   🔥🔥 L10 BBE vs FF: 2 HR in 10 BBE (20% HR rate • 293.5 Avg Dist • 40% HH • 20% Brl) — Marsh-pattern recent power surge (+7 conv),,,,,
   📊 Opp 24/50 · Conv 29/50,,,,,
   ✅ Platoon edge (L vs R),,,,,
   💪 Elite ISO: 0.263 — well above 0.220 strong threshold (pure power),,,,,
   🎯 High-K pitcher (market: 6.5 Ks),,,,,
   ⏱️ SP market: 5.8 IP expected,,,,,
   🎯 Elite zone damage (1.19x),,,,,
   🛡️ Suppressing L5: 0.29 HR/9 vs 1.20 season (31 IP) — buy low on HR,,,,,
   📋 Projected lineup (unconfirmed),,,,,
   🟣 Quality Metrics [3/10 core | 2/13 elite | DTP 1/7]: 💥 Blast%:17.4%≥15% (nuclear) · ⚠️ xHR CAUTION: luck_regression=0.920<0.95 + HH%=20%<42% — batter outperforming expected HR rate; contact quality may not support continuation. · ↙ Pull%:47%≥45% (nuclear),,,,,
   🔵 PropFinder [5/9 must-have] [L10 n=10]: 💪 ISO:0.263>0.2 (must-have) · ❌ Barrel%:0.0% [Barrel%>15% ✗] · ❌ HH%:20% [HH%>40% ✗] · 🌤️ Air%:50%>50% (must-have) · ❌ GB%:50% [GB%<40% ✗] · 🎯 PullBrl%:11.1>10 (must-have) · ❌ FB%:20% [FB%>35% ✗] · 💥 Blast%:17.4%>15% (must-have) · ↙ Pull%:60%>30% (must-have),,,,,
   📐 9-STAT: ISO 0.263 | Barrel% 0.0 | HH% 20.0 | Air% 50.0 | GB% 50.0 | PullBrl% 11.1 | FB% 20.0 | Blast% 17.4 | Pull% 60.0,,,,,
"   📈 HS+PWR+PM BOOST: HS47≥40+Pwr84≥82+PM1.044≥1.04 → 25.3%/1.35x (n=186, 38-sl Jul10 post-mortem). Active contact + power + matchup aligned. Conv +3.",,,,,
"   📋 MULTI-BBE PITCHER: 6 batters have T3+ BBE matches vs Reid Detmers — pitcher structurally vulnerable (informational, no score boost)",,,,,
   📈 HRF 1.4 > model env 0.949 — FL confirms better environment (+2 conv),,,,,
   📊 HR market: +390 (line 0.5) [FanDuel],,,,,
   🎯 Hit Score: 46.8/100,,,,,
   🔥 Hot hitter: 72% weighted hit rate,,,,,
   📊 Strong hits probability (60% consensus over),,,,,
   📈 RotoWire projects 0.77 hits vs 0.5 line (+edge),,,,,
   💪 Power edge: 1.42 TB projected vs 0.5 line,,,,,
   🎯 Elite HH% vs pitcher: 100% hard contact rate (+4 pts),,,,,
   📊 Elite qAB% vs pitcher: 100% — works counts well (+2 pts),,,,,
   ⚾ vs Detmers (SP): 13% hit rate,,,,,
   ⚾ vs Detmers (SP): 13% hit rate (career fade skipped: ≤20 AB sample),,,,,
   📈 Strong last 5: 60% hit rate (+3 pts),,,,,
   ⚡ K-Risk: 22% K rate vs elite K pitcher Detmers (11.7 K/9) (-8 pts),,,,,
   🎯 SHARP HIT: Pwr 84 + PM 1.044 (sweet zone) — 5-slate: 100% (14/14),,,,,
"   🧮 HR STACK — these 3 grades have never all fired together. Closest: 2 of them (1 left out). 1 such group on record, typical 0.44x base HR. Most-seen: T3 + T4 → 7% (0.44x) over 14 occurrences · ⚠️ typically BELOW base rate",,,,,
"   🧮 HIT STACK — these 3 grades have never all fired together. Closest: 2 of them (1 left out). 1 such group on record, typical 1.23x base HIT. Most-seen: T3 + T4 → 71% (1.23x) over 14 occurrences",,,,,
,,,,,
#33  Munetaka Murakami (CWS) vs Jackson Jobe   Score: 51.2   HR Prob: 15.2%,,,,,
Batter Power: 88.0,Pitcher Vuln: 50.4,Pitch Match: 1.074,Bullpen: 0.933,Bullpen Vuln 🔬: 44.7  (BVu 45 (~3.5 IP)),
Park: 0.970,Env: 0.951,Platoon: 1.08,Impl Runs: 4.3,Mkt Signal: 1.000,
HR/PA Rate: 0.043,Opp Score: 27/50,Conv Score: 24/50,NewConv CONV100: 63,NewConv Rank: 52,
NewConv p: 0.219,NewConv raw: 0.2037,Hits Odds: -,Hits Line: 0.5,xHR Factor: 0.914,
Pull×Park: 1.000,Zone Damage: 1.150,Count Score: 1.150,Umpire Factor: 1.018,Signal Score: 8/20,
   ✅ STRONG SIGNAL COMBO (8/20): Power≥63 + Score≥50  →  Historical HR rate: 18%  637/3630 AT (signal-combo),,,,,
   📊 wRC+ vs RHP: 125 (+25 above avg),,,,,
   💪 Elite HR/PA vs RHP: 6.2% (1.8x league avg) (+3 conv),,,,,
   🎯 PITCHER TARGET FF (34% vs LHB): Jobe allows 75% FB / 50% Pull / 1.000 ISO (vuln 46) → Batter L10 FF: 1 HR/10 BBE • 40% HH • 359ft avg dist,,,,,
   🔥 PITCHER-FIRST MATCH (FF): 1 HR in L10 BBEs vs pitcher's target pitch (+5 conv),,,,,
   🔥 CROSS-PITCH BBE SURGE: 2 HR in L10 BBE on CH (303ft avg · 30% HH) — power surge on non-target pitch (+3 conv),,,,,
   🎯 DP SHARP HR: PM 1.074 + pitch edge +2 + Pwr 88 + Vuln 50 + Park 0.970,,,,,
   📊 Good solid contact: 32% squared-up rate (+1.5 hit),,,,,
"   🎯 Crushes four-seamers: wOBA 0.398, SLG 0.556 — Jobe FF 34% vs LHB (+2.5 conv)",,,,,
   🔥 L10 BBE vs SI: 1 HR in 10 BBE • 372.0 Avg Dist • 40% HH • 20% Brl — quality carry confirms (+4 conv),,,,,
   ⚡ Balanced spot: Opp 27/50 · Conv 24/50,,,,,
   ℹ️ Low hit score (HS=9) — cold contact; HS not predictive of HR,,,,,
   ✅ Platoon edge (L vs R),,,,,
   💪 Elite ISO: 0.339 — well above 0.220 strong threshold (pure power),,,,,
   ⚡ High K% (35.9%),,,,,
   🎯 Elite zone damage (1.29x),,,,,
   ⚡ High Z-Contact: 88.9% (≥88% = batters making easy contact in zone → xwOBA quality elevated),,,,,
   🔥 HR-prone L5: 1.70 HR/9 vs 1.20 season (26 IP) — getting hit hard lately,,,,,
   🟣 Quality Metrics [3/10 core | 3/13 elite | DTP 1/7]: 💥 Blast%:22.3%≥15% (nuclear) · ⚠️ xHR CAUTION: luck_regression=0.920<0.95 + HH%=20%<42% — batter outperforming expected HR rate; contact quality may not support continuation. · ↙ Pull%:47%≥45% (nuclear) · 💪 ISO:0.500≥.300 (nuclear),,,,,
   🔵 PropFinder [2/9 must-have] [L10 n=10]: 💪 ISO:0.500>0.2 (must-have) · ❌ Barrel%:10.0% [Barrel%>15% ✗] · ❌ HH%:20% [HH%>40% ✗] · ❌ Air%:20% [Air%>50% ✗] · ❌ GB%:80% [GB%<40% ✗] · ❌ PullBrl%:10.0 [PullBrl%>10 ✗] · ❌ FB%:10% [FB%>35% ✗] · ❌ Blast%:10.0% [Blast%>15% ✗] · ↙ Pull%:100%>30% (must-have),,,,,
   📐 9-STAT: ISO 0.500 | Barrel% 10.0 | HH% 20.0 | Air% 20.0 | GB% 80.0 | PullBrl% 10.0 | FB% 10.0 | Blast% 10.0 | Pull% 100.0,,,,,
"   📋 MULTI-BBE PITCHER: 6 batters have T3+ BBE matches vs Jackson Jobe — pitcher structurally vulnerable (informational, no score boost)",,,,,
   🎯 Hit Score: 9.4/100,,,,,
   📐 Stats-based estimate (no hits market data): L7=0.148 xwOBA=0.421 K%=35.9% HH%=36.5 PM=1.074 wRC+=125,,,,,
,,,,,
#34  Kyle Stowers (MIA) vs Casey Mize  [📋 PROJECTED]   Score: 49.5   HR Prob: 15.9%  |  Odds: +370,,,,,
Batter Power: 86.2,Pitcher Vuln: 46.5,Pitch Match: 1.013,Bullpen: 0.923,Bullpen Vuln 🔬: 44.5  (BVu 44 (~3.8 IP)),
Park: 0.900,Env: 0.870,Platoon: 1.08,Impl Runs: 3.5,Mkt Signal: 1.037,
HR/PA Rate: 0.055,Opp Score: 31/50,Conv Score: 25/50,NewConv CONV100: 84,NewConv Rank: 8,
NewConv p: 0.295,NewConv raw: 0.2553,Hits Odds: -,Hits Line: 0.5,xHR Factor: 0.910,
Pull×Park: 1.000,Zone Damage: 1.070,Count Score: 1.150,Umpire Factor: 1.000,Signal Score: 0/20,
"   ⚡ QUIET POWER ARCHETYPE: Pwr 86 + PM<1.04 + Score~50 — 28.6% HR all-time (1.67x, n=49) (+4 conv)",,,,,
   🎯 Hand-specific pitch: Mize throws 40% FS vs LHB (overall primary: FF),,,,,
   🎯 PITCHER TARGET FF (34% vs LHB): Mize allows 83% HH / 50% FB / 33% Pull / 0.167 ISO (vuln 52) → Batter L10 FF: 0 HR/10 BBE • 60% HH • 20% Brl,,,,,
   📊 PITCHER TARGET FF: 60% HH in L10 BBEs vs pitcher's weakest pitch (+3 conv),,,,,
   🔥 CROSS-PITCH BBE SURGE: 2 HR in L10 BBE on CH (325ft avg · 70% HH) — power surge on non-target pitch (+3 conv),,,,,
   📊 Good solid contact: 31% squared-up rate (+1.5 hit),,,,,
   📊 Good pull air rate: 23% (+1 conv),,,,,
   🔥🔥 L10 BBE vs SL: 2 HR in 10 BBE (20% HR rate • 345.3 Avg Dist • 80% HH • 40% Brl) — Marsh-pattern recent power surge (+7 conv),,,,,
   ⚡ Balanced spot: Opp 31/50 · Conv 22/50,,,,,
   ✅ Platoon edge (L vs R),,,,,
   💪 Strong ISO: 0.231 — meets 0.220 power threshold,,,,,
   ⏱️ SP market: 5.2 IP expected,,,,,
   ⚡ High K% (31.9%),,,,,
   🔥 HR-prone L5: 2.69 HR/9 vs 1.20 season (21 IP) — getting hit hard lately,,,,,
   📋 Projected lineup (unconfirmed),,,,,
"   🟣 Quality Metrics [4/10 core | 5/13 elite | DTP 6/7]: 🟡 DTP FILTER 6/7: PASS=ISO>0.2, Barrel>13%, HH>38%, Air>55%, GB<35%, FB>40% | FAIL=PullBrl>6 · 💥 Blast%:20.7%≥15% (nuclear) · ⚠️ xHR CAUTION: luck_regression=0.920<0.95 + HH%=40%<42% — batter outperforming expected HR rate; contact quality may not support continuation. · ↙ Pull%:46%≥45% (nuclear) · 🌤️ FB%:50%≥40% (nuclear/DTP) · 🔻 GB%:30%≤35% (nuclear/DTP — air-ball profile)",,,,,
"   🌤️ FB50 LOFT + GROUND SUPPRESSION: FB%50 (>50) + GB%30 (<40) → 1.42x HR (Jul 1.31x / Aug 1.58x p=0.045, n=187 combined; tuned on July, held out-of-sample on August). +5 conv.",,,,,
"   🔵 PropFinder [7/9 must-have] [L10 n=10]: 🔥 7/9 gates (display only — 1.37x, best tier) · 💪 ISO:0.231>0.2 (must-have) · 🎯 Barrel%:20.0%>15% (must-have) · 💪 HH%:40%>40% (must-have) · 🌤️ Air%:50%>50% (must-have) · 🔻 GB%:30%<40% (must-have) · ❌ PullBrl%:10.0 [PullBrl%>10 ✗] · 🌤️ FB%:50%>35% (must-have) · ❌ Blast%:10.0% [Blast%>15% ✗] · ↙ Pull%:60%>30% (must-have)",,,,,
   📐 9-STAT: ISO 0.231 | Barrel% 20.0 | HH% 40.0 | Air% 50.0 | GB% 30.0 | PullBrl% 10.0 | FB% 50.0 | Blast% 10.0 | Pull% 60.0,,,,,
"   🎰 MARKET CONFIRMING: Neg edge (-0.0%)+Odds+370 → 22.2% HR (1.29x, p=0.007) (49-sl) — market more bullish, already priced pitcher vulnerability",,,,,
"   📋 MULTI-BBE PITCHER: 8 batters have T3+ BBE matches vs Casey Mize — pitcher structurally vulnerable (informational, no score boost)",,,,,
   📊 HR market: +370 (line 0.5) [FanDuel],,,,,
   ⚠️ Concerns:,,,,,
   🏟️ Suppressive park (0.90x),,,,,
   🎯 Hit Score: 41.0/100,,,,,
   📊 Solid hit rate: 55%,,,,,
   📊 Strong hits probability (60% consensus over),,,,,
   📈 RotoWire projects 0.98 hits vs 0.5 line (+edge),,,,,
   💪 Power edge: 1.83 TB projected vs 1.5 line,,,,,
   ⚾ vs Mize (SP): 62% hit rate,,,,,
   📈 Strong last 5: 60% hit rate (+3 pts),,,,,
   ⚠️ High-K profile (32%) — significant contact risk,,,,,
   🎯 SHARP HIT: Pwr 86 + PM 1.013 (sweet zone) — 5-slate: 100% (14/14),,,,,
,,,,,
#35  Josh Lowe (LAA) vs Joe Ryan  [📋 PROJECTED]   Score: 45.6   HR Prob: 14.9%  |  Odds: +680,,,,,
Batter Power: 79.5,Pitcher Vuln: 42.2,Pitch Match: 0.992,Bullpen: 0.888,Bullpen Vuln 🔬: 42.9  (BVu 43 (~4.2 IP)),
Park: 0.970,Env: 0.949,Platoon: 1.08,Impl Runs: 3.9,Mkt Signal: 0.960,
HR/PA Rate: 0.057,Opp Score: 30/50,Conv Score: 20/50,NewConv CONV100: 41,NewConv Rank: 127,
NewConv p: 0.144,NewConv raw: 0.1467,Hits Odds: -,Hits Line: 0.5,xHR Factor: 0.838,
Pull×Park: 1.000,Zone Damage: 0.878,Count Score: 1.150,Umpire Factor: 1.000,Signal Score: 0/20,
   🔥 L7 power surge: SLG 0.625 (1.65x season — HR heat),,,,,
"   ⚡ QUIET POWER ARCHETYPE: Pwr 80 + PM<1.04 + Score~46 — 28.6% HR all-time (1.67x, n=49) (+4 conv)",,,,,
   ⚠️ ODDS FADE -15%: +680 (backtest: 9.3% HR 0.54x — market sees something model misses),,,,,
   ⚠️ T4 BBE vs LONG ODDS (+680): market fading despite BBE match — likely Suppressing L5 or recent pitcher domination. Market may have live recency data model's BBE window misses. Treat as LEAN not PLAY.,,,,,
   🎯 PITCHER TARGET FF (38% vs LHB): Ryan allows 46% HH / 73% FB / 54% Pull / 0.727 ISO (vuln 52) → Batter L10 FF: 2 HR/10 BBE • 60% HH • 284ft avg dist,,,,,
"   🎯 PRIME PITCHER TARGET MATCH (FF) ⚠️ CAUTION: 2 HR in last 10 BBEs vs pitcher's most vulnerable pitch (vuln 52) + HR-prone L5 (×1.45 vs season) — ⚡ HIGH-USAGE (38% vs LHB) BUT 2 quality flags: ⚠️ xHR caution: luck_regression=0.920<0.95 (batter outperforming contact quality — HR regression risk) | ⚠️ Dist caution: avg fly-ball dist 284ft<320 (fly balls not carrying — HRs may be outliers) (+6 conv, downgraded)",,,,,
   🔥 CROSS-PITCH BBE SURGE: 2 HR in L10 BBE on FC (330ft avg · 40% HH) — power surge on non-target pitch (+3 conv),,,,,
   ⚠️ Low blast rate: 10% per contact (-1.5 conv),,,,,
   ⚾ Career vs pitcher: 0HR/10AB (0%),,,,,
   ⚠️ Weak career OPS vs pitcher: 0.400 (10AB) (-2 conv),,,,,
   📊 HH% vs pitcher: 30%,,,,,
   ⚠️ Low qAB%: 30% vs this pitcher (struggles with count),,,,,
   🌡️ FL HR Factor: 1.4x (favourable game environment),,,,,
   🔥🔥 L10 BBE vs FF: 2 HR in 10 BBE (20% HR rate • 283.8 Avg Dist • 60% HH • 10% Brl) — Marsh-pattern recent power surge (+7 conv),,,,,
   📊 Opp 30/50 · Conv 20/50,,,,,
   ℹ️ Below-avg hit score (HS=10) — HR not gated by hit quality,,,,,
   ✅ Platoon edge (L vs R),,,,,
   🎯 High-K pitcher (market: 6.5 Ks),,,,,
   ⚠️ Vuln 42-44 HR trap (Vuln 42): 0.68x HR rate — PM does not rescue this zone vs hit rate 1.09x,,,,,
   ⚡ High K% (29.7%),,,,,
   🔥 HR-prone L5: 3.90 HR/9 vs 1.20 season (23 IP) — getting hit hard lately,,,,,
   📋 Projected lineup (unconfirmed),,,,,
"   🟣 Quality Metrics [4/10 core | 5/13 elite | DTP 5/7]: 🟡 DTP FILTER 5/7: PASS=ISO>0.2, Barrel>13%, HH>38%, Air>55%, GB<35% | FAIL=PullBrl>6, FB>40% · 🔴 NearHR:3≥3 (power at contact — fires DIAMOND 4 when Vuln≥48+Env≥1.05 or Vuln≥52+Odds250-400; standalone = 1.17x only) · 🎯 PullBrl proxy:6.0 (pull-air 20%×barrel 30.0%) ≥5.0 nuclear · 💪 HH%:50%≥50% (must-have) · 🔻 GB%:20%≤35% (nuclear/DTP — air-ball profile) · 💪 ISO:0.500≥.300 (nuclear)",,,,,
"   🎯 HR26 PF CORE TRIPLE: ISO 0.500>0.2 + Barrel% 30.0>15 + HH% 50>40 → 19.3%  73/379 HR (mined 19.3% 73/379, 1.30x, p=0.0074, boot5 1.12, 30sl). Beats the 9-gate count at every threshold (≥7/9 1.14x · ≥8/9 1.04x · 9/9 0.92x) because requiring all nine forces Pull%>30 (0.99x, passes on 94% of the pool) and GB%<40 (0.97x) to clear. ⚠️ July-weighted: split-half 24%→15%, August 6/47 = 13% below base.",,,,,
"   🔵 PropFinder [7/9 must-have] [L10 n=10]: 🔥 7/9 gates (display only — 1.37x, best tier) · 💪 ISO:0.500>0.2 (must-have) · 🎯 Barrel%:30.0%>15% (must-have) · 💪 HH%:50%>40% (must-have) · 🌤️ Air%:70%>50% (must-have) · 🔻 GB%:20%<40% (must-have) · 🎯 PullBrl%:20.0>10 (must-have) · ❌ FB%:30% [FB%>35% ✗] · ❌ Blast%:10.0% [Blast%>15% ✗] · ↙ Pull%:40%>30% (must-have)",,,,,
   📐 9-STAT: ISO 0.500 | Barrel% 30.0 | HH% 50.0 | Air% 70.0 | GB% 20.0 | PullBrl% 20.0 | FB% 30.0 | Blast% 10.0 | Pull% 40.0,,,,,
"   📋 MULTI-BBE PITCHER: 4 batters have T3+ BBE matches vs Joe Ryan — pitcher structurally vulnerable (informational, no score boost)",,,,,
   📈 HRF 1.4 > model env 0.949 — FL confirms better environment (+2 conv),,,,,
   📊 HR market: +680 (line 0.5) [FanDuel],,,,,
   ⚠️ Concerns:,,,,,
   ⚠️ Short-start alert: 4.8 IP projected — bullpen exposure (data: neutral/negative for HRs),,,,,
   🎯 Hit Score: 10.5/100,,,,,
   📈 RotoWire projects 0.76 hits vs 0.5 line (+edge),,,,,
   📊 Contact-favorable matchup: PM 0.992 (low PM = 1.13x hit rate),,,,,
   📊 Hard contact vs pitcher: 30% HH% (+2 pts),,,,,
   ⚾ vs Ryan (SP): 62% hit rate,,,,,
   📈 Strong last 5: 60% hit rate (+3 pts),,,,,
   📉 Mild regression risk: last-5 (60%) ahead of season (43%),,,,,
   ⚠️ Short-start alert: form less predictive vs. bullpen-heavy game (×0.97),,,,,
   ⚡ K-Danger: 30% K rate vs elite K pitcher Ryan (11.7 K/9) (-12 pts),,,,,
   ⚠️ Elevated K% (30%),,,,,
"   🧮 HR STACK — these 5 grades have never all fired together. Closest: 3 of them (2 left out). 1 such group on record, typical 2.24x base HR. Most-seen: HR26 + PRIME PITCHER TARGET + T4 → 36% (2.24x) over 11 occurrences",,,,,
"   🧮 HIT STACK — these 5 grades have never all fired together. Closest: 3 of them (2 left out). 1 such group on record, typical 1.25x base HIT. Most-seen: HR26 + PRIME PITCHER TARGET + T4 → 73% (1.25x) over 11 occurrences",,,,,
,,,,,
#36  Jonathan Aranda (TB) vs Brayan Bello   Score: 41.0   HR Prob: 11.4%  |  Odds: +700,,,,,
Batter Power: 79.6,Pitcher Vuln: 45.5,Pitch Match: 1.030,Bullpen: 0.834,Bullpen Vuln 🔬: 37.8  (BULLPEN ELITE (BVu 38) - late-game HR suppressed),
Park: 0.950,Env: 0.950,Platoon: 1.08,Impl Runs: 4.2,Mkt Signal: 0.959,
HR/PA Rate: 0.029,Opp Score: 21/50,Conv Score: 22/50,NewConv CONV100: 45,NewConv Rank: 98,
NewConv p: 0.159,NewConv raw: 0.1637,Hits Odds: -,Hits Line: 0.5,xHR Factor: 0.833,
Pull×Park: 1.000,Zone Damage: 1.150,Count Score: 1.150,Umpire Factor: 1.000,Signal Score: 0/20,
   🔥 L7 power surge: SLG 0.667 (1.36x season — HR heat),,,,,
   💥 2 HRs last 7 days — active HR streak,,,,,
   📊 wRC+ vs RHP: 124 (+24 above avg),,,,,
   📊 PitchMix wOBA 0.392 — strong contact vs pitcher's mix (+2 conv),,,,,
"   ⚡ QUIET POWER ARCHETYPE: Pwr 80 + PM<1.04 + Score~37 — 28.6% HR all-time (1.67x, n=49) (+4 conv)",,,,,
   ⚠️ ODDS FADE -15%: +700 (backtest: 9.3% HR 0.54x — market sees something model misses),,,,,
   🎯 Hand-specific pitch: Bello throws 38% CH vs LHB (overall primary: SI),,,,,
   🎯 PITCHER TARGET SI (38% vs LHB): Bello allows 67% HH / 33% FB (vuln 35) → Batter L10 SI: 0 HR/10 BBE • 40% HH • 278ft avg dist,,,,,
   🔥 CROSS-PITCH T1→T2 UPGRADE: T1 carry signal + 3 HR in L10 BBE on SL — batter has real recent power on non-target pitch (conv 1→3),,,,,
   🔥 CROSS-PITCH BBE SURGE: 3 HR in L10 BBE on SL (387ft avg · 50% HH) — power surge on non-target pitch (+3 conv),,,,,
   📊 Good solid contact: 35% squared-up rate (+1.5 hit),,,,,
   ⚠️ Low blast rate: 14% per contact (-1.5 conv),,,,,
"   ⚠️ No career HRs vs pitcher: 0HR/17AB (0%) (-2 conv, -10% rate)",,,,,
   ⚠️ Low HH% vs pitcher: 5% (-2 conv),,,,,
"   ✅ Good vs sinker (wOBA 0.392, SLG 0.465) — Bello throws SI 38% vs LHB (+2.5 conv)",,,,,
   🔥🔥 L10 BBE vs CH: 2 HR in 10 BBE (20% HR rate • 378.2 Avg Dist • 50% HH • 20% Brl) — Marsh-pattern recent power surge (+7 conv),,,,,
   📊 PitchMix wOBA: 0.392 — above-avg contact vs pitcher's mix,,,,,
   📊 Opp 21/50 · Conv 22/50,,,,,
   ℹ️ Low hit score (HS=2) — cold contact; HS not predictive of HR,,,,,
   ✅ Platoon edge (L vs R),,,,,
   🎯 Elite zone damage (1.16x),,,,,
   🛡️ Suppressing L5: 0.52 HR/9 vs 1.20 season (17 IP) — buy low on HR,,,,,
"   🟣 Quality Metrics [2/10 core | 2/13 elite | DTP 4/7]: 📊 DTP FILTER 4/7: ISO>0.2, HH>38%, Air>55%, GB<35% · 💥 Blast%:14.2%≥12% (must-have) · 🔶 NearHR:2≥2 (near-HR signal — meaningful only with Vuln≥48+Env≥1.05 combo; standalone = 1.17x) · ⚠️ xHR CAUTION: luck_regression=0.920<0.95 + HH%=40%<42% — batter outperforming expected HR rate; contact quality may not support continuation. · 🔻 GB%:30%≤35% (nuclear/DTP — air-ball profile) · 💪 ISO:0.500≥.300 (nuclear)",,,,,
   🔵 PropFinder [6/9 must-have] [L10 n=10]: ✅ 6/9 gates (display only — 1.11x) · 💪 ISO:0.500>0.2 (must-have) · ❌ Barrel%:10.0% [Barrel%>15% ✗] · 💪 HH%:40%>40% (must-have) · 🌤️ Air%:70%>50% (must-have) · 🔻 GB%:30%<40% (must-have) · ❌ PullBrl%:10.0 [PullBrl%>10 ✗] · ❌ FB%:20% [FB%>35% ✗] · 💥 Blast%:20.0%>15% (must-have) · ↙ Pull%:50%>30% (must-have),,,,,
   📐 9-STAT: ISO 0.500 | Barrel% 10.0 | HH% 40.0 | Air% 70.0 | GB% 30.0 | PullBrl% 10.0 | FB% 20.0 | Blast% 20.0 | Pull% 50.0,,,,,
"   📋 MULTI-BBE PITCHER: 7 batters have T3+ BBE matches vs Brayan Bello — pitcher structurally vulnerable (informational, no score boost)",,,,,
   📊 HR market: +700 (line 0.5) [FanDuel [LOCKED-PRE]],,,,,
   🎯 Hit Score: 1.5/100,,,,,
   ⚠️ Limited market signal (no hits or HR consensus over),,,,,
   🎯 SHARP HIT: Pwr 80 + PM 1.030 (sweet zone) — 5-slate: 100% (14/14),,,,,
   📊 wRC+ vs RHP: 124 (+1.5 hit pts),,,,,
,,,,,
#37  James Wood (WSH) vs Michael McGreevy   Score: 40.7   HR Prob: 14.9%  |  Odds: +410,,,,,
Batter Power: 88.0,Pitcher Vuln: 52.7,Pitch Match: 1.111,Bullpen: 0.977,Bullpen Vuln 🔬: 47.7  (BVu 48 (~3.2 IP)),
Park: 0.970,Env: 0.975,Platoon: 1.08,Impl Runs: 4.4,Mkt Signal: 1.013,
HR/PA Rate: 0.030,Opp Score: 21/50,Conv Score: 22/50,NewConv CONV100: 82,NewConv Rank: 15,
NewConv p: 0.285,NewConv raw: 0.2369,Hits Odds: -,Hits Line: 0.5,xHR Factor: 0.914,
Pull×Park: 1.000,Zone Damage: 1.150,Count Score: 1.150,Umpire Factor: 1.000,Signal Score: 0/20,
   📊 SIGNAL COMBO (0/20): Power≥63 + Score 40-45  →  Historical HR rate: 18%  637/3630 AT (signal-combo),,,,,
   📊 wRC+ vs RHP: 145 (+45 above avg) (+2 conv),,,,,
   🎯 PitchMix wOBA 0.435 — elite contact vs pitcher's actual mix (+4 conv),,,,,
   📊 Above-avg HR/PA vs RHP: 5.1% (+1.5 conv),,,,,
   📊 Good road SLG: 0.519 (+1.5 conv),,,,,
"   📊 PITCH HR CONC (soft): FF = pitcher's primary damage pitch (wOBA 0.349 × usage 24%, 1.6× next pitch type) but no confirmed batter L10 BBE HR on FF. Informational — watch this matchup.",,,,,
   🎯 Hand-specific pitch: McGreevy throws 34% CH vs LHB (overall primary: FF),,,,,
   🎯 PITCHER TARGET CU (17% vs LHB): McGreevy allows 75% HH / 50% FB / 50% Pull / 0.750 ISO (vuln 58) → Batter L10 CU: 1 HR/10 BBE • 60% HH • 30% Brl • 325ft avg dist,,,,,
"   📊 PITCHER TARGET CU (17% vs LHB): 1 HR in L10 BBEs on this pitch BUT pitcher throws it only 17% — LOW-USAGE: limited opportunity (demoted T3→T2, +3 conv)",,,,,
   🔥 CROSS-PITCH BBE SURGE: 3 HR in L10 BBE on SL (400ft avg · 80% HH) — power surge on non-target pitch (+3 conv),,,,,
   📊 Good solid contact: 35% squared-up rate (+1.5 hit),,,,,
   🌡️ FL HR Factor: 1.7x (favourable game environment),,,,,
   ⚠️ Curveball weakness: wOBA 0.154 — CU 17% vs LHB (-2 conv),,,,,
   ✅ Good vs changeup: wOBA 0.369 — CH 34% vs LHB (+1.5 conv),,,,,
   🔥 L10 BBE vs CU: 1 HR in 10 BBE • 324.6 Avg Dist • 60% HH • 30% Brl — quality carry confirms (+4 conv),,,,,
   🎯 PITCHMIX wOBA: 0.435 vs pitcher mix — elite contact quality against this specific arsenal (1.36x avg),,,,,
   📊 Opp 21/50 · Conv 21/50,,,,,
   ℹ️ Low hit score (HS=4) — cold contact; HS not predictive of HR,,,,,
   ✅ Platoon edge (L vs R),,,,,
   🌡️ Hot (86°F),,,,,
   💪 Elite ISO: 0.302 — well above 0.220 strong threshold (pure power),,,,,
   ⏱️ SP market: 5.8 IP expected,,,,,
   ⚡ High K% (28.2%),,,,,
   🎯 Elite zone damage (1.25x),,,,,
   ⚡ High Z-Contact: 91.4% (≥88% = batters making easy contact in zone → xwOBA quality elevated),,,,,
   🛡️ Suppressing L5: 0.66 HR/9 vs 1.20 season (27 IP) — buy low on HR,,,,,
   🟣 Quality Metrics [3/10 core | 2/13 elite | DTP 1/7]: 💥 Blast%:25.2%≥15% (nuclear) · 💪 HH%:60%≥55% (nuclear) · ⚡ EV:93.7mph≥92 (must-have),,,,,
   🔵 PropFinder [4/9 must-have] [L10 n=10]: ❌ ISO:0.100 [ISO>0.2 ✗] · ❌ Barrel%:0.0% [Barrel%>15% ✗] · 💪 HH%:60%>40% (must-have) · ❌ Air%:40% [Air%>50% ✗] · ❌ GB%:60% [GB%<40% ✗] · 🎯 PullBrl%:10.6>10 (must-have) · ❌ FB%:10% [FB%>35% ✗] · 💥 Blast%:30.0%>15% (must-have) · ↙ Pull%:60%>30% (must-have),,,,,
   📐 9-STAT: ISO 0.100 | Barrel% 0.0 | HH% 60.0 | Air% 40.0 | GB% 60.0 | PullBrl% 10.6 | FB% 10.0 | Blast% 30.0 | Pull% 60.0,,,,,
"   📋 MULTI-BBE PITCHER: 7 batters have T3+ BBE matches vs Michael McGreevy — pitcher structurally vulnerable (informational, no score boost)",,,,,
   📈 HRF 1.7 > model env 0.975 — FL confirms better environment (+2 conv),,,,,
   📊 HR market: +410 (line 0.5) [FanDuel],,,,,
   🎯 Hit Score: 4.0/100,,,,,
   ❄️ Ice cold hitter: 13% weighted hit rate (-4 pts),,,,,
   📉 RotoWire projects only 1.15 hits vs 1.5 line,,,,,
   💪 Power edge: 2.05 TB projected vs 1.5 line,,,,,
   🎯 Elite contact vs FF: wOBA 0.497 on primary pitch type (+4 pts),,,,,
   ⚾ vs McGreevy (SP): 29% hit rate,,,,,
   ⚾ vs McGreevy (SP): 29% hit rate (career fade skipped: ≤20 AB sample),,,,,
   ❄️ Ice cold last 5: 20%,,,,,
   📉 Negative momentum,,,,,
   🧊 DOUBLE ICE COLD: WHR 13% + L5 20% — both cold signals confirmed (-10 pts),,,,,
   ⚠️ Elevated K% (28%),,,,,
   🎯 SHARP HIT: PM 1.111 + PA 4.6 — strong PM+PA contact combo,,,,,
   📊 wRC+ vs RHP: 145 (+3 hit pts — elite vs this hand),,,,,
"   💰 DFF CROSS-CHECK (TIER1): DailyFantasyFuel's #1-ranked batter on this team today (FPTS 12.8, slate rank #33) - independent same-day agreement, unvalidated, small bonus only.",,,,,
   🧮 HR STACK — all 2 of these grades have fired together 292 times: 45 produced a HR = 15% (0.95x base),,,,,
   🧮 HIT STACK — all 2 of these grades have fired together 292 times: 172 produced a HIT = 59% (1.02x base),,,,,
,,,,,
#38  Kyle Teel (CWS) vs Jackson Jobe   Score: 40.6   HR Prob: 14.1%  |  Odds: +540,,,,,
Batter Power: 80.3,Pitcher Vuln: 50.4,Pitch Match: 1.002,Bullpen: 0.933,Bullpen Vuln 🔬: 44.7  (BVu 45 (~3.5 IP)),
Park: 0.970,Env: 0.951,Platoon: 1.08,Impl Runs: 4.3,Mkt Signal: 0.982,
HR/PA Rate: 0.040,Opp Score: 23/50,Conv Score: 19/50,NewConv CONV100: 60,NewConv Rank: 55,
NewConv p: 0.211,NewConv raw: 0.1974,Hits Odds: -,Hits Line: 0.5,xHR Factor: 0.851,
Pull×Park: 1.000,Zone Damage: 0.850,Count Score: 1.150,Umpire Factor: 1.018,Signal Score: 5/20,
   📊 SIGNAL COMBO (5/20): Power≥63 + Score 40-45  →  Historical HR rate: 18%  637/3630 AT (signal-combo),,,,,
"   ⚡ QUIET POWER ARCHETYPE: Pwr 80 + PM<1.04 + Score~39 — 28.6% HR all-time (1.67x, n=49) (+4 conv)",,,,,
   🎯 PITCHER TARGET FF (34% vs LHB): Jobe allows 75% FB / 50% Pull / 1.000 ISO (vuln 46) → Batter L10 FF: 0 HR/10 BBE • 60% HH • 272ft avg dist,,,,,
   📊 PITCHER TARGET FF: 60% HH in L10 BBEs vs pitcher's weakest pitch (+3 conv),,,,,
   🔥 CROSS-PITCH BBE SURGE: 2 HR in L10 BBE on SI (325ft avg · 80% HH) — power surge on non-target pitch (+3 conv),,,,,
   ⚠️ Low blast rate: 13% per contact (-1.5 conv),,,,,
   🔥🔥 L10 BBE vs SI: 2 HR in 10 BBE (20% HR rate • 325.4 Avg Dist • 80% HH • 20% Brl) — Marsh-pattern recent power surge (+7 conv),,,,,
   📊 Opp 23/50 · Conv 19/50,,,,,
   ℹ️ Low hit score (HS=5) — cold contact; HS not predictive of HR,,,,,
   ✅ Platoon edge (L vs R),,,,,
   ⚡ High K% (37.9%),,,,,
   ⚡ High Z-Contact: 88.9% (≥88% = batters making easy contact in zone → xwOBA quality elevated),,,,,
   🔥 HR-prone L5: 1.70 HR/9 vs 1.20 season (26 IP) — getting hit hard lately,,,,,
   🟣 Quality Metrics [2/10 core | 1/13 elite | DTP 1/7]: 💥 Blast%:12.6%≥12% (must-have) · 💪 HH%:60%≥55% (nuclear),,,,,
   🔵 PropFinder [2/9 must-have] [L10 n=10]: ❌ ISO:0.100 [ISO>0.2 ✗] · ❌ Barrel%:10.0% [Barrel%>15% ✗] · 💪 HH%:60%>40% (must-have) · ❌ Air%:40% [Air%>50% ✗] · ❌ GB%:60% [GB%<40% ✗] · ❌ PullBrl%:0.0 [PullBrl%>10 ✗] · ❌ FB%:10% [FB%>35% ✗] · ❌ Blast%:12.6% [Blast%>15% ✗] · ↙ Pull%:70%>30% (must-have),,,,,
   📐 9-STAT: ISO 0.100 | Barrel% 10.0 | HH% 60.0 | Air% 40.0 | GB% 60.0 | PullBrl% 0.0 | FB% 10.0 | Blast% 12.6 | Pull% 70.0,,,,,
"   📋 MULTI-BBE PITCHER: 6 batters have T3+ BBE matches vs Jackson Jobe — pitcher structurally vulnerable (informational, no score boost)",,,,,
   📊 HR market: +540 (line 0.5) [FanDuel [LOCKED-PRE]],,,,,
   🎯 Hit Score: 5.0/100,,,,,
   📐 Stats-based estimate (no hits market data): L7=0.053 xwOBA=0.299 K%=37.9% HH%=36.5 PM=1.002 wRC+=91,,,,,
,,,,,
#39  Christian Encarnacion-Strand (BAL) vs Robert Gasser   Score: 39.0   HR Prob: 11.4%  |  Odds: +420,,,,,
Batter Power: 88.0,Pitcher Vuln: 47.8,Pitch Match: 1.239,Bullpen: 0.850,Bullpen Vuln 🔬: 38.9  (BVu 39 (~3.5 IP)),
Park: 1.060,Env: 1.018,Platoon: 0.97,Impl Runs: 3.9,Mkt Signal: 1.009,
HR/PA Rate: 0.026,Opp Score: 21/50,Conv Score: 30/50,NewConv CONV100: 81,NewConv Rank: 20,
NewConv p: 0.285,NewConv raw: 0.2288,Hits Odds: -,Hits Line: 0.5,xHR Factor: 0.805,
Pull×Park: 1.000,Zone Damage: 1.150,Count Score: 1.150,Umpire Factor: 1.006,Signal Score: 3/20,
   📊 SIGNAL COMBO (3/20): Power≥63 + Score 40-45  →  Historical HR rate: 18%  637/3630 AT (signal-combo),,,,,
   💥 2 HRs last 7 days — active HR streak,,,,,
   📊 wRC+ vs RHP: 131 (+31 above avg),,,,,
   📊 Above-avg HR/PA vs RHP: 5.2% (+1.5 conv),,,,,
   📊 Good home SLG: 0.511 (+1.5 conv),,,,,
"   💎 DIAMOND: SHARP PM LONGSHOT: PM1.239≥1.10+Pwr88≥88+Env1.018≥1.00 → 27.8% HR / 1.58x (n=36, 61-sl Jul11). Elite PM + power in positive env at long odds = unpriced edge. Ranking +7%.",,,,,
   🎯 PITCHER TARGET SI (24% vs RHB): Gasser allows 40% HH / 100% FB / 0.400 ISO (vuln 45) → Batter L10 SI: 0 HR/10 BBE • 50% HH • 313ft avg dist,,,,,
   📊 PITCHER TARGET SI: 50% HH in L10 BBEs vs pitcher's weakest pitch (+3 conv),,,,,
   🔥 CROSS-PITCH BBE SURGE: 3 HR in L10 BBE on FF (358ft avg · 70% HH) — power surge on non-target pitch (+3 conv),,,,,
   📊 DailyPitch HR signal: PM 1.239 + pitch edge +3 + Pwr 88 + Vuln 48 (informational — no park gate),,,,,
   ⚠️ Low blast rate: 12% per contact (-1.5 conv),,,,,
   🎯 Crushes Gasser's fastball arsenal: fastball wOBA 0.396 (SI 24%) — primary pitch plays into batter strength (+3 conv),,,,,
   🔥🔥 L10 BBE vs FF: 3 HR in 10 BBE (30% HR rate • 357.8 Avg Dist • 70% HH • 10% Brl) — Marsh-pattern recent power surge (+7 conv),,,,,
   📊 Opp 21/50 · Conv 20/50,,,,,
   ℹ️ Low hit score (HS=2) — cold contact; HS not predictive of HR,,,,,
   💪 Same-side + elite power (R vs R) — HR advantage,,,,,
   💪 Elite ISO: 0.900 — well above 0.220 strong threshold (pure power),,,,,
   ⚡ High K% (27.7%),,,,,
   🎯 Elite zone damage (1.40x),,,,,
   ⚡ High Z-Contact: 88.1% (≥88% = batters making easy contact in zone → xwOBA quality elevated),,,,,
   🛡️ Suppressing L5: 0.35 HR/9 vs 1.20 season (23 IP) — buy low on HR,,,,,
"   🟣 Quality Metrics [3/10 core | 3/13 elite | DTP 5/7]: 🟡 DTP FILTER 5/7: PASS=ISO>0.2, HH>38%, Air>55%, GB<35%, FB>40% | FAIL=Barrel>13%, PullBrl>6 · 💪 HH%:50%≥50% (must-have) · 🌤️ FB%:60%≥40% (nuclear/DTP) · 🔻 GB%:30%≤35% (nuclear/DTP — air-ball profile) · 💪 ISO:0.800≥.300 (nuclear)",,,,,
"   🌤️ FB50 LOFT + GROUND SUPPRESSION: FB%60 (>50) + GB%30 (<40) → 1.42x HR (Jul 1.31x / Aug 1.58x p=0.045, n=187 combined; tuned on July, held out-of-sample on August). +5 conv.",,,,,
   🔵 PropFinder [6/9 must-have] [L10 n=10]: ✅ 6/9 gates (display only — 1.11x) · 💪 ISO:0.800>0.2 (must-have) · ❌ Barrel%:10.0% [Barrel%>15% ✗] · 💪 HH%:50%>40% (must-have) · 🌤️ Air%:60%>50% (must-have) · 🔻 GB%:30%<40% (must-have) · ❌ PullBrl%:10.0 [PullBrl%>10 ✗] · 🌤️ FB%:60%>35% (must-have) · ❌ Blast%:11.9% [Blast%>15% ✗] · ↙ Pull%:40%>30% (must-have),,,,,
   📐 9-STAT: ISO 0.800 | Barrel% 10.0 | HH% 50.0 | Air% 60.0 | GB% 30.0 | PullBrl% 10.0 | FB% 60.0 | Blast% 11.9 | Pull% 40.0,,,,,
"   🌡️ ENV-ANCHORED SHARP PM: PM1.239≥1.085+Env1.018≥1.00+HS2<40 → 33.9%/1.81x (n=59, 38-sl Jul11 post-mortem). Cold bat faded by market; PM+env structural edge is real. Conv +5.",,,,,
"   🔵 COLD-ARM-MATCH (TRACKING): HS<25+Vuln48+PM1.239+Sc39<50 → 26.2% HR (1.51x, n=65, 67-sl CSV Jul3) — informational only, no conv change",,,,,
"   📋 MULTI-BBE PITCHER: 6 batters have T3+ BBE matches vs Robert Gasser — pitcher structurally vulnerable (informational, no score boost)",,,,,
   📊 HR market: +420 (line 0.5) [FanDuel [LOCKED-PRE]],,,,,
   🎯 Hit Score: 1.5/100,,,,,
   ⚠️ Limited market signal (no hits or HR consensus over),,,,,
   💪 Same-side + elite power (R vs R) — HR advantage,,,,,
   ⚠️ Elevated K% (28%),,,,,
   🧤 Elite framing catcher (+8.6 runs) — tight zone (-2 pts),,,,,
   📊 wRC+ vs RHP: 131 (+1.5 hit pts),,,,,
   🧮 HR STACK — all 2 of these grades have fired together 151 times: 27 produced a HR = 18% (1.10x base),,,,,
   🧮 HIT STACK — all 2 of these grades have fired together 151 times: 79 produced a HIT = 52% (0.90x base),,,,,
,,,,,
#40  Mickey Gasper (BOS) vs Freddy Peralta   Score: 38.9   HR Prob: 15.2%  |  Odds: +1100,,,,,
Batter Power: 79.0,Pitcher Vuln: 45.5,Pitch Match: 1.002,Bullpen: 1.116,"Bullpen Vuln 🔬: 57.7  (BULLPEN VULN (BVu 58, ~3.5 IP exposure))",
Park: 0.910,Env: 0.910,Platoon: 1.08,Impl Runs: 3.5,Mkt Signal: 0.927,
HR/PA Rate: 0.038,Opp Score: 25/50,Conv Score: 20/50,NewConv CONV100: 38,NewConv Rank: 165,
NewConv p: 0.134,NewConv raw: 0.1327,Hits Odds: -,Hits Line: 0.5,xHR Factor: 1.061,
Pull×Park: 1.000,Zone Damage: 0.969,Count Score: 1.150,Umpire Factor: 1.000,Signal Score: 0/20,
   📊 wRC+ vs RHP: 138 (+38 above avg),,,,,
   📊 Above-avg HR/PA vs RHP: 4.3% (+1.5 conv),,,,,
   📊 Good road SLG: 0.480 (+1.5 conv),,,,,
"   ⚡ QUIET POWER ARCHETYPE: Pwr 79 + PM<1.04 + Score~37 — 28.6% HR all-time (1.67x, n=49) (+4 conv)",,,,,
   🚫 ODDS DEAD ZONE -30%: +1100 (backtest: 9.9% HR 0.58x — grade fires but market has hard passed). PRIME exemption REMOVED in this band Sep 14 2026 — see the +800-1000 note above for the band-level ROI evidence.,,,,,
"   🎯 PITCH HR CONCENTRATION: FF is pitcher's primary damage vehicle (wOBA 0.360 × usage 53% = 0.190 weighted score, 2.8× higher than next pitch type — pitcher concentrates contact damage on FF) | Batter L10 BBE HR on FF: 0 | Usage 53% → batter will see this pitch. Conv +6. (Jul 11 2026 — Ryan Johnson/Royce Lewis SI pattern)",,,,,
   ⚠️ Low blast rate: 15% per contact (-1.5 conv),,,,,
   🔥🔥 L10 BBE vs FF: 3 HR in 10 BBE (30% HR rate • 334.2 Avg Dist • 60% HH • 30% Brl) — Marsh-pattern recent power surge (+7 conv),,,,,
   ⚡ Balanced spot: Opp 25/50 · Conv 22/50,,,,,
   ℹ️ Low hit score (HS=2) — cold contact; HS not predictive of HR,,,,,
   ✅ Platoon edge (S vs R),,,,,
   🔓 Weak bullpen (HR/9: 1.69),,,,,
   🛡️ Suppressing L5: 0.33 HR/9 vs 1.20 season (27 IP) — buy low on HR,,,,,
   🟣 Quality Metrics [2/10 core | 1/13 elite | DTP 1/7]: 💥 Blast%:15.0%≥15% (nuclear) · ⚠️ xHR CAUTION: luck_regression=0.920<0.95 + HH%=40%<42% — batter outperforming expected HR rate; contact quality may not support continuation.,,,,,
   🔵 PropFinder [3/9 must-have] [L10 n=10]: ❌ ISO:0.078 [ISO>0.2 ✗] · ❌ Barrel%:10.0% [Barrel%>15% ✗] · 💪 HH%:40%>40% (must-have) · ❌ Air%:40% [Air%>50% ✗] · ❌ GB%:50% [GB%<40% ✗] · ❌ PullBrl%:9.1 [PullBrl%>10 ✗] · ❌ FB%:20% [FB%>35% ✗] · 💥 Blast%:15.0%>15% (must-have) · ↙ Pull%:60%>30% (must-have),,,,,
   📐 9-STAT: ISO 0.078 | Barrel% 10.0 | HH% 40.0 | Air% 40.0 | GB% 50.0 | PullBrl% 9.1 | FB% 20.0 | Blast% 15.0 | Pull% 60.0,,,,,
"   📋 MULTI-BBE PITCHER: 6 batters have T3+ BBE matches vs Freddy Peralta — pitcher structurally vulnerable (informational, no score boost)",,,,,
   📊 HR market: +1100 (line 0.5) [FanDuel [LOCKED-PRE]],,,,,
   ⚠️ Concerns:,,,,,
   🏟️ Suppressive park (0.91x),,,,,
"   ⛔ AUDIT-F1 ISO-REGRESSION FADE: xISO 0.145 vs ISO 0.078 — historically a NEGATIVE HR signal, not a positive one: 8.4% HR (22/261, 0.59x, 46 slates, both months, perm p=0.997). Treat as NEG-class caution.",,,,,
   ⚠️ Model over-bullish vs market (+7%): edge 0-5% = 0.62x HR rate historically (-2 conv),,,,,
   🎯 Hit Score: 1.5/100,,,,,
   ⚠️ Limited market signal (no hits or HR consensus over),,,,,
   📈 Quality trend up (form 1.09x) (+1.8 pts),,,,,
   🎯 SHARP HIT: Pwr 79 + PM 1.002 (sweet zone) — 5-slate: 100% (14/14),,,,,
   📊 wRC+ vs RHP: 138 (+1.5 hit pts),,,,,
,,,,,
#41  Travis Bazzana (CLE) vs Jacob Lopez   Score: 36.3   HR Prob: 13.9%  |  Odds: +900,,,,,
Batter Power: 70.7,Pitcher Vuln: 47.6,Pitch Match: 0.966,Bullpen: 1.000,Bullpen Vuln 🔬: 50.0  (BVu 50 (~4.0 IP)),
Park: 0.990,Env: 0.944,Platoon: 1.08,Impl Runs: 4.4,Mkt Signal: 0.951,
HR/PA Rate: 0.048,Opp Score: 23/50,Conv Score: 20/50,NewConv CONV100: 26,NewConv Rank: 217,
NewConv p: 0.090,NewConv raw: 0.1164,Hits Odds: -,Hits Line: 0.5,xHR Factor: 1.007,
Pull×Park: 1.000,Zone Damage: 0.850,Count Score: 1.150,Umpire Factor: 1.012,Signal Score: 0/20,
   🔥 L7 power surge: SLG 0.870 (3.76x season — HR heat),,,,,
   💥 4 HRs last 7 days — active HR streak,,,,,
"   ⚠️ ODDS FADE -22%: +900 (backtest: 8.6% HR 0.50x — market correct, model grade likely stale). PRIME exemption REMOVED in this band Sep 14 2026: +700+ is ROI -0.256 with a bootstrap CI excluding zero (n=672), and PRIME there ran 2.86% vs non-PRIME 7.85%.",,,,,
   🎯 PITCHER TARGET SL (34% vs LHB): Lopez allows 100% FB (vuln 25) → Batter L10 SL: 2 HR/10 BBE • 281ft avg dist,,,,,
   🔥🔥 PITCHER-FIRST MATCH (SL): 2 HR in L10 BBEs vs pitcher's most vulnerable pitch (+8 conv),,,,,
"    ⚠️ T4 WEAK-CONTACT CAUTION: 2 HR in L10 BBE but HH%=40%<50% → 9.0% HR / 0.56x (11/122, p=0.025, boot5 0.30, halves 12%/6%, 34sl). Quantity without quality (-4 conv).",,,,,
   🔥 CROSS-PITCH BBE SURGE: 3 HR in L10 BBE on FF (306ft avg · 70% HH) — power surge on non-target pitch (+3 conv),,,,,
   📊 Good solid contact: 34% squared-up rate (+1.5 hit),,,,,
   ⚠️ Low blast rate: 10% per contact (-1.5 conv),,,,,
   ✅ Good vs four-seamer: wOBA 0.374 — Lopez FF 57% vs LHB (+2.0 conv),,,,,
   🔥🔥 L10 BBE vs FF: 3 HR in 10 BBE (30% HR rate • 305.6 Avg Dist • 70% HH • 30% Brl) — Marsh-pattern recent power surge (+7 conv),,,,,
   📊 Opp 23/50 · Conv 20/50,,,,,
   ✅ Platoon edge (L vs R),,,,,
   ⏱️ SP market: 5.2 IP expected,,,,,
   📊 ERA composite 4.82 (FIP/xFIP/SIERA avg) vs ERA 4.00 — ERA understated,,,,,
   🔥 HR-prone L5: 1.67 HR/9 vs 1.20 season (26 IP) — getting hit hard lately,,,,,
"   🟣 Quality Metrics [3/10 core | 2/13 elite | DTP 4/7]: 📊 DTP FILTER 4/7: ISO>0.2, Barrel>13%, HH>38%, Air>55% · ⚠️ xHR CAUTION: luck_regression=0.920<0.95 + HH%=40%<42% — batter outperforming expected HR rate; contact quality may not support continuation. · 🎯 PullBrl proxy:4.0 ≥3.5 must-have · 💪 ISO:0.900≥.300 (nuclear)",,,,,
   🔵 PropFinder [6/9 must-have] [L10 n=10]: ✅ 6/9 gates (display only — 1.11x) · 💪 ISO:0.900>0.2 (must-have) · 🎯 Barrel%:20.0%>15% (must-have) · 💪 HH%:40%>40% (must-have) · ❌ Air%:40% [Air%>50% ✗] · 🔻 GB%:40%<40% (must-have) · 🎯 PullBrl%:20.0>10 (must-have) · ❌ FB%:30% [FB%>35% ✗] · ❌ Blast%:10.0% [Blast%>15% ✗] · ↙ Pull%:60%>30% (must-have),,,,,
   📐 9-STAT: ISO 0.900 | Barrel% 20.0 | HH% 40.0 | Air% 40.0 | GB% 40.0 | PullBrl% 20.0 | FB% 30.0 | Blast% 10.0 | Pull% 60.0,,,,,
"   📋 MULTI-BBE PITCHER: 6 batters have T3+ BBE matches vs Jacob Lopez — pitcher structurally vulnerable (informational, no score boost)",,,,,
   📊 HR market: +900 (line 0.5) [FanDuel],,,,,
   ⚠️ Concerns:,,,,,
"   ⛔ AUDIT-F1 ISO-REGRESSION FADE: xISO 0.145 vs ISO 0.055 — historically a NEGATIVE HR signal, not a positive one: 8.4% HR (22/261, 0.59x, 46 slates, both months, perm p=0.997). Treat as NEG-class caution.",,,,,
   🎯 Hit Score: 53.6/100,,,,,
   🔥 Hot hitter: 72% weighted hit rate,,,,,
   📈 RotoWire projects 0.75 hits vs 0.5 line (+edge),,,,,
   📊 Contact-favorable matchup: PM 0.966 (low PM = 1.13x hit rate),,,,,
   💪 Power edge: 1.31 TB projected vs 0.5 line,,,,,
   📊 Good contact vs FF: wOBA 0.374 on primary pitch type (+2 pts),,,,,
"   ✅ Hits well vs Lopez (SP): 75% (+2.5 pts, very small sample 0AB)",,,,,
   🔥 Red hot last 5: 80% hit rate (+6 pts),,,,,
   📉 Mild regression risk: last-5 (80%) ahead of season (59%),,,,,
   📈 Quality trend up (form 1.12x) (+2.4 pts),,,,,
   🧮 HR STACK — all 2 of these grades have fired together 14 times: 1 produced a HR = 7% (0.44x base),,,,,
   🧮 HIT STACK — all 2 of these grades have fired together 14 times: 10 produced a HIT = 71% (1.23x base),,,,,
,,,,,
#42  Ryan O'Hearn (PIT) vs Noah Cameron   Score: 36.0   HR Prob: 14.9%  |  Odds: +900,,,,,
Batter Power: 76.1,Pitcher Vuln: 43.9,Pitch Match: 1.003,Bullpen: 1.202,"Bullpen Vuln 🔬: 63.8  (BULLPEN SUPER VULN (BVu 64, ~3.5 IP exposure))",
Park: 0.960,Env: 0.960,Platoon: 1.08,Impl Runs: 4.2,Mkt Signal: 0.940,
HR/PA Rate: 0.037,Opp Score: 27/50,Conv Score: 11/50,NewConv CONV100: 41,NewConv Rank: 132,
NewConv p: 0.144,NewConv raw: 0.1440,Hits Odds: -,Hits Line: 0.5,xHR Factor: 0.906,
Pull×Park: 1.000,Zone Damage: 0.905,Count Score: 1.150,Umpire Factor: 0.970,Signal Score: 0/20,
   📊 Above-avg HR/PA vs RHP: 4.3% (+1.5 conv),,,,,
"   ⚠️ ODDS FADE -22%: +900 (backtest: 8.6% HR 0.50x — market correct, model grade likely stale). PRIME exemption REMOVED in this band Sep 14 2026: +700+ is ROI -0.256 with a bootstrap CI excluding zero (n=672), and PRIME there ran 2.86% vs non-PRIME 7.85%.",,,,,
   📊 Good solid contact: 34% squared-up rate (+1.5 hit),,,,,
   ⚠️ Low blast rate: 12% per contact (-1.5 conv),,,,,
   🎯 Crushes Cameron's fastball arsenal: fastball wOBA 0.399 (FC 22%) — primary pitch plays into batter strength (+3 conv),,,,,
   🔥🔥 L10 BBE vs CU: 2 HR in 10 BBE (20% HR rate • 316.8 Avg Dist • 40% HH • 20% Brl) — Marsh-pattern recent power surge (+7 conv),,,,,
   📊 Opp 27/50 · Conv 11/50,,,,,
   ℹ️ Low hit score (HS=2) — cold contact; HS not predictive of HR,,,,,
   ✅ Platoon edge (L vs R),,,,,
   🎯 High-K pitcher (market: 5.5 Ks),,,,,
   ⏱️ SP market: 5.5 IP expected,,,,,
   🔓 Weak bullpen (HR/9: 1.97),,,,,
   ⚠️ Vuln 42-44 HR trap (Vuln 44): 0.68x HR rate — PM does not rescue this zone vs hit rate 1.09x,,,,,
   📊 Pitcher L5: 0.96 HR/9 (28 IP) — near season avg,,,,,
   🟣 Quality Metrics [2/10 core | 0/13 elite | DTP 0/7]: 💥 Blast%:12.1%≥12% (must-have) · ⚠️ xHR CAUTION: luck_regression=0.920<0.95 + HH%=10%<42% — batter outperforming expected HR rate; contact quality may not support continuation.,,,,,
   🔵 PropFinder [1/9 must-have] [L10 n=10]: ❌ ISO:0.140 [ISO>0.2 ✗] · ❌ Barrel%:0.0% [Barrel%>15% ✗] · ❌ HH%:10% [HH%>40% ✗] · ❌ Air%:30% [Air%>50% ✗] · ❌ GB%:70% [GB%<40% ✗] · ❌ PullBrl%:5.7 [PullBrl%>10 ✗] · ❌ FB%:0% [FB%>35% ✗] · ❌ Blast%:12.1% [Blast%>15% ✗] · ↙ Pull%:60%>30% (must-have),,,,,
   📐 9-STAT: ISO 0.140 | Barrel% 0.0 | HH% 10.0 | Air% 30.0 | GB% 70.0 | PullBrl% 5.7 | FB% 0.0 | Blast% 12.1 | Pull% 60.0,,,,,
"   📋 MULTI-BBE PITCHER: 3 batters have T3+ BBE matches vs Noah Cameron — pitcher structurally vulnerable (informational, no score boost)",,,,,
   📊 HR market: +900 (line 0.5) [FanDuel],,,,,
   🎯 Hit Score: 2.0/100,,,,,
   ⚠️ Limited market signal (no hits or HR consensus over),,,,,
   ⚠️ K-Risk: 21% K rate vs Cameron (9.9 K/9) (-3 pts),,,,,
   🧤 Poor framing catcher (-9.1 runs) — batter-friendly zone (+2 pts),,,,,
   🎯 SHARP HIT: Pwr 76 + PM 1.003 (sweet zone) — 5-slate: 100% (14/14),,,,,
,,,,,
#43  Cole Carrigg (COL) vs Bryce Miller  [📋 PROJECTED]   Score: 31.7   HR Prob: 20.5%  |  Odds: +630,,,,,
Batter Power: 82.1,Pitcher Vuln: 48.0,Pitch Match: 1.005,Bullpen: 1.005,Bullpen Vuln 🔬: 49.8  (BVu 50 (~3.8 IP)),
Park: 1.400,Env: 1.583,Platoon: 1.08,Impl Runs: 4.9,Mkt Signal: 0.987,
HR/PA Rate: 0.066,Opp Score: 10/50,Conv Score: 21/50,NewConv CONV100: 42,NewConv Rank: 118,
NewConv p: 0.147,NewConv raw: 0.1509,Hits Odds: -,Hits Line: 0.5,xHR Factor: 0.807,
Pull×Park: 1.000,Zone Damage: 1.150,Count Score: 1.150,Umpire Factor: 1.000,Signal Score: 1/20,
   📈 L7 SLG elevated: 0.645 (1.22x season),,,,,
   💥 3 HRs last 7 days — active HR streak,,,,,
"   ⚡ QUIET POWER ARCHETYPE: Pwr 82 + PM<1.04 + Score~27 — 28.6% HR all-time (1.67x, n=49) (+4 conv)",,,,,
   ⚠️ ODDS FADE -15%: +630 (backtest: 9.3% HR 0.54x — market sees something model misses),,,,,
   ⚠️ Low blast rate: 12% per contact (-1.5 conv),,,,,
   📊 Good pull air rate: 26% (+1 conv),,,,,
   🔥🔥 L10 BBE vs FF: 2 HR in 10 BBE (20% HR rate • 350.3 Avg Dist • 70% HH • 10% Brl) — Marsh-pattern recent power surge (+7 conv),,,,,
   📊 Opp 10/50 · Conv 21/50,,,,,
   ✅ Platoon edge (S vs R),,,,,
   🏟️ Power park (1.40x) — 1.42x HR lift at 1.15-1.20 (17 slates),,,,,
   💪 Elite ISO: 0.273 — well above 0.220 strong threshold (pure power),,,,,
   ⏱️ SP market: 5.2 IP expected,,,,,
   🎯 Elite zone damage (1.29x),,,,,
   🎣 Elite chase rate: 38.2% O-Swing (avg 32%) — gets batters to expand zone,,,,,
   🔥 HR-prone L5: 2.46 HR/9 vs 1.20 season (21 IP) — getting hit hard lately,,,,,
   ⚠️ Command issues L5: 7.4 BB/9 — losing zone = meatballs,,,,,
   📋 Projected lineup (unconfirmed),,,,,
"   🟣 Quality Metrics [5/10 core | 3/13 elite | DTP 4/7]: 📊 DTP FILTER 4/7: ISO>0.2, HH>38%, Air>55%, GB<35% · 💥 Blast%:12.1%≥12% (must-have) · 🔶 NearHR:2≥2 (near-HR signal — meaningful only with Vuln≥48+Env≥1.05 combo; standalone = 1.17x) · 💪 HH%:50%≥50% (must-have) · ↙ Pull%:48%≥45% (nuclear) · 🌤️ FB%:40%≥40% (nuclear/DTP) · 🔻 GB%:20%≤35% (nuclear/DTP — air-ball profile)",,,,,
"   🔵 PropFinder [7/9 must-have] [L10 n=10]: 🔥 7/9 gates (display only — 1.37x, best tier) · 💪 ISO:0.273>0.2 (must-have) · ❌ Barrel%:0.0% [Barrel%>15% ✗] · 💪 HH%:50%>40% (must-have) · 🌤️ Air%:80%>50% (must-have) · 🔻 GB%:20%<40% (must-have) · ❌ PullBrl%:4.7 [PullBrl%>10 ✗] · 🌤️ FB%:40%>35% (must-have) · 💥 Blast%:30.0%>15% (must-have) · ↙ Pull%:30%>30% (must-have)",,,,,
   📐 9-STAT: ISO 0.273 | Barrel% 0.0 | HH% 50.0 | Air% 80.0 | GB% 20.0 | PullBrl% 4.7 | FB% 40.0 | Blast% 30.0 | Pull% 30.0,,,,,
"   🔥 PITCHER CASCADE: Bryce Miller is HR-prone L5 + losing zone — elevated HR equity for all batters (+3.0 score, pitcher-first signal)",,,,,
"   📋 MULTI-BBE PITCHER: 7 batters have T3+ BBE matches vs Bryce Miller — pitcher structurally vulnerable (informational, no score boost)",,,,,
   📊 HR market: +630 (line 0.5) [FanDuel],,,,,
   ⚠️ Concerns:,,,,,
   ⚠️ Model over-bullish vs market (+7%): edge 0-5% = 0.62x HR rate historically (-2 conv),,,,,
   🎯 Hit Score: 46.3/100,,,,,
   📊 Solid hit rate: 63%,,,,,
   📊 Strong hits probability (65% consensus over),,,,,
   📈 RotoWire projects 0.97 hits vs 0.5 line (+edge),,,,,
   💪 Power edge: 1.74 TB projected vs 1.5 line,,,,,
   ⚠️ vs Miller (SP): 100% but ≤4 AB — tiny sample (+1.5 pts),,,,,
   🔥 Red hot last 5: 80% hit rate (+6 pts),,,,,
   📉 Mild regression risk: last-5 (80%) ahead of season (60%),,,,,
   🌡️ Strong game environment (Env 1.583) — already reflected in HS baseline,,,,,
   🎯 SHARP HIT: Pwr 82 + PM 1.005 (sweet zone) — 5-slate: 100% (14/14),,,,,
,,,,,
#44  Daylen Lile (WSH) vs Michael McGreevy   Score: 28.9   HR Prob: 14.1%  |  Odds: +570,,,,,
Batter Power: 80.0,Pitcher Vuln: 52.7,Pitch Match: 1.017,Bullpen: 0.977,Bullpen Vuln 🔬: 47.7  (BVu 48 (~3.2 IP)),
Park: 0.970,Env: 0.975,Platoon: 1.08,Impl Runs: 4.4,Mkt Signal: 0.984,
HR/PA Rate: 0.036,Opp Score: 19/50,Conv Score: 18/50,NewConv CONV100: 82,NewConv Rank: 13,
NewConv p: 0.285,NewConv raw: 0.2398,Hits Odds: -,Hits Line: 0.5,xHR Factor: 0.825,
Pull×Park: 1.000,Zone Damage: 1.150,Count Score: 1.150,Umpire Factor: 1.000,Signal Score: 0/20,
   🔥 L7 power surge: SLG 0.625 (1.42x season — HR heat),,,,,
"   ⚡ QUIET POWER ARCHETYPE: Pwr 80 + PM<1.04 + Score~27 — 28.6% HR all-time (1.67x, n=49) (+4 conv)",,,,,
"   📊 PITCH HR CONC (soft): FF = pitcher's primary damage pitch (wOBA 0.349 × usage 24%, 1.6× next pitch type) but no confirmed batter L10 BBE HR on FF. Informational — watch this matchup.",,,,,
   🎯 Hand-specific pitch: McGreevy throws 34% CH vs LHB (overall primary: FF),,,,,
   🎯 PITCHER TARGET CU (17% vs LHB): McGreevy allows 75% HH / 50% FB / 50% Pull / 0.750 ISO (vuln 58) → Batter L10 CU: 1 HR/10 BBE • 50% HH • 20% Brl • 285ft avg dist,,,,,
"   📊 PITCHER TARGET CU (17% vs LHB): 1 HR in L10 BBEs on this pitch BUT pitcher throws it only 17% — LOW-USAGE: limited opportunity (demoted T3→T2, +3 conv)",,,,,
   🔥 CROSS-PITCH BBE SURGE: 2 HR in L10 BBE on CH (367ft avg · 40% HH) — power surge on non-target pitch (+3 conv),,,,,
   📊 Good solid contact: 32% squared-up rate (+1.5 hit),,,,,
   ⚠️ Low blast rate: 13% per contact (-1.5 conv),,,,,
   🌡️ FL HR Factor: 1.7x (favourable game environment),,,,,
   🔥🔥 L10 BBE vs CH: 2 HR in 10 BBE (20% HR rate • 367.2 Avg Dist • 40% HH • 20% Brl) — Marsh-pattern recent power surge (+7 conv),,,,,
   📊 Opp 19/50 · Conv 12/50,,,,,
   ℹ️ Low hit score (HS=4) — cold contact; HS not predictive of HR,,,,,
   ✅ Platoon edge (L vs R),,,,,
   🌡️ Hot (86°F),,,,,
   ⏱️ SP market: 5.8 IP expected,,,,,
   🎯 Elite zone damage (1.18x),,,,,
   ⚡ High Z-Contact: 91.4% (≥88% = batters making easy contact in zone → xwOBA quality elevated),,,,,
   🛡️ Suppressing L5: 0.66 HR/9 vs 1.20 season (27 IP) — buy low on HR,,,,,
"   🟣 Quality Metrics [4/10 core | 3/13 elite | DTP 4/7]: 📊 DTP FILTER 4/7: ISO>0.2, Air>55%, GB<35%, FB>40% · 💥 Blast%:12.8%≥12% (must-have) · ⚠️ xHR CAUTION: luck_regression=0.920<0.95 + HH%=20%<42% — batter outperforming expected HR rate; contact quality may not support continuation. · 🌤️ FB%:60%≥40% (nuclear/DTP) · 🔻 GB%:20%≤35% (nuclear/DTP — air-ball profile) · 💪 ISO:0.300≥.300 (nuclear)",,,,,
"   🌤️ FB50 LOFT + GROUND SUPPRESSION: FB%60 (>50) + GB%20 (<40) → 1.42x HR (Jul 1.31x / Aug 1.58x p=0.045, n=187 combined; tuned on July, held out-of-sample on August). +5 conv.",,,,,
   🔵 PropFinder [4/9 must-have] [L10 n=10]: 💪 ISO:0.300>0.2 (must-have) · ❌ Barrel%:10.0% [Barrel%>15% ✗] · ❌ HH%:20% [HH%>40% ✗] · 🌤️ Air%:70%>50% (must-have) · 🔻 GB%:20%<40% (must-have) · ❌ PullBrl%:10.0 [PullBrl%>10 ✗] · 🌤️ FB%:60%>35% (must-have) · ❌ Blast%:12.8% [Blast%>15% ✗] · ❌ Pull%:10% [Pull%>30% ✗],,,,,
   📐 9-STAT: ISO 0.300 | Barrel% 10.0 | HH% 20.0 | Air% 70.0 | GB% 20.0 | PullBrl% 10.0 | FB% 60.0 | Blast% 12.8 | Pull% 10.0,,,,,
"   📋 MULTI-BBE PITCHER: 7 batters have T3+ BBE matches vs Michael McGreevy — pitcher structurally vulnerable (informational, no score boost)",,,,,
"   📐 COVERAGE FLOOR: promoted — only 1 batter(s) vs Michael McGreevy (Vuln 52.7 ≥ 52) were in the window. Capture rate is monotonic in coverage depth (covered-1 24.8% → covered-4 66.1% of that starter's HR, n=1,491 starter-games / 81 slates). Visibility promotion only — no score/conv/rank change, and NOT a pick-quality signal.",,,,,
   📈 HRF 1.7 > model env 0.975 — FL confirms better environment (+2 conv),,,,,
   📊 HR market: +570 (line 0.5) [FanDuel],,,,,
   🎯 Hit Score: 4.3/100,,,,,
   ❄️ Cold: 29% weighted hit rate (-7 pts),,,,,
   📉 RotoWire projects only 1.26 hits vs 1.5 line,,,,,
   💪 Power edge: 2.02 TB projected vs 1.5 line,,,,,
   ⚾ vs McGreevy (SP): 50% hit rate,,,,,
   📉 Mild regression risk: last-5 (40%) ahead of season (25%),,,,,
   📈 Quality trend up (form 1.10x) (+2.1 pts),,,,,
   🎯 SHARP HIT: Pwr 80 + PM 1.017 (sweet zone) — 5-slate: 100% (14/14),,,,,
,,,,,
#45  Francisco Alvarez (NYM) vs Andrew Painter   Score: 27.9   HR Prob: 11.4%  |  Odds: +440,,,,,
Batter Power: 88.0,Pitcher Vuln: 47.1,Pitch Match: 1.077,Bullpen: 0.836,Bullpen Vuln 🔬: 37.9  (BULLPEN ELITE (BVu 38) - late-game HR suppressed),
Park: 0.980,Env: 0.925,Platoon: 1.08,Impl Runs: 4.3,Mkt Signal: 1.004,
HR/PA Rate: 0.028,Opp Score: 19/50,Conv Score: 11/50,NewConv CONV100: 65,NewConv Rank: 46,
NewConv p: 0.227,NewConv raw: 0.2089,Hits Odds: -,Hits Line: 0.5,xHR Factor: 0.887,
Pull×Park: 1.000,Zone Damage: 1.150,Count Score: 1.150,Umpire Factor: 1.018,Signal Score: 0/20,
   🎯 PITCHER TARGET CH (42% vs LHB): Painter allows 50% FB / 75% Pull (vuln 34) → Batter L10 CH: 0 HR/10 BBE,,,,,
   🔥 CROSS-PITCH T1→T2 UPGRADE: T1 carry signal + 2 HR in L10 BBE on FS — batter has real recent power on non-target pitch (conv 1→3),,,,,
   🔥 CROSS-PITCH BBE SURGE: 2 HR in L10 BBE on FS (357ft avg · 57% HH) — power surge on non-target pitch (+3 conv),,,,,
   📊 Good solid contact: 31% squared-up rate (+1.5 hit),,,,,
   🔥 L10 BBE vs FF: 1 HR in 10 BBE • 339.2 Avg Dist • 70% HH • 10% Brl — quality carry confirms (+4 conv),,,,,
   📊 Opp 19/50 · Conv 11/50,,,,,
   ✅ Platoon edge (L vs R),,,,,
   💪 Elite ISO: 0.344 — well above 0.220 strong threshold (pure power),,,,,
   ⚡ High K% (30.9%),,,,,
   🎯 Elite zone damage (1.40x),,,,,
   📊 Pitcher L5: 1.04 HR/9 (26 IP) — near season avg,,,,,
   🟣 Quality Metrics [4/10 core | 2/13 elite | DTP 2/7]: 💥 Blast%:18.8%≥15% (nuclear) · 💪 HH%:50%≥50% (must-have) · 💪 ISO:0.344≥.300 (nuclear),,,,,
   🔵 PropFinder [5/9 must-have] [L10 n=10]: 💪 ISO:0.344>0.2 (must-have) · ❌ Barrel%:10.0% [Barrel%>15% ✗] · 💪 HH%:50%>40% (must-have) · ❌ Air%:30% [Air%>50% ✗] · ❌ GB%:60% [GB%<40% ✗] · 🎯 PullBrl%:10.1>10 (must-have) · ❌ FB%:10% [FB%>35% ✗] · 💥 Blast%:18.8%>15% (must-have) · ↙ Pull%:60%>30% (must-have),,,,,
   📐 9-STAT: ISO 0.344 | Barrel% 10.0 | HH% 50.0 | Air% 30.0 | GB% 60.0 | PullBrl% 10.1 | FB% 10.0 | Blast% 18.8 | Pull% 60.0,,,,,
"   ⚠️ HS DULL HR ZONE: HS28(20-39) — 17.3%/0.93x (n=467, 38-sl). HS20-39 underperforms both cold bat (HS<20=1.13x) AND hot bat (HS40+=1.17x). Not a block — deprioritize vs same-tier picks with HS≥40 or HS<20.",,,,,
"   📋 MULTI-BBE PITCHER: 7 batters have T3+ BBE matches vs Andrew Painter — pitcher structurally vulnerable (informational, no score boost)",,,,,
   📊 HR market: +440 (line 0.5) [FanDuel [LOCKED-PRE]],,,,,
   🎯 Hit Score: 28.0/100,,,,,
   📐 Stats-based estimate (no hits market data): L7=0.188 xwOBA=0.495 K%=30.9% HH%=36.5 PM=1.077 wRC+=94,,,,,
,,,,,
#46  Abimelec Ortiz (WSH) vs Michael McGreevy   Score: 25.5   HR Prob: 11.4%  |  Odds: +590,,,,,
Batter Power: 88.0,Pitcher Vuln: 52.7,Pitch Match: 1.090,Bullpen: 0.977,Bullpen Vuln 🔬: 47.7  (BVu 48 (~3.2 IP)),
Park: 0.970,Env: 0.975,Platoon: 1.08,Impl Runs: 4.4,Mkt Signal: 0.987,
HR/PA Rate: 0.026,Opp Score: 17/50,Conv Score: 17/50,NewConv CONV100: 83,NewConv Rank: 12,
NewConv p: 0.291,NewConv raw: 0.2528,Hits Odds: -,Hits Line: 0.5,xHR Factor: 0.800,
Pull×Park: 1.000,Zone Damage: 1.150,Count Score: 1.150,Umpire Factor: 1.000,Signal Score: 0/20,
   ⚠️ wRC+ vs RHP: 65 (-35) — struggles vs this hand,,,,,
"   💎 DIAMOND: POWER LONGSHOT: Odds+590(450-600)+Pwr88≥88+Vu53.0≥44 → 33.3-37.5% HR / 1.90-2.13x (n=8-16, 61-sl Jul11). Market underprices elite power at long odds. Ranking +10%.",,,,,
"   📊 PITCH HR CONC (soft): FF = pitcher's primary damage pitch (wOBA 0.349 × usage 24%, 1.6× next pitch type) but no confirmed batter L10 BBE HR on FF. Informational — watch this matchup.",,,,,
   🎯 Hand-specific pitch: McGreevy throws 34% CH vs LHB (overall primary: FF),,,,,
   🎯 PITCHER TARGET CU (17% vs LHB): McGreevy allows 75% HH / 50% FB / 50% Pull / 0.750 ISO (vuln 58) → Batter L10 CU: 1 HR/10 BBE • 50% HH • 322ft avg dist,,,,,
"   📊 PITCHER TARGET CU (17% vs LHB): 1 HR in L10 BBEs on this pitch BUT pitcher throws it only 17% — LOW-USAGE: limited opportunity (demoted T3→T2, +3 conv)",,,,,
   📊 DailyPitch HR signal: PM 1.090 + pitch edge +4 + Pwr 88 + Vuln 53 (informational — no park gate),,,,,
   ⚠️ Low blast rate: 11% per contact (-1.5 conv),,,,,
   🎯 Crushes McGreevy's fastball arsenal: season xwOBA (proxy) 0.626 (FF 28%) — primary pitch plays into batter strength (+3 conv),,,,,
   🔥 L10 BBE vs CH: 1 HR in 10 BBE • 350.0 Avg Dist • 30% HH — quality carry confirms (+4 conv),,,,,
   📊 Opp 17/50 · Conv 11/50,,,,,
   ℹ️ Low hit score (HS=6) — cold contact; HS not predictive of HR,,,,,
   ✅ Platoon edge (L vs R),,,,,
   🌡️ Hot (86°F),,,,,
   💪 Elite ISO: 0.500 — well above 0.220 strong threshold (pure power),,,,,
   ⏱️ SP market: 5.8 IP expected,,,,,
   ⚡ High K% (27.4%),,,,,
   🎯 Elite zone damage (1.40x),,,,,
   ⚡ High Z-Contact: 91.4% (≥88% = batters making easy contact in zone → xwOBA quality elevated),,,,,
   🛡️ Suppressing L5: 0.66 HR/9 vs 1.20 season (27 IP) — buy low on HR,,,,,
"   🟣 Quality Metrics [3/10 core | 4/13 elite | DTP 4/7]: 📊 DTP FILTER 4/7: HH>38%, Air>55%, GB<35%, FB>40% · 💪 HH%:75%≥55% (nuclear) · ⚡ EV:96.7mph≥94 (nuclear) · 🌤️ FB%:50%≥40% (nuclear/DTP) · 🔻 GB%:25%≤35% (nuclear/DTP — air-ball profile)",,,,,
"   🌤️ FB50 LOFT + GROUND SUPPRESSION: FB%50 (>50) + GB%25 (<40) → 1.42x HR (Jul 1.31x / Aug 1.58x p=0.045, n=187 combined; tuned on July, held out-of-sample on August). +5 conv.",,,,,
   🔵 PropFinder [6/9 must-have] [L10 n=4]: ✅ 6/9 gates (display only — 1.11x) · ❌ ISO:0.145 [ISO>0.2 ✗] · ❌ Barrel%:0.0% [Barrel%>15% ✗] · 💪 HH%:75%>40% (must-have) · 🌤️ Air%:75%>50% (must-have) · 🔻 GB%:25%<40% (must-have) · ❌ PullBrl%:0.0 [PullBrl%>10 ✗] · 🌤️ FB%:50%>35% (must-have) · 💥 Blast%:25.0%>15% (must-have) · ↙ Pull%:75%>30% (must-have),,,,,
   📐 9-STAT: ISO 0.145 | Barrel% 0.0 | HH% 75.0 | Air% 75.0 | GB% 25.0 | PullBrl% 0.0 | FB% 50.0 | Blast% 25.0 | Pull% 75.0,,,,,
"   📋 MULTI-BBE PITCHER: 7 batters have T3+ BBE matches vs Michael McGreevy — pitcher structurally vulnerable (informational, no score boost)",,,,,
   📊 HR market: +590 (line 0.5) [FanDuel],,,,,
   🎯 Hit Score: 5.9/100,,,,,
   📊 Strong hits probability (61% consensus over),,,,,
   📈 RotoWire projects 0.99 hits vs 0.5 line (+edge),,,,,
   💪 Power edge: 1.68 TB projected vs 0.5 line,,,,,
   ❄️ Ice cold last 5: 20%,,,,,
   📉 Negative momentum,,,,,
   📉 Negative momentum,,,,,
   ⚠️ Elevated K% (27%),,,,,
   ⚠️ wRC+ vs RHP: 65 (-2 hit pts — struggles vs this hand),,,,,
   ⚠️ AVG vs RHP: 0.205 (-2 hit pts),,,,,
   ⚠️ Road AVG: 0.205 (-1.5 hit pts),,,,,
,,,,,
#47  Dominic Canzone (SEA) vs Jose Quintana   Score: 23.0   HR Prob: 15.8%  |  Odds: +420,,,,,
Batter Power: 85.0,Pitcher Vuln: 52.5,Pitch Match: 1.050,Bullpen: 1.000,Bullpen Vuln 🔬: 50.0  (BVu 50 (~4.0 IP)),
Park: 1.350,Env: 1.527,Platoon: 1.08,Impl Runs: 5.9,Mkt Signal: 0.983,
HR/PA Rate: 0.035,Opp Score: 2/50,Conv Score: 34/50,NewConv CONV100: 81,NewConv Rank: 17,
NewConv p: 0.285,NewConv raw: 0.2348,Hits Odds: -,Hits Line: 0.5,xHR Factor: 0.914,
Pull×Park: 1.000,Zone Damage: 1.072,Count Score: 1.150,Umpire Factor: 1.000,Signal Score: 0/20,
   📈 L7 SLG elevated: 0.609 (1.26x season),,,,,
   📊 wRC+ vs RHP: 131 (+31 above avg),,,,,
   📊 Above-avg HR/PA vs RHP: 4.4% (+1.5 conv),,,,,
   📊 Good road SLG: 0.482 (+1.5 conv),,,,,
   💎 DIAMOND: NEAR-HR POWER CONTACT (Tier B): NearHR2≥2+Vu53≥48+Pwr85≥84+Env1.527≥1.05 → 43.8%/2.51x n=16. Validated near-HR combo — power contact quality confirmed by multiple gates. Ranking +5%.,,,,,
   📊 DailyPitch HR signal: PM 1.050 + pitch edge +4 + Pwr 85 + Vuln 53 (informational — no park gate),,,,,
   📊 Good solid contact: 36% squared-up rate (+1.5 hit),,,,,
   🎯 Crushes Quintana's fastball arsenal: fastball wOBA 0.397 (FB 55%) — primary pitch plays into batter strength (+3 conv),,,,,
   📊 Opp 2/50 · Conv 23/50,,,,,
   ℹ️ Low hit score (HS=3) — cold contact; HS not predictive of HR,,,,,
   ✅ Platoon edge (L vs R),,,,,
   🏟️ Power park (1.35x) — 1.42x HR lift at 1.15-1.20 (17 slates),,,,,
   💪 Strong ISO: 0.226 — meets 0.220 power threshold,,,,,
   ⚠️ Low-K pitcher (market: 2.5 Ks),,,,,
   💰 High implied total (5.9 runs),,,,,
   📊 ERA composite 5.92 (FIP/xFIP/SIERA avg) vs ERA 4.00 — ERA understated,,,,,
   🛡️ Suppressing L5: 0.80 HR/9 vs 1.20 season (22 IP) — buy low on HR,,,,,
   🔵 PropFinder [3/9 must-have] [L10 n=10]: ❌ ISO:0.100 [ISO>0.2 ✗] · ❌ Barrel%:10.0% [Barrel%>15% ✗] · 💪 HH%:40%>40% (must-have) · ❌ Air%:40% [Air%>50% ✗] · ❌ GB%:50% [GB%<40% ✗] · ❌ PullBrl%:9.4 [PullBrl%>10 ✗] · ❌ FB%:30% [FB%>35% ✗] · 💥 Blast%:30.0%>15% (must-have) · ↙ Pull%:50%>30% (must-have),,,,,
   📐 9-STAT: ISO 0.100 | Barrel% 10.0 | HH% 40.0 | Air% 40.0 | GB% 50.0 | PullBrl% 9.4 | FB% 30.0 | Blast% 30.0 | Pull% 50.0,,,,,
   🔥 PWR-VULN-ENV conv boost: +11 pts (Pwr85+Vu53+Env1.53+Sig0 · Env≥1.10 elite bonus +3),,,,,
   📊 HR market: +420 (line 0.5) [FanDuel],,,,,
   ⚠️ Concerns:,,,,,
   ⚠️ Short-start alert: 3.5 IP projected — bullpen exposure (data: neutral/negative for HRs),,,,,
   🎯 Hit Score: 2.8/100,,,,,
   ❄️ Cold: 21% weighted hit rate (-7 pts),,,,,
   ⚠️ Weak hits probability (34% consensus over),,,,,
   📉 RotoWire projects only 0.45 hits vs 1.5 line,,,,,
   ⬇️ Below power line: 0.76 TB vs 1.5,,,,,
   ⚾ vs Quintana (SP): 25% hit rate,,,,,
   ⚾ vs Quintana (SP): 25% hit rate (career fade skipped: ≤20 AB sample),,,,,
   📉 Mild regression risk: last-5 (40%) ahead of season (20%),,,,,
   ⚠️ Short-start alert: form less predictive vs. bullpen-heavy game (×0.97),,,,,
   📈 Quality trend up (form 1.06x) (+1.3 pts),,,,,
   🌡️ Strong game environment (Env 1.527) — already reflected in HS baseline,,,,,
   🎯 SHARP HIT: Pwr 85 + PM 1.050 (sweet zone) — 5-slate: 100% (14/14),,,,,
   📊 wRC+ vs RHP: 131 (+1.5 hit pts),,,,,
,,,,,
#48  A.J. Ewing (NYM) vs Andrew Painter   Score: 22.2   HR Prob: 11.3%  |  Odds: +1150,,,,,
Batter Power: 75.8,Pitcher Vuln: 47.1,Pitch Match: 0.986,Bullpen: 0.836,Bullpen Vuln 🔬: 37.9  (BULLPEN ELITE (BVu 38) - late-game HR suppressed),
Park: 0.980,Env: 0.925,Platoon: 1.08,Impl Runs: 4.3,Mkt Signal: 0.925,
HR/PA Rate: 0.029,Opp Score: 19/50,Conv Score: 6/50,NewConv CONV100: 22,NewConv Rank: 247,
NewConv p: 0.078,NewConv raw: 0.1063,Hits Odds: -,Hits Line: 0.5,xHR Factor: 0.935,
Pull×Park: 1.000,Zone Damage: 0.936,Count Score: 1.150,Umpire Factor: 1.018,Signal Score: 0/20,
   🚫 ODDS DEAD ZONE -30%: +1150 (backtest: 9.9% HR 0.58x — grade fires but market has hard passed). PRIME exemption REMOVED in this band Sep 14 2026 — see the +800-1000 note above for the band-level ROI evidence.,,,,,
   ⚠️ T4 BBE vs LONG ODDS (+1150): market fading despite BBE match — likely Suppressing L5 or recent pitcher domination. Market may have live recency data model's BBE window misses. Treat as LEAN not PLAY.,,,,,
   🎯 PITCHER TARGET CH (42% vs LHB): Painter allows 50% FB / 75% Pull (vuln 34) → Batter L10 CH: 1 HR/10 BBE • 40% HH,,,,,
"   🔥 PITCHER-FIRST MATCH (CH): 1 HR in L10 BBEs vs pitcher's target pitch — ⚡ HIGH-USAGE (42% vs LHB): pitcher leans on this pitch heavily, batter sees it repeatedly (+7 conv)",,,,,
   🔥 CROSS-PITCH BBE SURGE: 2 HR in L10 BBE on ST (290ft avg · 50% HH) — power surge on non-target pitch (+3 conv),,,,,
   📊 Good solid contact: 33% squared-up rate (+1.5 hit),,,,,
   ⚠️ Low blast rate: 14% per contact (-1.5 conv),,,,,
   🔥🔥 L10 BBE vs ST: 2 HR in 10 BBE (20% HR rate • 290.0 Avg Dist • 50% HH • 30% Brl) — Marsh-pattern recent power surge (+7 conv),,,,,
   📊 Opp 19/50 · Conv 6/50,,,,,
   ✅ Platoon edge (L vs R),,,,,
   ⚡ High K% (25.5%),,,,,
   📊 Pitcher L5: 1.04 HR/9 (26 IP) — near season avg,,,,,
   🔵 PropFinder [1/9 must-have] [L10 n=10]: ❌ ISO:0.136 [ISO>0.2 ✗] · ❌ Barrel%:0.0% [Barrel%>15% ✗] · ❌ HH%:30% [HH%>40% ✗] · ❌ Air%:30% [Air%>50% ✗] · ❌ GB%:70% [GB%<40% ✗] · ❌ PullBrl%:4.2 [PullBrl%>10 ✗] · ❌ FB%:10% [FB%>35% ✗] · ❌ Blast%:13.7% [Blast%>15% ✗] · ↙ Pull%:40%>30% (must-have),,,,,
   📐 9-STAT: ISO 0.136 | Barrel% 0.0 | HH% 30.0 | Air% 30.0 | GB% 70.0 | PullBrl% 4.2 | FB% 10.0 | Blast% 13.7 | Pull% 40.0,,,,,
"   📋 MULTI-BBE PITCHER: 7 batters have T3+ BBE matches vs Andrew Painter — pitcher structurally vulnerable (informational, no score boost)",,,,,
   📊 HR market: +1150 (line 0.5) [SGO [LOCKED-PRE]],,,,,
   🎯 Hit Score: 20.1/100,,,,,
   📐 Stats-based estimate (no hits market data): L7=0.231 xwOBA=0.331 K%=25.5% HH%=36.5 PM=0.986 wRC+=96,,,,,
"   🧮 HR STACK — these 3 grades have never all fired together. Closest: 2 of them (1 left out). 1 such group on record, typical 0.44x base HR. Most-seen: T3 + T4 → 7% (0.44x) over 14 occurrences · ⚠️ typically BELOW base rate",,,,,
"   🧮 HIT STACK — these 3 grades have never all fired together. Closest: 2 of them (1 left out). 1 such group on record, typical 1.23x base HIT. Most-seen: T3 + T4 → 71% (1.23x) over 14 occurrences",,,,,
,,,,,
#49  Randy Arozarena (SEA) vs Jose Quintana   Score: 17.0   HR Prob: 15.0%  |  Odds: +470,,,,,
Batter Power: 77.9,Pitcher Vuln: 52.5,Pitch Match: 1.025,Bullpen: 1.000,Bullpen Vuln 🔬: 50.0  (BVu 50 (~4.0 IP)),
Park: 1.400,Env: 1.583,Platoon: 0.97,Impl Runs: 5.9,Mkt Signal: 0.971,
HR/PA Rate: 0.031,Opp Score: 2/50,Conv Score: 15/50,NewConv CONV100: 60,NewConv Rank: 64,
NewConv p: 0.211,NewConv raw: 0.1916,Hits Odds: -,Hits Line: 0.5,xHR Factor: 0.954,
Pull×Park: 1.000,Zone Damage: 1.021,Count Score: 1.150,Umpire Factor: 1.000,Signal Score: 0/20,
   🔥 L7 power surge: SLG 0.920 (2.30x season — HR heat),,,,,
   💥 3 HRs last 7 days — active HR streak,,,,,
   📊 wRC+ vs RHP: 150 (+50 above avg) (+2 conv),,,,,
   📊 Good solid contact: 35% squared-up rate (+1.5 hit),,,,,
   ⚠️ Low blast rate: 15% per contact (-1.5 conv),,,,,
   🎯 Crushes Quintana's fastball arsenal: fastball wOBA 0.399 (FB 55%) — primary pitch plays into batter strength (+3 conv),,,,,
   📊 Opp 2/50 · Conv 15/50,,,,,
   ℹ️ Low hit score (HS=10) — cold contact; HS not predictive of HR,,,,,
   💪 Same-side + elite power (R vs R) — HR advantage,,,,,
   🏟️ Power park (1.40x) — 1.42x HR lift at 1.15-1.20 (17 slates),,,,,
   ⚠️ Low-K pitcher (market: 2.5 Ks),,,,,
   💰 High implied total (5.9 runs),,,,,
   📊 ERA composite 5.92 (FIP/xFIP/SIERA avg) vs ERA 4.00 — ERA understated,,,,,
   🛡️ Suppressing L5: 0.80 HR/9 vs 1.20 season (22 IP) — buy low on HR,,,,,
   🟣 Quality Metrics [3/10 core | 0/13 elite | DTP 1/7]: 💥 Blast%:14.7%≥12% (must-have) · 💪 HH%:50%≥50% (must-have) · ⚡ EV:92.8mph≥92 (must-have),,,,,
   🔵 PropFinder [2/9 must-have] [L10 n=10]: ❌ ISO:0.100 [ISO>0.2 ✗] · ❌ Barrel%:0.0% [Barrel%>15% ✗] · 💪 HH%:50%>40% (must-have) · ❌ Air%:30% [Air%>50% ✗] · ❌ GB%:60% [GB%<40% ✗] · ❌ PullBrl%:5.3 [PullBrl%>10 ✗] · ❌ FB%:20% [FB%>35% ✗] · ❌ Blast%:14.7% [Blast%>15% ✗] · ↙ Pull%:50%>30% (must-have),,,,,
   📐 9-STAT: ISO 0.100 | Barrel% 0.0 | HH% 50.0 | Air% 30.0 | GB% 60.0 | PullBrl% 5.3 | FB% 20.0 | Blast% 14.7 | Pull% 50.0,,,,,
   📊 HR market: +470 (line 0.5) [FanDuel],,,,,
   ⚠️ Concerns:,,,,,
   ⚠️ Short-start alert: 3.5 IP projected — bullpen exposure (data: neutral/negative for HRs),,,,,
   🎯 Hit Score: 9.7/100,,,,,
   ⚠️ Weak hits probability (35% consensus over),,,,,
   📉 RotoWire projects only 0.41 hits vs 1.5 line,,,,,
   ⬇️ Below power line: 0.70 TB vs 1.5,,,,,
   ⚾ vs Quintana (SP): 33% hit rate,,,,,
   ⚾ vs Quintana (SP): 33% hit rate (career fade skipped: ≤20 AB sample),,,,,
   📈 Strong last 5: 60% hit rate (+3 pts),,,,,
"   ⚠️ Regression risk: 60% last-5 vs 27% season (33pt gap, -5.1 pts)",,,,,
   ⚠️ Short-start alert: form less predictive vs. bullpen-heavy game (×0.97),,,,,
   ⚠️ Same-side disadvantage (R vs R) -3 pts,,,,,
   📈 Quality trend up (form 1.12x) (+2.4 pts),,,,,
   🌡️ Strong game environment (Env 1.583) — already reflected in HS baseline,,,,,
   🎯 SHARP HIT: Pwr 78 + PM 1.025 (sweet zone) — 5-slate: 100% (14/14),,,,,
   📊 wRC+ vs RHP: 150 (+3 hit pts — elite vs this hand),,,,,
   📊 AVG vs RHP: 0.281 (+1.5 hit pts),,,,,
"   💰 DFF CROSS-CHECK (TIER1): DailyFantasyFuel's #1-ranked batter on this team today (FPTS 14.3, slate rank #27) - independent same-day agreement, unvalidated, small bonus only.",,,,,
,,,,,
#50  Julio Rodríguez (SEA) vs Jose Quintana   Score: 5.7   HR Prob: 14.0%  |  Odds: +440,,,,,
Batter Power: 86.0,Pitcher Vuln: 52.5,Pitch Match: 1.019,Bullpen: 1.000,Bullpen Vuln 🔬: 50.0  (BVu 50 (~4.0 IP)),
Park: 1.400,Env: 1.583,Platoon: 0.97,Impl Runs: 5.9,Mkt Signal: 0.979,
HR/PA Rate: 0.025,Opp Score: 0/50,Conv Score: 13/50,NewConv CONV100: 81,NewConv Rank: 16,
NewConv p: 0.285,NewConv raw: 0.2354,Hits Odds: -,Hits Line: 0.5,xHR Factor: 0.877,
Pull×Park: 1.000,Zone Damage: 1.150,Count Score: 1.150,Umpire Factor: 1.000,Signal Score: 0/20,
"   ⚡ QUIET POWER ARCHETYPE: Pwr 86 + PM<1.04 + Score~9 — 28.6% HR all-time (1.67x, n=49) (+4 conv)",,,,,
"   🔥 ENV_FIRE+ELITE_PWR: Env1.583≥1.10+Pwr86≥86+Vu53≥44 → 45.5% HR (2.58x, n=22, 61-sl Jul11 audit). Ranking +8%. Systematically underranked by Score.",,,,,
   📊 Good solid contact: 28% squared-up rate (+1.5 hit),,,,,
   ⚠️ Low blast rate: 18% per contact (-1.5 conv),,,,,
   📊 Opp 0/50 · Conv 13/50,,,,,
   ℹ️ Low hit score (HS=1) — cold contact; HS not predictive of HR,,,,,
   💪 Same-side + elite power (R vs R) — HR advantage,,,,,
   🏟️ Power park (1.40x) — 1.42x HR lift at 1.15-1.20 (17 slates),,,,,
   💪 Strong ISO: 0.240 — meets 0.220 power threshold,,,,,
   ⚠️ Low-K pitcher (market: 2.5 Ks),,,,,
   💰 High implied total (5.9 runs),,,,,
   🎯 Elite zone damage (1.27x),,,,,
   📊 ERA composite 5.92 (FIP/xFIP/SIERA avg) vs ERA 4.00 — ERA understated,,,,,
   🛡️ Suppressing L5: 0.80 HR/9 vs 1.20 season (22 IP) — buy low on HR,,,,,
   🟣 Quality Metrics [3/10 core | 2/13 elite | DTP 2/7]: 💥 Blast%:17.9%≥15% (nuclear) · 💪 HH%:50%≥50% (must-have) · ⚡ EV:95.5mph≥94 (nuclear),,,,,
   🔵 PropFinder [6/9 must-have] [L10 n=10]: ✅ 6/9 gates (display only — 1.11x) · 💪 ISO:0.200>0.2 (must-have) · ❌ Barrel%:10.0% [Barrel%>15% ✗] · 💪 HH%:50%>40% (must-have) · 🌤️ Air%:60%>50% (must-have) · 🔻 GB%:40%<40% (must-have) · ❌ PullBrl%:6.9 [PullBrl%>10 ✗] · ❌ FB%:20% [FB%>35% ✗] · 💥 Blast%:40.0%>15% (must-have) · ↙ Pull%:50%>30% (must-have),,,,,
   📐 9-STAT: ISO 0.200 | Barrel% 10.0 | HH% 50.0 | Air% 60.0 | GB% 40.0 | PullBrl% 6.9 | FB% 20.0 | Blast% 40.0 | Pull% 50.0,,,,,
   📊 HR market: +440 (line 0.5) [FanDuel],,,,,
   ⚠️ Concerns:,,,,,
   ⚠️ Short-start alert: 3.5 IP projected — bullpen exposure (data: neutral/negative for HRs),,,,,
   🎯 Hit Score: 1.0/100,,,,,
   ❄️ Ice cold hitter: 19% weighted hit rate (-4 pts),,,,,
   ⚠️ Weak hits probability (36% consensus over),,,,,
   📉 RotoWire projects only 0.46 hits vs 1.5 line,,,,,
   ⬇️ Below power line: 0.77 TB vs 1.5,,,,,
   ⚾ vs Quintana (SP): 40% hit rate,,,,,
   ❄️ Ice cold last 5: 20%,,,,,
   📉 Negative momentum,,,,,
   🧊 DOUBLE ICE COLD: WHR 19% + L5 20% — both cold signals confirmed (-10 pts),,,,,
   ⚠️ Short-start alert: form less predictive vs. bullpen-heavy game (×0.97),,,,,
   💪 Same-side + elite power (R vs R) — HR advantage,,,,,
   🌡️ Strong game environment (Env 1.583) — already reflected in HS baseline,,,,,
   🎯 SHARP HIT: Pwr 86 + PM 1.019 (sweet zone) — 5-slate: 100% (14/14),,,,,
,,,,,
#51  Spencer Jones (NYY) vs Brandon Pfaadt  [📋 PROJECTED]   Score: 57.8   HR Prob: 20.3%  |  Odds: +470,,,,,
Batter Power: 85.6,Pitcher Vuln: 49.7,Pitch Match: 1.031,Bullpen: 1.040,Bullpen Vuln 🔬: 52.6  (BVu 53 (~3.2 IP)),
Park: 1.030,Env: 1.069,Platoon: 1.08,Impl Runs: 4.3,Mkt Signal: 1.010,
HR/PA Rate: 0.058,Opp Score: 37/50,Conv Score: 39/50,NewConv CONV100: 81,NewConv Rank: 24,
NewConv p: 0.283,NewConv raw: 0.2228,Hits Odds: -,Hits Line: 0.5,xHR Factor: 0.847,
Pull×Park: 1.000,Zone Damage: 0.986,Count Score: 1.150,Umpire Factor: 1.006,Signal Score: 9/20,
   ✅ STRONG SIGNAL COMBO (9/20): Power≥63 + Score≥50  →  Historical HR rate: 18%  637/3630 AT (signal-combo),,,,,
   💎 DIAMOND: NEAR-HR POWER CONTACT (Tier B): NearHR3≥3+Vu50≥48+Env1.069≥1.05 → 46.2%/2.65x n=13. Validated near-HR combo — power contact quality confirmed by multiple gates. Ranking +5%.,,,,,
   🎯 Hand-specific pitch: Pfaadt throws 35% FF vs LHB (overall primary: CH),,,,,
   🎯 PITCHER TARGET FF (35% vs LHB): Pfaadt allows 75% HH / 50% FB / 50% Pull (vuln 50) → Batter L10 FF: 0 HR/10 BBE • 70% HH • 20% Brl • 276ft avg dist,,,,,
"   📊 PITCHER TARGET FF: 70% HH in L10 BBEs vs pitcher's weakest pitch — ⚡ HIGH-USAGE (35% vs LHB): elite contact on a pitch batter faces repeatedly (upgraded T2→T3, +5 conv)",,,,,
   🔥 CROSS-PITCH BBE SURGE: 2 HR in L10 BBE on FC (280ft avg · 43% HH) — power surge on non-target pitch (+3 conv),,,,,
   ⚠️ Low blast rate: 15% per contact (-1.5 conv),,,,,
   🔥🔥 L10 BBE vs SI: 2 HR in 10 BBE (20% HR rate • 307.2 Avg Dist • 60% HH • 30% Brl) — Marsh-pattern recent power surge (+7 conv),,,,,
   ⚡ Balanced spot: Opp 37/50 · Conv 24/50,,,,,
   ✅ Platoon edge (L vs R),,,,,
   ⏱️ SP market: 5.8 IP expected,,,,,
   ⚡ High K% (36.2%),,,,,
   ⚡ High Z-Contact: 89.5% (≥88% = batters making easy contact in zone → xwOBA quality elevated),,,,,
   🔥 HR-prone L5: 1.70 HR/9 vs 1.20 season (30 IP) — getting hit hard lately,,,,,
   📋 Projected lineup (unconfirmed),,,,,
"   🟣 Quality Metrics [6/10 core | 8/13 elite | DTP 6/7]: 🟡 DTP FILTER 6/7: PASS=ISO>0.2, Barrel>13%, HH>38%, Air>55%, GB<35%, FB>40% | FAIL=PullBrl>6 · 💥 Blast%:15.4%≥15% (nuclear) · 🔴 NearHR:3≥3 (power at contact — fires DIAMOND 4 when Vuln≥48+Env≥1.05 or Vuln≥52+Odds250-400; standalone = 1.17x only) · 💪 HH%:60%≥55% (nuclear) · ⚡ EV:94.8mph≥94 (nuclear) · 🌤️ FB%:70%≥40% (nuclear/DTP) · 🔻 GB%:30%≤35% (nuclear/DTP — air-ball profile) · 💪 ISO:0.300≥.300 (nuclear)",,,,,
"   🎯 HR26 PF CORE TRIPLE: ISO 0.300>0.2 + Barrel% 20.0>15 + HH% 60>40 → 19.3%  73/379 HR (mined 19.3% 73/379, 1.30x, p=0.0074, boot5 1.12, 30sl). Beats the 9-gate count at every threshold (≥7/9 1.14x · ≥8/9 1.04x · 9/9 0.92x) because requiring all nine forces Pull%>30 (0.99x, passes on 94% of the pool) and GB%<40 (0.97x) to clear. ⚠️ July-weighted: split-half 24%→15%, August 6/47 = 13% below base.",,,,,
"   🌤️ FB50 LOFT + GROUND SUPPRESSION: FB%70 (>50) + GB%30 (<40) → 1.42x HR (Jul 1.31x / Aug 1.58x p=0.045, n=187 combined; tuned on July, held out-of-sample on August). +5 conv.",,,,,
"   ☢️⭐ ELITE NUCLEAR (all 4 optimised gates pass): Barrel%20(>10) + GB%30(<40) + FB%70(>50) + Blast%30(>20) → 32.6% HR (14/43, 2.16x, p=0.0038, 28 slates; Jul 2.04x · Aug 2.41x). Replaces the retired 9/9 SUPER NUCLEAR tier, which measured 0.93x. Only searched rule in the audit to beat its own shuffle null. +10 conv.",,,,,
   🔵 PropFinder [8/9 must-have] [L10 n=10]: ☢️ 8/9 gates (display only — 1.13x) · 💪 ISO:0.300>0.2 (must-have) · 🎯 Barrel%:20.0%>15% (must-have) · 💪 HH%:60%>40% (must-have) · 🌤️ Air%:70%>50% (must-have) · 🔻 GB%:30%<40% (must-have) · ❌ PullBrl%:10.0 [PullBrl%>10 ✗] · 🌤️ FB%:70%>35% (must-have) · 💥 Blast%:30.0%>15% (must-have) · ↙ Pull%:50%>30% (must-have),,,,,
   📐 9-STAT: ISO 0.300 | Barrel% 20.0 | HH% 60.0 | Air% 70.0 | GB% 30.0 | PullBrl% 10.0 | FB% 70.0 | Blast% 30.0 | Pull% 50.0,,,,,
"   📋 MULTI-BBE PITCHER: 9 batters have T3+ BBE matches vs Brandon Pfaadt — pitcher structurally vulnerable (informational, no score boost)",,,,,
   📊 HR market: +470 (line 0.5) [FanDuel],,,,,
   🎯 Hit Score: 41.3/100,,,,,
   📊 Solid hit rate: 59%,,,,,
   📊 Strong hits probability (61% consensus over),,,,,
   📈 RotoWire projects 0.87 hits vs 0.5 line (+edge),,,,,
   ⚠️ High-K profile (36%) — significant contact risk,,,,,
   📈 Quality trend up (form 1.12x) (+2.4 pts),,,,,
   ⚡ Game environment boost (Env 1.069): 80.6% hit rate in sweet zone (+3 pts),,,,,
   🎯 SHARP HIT: Pwr 86 + PM 1.031 (sweet zone) — 5-slate: 100% (14/14),,,,,
"   🧮 HR STACK — these 5 grades have never all fired together. Closest: 3 of them (2 left out). 1 such group on record, typical 1.85x base HR. Most-seen: HR26 + NUCLEAR + SUPER NUCLEAR → 30% (1.85x) over 10 occurrences",,,,,
"   🧮 HIT STACK — these 5 grades have never all fired together. Closest: 3 of them (2 left out). 1 such group on record, typical 1.21x base HIT. Most-seen: HR26 + NUCLEAR + SUPER NUCLEAR → 70% (1.21x) over 10 occurrences",,,,,
,,,,,
#52  Chase DeLauter (CLE) vs Jacob Lopez   Score: 58.5   HR Prob: 20.2%  |  Odds: +870,,,,,
Batter Power: 78.6,Pitcher Vuln: 47.6,Pitch Match: 1.038,Bullpen: 1.000,Bullpen Vuln 🔬: 50.0  (BVu 50 (~4.0 IP)),
Park: 0.990,Env: 0.944,Platoon: 1.08,Impl Runs: 4.4,Mkt Signal: 0.964,
HR/PA Rate: 0.054,Opp Score: 38/50,Conv Score: 24/50,NewConv CONV100: 22,NewConv Rank: 236,
NewConv p: 0.078,NewConv raw: 0.1109,Hits Odds: -,Hits Line: 0.5,xHR Factor: 0.957,
Pull×Park: 1.000,Zone Damage: 1.150,Count Score: 1.150,Umpire Factor: 1.012,Signal Score: 2/20,
   📊 wRC+ vs RHP: 130 (+30 above avg),,,,,
   🎯 PitchMix wOBA 0.436 — elite contact vs pitcher's actual mix (+4 conv),,,,,
"   ⚠️ ODDS FADE -22%: +870 (backtest: 8.6% HR 0.50x — market correct, model grade likely stale). PRIME exemption REMOVED in this band Sep 14 2026: +700+ is ROI -0.256 with a bootstrap CI excluding zero (n=672), and PRIME there ran 2.86% vs non-PRIME 7.85%.",,,,,
   🎯 PITCHER TARGET SL (34% vs LHB): Lopez allows 100% FB (vuln 25) → Batter L10 SL: 0 HR/10 BBE • 297ft avg dist,,,,,
   🎯 Elite solid contact: 39% squared-up rate (+3 hit),,,,,
"   🎯 Crushes four-seamers: wOBA 0.433, SLG 0.601 — Lopez FF 57% vs LHB (+3.5 conv)",,,,,
   🎯 Crushes slider: wOBA 0.446 vs Lopez SL 34% vs LHB (+2.5 conv),,,,,
   🎯 PITCH DOMINANCE EDGE: batter hits primary pitch types hard (+6 conv total),,,,,
   🔥 L10 BBE vs FF: 1 HR in 10 BBE • 315.8 Avg Dist • 50% HH • 20% Brl — quality carry confirms (+4 conv),,,,,
   🎯 PITCHMIX wOBA: 0.436 vs pitcher mix — elite contact quality against this specific arsenal (1.36x avg),,,,,
   ⚡ Balanced spot: Opp 38/50 · Conv 24/50,,,,,
   ✅ Platoon edge (L vs R),,,,,
   ⏱️ SP market: 5.2 IP expected,,,,,
   🎯 Elite zone damage (1.38x),,,,,
   📊 ERA composite 4.82 (FIP/xFIP/SIERA avg) vs ERA 4.00 — ERA understated,,,,,
   🔥 HR-prone L5: 1.67 HR/9 vs 1.20 season (26 IP) — getting hit hard lately,,,,,
   🔵 PropFinder [2/9 must-have] [L10 n=10]: ❌ ISO:0.155 [ISO>0.2 ✗] · ❌ Barrel%:0.0% [Barrel%>15% ✗] · ❌ HH%:30% [HH%>40% ✗] · ❌ Air%:10% [Air%>50% ✗] · ❌ GB%:80% [GB%<40% ✗] · ❌ PullBrl%:5.0 [PullBrl%>10 ✗] · ❌ FB%:0% [FB%>35% ✗] · 💥 Blast%:18.1%>15% (must-have) · ↙ Pull%:70%>30% (must-have),,,,,
   📐 9-STAT: ISO 0.155 | Barrel% 0.0 | HH% 30.0 | Air% 10.0 | GB% 80.0 | PullBrl% 5.0 | FB% 0.0 | Blast% 18.1 | Pull% 70.0,,,,,
"   📋 MULTI-BBE PITCHER: 6 batters have T3+ BBE matches vs Jacob Lopez — pitcher structurally vulnerable (informational, no score boost)",,,,,
   📊 HR market: +870 (line 0.5) [FanDuel],,,,,
   ⚠️ Concerns:,,,,,
   ⚠️ Model over-bullish vs market (+10%): edge 0-5% = 0.62x HR rate historically (-2 conv),,,,,
   🎯 Hit Score: 51.0/100,,,,,
   📊 Solid hit rate: 56%,,,,,
   ✅ High-consensus over: 67% of books project hit (+15 pts),,,,,
   📈 RotoWire projects 0.98 hits vs 0.5 line (+edge),,,,,
   💪 Power edge: 1.75 TB projected vs 1.5 line,,,,,
   🎯 Elite contact vs FF: wOBA 0.433 on primary pitch type (+4 pts),,,,,
   ⚠️ vs Lopez (SP): 100% but ≤4 AB — tiny sample (+1.5 pts),,,,,
   🎯 SHARP HIT: Pwr 79 + PM 1.038 (sweet zone) — 5-slate: 100% (14/14),,,,,
   📊 wRC+ vs RHP: 130 (+1.5 hit pts),,,,,
   📊 AVG vs RHP: 0.289 (+1.5 hit pts),,,,,
   📊 Home AVG: 0.289 (+1 hit pt),,,,,
   🧮 HR STACK — all 2 of these grades have fired together 91 times: 20 produced a HR = 22% (1.35x base),,,,,
   🧮 HIT STACK — all 2 of these grades have fired together 91 times: 55 produced a HIT = 60% (1.04x base),,,,,
,,,,,
#53  William Contreras (MIL) vs Trevor Rogers   Score: 57.4   HR Prob: 20.3%  |  Odds: +520,,,,,
Batter Power: 81.5,Pitcher Vuln: 46.6,Pitch Match: 1.004,Bullpen: 0.821,Bullpen Vuln 🔬: 36.8  (BULLPEN ELITE (BVu 37) - late-game HR suppressed),
Park: 1.060,Env: 1.018,Platoon: 0.97,Impl Runs: 3.9,Mkt Signal: 0.986,
HR/PA Rate: 0.069,Opp Score: 41/50,Conv Score: 21/50,NewConv CONV100: 45,NewConv Rank: 93,
NewConv p: 0.159,NewConv raw: 0.1665,Hits Odds: -,Hits Line: 0.5,xHR Factor: 1.048,
Pull×Park: 1.000,Zone Damage: 1.021,Count Score: 1.150,Umpire Factor: 1.006,Signal Score: 7/20,
   📊 SIGNAL COMBO (7/20): Power≥63 + Score≥50  →  Historical HR rate: 18%  637/3630 AT (signal-combo),,,,,
   📈 L7 SLG elevated: 0.474 (1.28x season),,,,,
   🎯 PITCHER TARGET FF (53% vs RHB): Rogers allows 84% FB / 0.263 ISO (vuln 34) → Batter L10 FF: 0 HR/10 BBE • 40% HH,,,,,
   🎯 Elite solid contact: 39% squared-up rate (+3 hit),,,,,
   🎯 Elite career OPS vs pitcher: 1.571 (7AB) (+3 conv),,,,,
   🎯 Elite HH% vs pitcher: 43% hard hit rate (+2 conv),,,,,
   ✅ Solid vs Rogers's fastball (FB 59%): fastball wOBA 0.354 (+2 conv),,,,,
   📊 L10 BBE vs ST: 1 HR in 10 BBE • 254.6 Avg Dist • 40% HH • 30% Brl (+2 conv),,,,,
   ⚡ Balanced spot: Opp 41/50 · Conv 21/50,,,,,
   💪 Same-side + elite power (R vs R) — HR advantage,,,,,
   🎣 Elite chase rate: 38.3% O-Swing (avg 32%) — gets batters to expand zone,,,,,
   📊 Pitcher L5: 1.53 HR/9 (29 IP) — near season avg,,,,,
"   🟣 Quality Metrics [3/10 core | 3/13 elite | DTP 3/7]: 📊 DTP FILTER 3/7: HH>38%, Air>55%, GB<35% · 💥 Blast%:19.7%≥15% (nuclear) · 💪 HH%:50%≥50% (must-have) · ⚡ EV:95.2mph≥94 (nuclear) · 🔻 GB%:30%≤35% (nuclear/DTP — air-ball profile)",,,,,
   🔵 PropFinder [5/9 must-have] [L10 n=10]: 💪 ISO:0.200>0.2 (must-have) · ❌ Barrel%:0.0% [Barrel%>15% ✗] · 💪 HH%:50%>40% (must-have) · 🌤️ Air%:60%>50% (must-have) · 🔻 GB%:30%<40% (must-have) · ❌ PullBrl%:6.7 [PullBrl%>10 ✗] · ❌ FB%:20% [FB%>35% ✗] · ❌ Blast%:10.0% [Blast%>15% ✗] · ↙ Pull%:50%>30% (must-have),,,,,
   📐 9-STAT: ISO 0.200 | Barrel% 0.0 | HH% 50.0 | Air% 60.0 | GB% 30.0 | PullBrl% 6.7 | FB% 20.0 | Blast% 10.0 | Pull% 50.0,,,,,
   ⚠️ PITCHER WEAK SPOT (3rd time through order): allows .373 wOBA (157 TBF) — meaningful weakness (+4 conv),,,,,
"   📋 MULTI-BBE PITCHER: 8 batters have T3+ BBE matches vs Trevor Rogers — pitcher structurally vulnerable (informational, no score boost)",,,,,
   📊 HR market: +520 (line 0.5) [FanDuel [LOCKED-PRE]],,,,,
   🎯 Hit Score: 23.3/100,,,,,
   📐 Stats-based estimate (no hits market data): L7=0.211 xwOBA=0.314 K%=14.5% HH%=36.5 PM=1.004 wRC+=108,,,,,
,,,,,
#54  Leo Bernal (STL) vs Andrew Alvarez   Score: 57.0   HR Prob: 20.4%  |  Odds: +710,,,,,
Batter Power: 85.1,Pitcher Vuln: 47.0,Pitch Match: 1.021,Bullpen: 0.826,Bullpen Vuln 🔬: 39.2  (BVu 39 (~4.2 IP)),
Park: 0.930,Env: 0.935,Platoon: 1.08,Impl Runs: 4.4,Mkt Signal: 0.974,
HR/PA Rate: 0.073,Opp Score: 39/50,Conv Score: 29/50,NewConv CONV100: 43,NewConv Rank: 108,
NewConv p: 0.151,NewConv raw: 0.1536,Hits Odds: -,Hits Line: 0.5,xHR Factor: 0.934,
Pull×Park: 1.000,Zone Damage: 1.003,Count Score: 1.150,Umpire Factor: 1.000,Signal Score: 7/20,
   📊 SIGNAL COMBO (7/20): Power≥63 + Score≥50  →  Historical HR rate: 18%  637/3630 AT (signal-combo),,,,,
   📈 L7 SLG elevated: 0.480 (1.23x season),,,,,
   📊 wRC+ vs RHP: 141 (+41 above avg) (+2 conv),,,,,
   📊 Above-avg HR/PA vs RHP: 4.3% (+1.5 conv),,,,,
   📊 Good home SLG: 0.508 (+1.5 conv),,,,,
   ⚠️ ODDS FADE -15%: +710 (backtest: 9.3% HR 0.54x — market sees something model misses),,,,,
"   🎯 PITCH HR CONCENTRATION: FF is pitcher's primary damage vehicle (wOBA 0.360 × usage 28% = 0.102 weighted score, 1.5× higher than next pitch type — pitcher concentrates contact damage on FF) | Batter L10 BBE HR on FF: 0 | Usage 28% → batter will see this pitch. Conv +6. (Jul 11 2026 — Ryan Johnson/Royce Lewis SI pattern)",,,,,
   🔥🔥 L10 BBE vs FF: 2 HR in 10 BBE (20% HR rate • 346.1 Avg Dist • 70% HH • 20% Brl) — Marsh-pattern recent power surge (+7 conv),,,,,
   🎯 Elite spot: Opp 39/50 + Conv 28/50 — both stages firing (57% hist HR rate for this tier),,,,,
   ✅ Platoon edge (S vs R),,,,,
   🌡️ Hot (86°F),,,,,
"   🧪 AUDIT-A3 PROB20+SHORT-START: 30.3% HR (43/142, 2.13x, 40 slates, Jul 20/62 · Aug 23/80) [TRACKING — no conv points]",,,,,
   ⚡ High Z-Contact: 91.0% (≥88% = batters making easy contact in zone → xwOBA quality elevated),,,,,
   🛡️ Suppressing L5: 0.65 HR/9 vs 1.20 season (26 IP) — buy low on HR,,,,,
   ⚠️ Command issues L5: 4.7 BB/9 — losing zone = meatballs,,,,,
   🟣 Quality Metrics [2/10 core | 1/13 elite | DTP 1/7]: 💥 Blast%:28.0%≥15% (nuclear) · 💪 HH%:50%≥50% (must-have),,,,,
   🔵 PropFinder [3/9 must-have] [L10 n=10]: ❌ ISO:0.145 [ISO>0.2 ✗] · ❌ Barrel%:0.0% [Barrel%>15% ✗] · 💪 HH%:50%>40% (must-have) · 🌤️ Air%:50%>50% (must-have) · ❌ GB%:50% [GB%<40% ✗] · ❌ PullBrl%:0.0 [PullBrl%>10 ✗] · ❌ FB%:20% [FB%>35% ✗] · ❌ Blast%:10.0% [Blast%>15% ✗] · ↙ Pull%:70%>30% (must-have),,,,,
   📐 9-STAT: ISO 0.145 | Barrel% 0.0 | HH% 50.0 | Air% 50.0 | GB% 50.0 | PullBrl% 0.0 | FB% 20.0 | Blast% 10.0 | Pull% 70.0,,,,,
"   📋 MULTI-BBE PITCHER: 6 batters have T3+ BBE matches vs Andrew Alvarez — pitcher structurally vulnerable (informational, no score boost)",,,,,
   📊 HR market: +710 (line 0.5) [FanDuel],,,,,
   ⚠️ Concerns:,,,,,
   ⚠️ Short-start alert: 4.8 IP projected — bullpen exposure (data: neutral/negative for HRs),,,,,
   ⚠️ Model over-bullish vs market (+8%): edge 0-5% = 0.62x HR rate historically (-2 conv),,,,,
   🎯 Hit Score: 53.0/100,,,,,
   🔥 Hot hitter: 74% weighted hit rate,,,,,
   📊 Strong hits probability (63% consensus over),,,,,
   📈 RotoWire projects 1.31 hits vs 0.5 line (+edge),,,,,
   💪 Power edge: 1.89 TB projected vs 0.5 line,,,,,
   ⚠️ vs Alvarez (SP): 100% but ≤4 AB — tiny sample (+1.5 pts),,,,,
   📈 Strong last 5: 60% hit rate (+3 pts),,,,,
   ⚠️ Short-start alert: form less predictive vs. bullpen-heavy game (×0.97),,,,,
   🎯 SHARP HIT: Pwr 85 + PM 1.021 (sweet zone) — 5-slate: 100% (14/14),,,,,
   📊 wRC+ vs RHP: 141 (+3 hit pts — elite vs this hand),,,,,
   🎯 AVG vs RHP: 0.323 (+3 hit pts — elite contact vs this hand),,,,,
   🏟️ Home AVG: 0.323 (+2 hit pts),,,,,
   🧮 HR STACK — all 2 of these grades have fired together 27 times: 7 produced a HR = 26% (1.60x base),,,,,
   🧮 HIT STACK — all 2 of these grades have fired together 27 times: 19 produced a HIT = 70% (1.21x base),,,,,
,,,,,
#55  Jackson Merrill (SD) vs Eury Pérez   Score: 57.0   HR Prob: 20.3%  |  Odds: +490,,,,,
Batter Power: 82.0,Pitcher Vuln: 43.8,Pitch Match: 1.032,Bullpen: 1.017,Bullpen Vuln 🔬: 50.6  (BVu 51 (~3.8 IP)),
Park: 0.900,Env: 0.870,Platoon: 1.08,Impl Runs: 4.2,Mkt Signal: 1.006,
HR/PA Rate: 0.064,Opp Score: 41/50,Conv Score: 32/50,NewConv CONV100: 60,NewConv Rank: 61,
NewConv p: 0.211,NewConv raw: 0.1938,Hits Odds: -,Hits Line: 0.5,xHR Factor: 0.915,
Pull×Park: 1.000,Zone Damage: 0.888,Count Score: 1.150,Umpire Factor: 1.000,Signal Score: 6/20,
   📊 SIGNAL COMBO (6/20): Power≥63 + Score≥50  →  Historical HR rate: 18%  637/3630 AT (signal-combo),,,,,
   🔥 L7 power surge: SLG 0.700 (1.89x season — HR heat),,,,,
   💥 2 HRs last 7 days — active HR streak,,,,,
   🎯 PITCHER TARGET FF (33% vs LHB): Pérez allows 33% HH / 67% FB / 33% Pull / 1.333 ISO (vuln 48) → Batter L10 FF: 1 HR/10 BBE • 70% HH • 291ft avg dist,,,,,
   🔥 PITCHER-FIRST MATCH (FF): 1 HR in L10 BBEs vs pitcher's target pitch (+5 conv),,,,,
   🔥 CROSS-PITCH BBE SURGE: 2 HR in L10 BBE on FC (334ft avg · 70% HH) — power surge on non-target pitch (+3 conv),,,,,
   📊 Good solid contact: 31% squared-up rate (+1.5 hit),,,,,
   ⚠️ Low blast rate: 16% per contact (-1.5 conv),,,,,
   🎯 Elite career OPS vs pitcher: 1.600 (5AB) (+3 conv),,,,,
   🎯 Elite HH% vs pitcher: 50% hard hit rate (+2 conv),,,,,
   🎯 Crushes slider: wOBA 0.338 vs Pérez SL 17% vs LHB (+2.5 conv),,,,,
   🔥 L10 BBE vs SL: 1 HR in 10 BBE • 361.2 Avg Dist • 40% HH • 20% Brl — quality carry confirms (+4 conv),,,,,
   📊 PitchMix wOBA: 0.361 — above-avg contact vs pitcher's mix,,,,,
   🎯 Elite spot: Opp 41/50 + Conv 37/50 — both stages firing (57% hist HR rate for this tier),,,,,
   ✅ Platoon edge (L vs R),,,,,
   ⚠️ High-score×supp-park penalty: Score 75.3 + park 0.900 compound suppressor (−3 conv; Jun 22 post-mortem: all park<0.93 picks at Score>60 went 0 HR),,,,,
   🎯 High-K pitcher (market: 5.5 Ks),,,,,
   ⏱️ SP market: 5.2 IP expected,,,,,
   ⚠️ Vuln 42-44 HR trap (Vuln 44): 0.68x HR rate — PM does not rescue this zone vs hit rate 1.09x,,,,,
   🔥 HR-prone L5: 2.00 HR/9 vs 1.20 season (21 IP) — getting hit hard lately,,,,,
   ⚠️ Command issues L5: 6.2 BB/9 — losing zone = meatballs,,,,,
"   🟣 Quality Metrics [4/10 core | 5/13 elite | DTP 4/7]: 📊 DTP FILTER 4/7: ISO>0.2, HH>38%, Air>55%, GB<35% · 💥 Blast%:16.3%≥15% (nuclear) · 💪 HH%:70%≥55% (nuclear) · ⚡ EV:98.1mph≥94 (nuclear) · 🔻 GB%:10%≤35% (nuclear/DTP — air-ball profile) · 💪 ISO:0.500≥.300 (nuclear)",,,,,
   🔵 PropFinder [6/9 must-have] [L10 n=10]: ✅ 6/9 gates (display only — 1.11x) · 💪 ISO:0.500>0.2 (must-have) · ❌ Barrel%:10.0% [Barrel%>15% ✗] · 💪 HH%:70%>40% (must-have) · 🌤️ Air%:90%>50% (must-have) · 🔻 GB%:10%<40% (must-have) · ❌ PullBrl%:10.0 [PullBrl%>10 ✗] · ❌ FB%:20% [FB%>35% ✗] · 💥 Blast%:20.0%>15% (must-have) · ↙ Pull%:60%>30% (must-have),,,,,
   📐 9-STAT: ISO 0.500 | Barrel% 10.0 | HH% 70.0 | Air% 90.0 | GB% 10.0 | PullBrl% 10.0 | FB% 20.0 | Blast% 20.0 | Pull% 60.0,,,,,
"   🔥 PITCHER CASCADE: Eury Pérez is HR-prone L5 + losing zone — elevated HR equity for all batters (+3.0 score, pitcher-first signal)",,,,,
"   📋 MULTI-BBE PITCHER: 9 batters have T3+ BBE matches vs Eury Pérez — pitcher structurally vulnerable (informational, no score boost)",,,,,
   📈 HRF 1.2 > model env 0.870 — FL confirms better environment (+2 conv),,,,,
   📊 HR market: +490 (line 0.5) [FanDuel],,,,,
   ⚠️ Concerns:,,,,,
   🏟️ Park×arm cap: suppressive park (0.900) + elite arm (Vuln 44) — score capped at 54,,,,,
   🏟️ Suppressive park (0.90x),,,,,
   🎯 Hit Score: 59.7/100,,,,,
   🔥 Hot hitter: 84% weighted hit rate,,,,,
   📊 Strong hits probability (61% consensus over),,,,,
   📈 RotoWire projects 1.19 hits vs 0.5 line (+edge),,,,,
   💪 Power edge: 2.14 TB projected vs 1.5 line,,,,,
   🎯 Elite HH% vs pitcher: 50% hard contact rate (+4 pts),,,,,
   ⚠️ vs Pérez (SP): 81% but ≤4 AB — tiny sample (+1.5 pts),,,,,
   🔥 Red hot last 5: 100% hit rate (+6 pts),,,,,
"   ⚠️ Regression risk: 100% last-5 vs 60% season (40pt gap, -6.6 pts)",,,,,
   ⚠️ K-Risk: 24% K rate vs Pérez (9.9 K/9) (-3 pts),,,,,
   📈 Quality trend up (form 1.09x) (+1.8 pts),,,,,
   🎯 SHARP HIT: Pwr 82 + PM 1.032 (sweet zone) — 5-slate: 100% (14/14),,,,,
,,,,,
#56  Manny Machado (SD) vs Eury Pérez   Score: 57.0   HR Prob: 20.2%  |  Odds: +410,,,,,
Batter Power: 84.0,Pitcher Vuln: 43.8,Pitch Match: 1.017,Bullpen: 1.017,Bullpen Vuln 🔬: 50.6  (BVu 51 (~3.8 IP)),
Park: 0.860,Env: 0.832,Platoon: 0.97,Impl Runs: 4.2,Mkt Signal: 1.025,
HR/PA Rate: 0.066,Opp Score: 40/50,Conv Score: 27/50,NewConv CONV100: 72,NewConv Rank: 32,
NewConv p: 0.251,NewConv raw: 0.2156,Hits Odds: -,Hits Line: 0.5,xHR Factor: 0.850,
Pull×Park: 1.000,Zone Damage: 1.047,Count Score: 1.150,Umpire Factor: 1.000,Signal Score: 4/20,
   📊 SIGNAL COMBO (4/20): Power≥63 + Score≥50  →  Historical HR rate: 18%  637/3630 AT (signal-combo),,,,,
   💥 2 HRs last 7 days — active HR streak,,,,,
   📊 PitchMix wOBA 0.370 — strong contact vs pitcher's mix (+2 conv),,,,,
   📊 Above-avg HR/PA vs RHP: 4.3% (+1.5 conv),,,,,
   🎯 Hand-specific pitch: Pérez throws 32% SL vs RHB (overall primary: FF),,,,,
   🎯 PITCHER TARGET SL (32% vs RHB): Pérez allows 50% HH / 75% FB / 0.250 ISO (vuln 41) → Batter L10 SL: 0 HR/10 BBE,,,,,
   🔥 CROSS-PITCH T1→T2 UPGRADE: T1 carry signal + 2 HR in L10 BBE on FF — batter has real recent power on non-target pitch (conv 1→3),,,,,
   🔥 CROSS-PITCH BBE SURGE: 2 HR in L10 BBE on FF (317ft avg · 50% HH) — power surge on non-target pitch (+3 conv),,,,,
   📊 Good solid contact: 29% squared-up rate (+1.5 hit),,,,,
   ⚠️ Low blast rate: 16% per contact (-1.5 conv),,,,,
   📊 HH% vs pitcher: 33%,,,,,
   🎯 Crushes Pérez's fastball arsenal: fastball wOBA 0.380 (SI 20%) — primary pitch plays into batter strength (+3 conv),,,,,
   🔥🔥 L10 BBE vs FF: 2 HR in 10 BBE (20% HR rate • 317.2 Avg Dist • 50% HH • 40% Brl) — Marsh-pattern recent power surge (+7 conv),,,,,
   📊 PitchMix wOBA: 0.370 — above-avg contact vs pitcher's mix,,,,,
   🎯 Elite spot: Opp 40/50 + Conv 34/50 — both stages firing (57% hist HR rate for this tier),,,,,
   💪 Same-side + elite power (R vs R) — HR advantage,,,,,
   ⚠️ High-score×supp-park penalty: Score 69.9 + park 0.860 compound suppressor (−3 conv; Jun 22 post-mortem: all park<0.93 picks at Score>60 went 0 HR),,,,,
   💪 Strong ISO: 0.228 — meets 0.220 power threshold,,,,,
   🎯 High-K pitcher (market: 5.5 Ks),,,,,
   ⏱️ SP market: 5.2 IP expected,,,,,
   ⚠️ Vuln 42-44 HR trap (Vuln 44): 0.68x HR rate — PM does not rescue this zone vs hit rate 1.09x,,,,,
   🔥 HR-prone L5: 2.00 HR/9 vs 1.20 season (21 IP) — getting hit hard lately,,,,,
   ⚠️ Command issues L5: 6.2 BB/9 — losing zone = meatballs,,,,,
   🟣 Quality Metrics [2/10 core | 1/13 elite | DTP 2/7]: 💥 Blast%:15.7%≥15% (nuclear) · ⚠️ xHR CAUTION: luck_regression=0.920<0.95 + HH%=40%<42% — batter outperforming expected HR rate; contact quality may not support continuation.,,,,,
   🔵 PropFinder [4/9 must-have] [L10 n=10]: 💪 ISO:0.228>0.2 (must-have) · ❌ Barrel%:0.0% [Barrel%>15% ✗] · 💪 HH%:40%>40% (must-have) · ❌ Air%:40% [Air%>50% ✗] · ❌ GB%:50% [GB%<40% ✗] · ❌ PullBrl%:7.8 [PullBrl%>10 ✗] · ❌ FB%:20% [FB%>35% ✗] · 💥 Blast%:20.0%>15% (must-have) · ↙ Pull%:30%>30% (must-have),,,,,
   📐 9-STAT: ISO 0.228 | Barrel% 0.0 | HH% 40.0 | Air% 40.0 | GB% 50.0 | PullBrl% 7.8 | FB% 20.0 | Blast% 20.0 | Pull% 30.0,,,,,
"   🔥 PITCHER CASCADE: Eury Pérez is HR-prone L5 + losing zone — elevated HR equity for all batters (+3.0 score, pitcher-first signal)",,,,,
"   📋 MULTI-BBE PITCHER: 9 batters have T3+ BBE matches vs Eury Pérez — pitcher structurally vulnerable (informational, no score boost)",,,,,
   📈 HRF 1.2 > model env 0.832 — FL confirms better environment (+2 conv),,,,,
   📊 HR market: +410 (line 0.5) [FanDuel],,,,,
   ⚠️ Concerns:,,,,,
   🏟️ Park×arm cap: suppressive park (0.860) + elite arm (Vuln 44) — score capped at 54,,,,,
   🏟️ Suppressive park (0.86x),,,,,
   🎯 Hit Score: 48.2/100,,,,,
   📊 Solid hit rate: 56%,,,,,
   📊 Strong hits probability (61% consensus over),,,,,
   📈 RotoWire projects 1.00 hits vs 0.5 line (+edge),,,,,
   💪 Power edge: 1.85 TB projected vs 0.5 line,,,,,
   📊 Hard contact vs pitcher: 33% HH% (+2 pts),,,,,
   🎯 Elite contact vs FF: wOBA 0.428 on primary pitch type (+4 pts),,,,,
   ⚠️ vs Pérez (SP): 82% but ≤4 AB — tiny sample (+1.5 pts),,,,,
   📈 Strong last 5: 60% hit rate (+3 pts),,,,,
   ⚠️ K-Risk: 21% K rate vs Pérez (9.9 K/9) (-3 pts),,,,,
   💪 Same-side + elite power (R vs R) — HR advantage,,,,,
   📈 Quality trend up (form 1.06x) (+1.2 pts),,,,,
   🎯 SHARP HIT: Pwr 84 + PM 1.017 (sweet zone) — 5-slate: 100% (14/14),,,,,
,,,,,
#57  Otto Lopez (MIA) vs Casey Mize  [📋 PROJECTED]   Score: 57.6   HR Prob: 20.0%  |  Odds: +710,,,,,
Batter Power: 78.5,Pitcher Vuln: 46.5,Pitch Match: 1.025,Bullpen: 0.923,Bullpen Vuln 🔬: 44.5  (BVu 44 (~3.8 IP)),
Park: 0.860,Env: 0.832,Platoon: 0.97,Impl Runs: 3.5,Mkt Signal: 0.981,
HR/PA Rate: 0.063,Opp Score: 40/50,Conv Score: 30/50,NewConv CONV100: 43,NewConv Rank: 107,
NewConv p: 0.152,NewConv raw: 0.1545,Hits Odds: -,Hits Line: 0.5,xHR Factor: 0.951,
Pull×Park: 1.000,Zone Damage: 1.150,Count Score: 1.150,Umpire Factor: 1.000,Signal Score: 2/20,
   ⚠️ ODDS FADE -15%: +710 (backtest: 9.3% HR 0.54x — market sees something model misses),,,,,
   🎯 Hand-specific pitch: Mize throws 41% SL vs RHB (overall primary: FF),,,,,
   🎯 PITCHER TARGET SI (17% vs RHB): Mize allows 100% HH / 40% FB / 60% Pull / 1.000 ISO (vuln 69) → Batter L10 SI: 0 HR/10 BBE • 90% HH • 336ft avg dist,,,,,
   📊 PITCHER TARGET SI: 90% HH in L10 BBEs vs pitcher's weakest pitch (+3 conv),,,,,
   🎯 Elite solid contact: 38% squared-up rate (+3 hit),,,,,
   🎯 Elite career OPS vs pitcher: 1.200 (5AB) (+3 conv),,,,,
   🎯 Crushes slider: wOBA 0.380 vs Mize SL 41% vs RHB (+2.5 conv),,,,,
   📊 L10 BBE vs SI: 0 HR in 10 BBE • 336.0 Avg Dist • 90% HH — hard contact quality (+1 conv),,,,,
   📊 PitchMix wOBA: 0.361 — above-avg contact vs pitcher's mix,,,,,
   ⚡ Balanced spot: Opp 40/50 · Conv 22/50,,,,,
   💪 Same-side + elite power (R vs R) — HR advantage,,,,,
   ⏱️ SP market: 5.2 IP expected,,,,,
   🎯 Elite zone damage (1.25x),,,,,
   🔥 HR-prone L5: 2.69 HR/9 vs 1.20 season (21 IP) — getting hit hard lately,,,,,
   📋 Projected lineup (unconfirmed),,,,,
"   🟣 Quality Metrics [2/10 core | 3/13 elite | DTP 3/7]: 📊 DTP FILTER 3/7: HH>38%, Air>55%, GB<35% · 💥 Blast%:18.1%≥15% (nuclear) · ⚠️ xHR CAUTION: luck_regression=0.920<0.95 + HH%=40%<42% — batter outperforming expected HR rate; contact quality may not support continuation. · 🌤️ FB%:40%≥40% (nuclear/DTP) · 🔻 GB%:20%≤35% (nuclear/DTP — air-ball profile)",,,,,
   🔵 PropFinder [5/9 must-have] [L10 n=10]: ❌ ISO:0.100 [ISO>0.2 ✗] · ❌ Barrel%:10.0% [Barrel%>15% ✗] · 💪 HH%:40%>40% (must-have) · 🌤️ Air%:80%>50% (must-have) · 🔻 GB%:20%<40% (must-have) · ❌ PullBrl%:10.0 [PullBrl%>10 ✗] · 🌤️ FB%:40%>35% (must-have) · ❌ Blast%:10.0% [Blast%>15% ✗] · ↙ Pull%:40%>30% (must-have),,,,,
   📐 9-STAT: ISO 0.100 | Barrel% 10.0 | HH% 40.0 | Air% 80.0 | GB% 20.0 | PullBrl% 10.0 | FB% 40.0 | Blast% 10.0 | Pull% 40.0,,,,,
"   🎯 SUPP-PARK SWEET-PM conv boost: +12 pts (Park0.86<0.90 + PM1.025 + Vu46 + Edge12% → 33.3% HR, 4.40x, n=18 pkl Jun25)",,,,,
"   📋 MULTI-BBE PITCHER: 8 batters have T3+ BBE matches vs Casey Mize — pitcher structurally vulnerable (informational, no score boost)",,,,,
   📈 HRF 1.2 > model env 0.832 — FL confirms better environment (+2 conv),,,,,
   📊 HR market: +710 (line 0.5) [FanDuel],,,,,
   ⚠️ Concerns:,,,,,
   🏟️ Suppressive park (0.86x),,,,,
   ⚠️ Model over-bullish vs market (+8%): edge 0-5% = 0.62x HR rate historically (-2 conv),,,,,
   🎯 Hit Score: 65.5/100,,,,,
   🔥 Hot hitter: 77% weighted hit rate,,,,,
   ✅ High-consensus over: 68% of books project hit (+15 pts),,,,,
   📈 RotoWire projects 1.17 hits vs 0.5 line (+edge),,,,,
   💪 Power edge: 1.67 TB projected vs 1.5 line,,,,,
   🎯 Elite contact vs FF: wOBA 0.439 on primary pitch type (+4 pts),,,,,
"   ✅ Hits well vs Mize (SP): 75% (+2.5 pts, very small sample 0AB)",,,,,
   📈 Strong last 5: 60% hit rate (+3 pts),,,,,
   ⚠️ Same-side disadvantage (R vs R) -3 pts,,,,,
   🎯 SHARP HIT: Pwr 78 + PM 1.025 (sweet zone) — 5-slate: 100% (14/14),,,,,
   📊 AVG vs RHP: 0.307 (+1.5 hit pts),,,,,
   📊 Road AVG: 0.307 (+1 hit pt),,,,,
   🧮 HR STACK — all 2 of these grades have fired together 213 times: 39 produced a HR = 18% (1.13x base),,,,,
   🧮 HIT STACK — all 2 of these grades have fired together 213 times: 122 produced a HIT = 57% (0.99x base),,,,,
,,,,,
#58  G. Conine (MIA) vs Casey Mize  [📋 PROJECTED]   Score: 57.1   HR Prob: 20.1%  |  Odds: +490,,,,,
Batter Power: 87.5,Pitcher Vuln: 46.5,Pitch Match: 1.082,Bullpen: 0.923,Bullpen Vuln 🔬: 44.5  (BVu 44 (~3.8 IP)),
Park: 0.900,Env: 0.870,Platoon: 1.08,Impl Runs: 3.5,Mkt Signal: 0.994,
HR/PA Rate: 0.056,Opp Score: 40/50,Conv Score: 15/50,NewConv CONV100: 60,NewConv Rank: 60,
NewConv p: 0.211,NewConv raw: 0.1940,Hits Odds: -,Hits Line: 0.5,xHR Factor: 0.914,
Pull×Park: 1.000,Zone Damage: 1.150,Count Score: 1.150,Umpire Factor: 1.000,Signal Score: 9/20,
   ✅ STRONG SIGNAL COMBO (9/20): Power≥63 + Score≥50  →  Historical HR rate: 18%  637/3630 AT (signal-combo),,,,,
   📊 wRC+ vs RHP: 125 (+25 above avg),,,,,
   📊 Above-avg HR/PA vs RHP: 5.4% (+1.5 conv),,,,,
   🎯 Hand-specific pitch: Mize throws 40% FS vs LHB (overall primary: FF),,,,,
   🎯 PITCHER TARGET FF (34% vs LHB): Mize allows 83% HH / 50% FB / 33% Pull / 0.167 ISO (vuln 52) → Batter L10 FF: 2 HR/10 BBE • 70% HH • 40% Brl • 324ft avg dist,,,,,
   🎯🎯 PRIME PITCHER TARGET MATCH (FF): 2 HR in last 10 BBEs vs pitcher's most vulnerable pitch (vuln 52) + HR-prone L5 (×1.45 vs season) — Jun 17 validated (75%) | Note: ⚠️ xHR caution: luck_regression=0.920<0.95 (batter outperforming contact quality — HR regression risk) (+9 conv),,,,,
   📊 DailyPitch HR signal: PM 1.082 + pitch edge +4 + Pwr 88 + Vuln 46 (informational — no park gate),,,,,
   📊 Good pull air rate: 23% (+1 conv),,,,,
"   🎯 Crushes four-seamers: wOBA 0.457, SLG 0.684 — Mize FF 34% vs LHB (+2.5 conv)",,,,,
   🔥🔥 L10 BBE vs FF: 2 HR in 10 BBE (20% HR rate • 323.6 Avg Dist • 70% HH • 40% Brl) — Marsh-pattern recent power surge (+7 conv),,,,,
"   🏟️ Opportunity-driven: Opp 40/50 — great game environment, weak batter profile vs pitcher (Conv 17/50)",,,,,
   ✅ Platoon edge (L vs R),,,,,
   💪 Elite ISO: 0.322 — well above 0.220 strong threshold (pure power),,,,,
   ⏱️ SP market: 5.2 IP expected,,,,,
   ⚡ High K% (30.2%),,,,,
   🎯 Elite zone damage (1.33x),,,,,
   🔥 HR-prone L5: 2.69 HR/9 vs 1.20 season (21 IP) — getting hit hard lately,,,,,
   📋 Projected lineup (unconfirmed),,,,,
   🟣 Quality Metrics [3/10 core | 2/13 elite | DTP 2/7]: 💥 Blast%:21.5%≥15% (nuclear) · ⚠️ xHR CAUTION: luck_regression=0.920<0.95 + HH%=30%<42% — batter outperforming expected HR rate; contact quality may not support continuation. · 💪 ISO:0.300≥.300 (nuclear),,,,,
   🔵 PropFinder [5/9 must-have] [L10 n=10]: 💪 ISO:0.300>0.2 (must-have) · ❌ Barrel%:10.0% [Barrel%>15% ✗] · ❌ HH%:30% [HH%>40% ✗] · 🌤️ Air%:60%>50% (must-have) · 🔻 GB%:40%<40% (must-have) · ❌ PullBrl%:10.0 [PullBrl%>10 ✗] · ❌ FB%:30% [FB%>35% ✗] · 💥 Blast%:40.0%>15% (must-have) · ↙ Pull%:70%>30% (must-have),,,,,
   📐 9-STAT: ISO 0.300 | Barrel% 10.0 | HH% 30.0 | Air% 60.0 | GB% 40.0 | PullBrl% 10.0 | FB% 30.0 | Blast% 40.0 | Pull% 70.0,,,,,
"   ⚠️ HS DULL HR ZONE: HS28(20-39) — 17.3%/0.93x (n=467, 38-sl). HS20-39 underperforms both cold bat (HS<20=1.13x) AND hot bat (HS40+=1.17x). Not a block — deprioritize vs same-tier picks with HS≥40 or HS<20.",,,,,
"   📋 MULTI-BBE PITCHER: 8 batters have T3+ BBE matches vs Casey Mize — pitcher structurally vulnerable (informational, no score boost)",,,,,
   📊 HR market: +490 (line 0.5) [FanDuel],,,,,
   ⚠️ Concerns:,,,,,
   🏟️ Suppressive park (0.90x),,,,,
   🎯 Hit Score: 28.2/100,,,,,
   📈 RotoWire projects 1.00 hits vs 0.5 line (+edge),,,,,
   💪 Power edge: 1.68 TB projected vs 0.5 line,,,,,
   🎯 Elite contact vs FF: wOBA 0.457 on primary pitch type (+4 pts),,,,,
   ⚾ vs Mize (SP): 25% hit rate,,,,,
   ⚾ vs Mize (SP): 25% hit rate (career fade skipped: ≤20 AB sample),,,,,
   ⚠️ High-K profile (30%) — significant contact risk,,,,,
   📊 wRC+ vs RHP: 125 (+1.5 hit pts),,,,,
   🧮 HR STACK — these 2 grades have never all fired together and no smaller group has enough history. Individual grade rates are all that apply.,,,,,
   🧮 HIT STACK — these 2 grades have never all fired together and no smaller group has enough history. Individual grade rates are all that apply.,,,,,
,,,,,
#59  Heliot Ramos (NYY) vs Brandon Pfaadt  [📋 PROJECTED]   Score: 52.7   HR Prob: 20.3%  |  Odds: +590,,,,,
Batter Power: 80.8,Pitcher Vuln: 49.7,Pitch Match: 1.023,Bullpen: 1.040,Bullpen Vuln 🔬: 52.6  (BVu 53 (~3.2 IP)),
Park: 0.990,Env: 1.027,Platoon: 0.97,Impl Runs: 4.3,Mkt Signal: 0.991,
HR/PA Rate: 0.044,Opp Score: 38/50,Conv Score: 14/50,NewConv CONV100: 53,NewConv Rank: 79,
NewConv p: 0.187,NewConv raw: 0.1801,Hits Odds: -,Hits Line: 0.5,xHR Factor: 0.945,
Pull×Park: 1.000,Zone Damage: 0.928,Count Score: 1.150,Umpire Factor: 1.006,Signal Score: 9/20,
   ✅ STRONG SIGNAL COMBO (9/20): Power≥63 + Score≥50  →  Historical HR rate: 18%  637/3630 AT (signal-combo),,,,,
   🎯 Hand-specific pitch: Pfaadt throws 34% FF vs RHB (overall primary: ST),,,,,
   🎯 PITCHER TARGET ST (27% vs RHB): Pfaadt allows 44% HH / 89% FB / 44% Pull / 0.222 ISO (vuln 49) → Batter L10 ST: 1 HR/10 BBE • 340ft avg dist,,,,,
   🔥 PITCHER-FIRST MATCH (ST): 1 HR in L10 BBEs vs pitcher's target pitch (+5 conv),,,,,
   🔥 CROSS-PITCH BBE SURGE: 3 HR in L10 BBE on CU (384ft avg · 80% HH) — power surge on non-target pitch (+3 conv),,,,,
   📊 Good solid contact: 33% squared-up rate (+1.5 hit),,,,,
   ⚠️ Low blast rate: 18% per contact (-1.5 conv),,,,,
"   ⚠️ No career HRs vs pitcher: 0HR/14AB (0%) (-2 conv, -10% rate)",,,,,
   ⚠️ Low HH% vs pitcher: 8% (-2 conv),,,,,
   🔥🔥 L10 BBE vs CU: 3 HR in 10 BBE (30% HR rate • 384.0 Avg Dist • 80% HH • 40% Brl) — Marsh-pattern recent power surge (+7 conv),,,,,
"   🏟️ Opportunity-driven: Opp 38/50 — great game environment, weak batter profile vs pitcher (Conv 14/50)",,,,,
   💪 Same-side + elite power (R vs R) — HR advantage,,,,,
   ⏱️ SP market: 5.8 IP expected,,,,,
   ⚡ High K% (27.1%),,,,,
   ⚡ High Z-Contact: 89.5% (≥88% = batters making easy contact in zone → xwOBA quality elevated),,,,,
   🔥 HR-prone L5: 1.70 HR/9 vs 1.20 season (30 IP) — getting hit hard lately,,,,,
   📋 Projected lineup (unconfirmed),,,,,
   🔵 PropFinder [4/9 must-have] [L10 n=10]: ❌ ISO:0.100 [ISO>0.2 ✗] · ❌ Barrel%:0.0% [Barrel%>15% ✗] · ❌ HH%:20% [HH%>40% ✗] · 🌤️ Air%:60%>50% (must-have) · 🔻 GB%:40%<40% (must-have) · ❌ PullBrl%:8.6 [PullBrl%>10 ✗] · ❌ FB%:30% [FB%>35% ✗] · 💥 Blast%:30.0%>15% (must-have) · ↙ Pull%:50%>30% (must-have),,,,,
   📐 9-STAT: ISO 0.100 | Barrel% 0.0 | HH% 20.0 | Air% 60.0 | GB% 40.0 | PullBrl% 8.6 | FB% 30.0 | Blast% 30.0 | Pull% 50.0,,,,,
"   📋 MULTI-BBE PITCHER: 9 batters have T3+ BBE matches vs Brandon Pfaadt — pitcher structurally vulnerable (informational, no score boost)",,,,,
   📊 HR market: +590 (line 0.5) [FanDuel],,,,,
   ⚠️ Concerns:,,,,,
   ⚠️ Model over-bullish vs market (+6%): edge 0-5% = 0.62x HR rate historically (-2 conv),,,,,
   🎯 Hit Score: 24.6/100,,,,,
   📊 Strong hits probability (64% consensus over),,,,,
   📈 RotoWire projects 0.96 hits vs 0.5 line (+edge),,,,,
   💪 Power edge: 1.66 TB projected vs 1.5 line,,,,,
   ⚠️ Weak contact vs pitcher: 8% HH% (-3 pts),,,,,
   ⚾ vs Pfaadt (SP): 59% hit rate,,,,,
   ⚠️ Same-side disadvantage (R vs R) -3 pts,,,,,
   ⚠️ Elevated K% (27%),,,,,
   🎯 SHARP HIT: Pwr 81 + PM 1.023 (sweet zone) — 5-slate: 100% (14/14),,,,,
,,,,,
#60  Carter Jensen (KC) vs Bubba Chandler   Score: 51.0   HR Prob: 20.6%  |  Odds: +420,,,,,
Batter Power: 82.8,Pitcher Vuln: 47.6,Pitch Match: 1.021,Bullpen: 1.082,"Bullpen Vuln 🔬: 54.8  (BULLPEN VULN (BVu 55, ~3.8 IP exposure))",
Park: 0.960,Env: 0.960,Platoon: 1.08,Impl Runs: 4.0,Mkt Signal: 1.020,
HR/PA Rate: 0.067,Opp Score: 41/50,Conv Score: 14/50,NewConv CONV100: 79,NewConv Rank: 25,
NewConv p: 0.277,NewConv raw: 0.2213,Hits Odds: -,Hits Line: 0.5,xHR Factor: 0.847,
Pull×Park: 1.000,Zone Damage: 0.970,Count Score: 1.150,Umpire Factor: 0.970,Signal Score: 7/20,
   📊 SIGNAL COMBO (7/20): Power≥63 + Score≥50  →  Historical HR rate: 18%  637/3630 AT (signal-combo),,,,,
   📈 L7 SLG elevated: 0.524 (1.21x season),,,,,
   🎯 PITCHER TARGET SI (21% vs LHB): Chandler allows 50% HH / 75% FB / 50% Pull / 0.750 ISO (vuln 54) → Batter L10 SI: 0 HR/10 BBE • 40% HH,,,,,
   🔥 CROSS-PITCH T1→T2 UPGRADE: T1 carry signal + 4 HR in L10 BBE on SL — batter has real recent power on non-target pitch (conv 1→3),,,,,
   🔥 CROSS-PITCH BBE SURGE: 4 HR in L10 BBE on SL (361ft avg · 60% HH) — power surge on non-target pitch (+3 conv),,,,,
   📊 Good solid contact: 32% squared-up rate (+1.5 hit),,,,,
   ⚠️ Low blast rate: 15% per contact (-1.5 conv),,,,,
   📊 Good pull air rate: 22% (+1 conv),,,,,
   ✅ Good vs slider: wOBA 0.309 — SL 16% vs LHB (+1.5 conv),,,,,
   🔥🔥 L10 BBE vs SL: 4 HR in 10 BBE (40% HR rate • 361.2 Avg Dist • 60% HH • 50% Brl) — Marsh-pattern recent power surge (+7 conv),,,,,
"   🏟️ Opportunity-driven: Opp 41/50 — great game environment, weak batter profile vs pitcher (Conv 14/50)",,,,,
   ✅ Platoon edge (L vs R),,,,,
   ⏱️ SP market: 5.2 IP expected,,,,,
   🔓 Weak bullpen (HR/9: 1.55),,,,,
   ⚡ High K% (28.2%),,,,,
   📊 ERA composite 4.78 (FIP/xFIP/SIERA avg) vs ERA 4.00 — ERA understated,,,,,
   📊 Pitcher L5: 1.41 HR/9 (25 IP) — near season avg,,,,,
   🟣 Quality Metrics [3/10 core | 3/13 elite | DTP 2/7]: 💥 Blast%:15.4%≥15% (nuclear) · ⚠️ xHR CAUTION: luck_regression=0.920<0.95 + HH%=20%<42% — batter outperforming expected HR rate; contact quality may not support continuation. · 🌤️ FB%:40%≥40% (nuclear/DTP) · 🔻 GB%:30%≤35% (nuclear/DTP — air-ball profile),,,,,
   🔵 PropFinder [5/9 must-have] [L10 n=10]: 💪 ISO:0.200>0.2 (must-have) · ❌ Barrel%:0.0% [Barrel%>15% ✗] · ❌ HH%:20% [HH%>40% ✗] · 🌤️ Air%:60%>50% (must-have) · 🔻 GB%:30%<40% (must-have) · ❌ PullBrl%:8.6 [PullBrl%>10 ✗] · 🌤️ FB%:40%>35% (must-have) · ❌ Blast%:10.0% [Blast%>15% ✗] · ↙ Pull%:80%>30% (must-have),,,,,
   📐 9-STAT: ISO 0.200 | Barrel% 0.0 | HH% 20.0 | Air% 60.0 | GB% 30.0 | PullBrl% 8.6 | FB% 40.0 | Blast% 10.0 | Pull% 80.0,,,,,
   ⚠️ PITCHER WEAK SPOT (3rd time through order): allows .377 wOBA (114 TBF) — meaningful weakness (+4 conv),,,,,
"   📋 MULTI-BBE PITCHER: 8 batters have T3+ BBE matches vs Bubba Chandler — pitcher structurally vulnerable (informational, no score boost)",,,,,
   📊 HR market: +420 (line 0.5) [FanDuel],,,,,
   🎯 Hit Score: 56.2/100,,,,,
   🔥 Hot hitter: 77% weighted hit rate,,,,,
   📈 RotoWire projects 1.08 hits vs 0.5 line (+edge),,,,,
   💪 Power edge: 1.87 TB projected vs 1.5 line,,,,,
   🔥 Red hot last 5: 80% hit rate (+6 pts),,,,,
   📉 Mild regression risk: last-5 (80%) ahead of season (60%),,,,,
   ⚠️ Elevated K% (28%),,,,,
   📈 Quality trend up (form 1.12x) (+2.4 pts),,,,,
   🎯 SHARP HIT: Pwr 83 + PM 1.021 (sweet zone) — 5-slate: 100% (14/14),,,,,
,,,,,
#61  Drake Baldwin (ATL) vs Hayden Wesneski   Score: 52.3   HR Prob: 20.1%  |  Odds: +410,,,,,
Batter Power: 85.7,Pitcher Vuln: 46.9,Pitch Match: 1.062,Bullpen: 1.000,Bullpen Vuln 🔬: 50.0  (BVu 50 (~4.0 IP)),
Park: 1.010,Env: 1.012,Platoon: 1.08,Impl Runs: 4.1,Mkt Signal: 1.035,
HR/PA Rate: 0.047,Opp Score: 35/50,Conv Score: 25/50,NewConv CONV100: 70,NewConv Rank: 36,
NewConv p: 0.246,NewConv raw: 0.2145,Hits Odds: -,Hits Line: 0.5,xHR Factor: 0.881,
Pull×Park: 1.000,Zone Damage: 1.150,Count Score: 1.150,Umpire Factor: 0.988,Signal Score: 9/20,
   ✅ STRONG SIGNAL COMBO (9/20): Power≥63 + Score≥50  →  Historical HR rate: 18%  637/3630 AT (signal-combo),,,,,
   📊 wRC+ vs RHP: 123 (+23 above avg),,,,,
   🎯 PITCHER TARGET FC (29% vs LHB): Wesneski allows 50% HH / 83% FB / 50% Pull / 0.833 ISO (vuln 57) → Batter L10 FC: 0 HR/10 BBE • 40% HH,,,,,
   📊 DailyPitch HR signal: PM 1.062 + pitch edge +3 + Pwr 86 + Vuln 47 (informational — no park gate),,,,,
   📊 Good solid contact: 32% squared-up rate (+1.5 hit),,,,,
"   🎯 Crushes four-seamers: wOBA 0.402, SLG 0.550 — Wesneski FF 30% vs LHB (+2.5 conv)",,,,,
   📊 L10 BBE vs FF: 1 HR in 10 BBE • 276.4 Avg Dist • 50% HH • 20% Brl (+2 conv),,,,,
"   🏟️ Opportunity-driven: Opp 35/50 — great game environment, weak batter profile vs pitcher (Conv 17/50)",,,,,
   ✅ Platoon edge (L vs R),,,,,
   💪 Strong ISO: 0.233 — meets 0.220 power threshold,,,,,
"   🧪 AUDIT-A3 PROB20+SHORT-START: 30.3% HR (43/142, 2.13x, 40 slates, Jul 20/62 · Aug 23/80) [TRACKING — no conv points]",,,,,
   🎯 Elite zone damage (1.26x),,,,,
   ⚡ High Z-Contact: 90.2% (≥88% = batters making easy contact in zone → xwOBA quality elevated),,,,,
   🎣 Elite chase rate: 37.3% O-Swing (avg 32%) — gets batters to expand zone,,,,,
   🛡️ Suppressing L5: 0.69 HR/9 vs 1.20 season (26 IP) — buy low on HR,,,,,
"   🟣 Quality Metrics [6/10 core | 5/13 elite | DTP 4/7]: 📊 DTP FILTER 4/7: ISO>0.2, Barrel>13%, HH>38%, Air>55% · 💥 Blast%:18.3%≥15% (nuclear) · 🔴 NearHR:3≥3 (power at contact — fires DIAMOND 4 when Vuln≥48+Env≥1.05 or Vuln≥52+Odds250-400; standalone = 1.17x only) · 🎯 PullBrl proxy:4.0 ≥3.5 must-have · 💪 HH%:50%≥50% (must-have) · 🌤️ FB%:40%≥40% (nuclear/DTP) · 💪 ISO:0.400≥.300 (nuclear)",,,,,
"   🎯 HR26 PF CORE TRIPLE: ISO 0.400>0.2 + Barrel% 20.0>15 + HH% 50>40 → 19.3%  73/379 HR (mined 19.3% 73/379, 1.30x, p=0.0074, boot5 1.12, 30sl). Beats the 9-gate count at every threshold (≥7/9 1.14x · ≥8/9 1.04x · 9/9 0.92x) because requiring all nine forces Pull%>30 (0.99x, passes on 94% of the pool) and GB%<40 (0.97x) to clear. ⚠️ July-weighted: split-half 24%→15%, August 6/47 = 13% below base.",,,,,
"   🔵 PropFinder [8/9 must-have] [L10 n=10]: 🔥 ELITE CONTACT PROFILE: PullBrl%>20.0 + FB%>40.0% — both elite HR-profile gates clear (+5 conv bonus, stackable) · ☢️ 8/9 gates (display only — 1.13x) · 💪 ISO:0.400>0.2 (must-have) · 🎯 Barrel%:20.0%>15% (must-have) · 💪 HH%:50%>40% (must-have) · 🌤️ Air%:60%>50% (must-have) · 🔻 GB%:40%<40% (must-have) · 🎯 PullBrl%:20.0>10 (must-have) · 🌤️ FB%:40%>35% (must-have) · ❌ Blast%:10.0% [Blast%>15% ✗] · ↙ Pull%:60%>30% (must-have)",,,,,
   📐 9-STAT: ISO 0.400 | Barrel% 20.0 | HH% 50.0 | Air% 60.0 | GB% 40.0 | PullBrl% 20.0 | FB% 40.0 | Blast% 10.0 | Pull% 60.0,,,,,
"   📈 HS+PWR+PM BOOST: HS62≥40+Pwr86≥82+PM1.062≥1.04 → 25.3%/1.35x (n=186, 38-sl Jul10 post-mortem). Active contact + power + matchup aligned. Conv +3.",,,,,
"   📋 MULTI-BBE PITCHER: 8 batters have T3+ BBE matches vs Hayden Wesneski — pitcher structurally vulnerable (informational, no score boost)",,,,,
   📊 HR market: +410 (line 0.5) [FanDuel],,,,,
   ⚠️ Concerns:,,,,,
   ⚠️ Short-start alert: 4.8 IP projected — bullpen exposure (data: neutral/negative for HRs),,,,,
   🎯 Hit Score: 61.5/100,,,,,
   🔥 Hot hitter: 84% weighted hit rate,,,,,
   ✅ High-consensus over: 67% of books project hit (+8 pts),,,,,
   📈 RotoWire projects 1.11 hits vs 0.5 line (+edge),,,,,
   💪 Power edge: 2.29 TB projected vs 1.5 line,,,,,
   🎯 Elite contact vs FF: wOBA 0.402 on primary pitch type (+4 pts),,,,,
   ⚾ vs Wesneski (SP): 33% hit rate,,,,,
   ⚾ vs Wesneski (SP): 33% hit rate (career fade skipped: ≤20 AB sample),,,,,
   🔥 Red hot last 5: 80% hit rate (+6 pts),,,,,
   ⚠️ Short-start alert: form less predictive vs. bullpen-heavy game (×0.97),,,,,
   🎯 SHARP HIT: Cons 67% + Env 1.012 + Platoon + Score 60 — validated (17-slate),,,,,
   📊 wRC+ vs RHP: 123 (+1.5 hit pts),,,,,
"   💰 DFF CROSS-CHECK (TIER1): DailyFantasyFuel's #1-ranked batter on this team today (FPTS 12.6, slate rank #8) - independent same-day agreement, unvalidated, small bonus only.",,,,,
   🧮 HR STACK — all 3 of these grades have fired together 5 times: 2 produced a HR = 40% (2.46x base) · ⚠️ thin sample,,,,,
   🧮 HIT STACK — all 3 of these grades have fired together 5 times: 4 produced a HIT = 80% (1.38x base) · ⚠️ thin sample,,,,,
,,,,,
#62  Steven Kwan (CLE) vs Jacob Lopez   Score: 49.4   HR Prob: 20.4%  |  Odds: +2000,,,,,
Batter Power: 82.8,Pitcher Vuln: 47.6,Pitch Match: 0.939,Bullpen: 1.000,Bullpen Vuln 🔬: 50.0  (BVu 50 (~4.0 IP)),
Park: 0.990,Env: 0.944,Platoon: 1.08,Impl Runs: 4.4,Mkt Signal: 0.917,
HR/PA Rate: 0.059,Opp Score: 34/50,Conv Score: 18/50,NewConv CONV100: 36,NewConv Rank: 174,
NewConv p: 0.127,NewConv raw: 0.1305,Hits Odds: -,Hits Line: 0.5,xHR Factor: 1.167,
Pull×Park: 1.000,Zone Damage: 0.850,Count Score: 1.150,Umpire Factor: 1.012,Signal Score: 0/20,
   🔥 L7 power surge: SLG 0.500 (2.21x season — HR heat),,,,,
   🚫 ODDS DEAD ZONE -30%: +2000 (backtest: 9.9% HR 0.58x — grade fires but market has hard passed). PRIME exemption REMOVED in this band Sep 14 2026 — see the +800-1000 note above for the band-level ROI evidence.,,,,,
   🎯 PITCHER TARGET SL (34% vs LHB): Lopez allows 100% FB (vuln 25) → Batter L10 SL: 0 HR/10 BBE • 294ft avg dist,,,,,
   🎯 Elite solid contact: 45% squared-up rate (+3 hit),,,,,
   📈 Elite line drive rate: 31% (+2 hit),,,,,
   ⚠️ Poor attack angle: 32% ideal zone swings (-1 conv),,,,,
   💥 Elite blast rate: 170% per contact (+2 conv),,,,,
   ✅ Good vs four-seamer: wOBA 0.367 — Lopez FF 57% vs LHB (+2.0 conv),,,,,
   🔥 L10 BBE vs FF: 1 HR in 10 BBE • 289.3 Avg Dist • 20% HH — quality carry confirms (+4 conv),,,,,
"   🏟️ Opportunity-driven: Opp 34/50 — great game environment, weak batter profile vs pitcher (Conv 18/50)",,,,,
   ✅ Platoon edge (L vs R),,,,,
   ⏱️ SP market: 5.2 IP expected,,,,,
   💥 Strong xHR quality (1.167x),,,,,
   📊 ERA composite 4.82 (FIP/xFIP/SIERA avg) vs ERA 4.00 — ERA understated,,,,,
   🔥 HR-prone L5: 1.67 HR/9 vs 1.20 season (26 IP) — getting hit hard lately,,,,,
   🟣 Quality Metrics [2/10 core | 3/13 elite | DTP 2/7]: 💥 Blast%:100.0%≥15% (nuclear) · ⚠️ xHR CAUTION: luck_regression=0.920<0.95 + HH%=20%<42% — batter outperforming expected HR rate; contact quality may not support continuation. · 🌤️ FB%:40%≥40% (nuclear/DTP) · 🔻 GB%:30%≤35% (nuclear/DTP — air-ball profile),,,,,
   🔵 PropFinder [5/9 must-have] [L10 n=10]: ❌ ISO:0.043 [ISO>0.2 ✗] · ❌ Barrel%:0.0% [Barrel%>15% ✗] · ❌ HH%:20% [HH%>40% ✗] · 🌤️ Air%:60%>50% (must-have) · 🔻 GB%:30%<40% (must-have) · ❌ PullBrl%:0.2 [PullBrl%>10 ✗] · 🌤️ FB%:40%>35% (must-have) · 💥 Blast%:100.0%>15% (must-have) · ↙ Pull%:30%>30% (must-have),,,,,
   📐 9-STAT: ISO 0.043 | Barrel% 0.0 | HH% 20.0 | Air% 60.0 | GB% 30.0 | PullBrl% 0.2 | FB% 40.0 | Blast% 100.0 | Pull% 30.0,,,,,
"   📋 MULTI-BBE PITCHER: 6 batters have T3+ BBE matches vs Jacob Lopez — pitcher structurally vulnerable (informational, no score boost)",,,,,
   📊 HR market: +2000 (line 0.5) [FanDuel],,,,,
   ⚠️ Concerns:,,,,,
   📉 Negative HR regression (over xHR by 1011%) — note only,,,,,
"   ⛔ AUDIT-F1 ISO-REGRESSION FADE: xISO 0.145 vs ISO 0.043 — historically a NEGATIVE HR signal, not a positive one: 8.4% HR (22/261, 0.59x, 46 slates, both months, perm p=0.997). Treat as NEG-class caution.",,,,,
   🎯 Hit Score: 55.2/100,,,,,
   🔥 Hot hitter: 69% weighted hit rate,,,,,
   📊 Strong hits probability (63% consensus over),,,,,
   📈 RotoWire projects 1.07 hits vs 0.5 line (+edge),,,,,
   📊 Contact-favorable matchup: PM 0.939 (low PM = 1.13x hit rate),,,,,
   📊 Good contact vs FF: wOBA 0.367 on primary pitch type (+2 pts),,,,,
"   ✅ Hits well vs Lopez (SP): 71% (+2.5 pts, very small sample 0AB)",,,,,
   📈 Strong last 5: 60% hit rate (+3 pts),,,,,
   📈 Quality trend up (form 1.10x) (+2.0 pts),,,,,
,,,,,
#63  Luis Arraez (PHI) vs Christian Scott   Score: 47.5   HR Prob: 20.5%  |  Odds: +4500,,,,,
Batter Power: 87.5,Pitcher Vuln: 46.7,Pitch Match: 0.973,Bullpen: 1.138,"Bullpen Vuln 🔬: 59.2  (BULLPEN VULN (BVu 59, ~3.5 IP exposure))",
Park: 0.980,Env: 0.925,Platoon: 1.08,Impl Runs: 3.9,Mkt Signal: 0.881,
HR/PA Rate: 0.065,Opp Score: 39/50,Conv Score: 9/50,NewConv CONV100: 21,NewConv Rank: 262,
NewConv p: 0.072,NewConv raw: 0.0923,Hits Odds: -,Hits Line: 0.5,xHR Factor: 1.072,
Pull×Park: 1.000,Zone Damage: 1.150,Count Score: 1.150,Umpire Factor: 1.018,Signal Score: 0/20,
"   ⚡ QUIET POWER ARCHETYPE: Pwr 88 + PM<1.04 + Score~43 — 28.6% HR all-time (1.67x, n=49) (+4 conv)",,,,,
   🚫 ODDS DEAD ZONE -30%: +4500 (backtest: 9.9% HR 0.58x — grade fires but market has hard passed). PRIME exemption REMOVED in this band Sep 14 2026 — see the +800-1000 note above for the band-level ROI evidence.,,,,,
   🎯 PITCHER TARGET FS (12% vs LHB): Scott allows 75% FB / 75% Pull / 0.750 ISO (vuln 48) → Batter L10 FS: 0 HR/10 BBE,,,,,
   🎯 Elite solid contact: 46% squared-up rate (+3 hit),,,,,
   💥 Elite blast rate: 170% per contact (+2 conv),,,,,
   📊 L10 BBE vs ST: 1 HR in 10 BBE • 257.5 Avg Dist • 20% HH • 10% Brl (+2 conv),,,,,
"   🏟️ Opportunity-driven: Opp 39/50 — great game environment, weak batter profile vs pitcher (Conv 9/50)",,,,,
   ℹ️ Low hit score (HS=5) — cold contact; HS not predictive of HR,,,,,
   ✅ Platoon edge (L vs R),,,,,
   🔓 Weak bullpen (HR/9: 1.76),,,,,
   🎯 Elite zone damage (1.20x),,,,,
   📊 Pitcher L5: 1.46 HR/9 (24 IP) — near season avg,,,,,
   🟣 Quality Metrics [2/10 core | 2/13 elite | DTP 1/7]: 💥 Blast%:100.0%≥15% (nuclear) · ⚠️ xHR CAUTION: luck_regression=0.920<0.95 + HH%=20%<42% — batter outperforming expected HR rate; contact quality may not support continuation. · 💪 ISO:0.300≥.300 (nuclear),,,,,
   🔵 PropFinder [4/9 must-have] [L10 n=10]: 💪 ISO:0.300>0.2 (must-have) · ❌ Barrel%:0.0% [Barrel%>15% ✗] · ❌ HH%:20% [HH%>40% ✗] · 🌤️ Air%:50%>50% (must-have) · ❌ GB%:50% [GB%<40% ✗] · ❌ PullBrl%:1.0 [PullBrl%>10 ✗] · ❌ FB%:0% [FB%>35% ✗] · 💥 Blast%:100.0%>15% (must-have) · ↙ Pull%:50%>30% (must-have),,,,,
   📐 9-STAT: ISO 0.300 | Barrel% 0.0 | HH% 20.0 | Air% 50.0 | GB% 50.0 | PullBrl% 1.0 | FB% 0.0 | Blast% 100.0 | Pull% 50.0,,,,,
"   📋 MULTI-BBE PITCHER: 6 batters have T3+ BBE matches vs Christian Scott — pitcher structurally vulnerable (informational, no score boost)",,,,,
   📊 HR market: +4500 (line 0.5) [FanDuel [LOCKED-PRE]],,,,,
   ⚠️ Concerns:,,,,,
   📉 Negative HR regression (over xHR by 203%) — note only,,,,,
   🎯 Hit Score: 5.0/100,,,,,
   ⚠️ Limited market signal (no hits or HR consensus over),,,,,
   📊 Contact-favorable matchup: PM 0.973 (low PM = 1.13x hit rate),,,,,
   🎯 AVG vs RHP: 0.312 (+3 hit pts — elite contact vs this hand),,,,,
   🏟️ Road AVG: 0.312 (+2 hit pts),,,,,
,,,,,
#64  Michael Massey (KC) vs Bubba Chandler   Score: 47.9   HR Prob: 20.3%  |  Odds: +630,,,,,
Batter Power: 78.5,Pitcher Vuln: 47.6,Pitch Match: 0.985,Bullpen: 1.082,"Bullpen Vuln 🔬: 54.8  (BULLPEN VULN (BVu 55, ~3.8 IP exposure))",
Park: 0.960,Env: 0.960,Platoon: 1.08,Impl Runs: 4.0,Mkt Signal: 0.982,
HR/PA Rate: 0.065,Opp Score: 39/50,Conv Score: 13/50,NewConv CONV100: 40,NewConv Rank: 158,
NewConv p: 0.140,NewConv raw: 0.1347,Hits Odds: -,Hits Line: 0.5,xHR Factor: 0.886,
Pull×Park: 1.000,Zone Damage: 1.150,Count Score: 1.150,Umpire Factor: 0.970,Signal Score: 0/20,
   📈 L7 SLG elevated: 0.522 (1.22x season),,,,,
   💥 2 HRs last 7 days — active HR streak,,,,,
"   ⚡ QUIET POWER ARCHETYPE: Pwr 78 + PM<1.04 + Score~48 — 28.6% HR all-time (1.67x, n=49) (+4 conv)",,,,,
   ⚠️ ODDS FADE -15%: +630 (backtest: 9.3% HR 0.54x — market sees something model misses),,,,,
   🎯 PITCHER TARGET SI (21% vs LHB): Chandler allows 50% HH / 75% FB / 50% Pull / 0.750 ISO (vuln 54) → Batter L10 SI: 0 HR/10 BBE,,,,,
   🔥 CROSS-PITCH T1→T2 UPGRADE: T1 carry signal + 2 HR in L10 BBE on FF — batter has real recent power on non-target pitch (conv 1→3),,,,,
   🔥 CROSS-PITCH BBE SURGE: 2 HR in L10 BBE on FF (329ft avg · 60% HH) — power surge on non-target pitch (+3 conv),,,,,
   📊 Good solid contact: 35% squared-up rate (+1.5 hit),,,,,
   ⚠️ Low blast rate: 13% per contact (-1.5 conv),,,,,
   📊 Good pull air rate: 24% (+1 conv),,,,,
   🔥🔥 L10 BBE vs FF: 2 HR in 10 BBE (20% HR rate • 329.2 Avg Dist • 60% HH • 10% Brl) — Marsh-pattern recent power surge (+7 conv),,,,,
"   🏟️ Opportunity-driven: Opp 39/50 — great game environment, weak batter profile vs pitcher (Conv 13/50)",,,,,
   ✅ Platoon edge (L vs R),,,,,
   ⏱️ SP market: 5.2 IP expected,,,,,
   🔓 Weak bullpen (HR/9: 1.55),,,,,
   🎯 Elite zone damage (1.16x),,,,,
   📊 ERA composite 4.78 (FIP/xFIP/SIERA avg) vs ERA 4.00 — ERA understated,,,,,
   📊 Pitcher L5: 1.41 HR/9 (25 IP) — near season avg,,,,,
   🟣 Quality Metrics [3/10 core | 2/13 elite | DTP 2/7]: 💥 Blast%:13.2%≥12% (must-have) · ⚠️ xHR CAUTION: luck_regression=0.920<0.95 + HH%=20%<42% — batter outperforming expected HR rate; contact quality may not support continuation. · ↙ Pull%:50%≥45% (nuclear) · 💪 ISO:0.300≥.300 (nuclear),,,,,
   🔵 PropFinder [4/9 must-have] [L10 n=10]: 💪 ISO:0.300>0.2 (must-have) · ❌ Barrel%:10.0% [Barrel%>15% ✗] · ❌ HH%:20% [HH%>40% ✗] · 🌤️ Air%:50%>50% (must-have) · 🔻 GB%:40%<40% (must-have) · ❌ PullBrl%:10.0 [PullBrl%>10 ✗] · ❌ FB%:30% [FB%>35% ✗] · ❌ Blast%:13.2% [Blast%>15% ✗] · ↙ Pull%:70%>30% (must-have),,,,,
   📐 9-STAT: ISO 0.300 | Barrel% 10.0 | HH% 20.0 | Air% 50.0 | GB% 40.0 | PullBrl% 10.0 | FB% 30.0 | Blast% 13.2 | Pull% 70.0,,,,,
"   📋 MULTI-BBE PITCHER: 8 batters have T3+ BBE matches vs Bubba Chandler — pitcher structurally vulnerable (informational, no score boost)",,,,,
   📊 HR market: +630 (line 0.5) [FanDuel],,,,,
   ⚠️ Concerns:,,,,,
   ⚠️ Model over-bullish vs market (+7%): edge 0-5% = 0.62x HR rate historically (-2 conv),,,,,
   🎯 Hit Score: 49.0/100,,,,,
   🔥 Hot hitter: 70% weighted hit rate,,,,,
   📊 Strong hits probability (62% consensus over),,,,,
   📈 RotoWire projects 1.01 hits vs 0.5 line (+edge),,,,,
   📊 Contact-favorable matchup: PM 0.985 (low PM = 1.13x hit rate),,,,,
   💪 Power edge: 1.64 TB projected vs 0.5 line,,,,,
   ⚾ vs Chandler (SP): 50% hit rate,,,,,
   📈 Strong last 5: 60% hit rate (+3 pts),,,,,
   🎯 SHARP HIT: Cons 62% + Env 0.960 + Platoon + Score 49 — validated (17-slate),,,,,
,,,,,
#65  George Springer (TOR) vs Cal Quantrill   Score: 46.7   HR Prob: 20.4%  |  Odds: +590,,,,,
Batter Power: 79.6,Pitcher Vuln: 52.1,Pitch Match: 0.993,Bullpen: 1.021,Bullpen Vuln 🔬: 51.0  (BVu 51 (~3.5 IP)),
Park: 1.080,Env: 1.101,Platoon: 0.97,Impl Runs: 3.8,Mkt Signal: 0.994,
HR/PA Rate: 0.059,Opp Score: 33/50,Conv Score: 14/50,NewConv CONV100: 42,NewConv Rank: 123,
NewConv p: 0.146,NewConv raw: 0.1500,Hits Odds: -,Hits Line: 0.5,xHR Factor: 0.898,
Pull×Park: 1.000,Zone Damage: 1.006,Count Score: 1.150,Umpire Factor: 1.006,Signal Score: 0/20,
   📈 L7 SLG elevated: 0.478 (1.26x season),,,,,
"   ⚡ QUIET POWER ARCHETYPE: Pwr 80 + PM<1.04 + Score~41 — 28.6% HR all-time (1.67x, n=49) (+4 conv)",,,,,
   🎯 Hand-specific pitch: Quantrill throws 33% FF vs RHB (overall primary: SI),,,,,
   🎯 PITCHER TARGET FF (33% vs RHB): Quantrill allows 100% FB (vuln 33) → Batter L10 FF: 0 HR/10 BBE • 40% HH,,,,,
   🔥 CROSS-PITCH T1→T2 UPGRADE: T1 carry signal + 2 HR in L10 BBE on CU — batter has real recent power on non-target pitch (conv 1→3),,,,,
   🔥 CROSS-PITCH BBE SURGE: 2 HR in L10 BBE on CU (322ft avg · 30% HH) — power surge on non-target pitch (+3 conv),,,,,
   📊 Good solid contact: 30% squared-up rate (+1.5 hit),,,,,
   ⚠️ Low blast rate: 14% per contact (-1.5 conv),,,,,
   ✅ Good vs slider: wOBA 0.328 — SL 14% vs RHB (+1.5 conv),,,,,
   📊 L10 BBE vs SI: 0 HR in 10 BBE • 308.3 Avg Dist • 40% HH — hard contact quality (+1 conv),,,,,
"   🏟️ Opportunity-driven: Opp 33/50 — great game environment, weak batter profile vs pitcher (Conv 14/50)",,,,,
   💪 Same-side + elite power (R vs R) — HR advantage,,,,,
   ⏱️ SP market: 5.5 IP expected,,,,,
   ⚡ High Z-Contact: 90.6% (≥88% = batters making easy contact in zone → xwOBA quality elevated),,,,,
   📊 Pitcher L5: 1.16 HR/9 (31 IP) — near season avg,,,,,
   🟣 Quality Metrics [2/10 core | 0/13 elite | DTP 0/7]: 💥 Blast%:14.1%≥12% (must-have) · ⚠️ xHR CAUTION: luck_regression=0.920<0.95 + HH%=20%<42% — batter outperforming expected HR rate; contact quality may not support continuation.,,,,,
   🔵 PropFinder [2/9 must-have] [L10 n=10]: ❌ ISO:0.159 [ISO>0.2 ✗] · ❌ Barrel%:0.0% [Barrel%>15% ✗] · ❌ HH%:20% [HH%>40% ✗] · ❌ Air%:30% [Air%>50% ✗] · ❌ GB%:70% [GB%<40% ✗] · ❌ PullBrl%:5.6 [PullBrl%>10 ✗] · ❌ FB%:20% [FB%>35% ✗] · 💥 Blast%:20.0%>15% (must-have) · ↙ Pull%:60%>30% (must-have),,,,,
   📐 9-STAT: ISO 0.159 | Barrel% 0.0 | HH% 20.0 | Air% 30.0 | GB% 70.0 | PullBrl% 5.6 | FB% 20.0 | Blast% 20.0 | Pull% 60.0,,,,,
"   📋 MULTI-BBE PITCHER: 9 batters have T3+ BBE matches vs Cal Quantrill — pitcher structurally vulnerable (informational, no score boost)",,,,,
   📊 HR market: +590 (line 0.5) [FanDuel],,,,,
   ⚠️ Concerns:,,,,,
   ⚠️ Model over-bullish vs market (+6%): edge 0-5% = 0.62x HR rate historically (-2 conv),,,,,
   🎯 Hit Score: 58.3/100,,,,,
   🔥 Hot hitter: 70% weighted hit rate,,,,,
   ✅ High-consensus over: 66% of books project hit (+15 pts),,,,,
   📈 RotoWire projects 1.05 hits vs 0.5 line (+edge),,,,,
   📊 Contact-favorable matchup: PM 0.993 (low PM = 1.13x hit rate),,,,,
   💪 Power edge: 1.87 TB projected vs 1.5 line,,,,,
   ⚾ vs Quantrill (SP): 65% hit rate,,,,,
   🔥 Red hot last 5: 80% hit rate (+6 pts),,,,,
   📉 Mild regression risk: last-5 (80%) ahead of season (64%),,,,,
   ⚠️ Same-side disadvantage (R vs R) -3 pts,,,,,
   ⚡ Game environment boost (Env 1.101): 80.6% hit rate in sweet zone (+3 pts),,,,,
"   💰 DFF CROSS-CHECK (TIER1): DailyFantasyFuel's #1-ranked batter on this team today (FPTS 10.7, slate rank #28) - independent same-day agreement, unvalidated, small bonus only.",,,,,
,,,,,
#66  Garrett Mitchell (MIL) vs Trevor Rogers   Score: 47.2   HR Prob: 20.3%  |  Odds: +1700,,,,,
Batter Power: 84.3,Pitcher Vuln: 46.6,Pitch Match: 1.003,Bullpen: 0.821,Bullpen Vuln 🔬: 36.8  (BULLPEN ELITE (BVu 37) - late-game HR suppressed),
Park: 1.100,Env: 1.057,Platoon: 1.08,Impl Runs: 3.9,Mkt Signal: 0.907,
HR/PA Rate: 0.057,Opp Score: 34/50,Conv Score: 17/50,NewConv CONV100: 34,NewConv Rank: 183,
NewConv p: 0.119,NewConv raw: 0.1277,Hits Odds: -,Hits Line: 0.5,xHR Factor: 1.141,
Pull×Park: 1.000,Zone Damage: 0.850,Count Score: 1.150,Umpire Factor: 1.006,Signal Score: 0/20,
   🔥 L7 power surge: SLG 0.750 (2.25x season — HR heat),,,,,
"   ⚡ QUIET POWER ARCHETYPE: Pwr 84 + PM<1.04 + Score~47 — 28.6% HR all-time (1.67x, n=49) (+4 conv)",,,,,
   🚫 ODDS DEAD ZONE -30%: +1700 (backtest: 9.9% HR 0.58x — grade fires but market has hard passed). PRIME exemption REMOVED in this band Sep 14 2026 — see the +800-1000 note above for the band-level ROI evidence.,,,,,
   🏟️ T4 BBE + ENV BOOST: favorable game environment amplifies pitch BBE signal (+10% ranking),,,,,
   ⚠️ T4 BBE vs LONG ODDS (+1700): market fading despite BBE match — likely Suppressing L5 or recent pitcher domination. Market may have live recency data model's BBE window misses. Treat as LEAN not PLAY.,,,,,
   🎯 PITCHER TARGET FF (60% vs LHB): Rogers allows 67% FB / 0.167 ISO (vuln 28) → Batter L10 FF: 1 HR/10 BBE • 70% HH • 357ft avg dist,,,,,
"   🔥 PITCHER-FIRST MATCH (FF): 1 HR in L10 BBEs vs pitcher's target pitch — ⚡ HIGH-USAGE (60% vs LHB): pitcher leans on this pitch heavily, batter sees it repeatedly (+7 conv)",,,,,
   🔥 CROSS-PITCH BBE SURGE: 2 HR in L10 BBE on FC (380ft avg · 70% HH) — power surge on non-target pitch (+3 conv),,,,,
   📊 Good solid contact: 32% squared-up rate (+1.5 hit),,,,,
   🔥🔥 L10 BBE vs ST: 2 HR in 10 BBE (20% HR rate • 361.3 Avg Dist • 60% HH • 20% Brl) — Marsh-pattern recent power surge (+7 conv),,,,,
"   🏟️ Opportunity-driven: Opp 34/50 — great game environment, weak batter profile vs pitcher (Conv 17/50)",,,,,
   ℹ️ Low hit score (HS=3) — cold contact; HS not predictive of HR,,,,,
   ✅ Platoon edge (L vs R),,,,,
"   ⚠️ Park trap zone (1.10x) — 0.71x HR rate (17 slates, -3 pts)",,,,,
   💥 Strong xHR quality (1.141x),,,,,
   ⚡ High K% (31.3%),,,,,
   🎣 Elite chase rate: 38.3% O-Swing (avg 32%) — gets batters to expand zone,,,,,
   📊 Pitcher L5: 1.53 HR/9 (29 IP) — near season avg,,,,,
"   🟣 Quality Metrics [4/10 core | 3/13 elite | DTP 3/7]: 📊 DTP FILTER 3/7: ISO>0.2, Barrel>13%, HH>38% · 💥 Blast%:23.2%≥15% (nuclear) · 🔶 NearHR:2≥2 (near-HR signal — meaningful only with Vuln≥48+Env≥1.05 combo; standalone = 1.17x) · ⚠️ xHR CAUTION: luck_regression=0.920<0.95 + HH%=40%<42% — batter outperforming expected HR rate; contact quality may not support continuation. · 🎯 PullBrl proxy:4.0 ≥3.5 must-have · 💪 ISO:0.600≥.300 (nuclear)",,,,,
   🔵 PropFinder [6/9 must-have] [L10 n=10]: ✅ 6/9 gates (display only — 1.11x) · 💪 ISO:0.600>0.2 (must-have) · 🎯 Barrel%:20.0%>15% (must-have) · 💪 HH%:40%>40% (must-have) · ❌ Air%:40% [Air%>50% ✗] · ❌ GB%:50% [GB%<40% ✗] · 🎯 PullBrl%:20.0>10 (must-have) · ❌ FB%:10% [FB%>35% ✗] · 💥 Blast%:30.0%>15% (must-have) · ↙ Pull%:50%>30% (must-have),,,,,
   📐 9-STAT: ISO 0.600 | Barrel% 20.0 | HH% 40.0 | Air% 40.0 | GB% 50.0 | PullBrl% 20.0 | FB% 10.0 | Blast% 30.0 | Pull% 50.0,,,,,
   ⚠️ PITCHER WEAK SPOT (3rd time through order): allows .373 wOBA (157 TBF) — meaningful weakness (+4 conv),,,,,
"   📋 MULTI-BBE PITCHER: 8 batters have T3+ BBE matches vs Trevor Rogers — pitcher structurally vulnerable (informational, no score boost)",,,,,
   📊 HR market: +1700 (line 0.5) [FanDuel [LOCKED-PRE]],,,,,
   ⚠️ Concerns:,,,,,
"   ⛔ AUDIT-F1 ISO-REGRESSION FADE: xISO 0.145 vs ISO 0.083 — historically a NEGATIVE HR signal, not a positive one: 8.4% HR (22/261, 0.59x, 46 slates, both months, perm p=0.997). Treat as NEG-class caution.",,,,,
   🎯 Hit Score: 3.0/100,,,,,
   ⚠️ Limited market signal (no hits or HR consensus over),,,,,
   ⚠️ High-K profile (31%) — significant contact risk,,,,,
   📈 Quality trend up (form 1.08x) (+1.6 pts),,,,,
   🧤 Elite framing catcher (+9.1 runs) — tight zone (-2 pts),,,,,
   ⚡ Game environment boost (Env 1.057): 80.6% hit rate in sweet zone (+3 pts),,,,,
   🎯 SHARP HIT: Pwr 84 + PM 1.003 (sweet zone) — 5-slate: 100% (14/14),,,,,
"   🧮 HR STACK — these 3 grades have never all fired together. Closest: 2 of them (1 left out). 1 such group on record, typical 0.44x base HR. Most-seen: T3 + T4 → 7% (0.44x) over 14 occurrences · ⚠️ typically BELOW base rate",,,,,
"   🧮 HIT STACK — these 3 grades have never all fired together. Closest: 2 of them (1 left out). 1 such group on record, typical 1.23x base HIT. Most-seen: T3 + T4 → 71% (1.23x) over 14 occurrences",,,,,
