🎯  SHARP PICKS — Note + Signal Validated Framework,,,,,,,,
"▶  HOW TO READ THIS SHEET  —  v3.0 'Calibrated Edge'.  ALL SIGNALS LIVE: archetypes, flash combos and named grades all earn full conviction and ranking credit.  ●  EVIDENCE NOTE (not a suppression): the archetype library HR01-HR16 / HT01-HT16, built 2026-07-26, did not clear a slate-stratified permutation null — outcomes shuffled within slate produced best-lifts of 3.34x-4.05x under the identical search, vs the library's own 3.95x. That test applies to the mined archetypes and to small-n flash combos (n=5-12 at '100%'), NOT to the large-n mechanistic grades: PITCHER TARGET MATCH T3 (n=397), PITCH-RELIANT (n=311, 1.19x), ICE COLD (n=156, 1.14x), CONFIRMED MATCH (n=85, 1.33x) were never products of that search.  ●  THE NUMBER TO BET IS 'Posterior %': a market-free calibrated model probability blended 0.38/0.62 with the de-vigged market price — AUC 0.5962 / Brier 0.13711, better than the market alone (0.5930) and than v2 (0.5442).  ●  Stake % is 1/4-Kelly capped at 2% of bankroll; blank means the edge did not clear 2%.  ●  EDGE IS MEASURED BY CLV, NOT HIT RATE: 3/5 at +250 on lines that closed +320 is a LOSING process. CLV logging will settle the archetype question empirically over 30-50 slates — that is the real test, not my prior.",,,,,,,,
Grade,What fires it,,,Last 5 HR rate (stacking=last 10),All Slates HR rate (119),,,
🟢 ELITE  ·  ≥1.7× HR — top conviction,,,,,,,,
🎯 CONFIRMED MATCH HR,"ELITE TIER (Jun 2026): Two-sided pitch correlation — pitcher is weak on primary pitch (wOBA≥0.360 allowed) AND batter crushes that SAME pitch (wOBA≥0.380). Gates: PM≥1.04 + Pwr≥72 + Vuln≤50 + Score≥38 + not ≥15% over-bullish + odds gate ≤+2500. CSV audit (57 slates): 24.1% HR (7/29, 1.51x). Original 30% claim overstated (n=10 sample). ⚡ ALWAYS ✅ PLAY — overrides all fade flags including Vuln42-44, Vuln52+, power floors, and short-start. Backtest shows flags do NOT suppress this grade; flagged picks run at or above the clean-pick rate. Now a SUPPLEMENTAL +10 conv bonus (not auto-PLAY). All-time 7/27 (26%, ~1.6x). Jun 20: 0/2 (Alvarez+Kurtz). Jun 1 retro: 8/10 (80%) — 3-slate window, not representative. Amber floor 30 guaranteed; gold (45) only when cleanly stacked with T4/PRIME/PITCH-RELIANT.",,,11%  1/9,22%  36/163,,,
🎯 PITCH-RELIANT HR,"Jun 2026, TOP-TIER conviction: starter leans on ONE pitch (primary usage ≥45%, ex-sinker/splitter) AND power bat (Pwr≥78) crushes it (wOBA edge ≥0.045). CSV audit (57 slates): 22.1% HR (15/68, 1.38x). Original 35.3% claim was from old Pwr≥60 gate (now Pwr≥78 required). Rate update: 22.1% (1.38x) confirmed. Load-bearing gates: (1) Pwr≥78; (2) NOT sinker/splitter (GB pitches → 12-14% HR, below base). CSV audit (57 slates): 22.1% HR (15/68, 1.38x). Original 35.3% claim overstated (from old Pwr≥60 gate). Real edge at Pwr≥78: 22.1% (1.38x). Stacking with Sig≥10 gives 41.2% (2.6x, n=17). Generalizes across FF/FC/SL/ST/CH/CU — pitch RELIANCE drives the edge. Label shows pitch code + starter usage.",,,24%  8/34,18%  113/638,,,
🎯 PITCH-RELIANT HR,"Jun 2026, TOP-TIER conviction: starter leans on ONE pitch (primary usage ≥45%, ex-sinker/splitter) AND power bat (Pwr≥78) crushes it (wOBA edge ≥0.045). Backtest logged at old Pwr≥60 gate: 35.3% HR (2.18x, n=34). Power gate recalibrated Jun 14 2026: Pwr<78 = lower-confidence tier. Load-bearing gates: (1) Pwr≥78; (2) NOT sinker/splitter (GB pitches → 12-14% HR, below base). Generalizes across FF/FC/SL/ST/CH/CU — pitch RELIANCE drives the edge, not fastball specifically. Pitch-edge family, de-duped in conviction. Label shows pitch code + starter usage.",,,24%  8/34,18%  113/638,,,
🎯 PITCH DOMINANCE HR,"Jun 10 2026 rebuild + Jun 16 2026 PM floor fix: aggregate PITCH DOMINANCE EDGE note (pitch-edge bonus ≥5) + PM 1.06-1.08 + Pwr≥74. Backtest (33-slate): PM 1.02-1.06 = 0/7 HR (0.00x dead zone); PM 1.06-1.08 = 3/9 HR (33.3%, 2.14x). PM floor raised 1.02 → 1.06 Jun 16 2026. No Vuln gate. Old gate (any Crushes + PM≥1.04 + Vuln<53 + [PM≥1.08 OR Vuln48-52]) ran 6.2% (0.39x) — retired.",,,36%  5/14,19%  62/326,,,
📈 SHARP LINE + VULN,"Sharp money line move + Vuln 47-52 sweet zone + NO short start. CSV audit (57 slates): 13.8% HR (4/29, 0.87x baseline) — BELOW BASELINE for HRs. HIT rate: 74.5% (1.28x) — SLM is a STRONG HIT signal, NOT an HR signal. SHARP LINE MOVE should only appear in the hit picks table. HR edge claim RETIRED.",,,0%  0/1,14%  7/50,,,
🎯 PITCH DOM ELITE HR,PITCH DOMINANCE EDGE note + (elite PitchMix ≥0.40 OR Sig≥5) + Pwr≥78 (recalibrated Jun 14 2026; was Pwr≥60). Backtest n=17 picks ALL had Pwr<78 (old gate) → 5.9% HR (0.38x). Data is stale — the Pwr<78 population is no longer eligible. Track going forward with Pwr≥78 gate before drawing conclusions on performance.,,,22%  11/51,16%  98/610,,,
🔥 SWEET★ EDGE SPIKE HR,Jun 23 2026 NEW GRADE (external 58-slate backtest + pkl cross-validation): HS 35-39 (SWEET★ zone) + Edge vs Mkt ≥ +15% + Sig ≥ 4. 38% HR in pkl (3/8 = 5.0x baseline); 38.5% in 58-slate Excel backtest (10/26 = 2.4x). Both datasets independently validate the same rate. Mechanism: market fades the bat (slightly off-form HS 35-39) while model has confirmed edge (Sig≥4) AND market significantly underprices it (Edge≥+15%). Sweet spot between cold and hot. Conv boost: +15. Fires when SWEET PM HR is not already active.,,,100%  1/1,100%  1/1,,,
⚡ POWER TRAP OUTLIER,"Jun 23 2026 TRACKING GRADE (external 58-slate backtest): Power ≥87 + Vuln ≥52 (trap zone) + HS <20 (ice cold). 100% HR (2/2). Zero fires in pkl. Fires ~1 per 20 slates — extremely rare. Track for 5+ more slates before relying on it. Conv floor: 40. Already partially covered by V52+ extreme power override (37.5%, 2.41x, n=8).",,,0%  0/1,15%  4/26,,,
⚡ POWER TRAP OUTLIER,"Jun 23 2026 TRACKING GRADE (external 58-slate backtest): Power ≥87 + Vuln ≥52 (trap zone) + HS <20 (ice cold). 100% HR (2/2). Zero fires in pkl. Fires ~1 per 20 slates — extremely rare. Track for 5+ more slates before relying on it. Conv floor: 40. Already partially covered by V52+ extreme power override (37.5%, 2.41x, n=8).",,,0%  0/1,15%  4/26,,,
🔥 PWR-VULN-ENV HR,"Jun 24 2026 NEW GRADE (master_picks.pkl backtest, n=2534, baseline 17.4%): Power≥78 + Vuln≥50 + Env≥1.05 + (Sig≥8 OR PM≥1.03). Triggered by Jun 23 post-mortem: all 6 HR getters had Vuln≥50 + power≥78 in favorable environments; all T3/T4/PRIME/CONFIRMED MATCH picks went 0-for. Primary tier (Sig≥10): 50% HR (2.87x, n=16). Secondary (Sig≥8): 45.5% HR (2.61x, n=22). Broad (PM≥1.03, Sig<8): 40.0% HR (2.30x, n=35). Key gate: Env≥1.05 is load-bearing — same combo with Env<1.0 drops to 22.2% (1.27x). Does NOT require BBE history. Conv boost: +15/+12/+8 by tier. Tracks under 'pwr_vuln_env_hr'.",,,33%  3/9,18%  31/172,,,
🎯 SUPP-PARK SWEET-PM HR,"Jun 25 2026 (post-Jun 24 post-mortem + pkl backtest, n=3102): PM 1.022-1.082 (sweet zone) + Park<0.90 (suppressive) + Vuln 30-55 (non-extreme) + Edge≥1% (model underpriced). pkl backtest: 33.3% HR (4.40x, n=18, p=0.0016). Mechanism: market is fading the pick THREE ways simultaneously — suppressive park reduces HR expectation, non-extreme Vuln = less market excitement, model edge positive = matchup quality underweighted. HR equity bought at a discount in all three dimensions. HIGH-PRECISION, LOW-RECALL: fires ~1-2 picks per slate. Supplemental grade only — fires alongside existing grades, never standalone. Conv boost: +12.",,,NEW,"33.3%  6/18 (4.40x, pkl Jun25)",,,
🧬 HR01 Loft-Band Power Anchor,"TIER A — PROMOTE (conv +20). 6-Variable: 5 Quant + 1 Quant-from-Text. STACK: L10dist 330-350ft + Odds<+400 + Park<1.05 + PM≥1.03 + Pwr≥84 + Vuln≥44. Window 06-17→07-25. Split-half 72.7%% → 60.0%%. Post-ASG 50.0%% (3/6). Bootstrap 90%% CI lift [2.88x, 4.97x], p=3e-07. WHY: 330-350ft is a BAND, not a floor — 330-340 runs 1.68x while 350+ collapses to 0.68x. Above ~350 the batter already fully lifts that pitch and the market has paid for it. Odds<+400 and Park<1.05 confirm nobody has.",,,n=21 over 17 slates,66.7%%  14/21  (4.05x),,,
🧬 HR02 Zone-Contact Loft Confirmer,"TIER A — PROMOTE (conv +18). 4-Variable: 2 Quant + 1 Qual + 1 Quant-from-Text. STACK: L10dist 330-350ft + Z-CONTACT BOOST + Sig≥3 + WHR≥68%%. Window 06-17→07-22. Split-half 66.7%% → 63.6%%. Post-ASG 66.7%% (2/3). Bootstrap 90%% CI lift [2.83x, 4.97x], p=1e-06. WHY: Same loft band, different confirmation path — zone-contact ability plus a hot weighted hit rate instead of raw power. 'He will put it in play and it carries', not 'he will crush it'.",,,n=20 over 13 slates,65.0%%  13/20  (3.95x),,,
🧬 HR03 Overpriced-Favorite Paradox,"TIER A — PROMOTE (conv +18). 4-Variable: 4 Quant. STACK: Edge<0 + Odds<+250 + Pwr≥68 + Sig<8. Window 05-10→07-20. Split-half 63.6%% → 60.0%%. Post-ASG 33.3%% (1/3). Bootstrap 90%% CI lift [2.89x, 4.70x], p=3e-06. WHY: ⚠️ ADVERSARIAL TO THE MODEL'S OWN EDGE TERM. Median edge in this bucket is -11.7%% and it still converts 61.9%%. Odds are the strongest single variable in the file (≤+300 = 1.51x; >+680 = 0.53x). At the very short end, stop applying the edge penalty — the market is right and the model is wrong. Sig<8 removes picks the model has already loaded up on.",,,n=21 over 20 slates,61.9%%  13/21  (3.76x),,,
🧬 HR04 Warm-Bat L2 Blowup Stack,"TIER A — PROMOTE (conv +16). 5-Variable: 4 Quant + 1 Qual. STACK: HS≥40 (NOT cold) + EXTREME L2 blowup + Score≥60 + Sig≥3 + Vuln≥47. Window 06-24→07-21. Split-half 54.5%% → 66.7%%. Post-ASG 50.0%% (1/2). Bootstrap 90%% CI lift [2.66x, 4.63x], p=1e-05. WHY: Formal replacement for the PRIME+L2 LOCK tracking combo. Confirms warm bats are fully viable in the Vu≥47 band post-ASG — the HS≥40 gate does real work and is not being carried by the cold-bat pattern. Median Env is 0.93 (suppressive) and it converts anyway.",,,n=20 over 13 slates,60.0%%  12/20  (3.65x),,,
🧬 HR05 Suppressed-Air Extreme-PM Override,"TIER A — PROMOTE (conv +14). 4-Variable: 4 Quant. STACK: Env 0.93-0.97 (suppressive) + PM≥1.10 (extreme) + Sig 3-7. Window 05-12→07-25. Split-half 66.7%% → 50.0%%. Post-ASG 0/1 (negligible). Bootstrap 90%% CI lift [2.32x, 4.48x], p=3e-05. WHY: Mirror of SUPP-PARK SWEET-PM but with a far more aggressive PM floor. Extreme pitch-match edge overrides a suppressive environment. The mid-Sig band is the filter — Sig≥8 means the model already stacked signals and the market moved.",,,n=21 over 19 slates,57.1%%  12/21  (3.47x),,,
🧬 HR06 Value-Odds Conviction Lock,"TIER A — PROMOTE (conv +14). 4-Variable: 2 Quant + 2 Quant-from-Text. STACK: Conv≥60 + Odds +250-299 + starter primary-pitch usage<50%% + WHR≥68%%. Window 06-20→07-24. Split-half 66.7%% → 50.0%%. Post-ASG 28.6%% (2/7). Bootstrap 90%% CI lift [2.56x, 4.34x], p=3e-05. WHY: Direct upgrade of VALUE-ODDS FLASH (Odds 250-299 + Vu≥50 → 44.1%%). Swapping the Vuln gate for Conv≥60 + usage<50%% + WHR≥68 lifts 44.1%% → 57.1%%. The usage gate is counter-intuitive: a DIVERSIFIED starter mix beats a one-pitch starter here, because the pitch-reliance grades already harvest the one-pitch arms — this is clean, un-double-counted signal.",,,n=21 over 15 slates,57.1%%  12/21  (3.47x),,,
🧬 HR07 Quiet Super-Vuln Elite,"TIER A — PROMOTE (conv +14). 5-Variable: 4 Quant + 1 Qual. STACK: Odds<+400 + Vuln52+ flag + Score≥60 + Sig<8 (market NOT excited) + Vuln≥54. Window 06-24→07-21. Split-half 63.6%% → 50.0%%. Post-ASG 42.9%% (3/7) — BEST post-ASG hold. Bootstrap 90%% CI lift [2.43x, 4.42x], p=3e-05. WHY: ⭐ The IMAI 'right game, wrong batter' solution. Sig<8 is the innovation: it selects SUPER VUL spots the model has NOT loaded up on. When the model piles signals onto one bat in a SUPER VUL game, that bat is the trap; the quieter bat in the same game is the converter.",,,n=21 over 14 slates,57.1%%  12/21  (3.47x),,,
🧬 HR08 Priced Super-Vuln Value Band,"TIER A — PROMOTE (conv +14). 3-Variable: 3 Quant. STACK: Edge≥0 + Odds +250-299 + Vuln≥52. Window 05-14→07-22. Split-half 60.0%% → 53.8%%. Post-ASG 40.0%% (2/5). Bootstrap 90%% CI lift [2.49x, 4.38x], p=1e-05. WHY: Three gates, 3.44x, stable across 18 slates and 2.5 months, zero text dependency. Should be the default screen every slate. Supersedes VALUE-ODDS FLASH's Vu≥50 threshold with Vu≥52 plus a non-negative edge requirement.",,,n=23 over 18 slates,56.5%%  13/23  (3.44x),,,
🟩 GOOD  ·  1.3–1.7× HR — solid edge,,,,,,,,
📈 MKT CAUGHT UP,"Was SWEET PM at morning odds; market shortened ≥8% confirming the model. 41-slate: 27.3% HR (3/11, 1.69x) — small sample, directional; no short start required.",,,Emerging,19%  6/31,,,
🧊 ICE COLD+SIGNAL HR,"Cold WHR + PM≥1.04 + Score≥40 (or Score≥35 with PITCH DOM EDGE ≥+5 — cold bat HR exception) — upgraded from ICE COLD. 41-slate: 57-sl CSV: 20.5% HR (32/156, 1.29x); hit 64.2% (1.10x). Was overstated at 25.3% (1.57x).",,,29%  4/14,20%  75/384,,,
🔶 STRONG HR COMBO,"Score 40-60 + PM 1.04-1.095 + Pwr≥78 (recalibrated Jun 14 2026; was Pwr≥55) + Vuln 38-52. RETIRED (Jun 23 2026 CSV audit): 13.2% HR (12/91, 0.83x) — BELOW BASELINE. No longer fires as a named grade. Picks previously labeled STRONG HR COMBO now fall through to pts-based scoring only.",,,23%  est,18%  56/314,,,
📊 SIGNAL COMBO,"A validated signal-score combo fired (PM 1.04-1.06 sweet band + power / score / vuln tiers from the signal engine). The old per-combo 'est' rates are replaced with one live tracked rate across the whole signal-combo population. Excludes the rarer 5-signal SHARP combo (needs market + vs-opp data not stored as raw fields). 41-slate: 21.7% HR (1.34x, n=475); hit 65.1% (1.03x).",,,22%  33/147,17%  592/3498,,,
🧬 HR09 Pitcher-Vuln Twin Confirmation,"TIER B — TRACKING (no conv credit). 4-Variable: 2 Quant + 1 Qual + 1 Quant-from-Text. STACK: target-pitch vuln 50-60 + Vuln52+ flag + Score≥60 + Sig 3-7. Window 06-17→07-21. Split-half 53.8%% → 60.0%%. Post-ASG 57.1%% (4/7) — BEST post-ASG in library. Bootstrap 90%% CI lift [2.31x, 4.49x], p=1e-05. WHY: Both vulnerability layers agree. Strongest post-ASG hold of anything mined — promote at n≥40.",,,n=23 over 16 slates,56.5%%  13/23  (3.44x),,,
🧬 HR10 Mid-Score Value-Odds Signal Stack,"TIER B — TRACKING (no conv credit). 5-Variable: 5 Quant. STACK: Edge≥0 + Odds +250-299 + Score<60 + Sig≥5 + Vuln≥44. Window 05-14→07-22. Split-half 54.5%% → 58.3%%. Post-ASG 33.3%% (1/3). Bootstrap 90%% CI lift [2.38x, 4.49x], p=1e-05. WHY: The lower-score sibling of HR08 — proves the value-odds band is not score-dependent.",,,n=23 over 18 slates,56.5%%  13/23  (3.44x),,,
🧬 HR11 Two-Gate Conviction Super-Vuln,"TIER B — TRACKING (no conv credit). 2-Variable: 2 Quant. STACK: Conv≥60 + Vuln≥54. Window 06-07→07-24. Split-half 70.0%% → 40.0%%. Post-ASG 28.6%% (2/7). Bootstrap 90%% CI lift [2.15x, 4.34x], p=9e-05. WHY: Only two gates so recall is high, but split-half is decaying 70→40. Watch closely.",,,n=20 over 16 slates,55.0%%  11/20  (3.34x),,,
🧬 HR12 Narrow-Score Vuln52 Window,"TIER B — TRACKING (no conv credit). 3-Variable: 2 Quant + 1 Qual. STACK: Vuln52+ flag + Score 60-63 + Sig≥3. Window 06-16→07-24. Split-half 60.0%% → 50.0%%. Post-ASG 50.0%% (3/6). Bootstrap 90%% CI lift [2.38x, 4.34x], p=9e-05. WHY: The narrow 60-63 score window on a Vuln52+ arm. Holding post-ASG.",,,n=20 over 14 slates,55.0%%  11/20  (3.34x),,,
🧬 HR13 Neutral-Park Pitch-Correlation Elite Arm,"TIER B — TRACKING (no conv credit). 3-Variable: 2 Quant + 1 Qual. STACK: Park 1.00-1.05 + PITCH CORRELATION note + Vuln<47 (good arm). Window 06-17→07-12. Split-half 40.0%% → 70.0%%. Post-ASG 0 fires post-ASG. Bootstrap 90%% CI lift [2.15x, 4.29x], p=9e-05. WHY: Vuln<47 is unusual for an HR archetype — the pitch correlation carries it. Zero post-ASG fires; unvalidated in the current regime.",,,n=20 over 11 slates,55.0%%  11/20  (3.34x),,,
🧬 HR14 Distance-Confirmed Value Bat,"TIER B — TRACKING (no conv credit). 3-Variable: 1 Quant + 2 Quant-from-Text. STACK: L10dist≥310ft + Odds +250-299 + WHR≥72%%. Window 06-17→07-24. Split-half 70.0%% → 40.0%%. Post-ASG 20.0%% (1/5). Bootstrap 90%% CI lift [2.15x, 4.42x], p=9e-05. WHY: Open-ended distance floor rather than HR01's band — weaker, and decaying post-ASG.",,,n=20 over 16 slates,55.0%%  11/20  (3.34x),,,
🧬 HR15 Dominant-Pitch Vuln Confirmer,"TIER B — TRACKING (no conv credit). 4-Variable: 1 Quant + 1 Qual + 2 Quant-from-Text. STACK: target-pitch vuln 50-60 + PITCH DOM ELITE + Vuln≥44 + WHR≥72%%. Window 06-17→07-22. Split-half 60.0%% → 50.0%%. Post-ASG 50.0%% (1/2). Bootstrap 90%% CI lift [2.21x, 4.39x], p=9e-05. WHY: Rehabilitates PITCH DOM ELITE (1.09x standalone) by demanding the target-pitch vuln band and a hot bat.",,,n=20 over 15 slates,55.0%%  11/20  (3.34x),,,
🟨 MID  ·  1.0–1.3× HR — modest edge,,,,,,,,
🎯 MID-SCORE HR,"Score 50-60 + PM 1.04+ + Vuln 44-53. 33-slate: 14.0% HR (0.90x, n=43) standalone — BELOW baseline. No conviction credit awarded when firing alone. Value is as a stacking component: PITCH EDGE HR requires it as primary; Power-PM+MID-SCORE stack = 27.3% HR (1.69x). CSV audit (57 slates): MID-SCORE standalone = 19.1% (1.20x, n=272) — modest positive edge. Old 0.90x standalone claim was wrong. The grade has a real but small edge; stacking with T4_BBE or pitch edge significantly amplifies it.",,,50%  1/2,15%  67/452,,,
🎯 ELITE SIGNAL HR,"Composite signal score ≥12 (ELITE tier) AND raw power ≥78 (recalibrated Jun 14 2026; was Pwr≥60). 33-slate at old gate: 19.1% HR (1.22x, n=47). Sig≥8 alone is base-rate noise; Sig≥14 does not beat ≥12. Moderate single grade — useful when no pitch-edge grade fires.",,,21%  3/14,16%  11/69,,,
🧬 HR16 PropFinder Max-Gate Elite  ⚠️DEGRADING,"TIER B — TRACKING (no conv credit). 5-Variable: 2 Quant + 3 Quant-from-Text. STACK: HRprob≥20%% + PF-Barrel%%≥20 + PF-gates≥7/9 + PF-ISO≥0.300 + Score≥60. Window 07-03→07-20. Split-half 76.9%% → 25.0%%. Post-ASG 16.7%% (1/6). Bootstrap 90%% CI lift [1.66x, 4.78x], p=3e-05. WHY: ❌ DO NOT PROMOTE. Textbook overfit: split-half collapse 77%%→25%%, post-ASG 16.7%%, and all 10 firing slates are post-Jul-3 (the only window where PropFinder values exist in the audit CSV). Logged for the record only.",,,n=21 over 10 slates,57.1%%  12/21  (3.47x),,,
🔥 SIG+PM HR,"Sig≥5 + PM≥1.04 + Score≥40. 41-slate: 18.6% HR (1.15x, n=311); hit 62.7% (~baseline) — treat as HR-primary.",,,17%  9/53,16%  68/425,,,
"🟫 SITUATIONAL  ·  pts-based, rate varies by drivers",,,,,,,,
🟠 Strong HR (no grade),"Pts-based only: strong HR score but no named signal combo fired. Score ceiling now 68 — these sit at 40-65. Rate varies by which underlying signals drove the pts (PM, power, matchup, etc.). Track non-gated separately from gated below.",,,14%  Emerging,21%  29/140,,,
🟠 Strong HR ⚠️Gated,Pts-based grade where HR prob <14.5%. Market odds too long — model is more bullish than the market. Historically the weakest performing bucket. HR-ONLY fade; hit grade still valid.,,,5%   Emerging,17%  6/36,,,
—  REMOVED,"🔴 ELITE HR (the old high-Score grade) retired: Score 60+ hit 7.2% HR (below 11% base). Score 80-100: 0% HR (20 picks). DP SHARP (0/10), SUPER SHARP (0/4) also removed. NOTE: do not confuse with the active 🎯 ELITE SIGNAL HR (Sig≥12 + Pwr≥78, 1.22x) — that grade keys off composite signal score, not raw Score.",,,AVOID,AVOID,,,
🥇 STACKING  ·  multiple grades firing together (last-10 window),,,,,,,,
🎯 PRIME PITCHER TARGET MATCH HR,"Jun 18 2026 REDEFINITION (post-mortem): NEW PRIME = T4 BBE (≥2 HR in last 10 BBEs on pitcher's most vulnerable pitch) PLUS the pitcher has an active recency signal: (1) Extreme L2 blowup: HR/9 ≥3.0 in last 2 starts AND ≥2.0 above L5 average, OR (2) HR-prone L5: recent_hr_factor ≥1.35 (L5 HR/9 ≥35% above season average). Rationale: Jun 17 post-mortem — old PRIME (≥3 HR BBE alone) went 0/3; T4+recency went 3/4 (75%, Canzone, Chourio, Stowers). The recency signal confirms the pitcher is actively HR-prone RIGHT NOW, not just historically vulnerable. BBE alone (even 3 HRs) lacks this confirmation. ⚡ ALWAYS ✅ PLAY — floor 55 conv (gold+). One known false positive: Turang (K-Danger + Vuln42-44 dead zone, same game as Chourio). Ranking: 1.78× boost. Expected frequency: ~1-2 per slate. Track from Jun 18 2026.",,,NEW,NEW,,,
🎯 PITCHER TARGET MATCH HR (T4),"Jun 17 2026 — PITCHER-FIRST PRIMARY GRADE (Tier 4, highest below PRIME): Pitcher's most vulnerable pitch × batter has ≥2 HR in last 10 BBEs on that pitch type. ✅ PLAY when prob≥11% and power≥55. P1=42 pts (solo gold). Ranking: 1.55× boost. New grade tracking from Jun 17 2026.",,,NEW,NEW,,,
🎯 PITCHER TARGET MATCH HR (T3),Jun 17 2026 — PITCHER-FIRST PRIMARY GRADE (Tier 3): Pitcher's most vulnerable pitch × batter has ≥1 HR in last 10 BBEs on that pitch type. ✅ PLAY when prob≥11% and power≥55. P1=32 pts (solo amber → gold with P2/P3 support). Ranking: 1.40× boost.,,,NEW,NEW,,,
🎯 PITCHER TARGET MATCH HR (T2),"Jun 17 2026 — PITCHER-FIRST GRADE (Tier 2): Pitcher's most vulnerable pitch × batter showing elite hard contact (HH%≥50%) in L10 BBEs on that pitch type, no HR yet. 🟡 LEAN. P1=20 pts. 1.22× ranking.",,,NEW,NEW,,,
📊 PITCHER TARGET (T1),"Jun 17 2026 — PITCHER-FIRST CARRY SIGNAL: Pitcher's most vulnerable pitch identified + batter has L10 BBE quality contact. No HR in L10 BBE. Informational carry signal — adds 10 conv pts, 1.08× ranking.",,,NEW,NEW,,,
🌟 ELITE PRIME (HR),"TRACKING ONLY — not yet validated (Jun 2026, n=6). Fires when 🎯 PRIME conditions are met AND post-penalty conviction falls in a historically sweet spot: Conv 20-24 OR Conv 32-40. Backtest: 50% HR (3.21x) across both buckets combined (n=6, CI 19-81%). Sample is too small to bet on as a standalone gate — track results here and promote to a validated tier once n≥20 with OOS confirmation. Label replaces 🎯 PRIME in the rationale column when the conv sweet spot fires.",,,Tracking,Tracking,,,
🎯 PRIME (HR),"HIGHEST CONVICTION (Jun 2026): fires when a ✅ PLAY pick ALSO has owns-pitcher OR ERA-understated signal. Two valid PLAY paths feed into PRIME — Path 1: Conv≥24 + PM≥1.04 + primW≥0.400 + Pwr≥78; Path 2: Score 55-60 + park≥1.0 + no short start (33.8% HR / 2.17x). PRIME upgrade: PLAY + (owns pitcher: career HR rate vs this arm, OR ERA-understated: ERA composite ≥0.75 above ERA). Backtest: 26.5% HR (1.70x), holds train/test (26.7%/26.3%). ~1 pick/slate. ⚠️ When 2+ headwind flags are present (short-start, supp park, same-side, PM≥1.10, gated), the rationale shows a flag count caveat — treat those picks as lower-confidence PRIME.",,,Emerging,Emerging,,,
⚡ EXTREME PWR: V42-44+Pwr≥65+PM≥1.10,"TRACKING (Jun 2026, n=9): Pwr≥65 + PM≥1.10 in the Vuln42-44 dead zone. Backtest: 33.3% HR (2.14x). Extreme raw power + extreme PM overrides the zone fade. ✅ PLAY + gold tier when Odds ≤+500. LONG ODDS CAP (Jul 1 2026 backtest): At Odds >+500, EXTREME PWR collapses to 4.0% HR (0.28x) — market is fading for a structural reason (short start, suppressive park, platoon) that overrides raw power. Cap at LEAN 34 when odds >+500. Track per-slate — identified from Jun 12 2026 post-mortem (Olson, Wood).",,,Tracking,Tracking,,,
⚡ EXTREME PWR: V52++Pwr≥68,"TRACKING (Jun 2026): Pwr≥68 in the Vuln52+ trap zone. 66-slate backtest (Jul 1 2026, n=126 V52+ picks): Odds ≤+400 = 34.8% HR (2.40x, n=66) ✅ | Odds >+400 = 14.3% HR (0.99x, n=56) ❌ baseline. Odds ≤+300 = 41.2% HR (2.84x) | Odds +301-400 = 28.6% HR (1.97x) | Odds +401-500 = 26.1% HR (1.80x) | Odds +501-700 = 4.0% HR (0.28x, n=25) ← dead zone. ✅ PLAY + gold tier when Odds ≤+500. LONG ODDS CAP (Jul 1 2026): At Odds >+500, override is suppressed — capped at LEAN 34. Market has a structural reason for fading (short start, suppressive park, platoon, etc.) that elite raw power alone cannot overcome. Track per-slate — identified from Jun 12 2026 post-mortem (Yordan 2HR at +350).",,,Tracking,Tracking,,,
🎯 VULN52+ HIGH-ODDS OVERRIDE,"Jul 2 2026 NEW GRADE (CSV backtest N=2391, n=182 Vuln52+ picks): Vuln52+ is NOT a uniform trap — it is ODDS-GATED. All Vuln52+ = 21.4% HR (1.23x, above baseline). Odds ≤+300 = 37.5% HR (2.16x, n=40); +301-400 = 24.0% (1.38x, n=50); +401-500 = 19.0% (baseline, n=42); +500+ = 6-7% (genuine trap, 0.40x). MECHANISM: Trap label was wrong for short-to-medium odds picks. Market at ≤+400 has NOT fully priced in the Vuln52+ pitcher vulnerability. This is a MARKET EFFICIENCY signal (not a raw power signal — that's EXTREME PWR). The two grades are independent: EXTREME PWR fires on batter quality; this fires on market pricing of the pitcher. Both can fire simultaneously (+8+8 stacked). IMPLEMENTATION: Pwr≥78 + Odds≤+400 → +8 conv boost (replaces -10 penalty). Pwr≥78 + Odds +401-500 → neutral (no penalty, no boost). Odds +500+ or Pwr<78 → standard -10 penalty still applies. HIT rate for all Vuln52+ picks: 69.2% vs 63.3% baseline — these pitch to contact, not dominance. TRACKING from Jul 2 2026.",,,NEW,"37.5%  18/48 (Odds≤+400+Pwr≥78, N=48)",,,
⚡ EXTREME L2 BLOWUP + VULN52 OVERRIDE,"Jun 19 2026 (Harrison backtest): UPGRADED tier of Extreme L2 Blowup — fires when pitcher has Extreme L2 blowup (HR/9 ≥3.0 L2, ≥2.0 above L5) AND batter faces Vuln52+ pitcher. The Vuln52+ zone is normally a trap (0.69× HR rate), but when L2 blowup confirms the vulnerability is acute RIGHT NOW, the trap classification becomes a CONFIRMATION instead of a warning. Vuln52+ demotion is SUPPRESSED; L2 boost (+15 total: +10 standalone + +5 combo) is applied. The Vuln52+ PASS gate is bypassed — pick falls through to grade processing. ALWAYS ✅ PLAY — automatic. Backtest: 3/3 (100%): Caglianone & Witt Jr. vs Liberatore Jun 18 (2/2) + Canzone vs Bradish Jun 17 (1/1). Track going forward — promote to validated tier at n≥10 with OOS confirmation.",,,NEW 3/3 100%,NEW 3/3 100%,,,
⚡ EXTREME L2 BLOWUP HR,"Jun 18 2026 post-mortem: Standalone pitcher vulnerability grade — the HIGHEST single-signal benchmark in the model. Fires when: pitcher HR/9 ≥3.0 in last 2 starts AND diverges ≥2.0 from L5 average (pitcher is being actively torched RIGHT NOW, not just historically vulnerable). Minimum matchup quality gate: PM≥1.02 + Power≥72. Does NOT require a BBE match — the pitcher's acute blowup IS the edge. Gates: not redundant with PRIME (PRIME = L2 blowup + T4 BBE; this fires when T4 BBE absent). Jun 18 2026: Witt Jr. (+410, PASS → now LEAN) and Caglianone (+470) both HRed with L2 firing. All-time: 4/6 HR (66.7%, 4.15× baseline). ✅ PLAY when L2 + PM≥1.04 + Pwr≥78. Conviction floors: standalone → 30 (LEAN); + PM≥1.04+Pwr≥78 → 42 (PLAY); + named grade → 45 (gold PLAY). Ranking boost: standalone 1.22×; + T2 BBE 1.28×; + T3+ BBE 1.35×. Track going forward.",,,NEW 66.7%  4/6,NEW 66.7%  4/6,,,
🎯 LIVE CONFIRMED MATCH HR,"UPGRADED TIER (Jun 14 2026, Burleson case): Same two-sided pitch correlation as CONFIRMED MATCH — pitcher weak on primary pitch AND batter crushes that same pitch — PLUS the batter has an active L7 HR streak (≥2 HRs in last 7 days) confirming the edge is playing out in real-time data right now, not just historical averages. Gates: same as CONFIRMED MATCH with Vuln relaxed to ≤55 and Score≥35. Conviction: +13 (vs +10 standard) — highest single-signal credit in the model. ⚡ ALWAYS ✅ PLAY + gold tier. Overrides 'weak career vs pitcher' flag — small-sample career data is noise when L7 recency screams the opposite. Burleson Jun 14: 3 HRs in L7 on Bradley's FF+Cutter arsenal, 97.2 mph avg EV, 30% barrel rate vs the exact pitches Bradley features most.",,,Tracking,Tracking,,,
🏟️ POWER PARK HR,"TRACKING (Jun 15 2026, Contreras 2-HR archetype): Fires when the hand-specific park factor is extreme (≥1.20x) AND the matchup structure is solid (PM≥1.04 + Power≥79 + Vuln 44-52). Contreras hit 2 HRs at +390 with RHB park 1.280x — the model gave him Conv 17 (LEAN) because no named grade fired, but the park factor was the unweighted edge. Gates designed to fire as a supplemental grade when no primary pitch-edge grade already captures the pick. Jun 15 2026: 1/1 HR (n=1, 100%). Validate over next 10+ slates before treating as standalone primary.",,,Tracking,Tracking,,,
🎯 BZM COMBO HR,"TRACKING (Jun 15 2026): Multi-zone Barrel Zone Match with full-quality matchup confirmation. Fires when ALL of: (1) BZM ≥ 2 zones — pitcher locates primary pitch in 2+ specific strike-zone cells where batter has ≥.400 season xwOBA; (2) Pitch quality signal confirmed (Pitch Corr OR PitchMix wOBA ≥.400 OR PITCH DOM EDGE note); (3) Vuln 44-52 OR a dead-zone-override grade (CONFIRMED MATCH etc.); (4) At least one documented pitcher weakness (weak bullpen HR/9, ERA understated, HR-prone L5, or Z-Contact ≥88%); (5) PitchMix wOBA ≥.400. Jun 15 live: 1/1 HR (100%, n=1 — Burleson). Historical backtest not possible (BZM is a new signal). Track going forward; promote if ≥70% HR rate holds over n≥15.",,,Tracking,Tracking,,,
🎯 SWEET PM HR,"❌ RETIRED Jul 26 2026 (archetype audit, 72-sl merged CSV n=3446, base 16.45%). 12.5%% HR / 0.76x (n=160) — BELOW BASELINE in every window. HIT side is the real edge: 71.9%% / 1.15x, so this is now a HIT-CARD-ONLY note with zero HR conviction credit. Replaced in the HR conviction slots by archetypes HR01–HR08 (52.0%% / 3.16x). Legacy gate: PM 1.03-1.07 + Prob≥14%% + Vuln 44-55 + Edge<0 + Sc<65. Jun 16 2026 backtest fix: PM<1.03 = 15.4% HR (0.99x, no edge) — floor raised 1.00 → 1.03. PM 1.03-1.05 = 19.4% (1.24x); PM 1.05-1.07 = 23.5% (1.51x). 33-slate: 19.7% HR (1.26x).",,,20.8%  5/24,16%  47/289,,,
🎯 SHARP PM HR,"⚠️ SUSPENDED Jul 26 2026 (archetype audit): all-time 17.5%% HR / 1.06x (n=229) is baseline noise, and POST-ASG it is 1.8%% / 0.17x — ONE HR in 55 fires. Zero conviction credit pending review; re-enable only after clearing 1.3x over 10+ fresh slates. Legacy: PM 1.08-1.15 + Score 40-70. Cap raised 1.10→1.15. PM 1.09-1.10 = 31.8% HR (4.20x) — PEAK bin; PM 1.10-1.12 = 18.9% (2.49x) still strong. TRUE kill zone = PM≥1.15 (12.5% HR, ~baseline). PM≥1.15 = strong HIT (87.5%, 1.63x) but no HR edge. CSV audit (57 slates): 18.4% HR (21/114, 1.16x) at old gate.",,,12%  3/24,16%  103/629,,,
🚨 SCREAM HR (Power-Vuln),"❌ RETIRED Jul 26 2026 (archetype audit, 72-sl merged CSV n=3446, base 16.45%). Whole SCREAM family runs 0.88x on n=117. Label no longer emitted; detector kept only so the registry key keeps populating for post-mortems. Legacy gate: Score 40-60 + PM 1.04-1.07 + Pwr≥78 + Vuln 44-52. Jun 16 2026 backtest note: only 6 picks (new Jun 2026 grade). PM 1.04-1.05 = 2/3 (66.7%); PM 1.05-1.07 = 0/3 (0%) — narrow window, too small to act on. Vuln dead zone (V<44) = 0/4; sweet zone (V47-50) = 2/6. Old data at Pwr 60-78 gate: 4/20 (20%). Track going forward with Pwr≥78 gate.",,,33%  1/3,14%  30/208,,,
🚨 SCREAM HR (High-PM),"❌ RETIRED Jul 26 2026 (archetype audit, 72-sl merged CSV n=3446, base 16.45%). Claimed 25.6%% / 1.59x on 41 slates; re-audit on 72 slates gives 14.5%% HR / 0.88x (n=117) and 7.7%% / 0.72x post-ASG. Legacy gate: Score 55-60 + PM 1.07-1.10.",,,0%  0/2,18%  33/181,,,
🚨 SCREAM HR+HIT (Sig-PM),"❌ RETIRED Jul 26 2026 (archetype audit, 72-sl merged CSV n=3446, base 16.45%). Folded into the same failing SCREAM population (0.88x, n=117). Hit side (~73%%) was never the claim under test. Legacy gate: Sig 1-5 + PM 1.04-1.07.",,,50%  2/4,15%  19/125,,,
🚨 SCREAM HR (5-Signal),"❌ RETIRED Jul 26 2026 (archetype audit, 72-sl merged CSV n=3446, base 16.45%). Demoted Jun 23 to 17.1%% / 1.08x and never recovered; retired with the rest of the SCREAM family. Legacy gate: Score<68 + Power≥73 + T2+BBE (conv≥3) + Sig≥1 + PM 1.04-1.10. CSV audit (57 slates, broader condition): 17.1% HR (36/210, 1.08x) — barely above baseline. Original 36.4% claim was from 2 slates only. DEMOTED from SCREAM tier. T3 sub-grade fires at 69.2% (9/13) — the strongest validated sub-bucket. Jun21 alone: 7/13 = 53.8%; Jun22 alone: 1/9 = 11.1% (HIGH slate variance — need 5+ more slates). Key suppressors killing the edge within the combo: Vuln<20 (elite arm), park<0.93+Score>60 compound (all Jun22 suppressive-park misses). ✅ TRACK — promote to named SCREAM tier at n≥40 with consistent ≥25% rate. Score<68 is the zero-FN gate (33/33 HR getters across 4 slates had Score<68).",,,23%  10/43,16%  170/1043,,,
🔥 SUPER_VULN+ENV_HOT,"Jul 10 2026 audit (38-sl, n=1895): Vuln≥54 + Env≥1.05 → 56.2% HR / 3.00x (n=16). Conv boost: +8 pts. Separate from SUPER_VULN alone (1.89x) — env adds independent lift.",,,Active,56.2%  9/16,,,
🏟️ HIGH_CONV+PARK_POWER,Jul 10 2026 audit: Sc≥62+Vu≥47+PM≥1.04+Env≥1.00+Pwr≥82+Park≥1.10 → 50.0% HR / 2.67x (n=24). Conv boost: +6 pts.,,,Active,50.0%  12/24,,,
🔥 NUCLEAR+ENV_FIRE+PWR85,Jul 10 2026 audit: Vu≥47+PM≥1.04+Pwr≥85+Sc≥58+Env≥1.10 → 50.0% HR / 2.67x (n=18). Conv boost: +8 pts. Does NOT fire when SUPER_VULN+ENV_HOT already covered.,,,Active,50.0%  9/18,,,
⛔ HARD FADE: Vuln<38+PM1.04-1.06,Jul 10 2026 audit: Vuln<38 + PM1.04-1.06 → 9.9%/0.53x (n=71). HARDER fade than Vuln42-44 trap (0.68x). Market fully prices elite arm in sweet PM zone. Now fires PASS-level suppressor in hr_grade function.,,,PASS,9.9%  7/71,,,
💡 ELITE_LOCK+LOW_SCORE (FLASH),"Jul 10 2026 flash (38-sl): Vu≥54+PM≥1.04+Pwr≥84+Sc<50 → 7/9=78% HR (4.15x, n=9). Model systematically underranks ELITE LOCK when overall score is low. Fires as flash note — treat as strong signal when it appears on a ranked pick.",,,Flash,78%  7/9,,,
🏟️ SUPER_VULN+POWER_PARK (FLASH),"Jul 10 2026 flash: Vu≥54+Park1.05-1.10 → 5/5=100% HR (5.34x, n=5). Moderate power park amplifies SUPER_VULN beyond 1.89x baseline.",,,Flash,100%  5/5,,,
🔓 UNPRICED EDGE (FLASH),"Jul 10 2026 flash: Sig=0+PM1.085-1.10+Env1.06-1.10 → 5/5=100% HR (5.34x, n=5). Zero market signal + sharp-ish PM in warm env = completely unpriced. Carroll 3x, Goldschmidt, Rice.",,,Flash,100%  5/5,,,
💰 VALUE-ODDS FLASH,"Jul 10 2026 audit: Odds+250-299+Vu≥50 → 44.1% HR (2.36x, n=34). Best validated value-odds combo. Fires as note in _score_sharp.",,,Active,44.1%  15/34,,,
🎯 PM+SCORE HIT FLASH,"Jul 10 2026 hit flash: PM1.070-1.085+Sc62-64 → 12/12=100% hit (1.56x, n=12). Most reliable pure hit signal in the full combinatorial audit.",,,Flash,100% hit  12/12,,,
🎯 PITCH HR CONCENTRATION,"Jul 11 2026 (Royce Lewis/Ryan Johnson SI pattern): Fires when pitcher's HRs are concentrated ≥60%% on one pitch type (SI/FF/FC, n≥3 HRs) AND batter has ≥1 L10 BBE HR on that pitch OR pitcher throws it ≥30%% (batter will see it). Conv +6. Fires 🎯 PITCH HR CONCENTRATION note. Soft version fires as 📊 PITCH HR CONC (soft).",,,Active,Conv +6 | new Jul11 2026,,,
💎 DIAMOND: LOW-SCORE SUPER VUL,Jul 11 2026 audit (61-sl): Sc<55+Vu≥54+Pwr≥84+PM≥1.04 → 66.7%% HR / 3.79x (n=12). SUPER VUL makes score irrelevant: Vu54+×Sc<50=1.68x vs Vu44-50×Sc<50=0.65x (fade). Ranking +12%%. Fires 💎 DIAMOND: LOW-SCORE SUPER VUL.,,,Active,66.7%%  HR/3.79x  n=12,,,
💎 DIAMOND: POWER LONGSHOT,Jul 11 2026 audit (61-sl): Odds+450-600+Pwr≥88+(Env≥1.00 OR Vu≥44) → 37.5%% HR / 2.13x (n=8). Market underprices elite power at long odds. Pwr88+ at +450-600 vs Pwr82-85 = 0.68x (huge gap). Ranking +10%%.,,,Active,37.5%%  HR/2.13x  n=8,,,
💎 DIAMOND: SHARP PM LONGSHOT,Jul 11 2026 audit (61-sl): PM≥1.10+Pwr≥88+Env≥1.00 → 27.8%% HR / 1.58x (n=36). Elite PM + power in positive env at long odds = unpriced edge. Ranking +7%%.,,,Active,27.8%%  HR/1.58x  n=36,,,
🔥 ENV_FIRE+ELITE_PWR (ranking),"Jul 11 2026 underranked audit (61-sl, n=22): Env≥1.10+Pwr≥86+Vu≥44 at R6-50 → 45.5%% HR / 2.58x. Ranking +8%%. Picks with very hot env + elite power ranked below top-5 due to suppressed composite Score.",,,Active,45.5%%  HR/2.58x  n=22,,,
📈 SUPER_VUL_UNDERRANKED (ranking),"Jul 11 2026 audit (61-sl, n=42): Vu≥54+PM≥1.04+Pwr≥82 at R6-50 → 45.2%% HR / 2.57x. Ranking +10%%. SUPER VUL picks at mid-score pushed below top-5. Largest-impact ranking fix.",,,Active,45.2%%  HR/2.57x  n=42,,,
📈 SHARP_PM+SC+PWR (ranking),"Jul 11 2026 audit (61-sl, n=88): PM≥1.085+Sc≥58+Pwr≥84 at R6-50 → 28.4%% HR / 1.62x. Ranking +6%%. Largest-sample underranked finding — high PM not fully rewarded when pitch-edge modest.",,,Active,28.4%%  HR/1.62x  n=88,,,
📈 SIG+PWR+ENV (ranking),"Jul 11 2026 audit (61-sl, n=80): Sig≥10+Pwr≥84+Env≥1.00 at R6-50 → 32.5%% HR / 1.85x. Ranking +7%%. Market-confirmed elite power in positive env underranked when Vuln/Score mid-range.",,,Active,32.5%%  HR/1.85x  n=80,,,
💰 VALUE_ODDS+SHARP_PM (ranking),"Jul 11 2026 audit (61-sl, n=50): Odds+250-400+PM≥1.10+Sc≥55 at R6-50 → 36.0%% HR / 2.05x. Ranking +7%%. Unpriced edge: market at value odds, model sees very high PM not yet priced in.",,,Active,36.0%%  HR/2.05x  n=50,,,
📈 HS+PWR+PM BOOST,"Jul 10 2026 post-mortem (38-sl, n=186): HS≥40+Vu≥44+PM≥1.04+Pwr≥82 → 25.3%/1.35x. vs HS<40 same bucket = 15.2%/0.81x — 10.1pp gap. Conv boost: +3 pts.",,,Active,25.3%%  HR/1.35x  n=186,,,
⚠️ HS DULL HR ZONE (20-39),"Jul 10 2026 post-mortem (38-sl, n=467): HS20-39 = 17.3%/0.93x. Worse than cold bat (HS<20=1.13x) AND hot bat (HS40+=1.17x). Deprioritize. Informational note only.",,,Active,17.3%%  HR/0.93x  n=467,,,
⛔ HARD PARK FADE (Park<0.80),"Jul 10 2026 post-mortem (38-sl, n=37): Park<0.80 → 10.8%% HR / 0.58x. As severe as +600+ fade. Oracle Park is primary trigger. Fires ⛔ HARD PARK FADE.",,,Active,10.8%%  HR/0.58x  n=37,,,
🔥 ELITE_PWR+SHARP_PM+HOT_CONTACT,"Jul 11 2026 post-mortem (38-sl, n=32): PM≥1.085+Pwr≥88+HS≥45 → 28.1%% HR / 1.50x. Wood+Alvarez profile: both cleared all 3 gates today and homered. Schwarber (HS27<45) and Rice (Pwr84<88) missed both gates and did not HR. CRITICAL: Env gate NOT added — PM≥1.085+Pwr≥88+HS≥45+Env≥1.00 = 0.67x (hurts). Conv +6. Fires 🔥 ELITE_PWR+SHARP_PM+HOT_CONTACT.",,,Active,28.1%%  HR/1.50x  n=32,,,
🌡️ ENV-ANCHORED SHARP PM (cold bat),"Jul 11 2026 post-mortem (38-sl, n=59): PM≥1.085+Env≥1.00+HS<40 → 33.9%% HR / 1.81x. Cold bat picks with sharp PM in positive env are undervalued — market fades recent contact form but structural pitch-match + env edge is real. Best sub-bucket PM1.085-1.10: 41.2%%/2.20x (n=17). Conv +5.",,,Active,33.9%%  HR/1.81x  n=59,,,
📈 PRIME CONCENTRATION OVERRIDE,"Jul 11 2026 post-mortem (38-sl, n=41): PRIME proxy at R25-40 → 26.8%%/1.43x. Coby Mayo (PRIME PITCHER MATCH) blocked by max-2 cap; homered at +390. Rule: 3rd batter vs same pitcher with PRIME grade bypasses concentration cap. Cap: 2 picks/pitcher normally; 3 picks/pitcher when PRIME fires on 3rd.",,,Active,26.8%%  HR/1.43x  n=41,,,
⛔ SHORT-START CAP,"Jul 10 2026 post-mortem: max 1 short-start pick allowed in top-5 HR display. Avila+Quantrill both exited early, suppressing #1 and #5 picks. Cap enforced in pick sorter.",,,Active,Rule — miss-rate amplifier,,,
📈 PM+SCORE HIT BUCKET B,"Jul 10 2026 backtest (38-sl, n=28): PM 1.070-1.085 + Score 60-62 → 85.7% hit / 1.34x. Upper PM zone with mid score. SC62-64 within same zone = 100%% flash (SIG-D). Fires 📈 PM+SCORE HIT BUCKET B — non-overlapping with SC62-64 flash.",,,Active,85.7%  hit/1.34x  n=28,,,
📈 PM+SCORE HIT BUCKET,"Jul 10 2026 backtest (38-sl, n=45): PM 1.055-1.070 + Score 60-64 → 75.6% hit / 1.18x. Upper-mid PM zone with mid-high score = confirmed hit signal. Adjacent to the 100%% PM+SCORE flash (1.07-1.085+SC62-64). Fires as 📈 PM+SCORE HIT BUCKET note in hit flags.",,,Active,75.6%  hit/1.18x  n=45,,,
⚠️ MID-HS DULL (hit suppressor),Jul 10 2026 audit: HS40-49 → 59.4% hit / 0.93x (n=443). WORSE than cold bat (HS<40=65.9%/1.03x). Regression trap zone. Fires ⚠️ MID-HS DULL flag on hit picks in this zone.,,,Active,59.4%  hit/0.93x,,,
⚡ PRIME+L2 LOCK (TRACKING),"Jul 9 2026 post-mortem backtest (74-sl CSV, n=3012, base 14.8%): PRIME grade (BBE-confirmed pitch match) + Extreme L2 blowup on today's pitcher + Vuln>=47 + PM>=1.055 + no ENV DEMOTION + no COLD BAT. Result: 40.0% HR (2.70x, n=10). Tracking — promote at n>=20. Gate-by-gate: PRIME alone=20.6% (1.39x, n=548); +L2=26.3% (1.77x, n=57); +Vuln>=47=28.6% (1.93x, n=21); +PM>=1.055+no-flags=40.0% (2.70x, n=10). Mechanism: THREE simultaneous confirmations required — pitcher actively collapsing RIGHT NOW (L2 blowup, not season-level Vuln), batter has confirmed HR contact on this exact pitcher's primary pitch (PRIME), and market not fading (PM>=1.055). July 9 2026 validation: Witt (PRIME+L2 Manaea, HR✅) and Soto (ELITE+L2 Wacha, HR✅) were the only two picks passing all gates that slate. Conv boost: +10 pts.",,,Tracking,40.0%  4/10,,,
🌡️ ENV-ANCHORED PITCH MATCH (PRIME/CONF),"Jul 9 2026 (CSV 74-slate backtest, n=3012, base 14.8%): PRIME/CONFIRMED MATCH grade + Vuln 42-52 + (Env>=1.05 OR Park>=1.10) + Pwr>=80. CSV result: 26.1% HR (1.76x, n=69, 74-sl). Pwr>86 sub-bucket: 47.1% HR (3.17x, n=17) — tracking toward standalone sub-grade. Discovery: July 8 post-mortem — PCA (only pick passing all gates) hit 2 HRs. Gate logic: (1) PRIME/CONFIRMED confirms batter-side BBE edge on primary pitch; (2) Vuln 42-52 = mid-vulnerability arm where env amplification is strongest; (3) Env/Park gate selects high-noise conditions where Pwr>=80 is required to convert. Key finding: Pwr gate is load-bearing (not Env alone). Env gate without pitch grade = 1.07x only. Conv boost: +8 (Pwr>86 sub-bucket: +12). Does NOT fire when PWR_VULN_ENV_HR covers the pick (PWR_VULN_ENV requires Vuln>=50). ENV DEMOTION (separate rule): ❌ DOWNGRADED Jul 29 2026 — the 10.7% HR / 0.72x (n=709) claim did NOT reproduce; 91-slate re-audit gives 15.6% / 0.96x on n=1,647, bootstrap [0.88,1.03]. Context note only, no deprioritization. PRIME/CONFIRMED grade rescues cold envs (19.7% / 1.33x with grade vs 10.7% without).",,,Tracking,26.1%  19/76,,,
🎯 T4_BBE + Park≥1.1 + Pw≥82,"Jun 23 2026 QUALITATIVE+QUANT COMBO (57-slate CSV): T4 BBE grade (≥2 HR in L10 BBEs on pitcher's weak pitch) + park factor ≥1.10 + Power≥82 → 50% HR (4/8, 3.1x). Power park amplifies T4 BBE edge — the batter has proven ability on that pitch AND plays in a favorable venue. Conv boost: +12.",,,50%  4/8,50%  4/8,,,
🎯 T4_BBE + Sc≥60,"Jun 23 2026 QUALITATIVE+QUANT COMBO (57-slate CSV): T4 BBE grade + model Score ≥60 → 38% HR (8/21, 2.4x). Good n=21 makes this the most reliable T4 combo in the data. Conv boost: +8. Stacks with other T4 boosts.",,,38%  8/21,38%  8/21,,,
🎯 PitchReliant + Sig≥10,"Jun 23 2026 QUALITATIVE+QUANT COMBO (57-slate CSV): PITCH-RELIANT HR grade (pitcher leans on that pitch ≥50%) + Signal Score ≥10 → 41% HR (7/17, 2.6x). When the pitcher-reliance edge is confirmed by elite signal alignment, HR rate is 2.6x baseline. Conv boost: +10.",,,41%  7/17,41%  7/17,,,
🎯 BZM_3plus + convMed,"Jun 23 2026 QUALITATIVE+QUANT COMBO (57-slate CSV): 3+ BZM zone overlaps + mid-range conviction (20-40) → 45% HR (5/11, 2.9x). Counter-intuitive: mid-conv picks with dense BZM coverage outperform high-conv picks. Market hasn't fully priced in the zone-specific edge. Conv boost: +10.",,,45%  5/11,45%  5/11,,,
🎯 isPlay + Pw≥87 + Edge≥15%,"Jun 23 2026 QUALITATIVE+QUANT COMBO (57-slate CSV): PLAY designation + Power≥87 + Edge≥+15% → 43% HR (3/7, 2.7x). PLAY tier already screens for quality; adding elite power + market underpricing pushes into top tier. Conv boost: +10.",,,43%  3/7,43%  3/7,,,
📊 ERA Understated HR,"❌ RETIRED Jul 26 2026 (archetype audit, 72-sl merged CSV n=3446, base 16.45%). 15.2%% HR / 0.92x (n=125); 7.3%% / 0.69x post-ASG — the worst post-ASG decay of any supplemental. Now a context flag with zero conviction credit. Legacy: ERA composite (FIP+xFIP+SIERA) > ERA by ≥0.75 + PM≥1.03 + Pwr≥74 + Score≥38 + park<1.10. Short-start gate REMOVED Jun 15 2026: Pederson (ERA comp +1.26, 2.6 IP start) hit 2 hits + HR, proving the skill gap fires in even one trip through the lineup. 33-slate backtest: 20.0% HR (1.28x, n=15). Park<1.10 gate retained: power parks already price in pitcher vulnerability (0/3 HR in power park sub-range). Supplemental stack only — fires alongside an existing primary grade.",,,23%  Emerging,17%  21/127,,,
🥇 ICE COLD+SIG + SWEET,"IC+SIGNAL grade + SWEET PM both fire — 41-slate: 31.2% HR (5/16, 1.93x)",,,40%  2/5,14%  5/35,,,
🥇 IC+SIGNAL + SHARP PM,"ICE COLD+SIGNAL + SHARP PM HR both fire — 41-slate: 35.7% HR (5/14, 2.21x)",,,17%  1/6,22%  17/78,,,
🥇 MID-SCORE + SIG≥5,"MID-SCORE HR + SIG+PM both fire — 41-slate: 21.6% HR (19/88, 1.33x)",,,27.3%  3/11,19%  12/64,,,
🥇 Power-PM + MID-SCORE,"Power 78-83 + PM1.04+ + MID-SCORE — 33-slate: 27.3% HR (18/66, 1.69x). Power range recalibrated Jun 14 2026 (was 60-65).",,,38.5%  5/13,10%  8/82,,,
🥇 SIG+PM + ICE COLD,"Sig≥5+PM≥1.04 + ICE COLD+SIGNAL — 41-slate: 31.6% HR (6/19, 1.95x) 🔥🔥",,,40%  2/5,21%  6/28,,,
🥇 3 grades firing,3+ independent HR grade signals fire simultaneously,,,33%  1/3,0%  0/2,,,
🥇 SHARP PM + Pitch edge,"SHARP PM HR + 🎯 PITCH EDGE HR both fire — near-PITCH DOM with primary grade blocked (short-start, etc.). New grade: tracking from Jun 2026.",,,New  1/1 🔥,New  1/1,,,
🥇 Any grade + Conf Match,"Any primary HR grade + 🎯 CONFIRMED MATCH HR — two-sided pitch correlation stacking onto an existing grade. Jun 1 2026 retro: 8/10 HR (80%). Jun 3: 0/1. 41-slate firing-condition: 23.3% HR (7/30, 1.44x); hit 66.7% (1.06x).",,,22%  4/18,22%  34/154,,,
🥇 SLM + VULN + IC+SIG,"Sharp Line + Vuln 47-52 + ICE COLD+SIGNAL — rare combo; live-tracked (see L5/AT), too few logged to rate",,,100%  2/2,100%  4/4,,,
🥇 Any 2+ grades,Batter fires 2 or more independent grade signals,,,20%  45/221,16%  472/2880,,,
📊 Any 1 grade,Single grade fires,,,20%  49/249,17%  714/4276,,,
🧬 ARCHETYPE ENGINE — HOW IT WORKS,"Mined from the 72-slate merged CSV (n=3,446; base HR 16.45%%, base HIT 62.51%%) by beam search over 366 predicates stacking QUANTITATIVE bands on QUALITATIVE note/flag markers, depth 1-10. Four survival gates: Fisher p<0.01; slate-level bootstrap 5th-pct lift ≥1.6x HR / ≥1.12x HIT; split-half stability (BOTH halves of its own window beat base); Jaccard<0.35 vs every other keeper. TIER A = promote (conviction credit). TIER B = track (zero credit, promote at n≥40). ⚠️ Post-ASG the slate HR base fell 16.45%%→10.64%% — Tier A held 2.17-2.75x but absolute rates fell to 25-30%%.",,,Tier A HR: 52.0%%/3.16x n=125,Tier A HIT: 92.3%%/1.48x n=181,,,
🧬🧬 ARCHETYPE CONFLUENCE (MUST-PLAY),"⭐ THE STRONGEST SIGNAL IN THE LIBRARY. Confluence beats any single archetype rate. 2+ Tier-A HR archetypes firing on the same batter → 78.1%% HR (4.75x, n=32). 3+ Tier-A HR → 100.0%% HR (6.08x, n=8). 2+ Tier-A HIT → 100.0%% Hit (1.60x, n=39). Auto MUST-PLAY (🟢) at 2+. hr_pts +6 at double, +10 at triple, +3 at single.",,,2+: 78.1%%  25/32,3+: 100%%  8/8,,,
🎯 HT01 Deep-Lineup Ice-Cold Contact Bat,"TIER A — PROMOTE (conv +15). 4-Variable: 4 Quant. STACK: EstPA≥4.6 + HS<15 (ice cold) + Score<45 + Sig<1. Window 05-12→07-23. Split-half 100.0%% → 92.9%%. Post-ASG 100%% (3/3). Bootstrap 90%% CI lift [1.44x, 1.60x], p=3e-05. WHY: Sig<1 + Score<45 is the tell: these are bats the HR model has entirely written off. The market prices the cold streak, the model prices plate appearances.",,,n=28 over 21 slates,96.4%%  27/28  (1.54x),,,
🎯 HT02 Hot-Bat Hard-Contact Confirmer,"TIER A — PROMOTE (conv +15). 4-Variable: 2 Quant + 2 Quant-from-Text. STACK: HS≥47 + PF-HH%% 50-60 + PM≥1.04 + WHR≥72%%. Window 07-03→07-25. Split-half 100.0%% → 90.9%%. Post-ASG 90.9%% (10/11). Bootstrap 90%% CI lift [1.42x, 1.60x], p=5e-05. WHY: The warm-bat counterpart to HT01. HH%% 50-60 is a band — above 60 the profile turns into HR risk, not hit reliability.",,,n=27 over 15 slates,96.3%%  26/27  (1.54x),,,
🎯 HT03 Long-Odds Cold Power Bat,"TIER A — PROMOTE (conv +15). 4-Variable: 4 Quant. STACK: EstPA≥4.6 + HS<15 + Odds≥+350 + Pwr≥84. Window 06-17→07-25. Split-half 92.3%% → 100.0%%. Post-ASG 100%% (10/10). Bootstrap 90%% CI lift [1.42x, 1.60x], p=8e-05. WHY: Long HR odds + ice-cold + top-of-order = the market has fully written the bat off while the PA volume is untouched. Perfect 10/10 post-ASG.",,,n=26 over 17 slates,96.2%%  25/26  (1.54x),,,
🎯 HT04 Validated Signal-PM Hard-Contact Stack,"TIER A — PROMOTE (conv +15). 5-Variable: 2 Quant + 2 Qual + 1 Quant-from-Text. STACK: EstPA 4.4-4.6 + PF-HH%% 50-60 + BACKTEST note + SIG+PM grade + Score≥60. Window 07-03→07-24. Split-half 100.0%% → 92.9%%. Post-ASG 92.9%% (13/14). Bootstrap 90%% CI lift [1.42x, 1.60x], p=8e-05. WHY: The only archetype requiring two qualitative grades simultaneously. High fire rate post-ASG (14 fires) with 92.9%% conversion.",,,n=26 over 16 slates,96.2%%  25/26  (1.54x),,,
🎯 HT05 Broad-Gate Contact Profile,"TIER A — PROMOTE (conv +14). 4-Variable: 4 Quant-from-Text. STACK: PF-gates 6-7/9 + PF-HH%% 50-60 + PF-ISO<0.500 + target-pitch vuln≥30. Window 07-04→07-25. Split-half 100.0%% → 90.9%%. Post-ASG 90.9%% (10/11). Bootstrap 90%% CI lift [1.43x, 1.60x], p=1e-04. WHY: ISO<0.500 is the load-bearing gate — this is a CONTACT profile, not a slug profile. 6-7 gates beats 8-9 gates for hits. Note: PropFinder-dependent, only 12 firing slates.",,,n=25 over 12 slates,96.0%%  24/25  (1.54x),,,
🎯 HT06 Scream-Hit Cold Power Lock,"TIER A — PROMOTE (conv +15). 6-Variable: 5 Quant + 1 Qual. STACK: EstPA≥4.6 + HS<15 + Park<1.05 + Pwr≥84 + SCREAM HIT grade + Sig 3-7. Window 06-13→07-25. Split-half 90.9%% → 100.0%%. Post-ASG 100%% (13/13). Bootstrap 90%% CI lift [1.41x, 1.60x], p=1e-04. WHY: Third expression of the cold-bat mechanism, this one gated on the existing SCREAM HIT grade. 13/13 post-ASG.",,,n=25 over 18 slates,96.0%%  24/25  (1.54x),,,
🎯 HT07 Ice-Cold Zone-Contact Vuln Play,"TIER A — PROMOTE (conv +13). 4-Variable: 2 Quant + 2 Qual. STACK: ICE COLD + Z-CONTACT BOOST + Sig 5-7 + Vuln≥47. Window 06-16→07-25. Split-half 93.8%% → 92.9%%. Post-ASG 100%% (8/8). Bootstrap 90%% CI lift [1.38x, 1.60x], p=1e-04. WHY: Largest n of the Tier-A hit set and the flattest split-half (93.8 / 92.9). Two qualitative grades doing the work.",,,n=30 over 20 slates,93.3%%  28/30  (1.49x),,,
🎯 HT08 Neutral-Env High-Score Contact Anchor,"TIER A — PROMOTE (conv +13). 3-Variable: 2 Quant + 1 Qual. STACK: Env 1.00-1.03 (neutral) + Z-CONTACT BOOST + Score≥60. Window 06-16→07-24. Split-half 94.4%% → 90.0%%. Post-ASG 80.0%% (4/5). Bootstrap 90%% CI lift [1.34x, 1.60x], p=3e-04. WHY: Neutral env is the point — not a hitter's park, not suppressive. Removes both the HR-chasing and the wind-killed extremes.",,,n=28 over 16 slates,92.9%%  26/28  (1.49x),,,
🎯 HT09 Bullpen-Exposure Low-PM Contact Play,"TIER B — TRACKING (no conv credit). 4-Variable: 3 Quant + 1 Qual. STACK: PM<1.02 + short start flagged + Score<60 + Sig<8. Window 06-04→07-25. Split-half 87.5%% → 100.0%%. Post-ASG 100%% (9/9). Bootstrap 90%% CI lift [1.35x, 1.60x], p=3e-04. WHY: Short start is a HIT signal, not an HR signal — more pitchers seen, more contact chances. 9/9 post-ASG. Promote at n≥40.",,,n=28 over 19 slates,92.9%%  26/28  (1.49x),,,
🎯 HT10 Cold-Bat Mid-Odds Vuln Play,"TIER B — TRACKING (no conv credit). 4-Variable: 4 Quant. STACK: HS<15 + Odds +350-399 + Score<60 + Vuln≥44. Window 05-16→07-25. Split-half 88.2%% → 100.0%%. Post-ASG 100%% (4/4). Bootstrap 90%% CI lift [1.34x, 1.60x], p=3e-04. WHY: The cold-bat mechanism without the EstPA gate. Slightly weaker, still 1.49x.",,,n=28 over 21 slates,92.9%%  26/28  (1.49x),,,
🎯 HT11 Sweet-PM Super-Vuln Contact Band,"TIER B — TRACKING (no conv credit). 2-Variable: 2 Quant. STACK: PM 1.050-1.059 + Vuln≥54. Window 05-19→07-25. Split-half 90.9%% → 93.8%%. Post-ASG 90.9%% (10/11). Bootstrap 90%% CI lift [1.35x, 1.60x], p=4e-04. WHY: Only two gates and the flattest split-half in the tracking tier. Cheapest hit screen available.",,,n=27 over 20 slates,92.6%%  25/27  (1.48x),,,
🎯 HT12 Neutral-Env Pitch-Reliant Contact Play,"TIER B — TRACKING (no conv credit). 3-Variable: 2 Quant + 1 Qual. STACK: Env 1.00-1.03 + PITCH-RELIANT grade + Score≥55. Window 06-16→07-24. Split-half 88.9%% → 94.4%%. Post-ASG 100%% (7/7). Bootstrap 90%% CI lift [1.33x, 1.60x], p=4e-04. WHY: PITCH-RELIANT's hit expression — a one-pitch starter is easier to square up even when the HR does not come.",,,n=27 over 15 slates,92.6%%  25/27  (1.48x),,,
🎯 HT13 Conviction Sweet-PM Vuln Play,"TIER B — TRACKING (no conv credit). 3-Variable: 3 Quant. STACK: Conv≥60 + PM 1.050-1.059 + Vuln≥47. Window 06-07→07-25. Split-half 100.0%% → 84.6%%. Post-ASG 80.0%% (8/10). Bootstrap 90%% CI lift [1.34x, 1.60x], p=4e-04. WHY: Looser Vuln floor than HT11 but adds a conviction gate. Split-half is decaying 100→84.6 — watch.",,,n=27 over 20 slates,92.6%%  25/27  (1.48x),,,
🎯 HT14 Validated Zone-Contact Hard-Hit Stack,"TIER B — TRACKING (no conv credit). 4-Variable: 1 Quant + 2 Qual + 1 Quant-from-Text. STACK: PF-HH%% 50-60 + BACKTEST note + Z-CONTACT BOOST + Vuln≥47. Window 07-03→07-25. Split-half 91.7%% → 93.3%%. Post-ASG 93.3%% (14/15). Bootstrap 90%% CI lift [1.32x, 1.60x], p=4e-04. WHY: Highest post-ASG fire count of any hit archetype (15). PropFinder-dependent.",,,n=27 over 14 slates,92.6%%  25/27  (1.48x),,,
🎯 HT15 Big-Edge Spray Contact Profile,"TIER B — TRACKING (no conv credit). 4-Variable: 2 Quant + 2 Quant-from-Text. STACK: Edge≥+15%% + PF-Pull%%<70 (not pull-locked) + PM≥1.03 + target-pitch vuln<60. Window 06-17→07-25. Split-half 90.9%% → 93.8%%. Post-ASG 92.3%% (12/13). Bootstrap 90%% CI lift [1.33x, 1.60x], p=4e-04. WHY: Pull%%<70 is the key — a spray profile converts to hits where a pull-locked profile converts to outs into the shift.",,,n=27 over 15 slates,92.6%%  25/27  (1.48x),,,
🎯 HT16 Underpriced Power Park Contact Play,"TIER B — TRACKING (no conv credit). 4-Variable: 4 Quant. STACK: Edge≥+20%% + Park≥1.00 + Pwr≥68 + Score≥55. Window 05-21→07-25. Split-half 92.3%% → 92.9%%. Post-ASG 100%% (7/7). Bootstrap 90%% CI lift [1.32x, 1.60x], p=4e-04. WHY: Large model edge in a non-suppressive park. Flat split-half, 7/7 post-ASG.",,,n=27 over 19 slates,92.6%%  25/27  (1.48x),,,
⚪ No grade (baseline),Pts-based only — Score/PM but no validated signal combo,,,0%  0/1,15%  226/1543,,,
,,,,,,,,
"41-slate base HR: 16.2%  Hit: 63.0%  |  🚨 SCREAM HR combos are tracked grades — see the 🚨 rows  |  🎯 PITCH-RELIANT HR (TOP TIER): primary pitch≥45% (ex-sinker) + Pwr≥78 + crush = 35.3% at old gate  |  SCREAM HIT: Cold+PM≥1.03=72.4% · HS35-40+Sig1-5=75% · HS40-47+Sig1-5=70% · HS40-50+PM≥1.03+Sig1-5=75.6%  |  FADES (41-slate): Vuln42-44=12.6%(0.78x) · Vuln52+=8.9%(0.55x) · Score≥70=9%HR · PM≥1.10 capped  |  SLM+VULN(noSS): 42% · ERA_Understated: 22.7%(1.40x, validated)",,,,,,,,
,,,,,,,,
"🔴  TOP HR PICKS  — sorted by CONVICTION SCORE | ⭐ BACKTEST ELITE note: picks with 🔥🔥 BACKTEST ELITE hit flags also have the strongest HR structural conditions (SWEET★+Edge≥15%+Sig≥4=45% HR, 2.8x). Check HR backtest note in rationale. (the Conv /100 column): a composite of the signals that made the pick (grades, signal score, power, PitchMix, sweet Vuln, sharp money, HR prob) MINUS subtractions for fade flags (Vuln42-44 −8, Vuln52+ −10, gated −8, PM≥1.15 −6, short-start −8, suppressive park −8, same-side −4, over-bullish −5)  |  gold ≥45 · amber ≥34 · blue ≥24 · grey weak  |  ⚡ OVERRIDE (Jun 2026): 🚨 SCREAM HR (Power-Vuln) and 🎯 CONFIRMED MATCH always ✅ PLAY + gold tier (≥45) — backtest shows flags do NOT suppress these grades (SCREAM+flags 21.4%/1.38x; CONFIRMED MATCH 30%/1.93x)  |  Each rationale also shows the historical HR success rate (L5/AT)  |  Rank col = main table position  |  ✅ PLAY path 1 = Conv≥24+PM≥1.04+primW≥0.400+Pwr≥78 (22.6%/1.45x)  |  ✅ PLAY path 2 = Score 55-60+park≥1.0+no-short (33.8%/2.17x backtest-validated)  |  NOTE (Jun 25 2026 pkl): Conv is weakly POSITIVELY correlated with HR (Spearman r=+0.047, p=0.09) — top-conv picks are not systematically bad for HR, but the stacking of hit-primary signals can inflate conv without adding HR edge. Very high PM (≥1.15) is the true HR suppressor, not high conv per se.",,,,,,,,
Rank,Batter,HR Odds,HR%,Score,Grade,Rationale,Flags,"Conv
/100"
58,H. Goodman,+265,19.8%,39.3,"🥇 🎯 PITCHER TARGET MATCH HR (SI): T4 — ≥2 HR in L10 BBE vs pitcher's most vulnerable pitch (vuln 53) + 🎯 PITCH DOMINANCE HR + 🎯 PITCH DOM ELITE HR + 🔥 PWR-VULN-ENV HR: Pwr88+Vuln52+Env1.61+PM1.067 → 40.0% HR (2.30x, n=35, pkl Jun24) + 💰 VALUE-ODDS FLASH: Odds +265 (250-299) + Vu52≥50 → 44.1% HR (2.36x, n=34, 38-sl audit Jul10). Best validated value-odds combo. + 🧬 HR08 Priced Super-Vuln Value Band: Edge≥0 + Odds +250-299 + Vuln≥52 → 56.5% HR (3.44x, n=23, 18sl, p=1e-05) + 🧬 HR10 Mid-Score Value-Odds Signal Stack: Edge≥0 + Odds +250-299 + Score<60 + Sig≥5 + Vuln≥44 → 56.5% HR (3.44x, n=23, 18sl, p=1e-05)  [TRACKING — no conv credit] + 🌤️ FB50 LOFT + GROUND SUPPRESSION: FB%50 (>50) + GB%40 (<40) → 1.42x HR (Jul 1.31x / Aug 1.58x p=0.045, n=187 combined; tuned on July, held out-of-sample on August). +5 conv.  ·  🔥 Sig+PM","☢️ NUCLEAR (39.1% HR, 2.06x, p=0.027 — Pwr88≥84 + Odds+265≤399 + PM1.067 + Sc39<66):  ✅ PLAY (HR) —  🎯 PITCHER-FIRST T4 MATCH (SI): pitcher allows 83% HH / 33% FB / 33% Pull / 0.667 ISO (vuln 53) on 19% vs RHB — batter L10 SI: 2 HR/10 BBE • 40% HH • 294ft avg dist.  SCREAM legacy match (5-Signal) [RETIRED family — 0.88x, no conv credit] (CSV: 23.9% HR 1.50x validated; top conviction combo — onviction combo in the model); elite HR-contact profile (7/9 PropFinder gates): ISO:0.300>0.2 + Air%:60%>50% + GB%:40%<40% + PullBrl%:12.5>10 + FB%:50%>35% + Blast%:16.5%>15% + Pull%:90%>30%; 🔵 PropFinder [7/9 must-have] [L10 n=10]: 🔥 ELITE CONTACT PROFILE: PullBrl%>12.5 + FB%>50.0% — both elite HR-profile gates clear (+5 conv bonus, stackable) · 🔥 7/9 gates (display only — 1.37x, best tier) · 💪 ISO:0.300>0.2 (must-have) · ❌ Barrel%:0.0% [Barrel%>15% ✗] · ❌ HH%:30% [HH%>40% ✗] · 🌤️ Air%:60%>50% (must-have) · 🔻 GB%:40%<40% (must-have) · 🎯 PullBrl%:12.5>10 (must-have) · 🌤️ FB%:50%>35% (must-have) · 💥 Blast%:16.5%>15% (must-have) · ↙ Pull%:90%>30% (must-have); Mize is HR-prone L5 — 2.57 HR/9 recently vs 1.20 season avg, getting hit hard right now; Goodman is strong on the exact pitch Mize relies on most — the slider; market is on the same side as the model; elite 88 raw power (19.8% HR, +265).  HR success rate L5/AT: 20%/10%
📊 🔥 STACK: T4_PTM+PITCH_DOM → 38% HR (2.19x, n=21 AT) + 76% Hit (Jul 1 2026 audit)  🧮 7-grade HR stack = ~9% (no full-set history; 3-of-7 overlap).  🔥 BACKTEST: Pw88(≥87)+Edge+18%(≥15%) → 41% HR (2.6x, n=17, 57-sl CSV)  🔥 BACKTEST: Vu52(≥52)+Pw88(≥85) → 40% HR (2.5x, n=20, 57-sl CSV).    [LIVE HR-prone L5 family, pooled across variants: 21.7% 20/92 = 1.33x]","⚠️ Vuln52+  🚨 SCREAM legacy match (5-Signal) [RETIRED family — 0.88x, no conv credit]  🔥🔥 PRIME+PitchEdge hit → 67%  232/348 Hit (live)  🔥 PLAY+Pw88(≥85)+Edge+18%(≥15%) → 77% Hit (10/13, 30-sl qual)  [LIVE PLAY+Pw88 family, pooled across variants: 15.3% 11/72 = 0.94x ⛔ BELOW BASE]  🔥 PLAY+Pw88(≥85)+Edge+18%(≥15%) → 77% Hit (10/13, 30-sl qual)  [LIVE PLAY+Pw88 family, pooled across variants: 15.3% 11/72 = 0.94x ⛔ BELOW BASE]  🔥🔥 PRIME+PitchEdge hit → 67%  232/348 Hit (live)  🎯 Hit grade: 🔥 PLAY+Pw88(≥85)+Edge+18%  💥 2 HRs last 7 days  💪 Elite HR/PA vs RHP (7.2%)  💥 SL edge 0.439  🎯 T4_BBE+Park1.40(≥1.1)+Pw88(≥82) → 50% HR (3.1x, n=8, 57-sl CSV)  [LIVE Pw88 family, pooled across variants: 16.9% 15/89 = 1.03x]  📋 PRIME LOCK TRACKING: Vuln=52≥52 + PM=1.067≥1.04 + Pwr=88≥84 — demoted: no EXTREME L2/CASCADE/Score>66 · PM 1.067 in dead zone 1.06-1.08 (14.3% HR / 0.81x — below baseline). BGS tier applies instead.  [LIVE PRIME LOCK TRACKING family, pooled across variants: 11.4% 8/70 = 0.70x ⛔ BELOW BASE]  🎯 PRIORITY TIER #1: Vuln>=52 + Odds<=+400 (+265) - 31.2% HR / 1.89x on qualifiers (63/202, 77sl); top-3 by price 35.6% / 2.16x. Temporal holdout: 1.65x train, 1.72x test - the only ranker above 1.6x in both halves, vs Score at 1.06x/1.12x. Sorted by PRICE, not Score. WARNING: median 2 qualifiers per slate, 19 of 77 slates have zero - do NOT pad to five. May ran 7.4% vs June 39.7% / July 32.1%, so the edge is recent-window.  [LIVE July family, pooled across variants: 18.2% 20/110 = 1.12x]",70
42,F. Tatis,+270,20.1%,29.1,"🥇 🔥 PWR-VULN-ENV HR: Pwr85+Vuln61+Env1.61+PM1.050 → 40.0% HR (2.30x, n=35, pkl Jun24) + 💡 ELITE_LOCK+LOW_SCORE (FLASH): Vu61≥54+PM1.050≥1.04+Pwr85≥84+Sc29<50 → 7/9=78% HR (4.15x, n=9, 38-sl Jul10). Model underranks — market ignores ELITE LOCK here. + 💰 VALUE-ODDS FLASH: Odds +270 (250-299) + Vu61≥50 → 44.1% HR (2.36x, n=34, 38-sl audit Jul10). Best validated value-odds combo. + 🧬 HR25 Super-Vuln Short Price: Vuln≥54 + Odds<+300 → 43.2% HR (2.65x, n=44, 27sl, p=2e-05) + ⚠️ PITCHER WEAK SPOT (3rd time through order): allows .380 wOBA (123 TBF)","🏆🏆 ELITE LOCK (18.8% HR / 1.08x, n=32)  —  ☢️ NUCLEAR (39.1% HR, 2.06x, p=0.027 — Pwr85≥84 + Odds+270≤399 + PM1.050 + Sc29<66):  ✅ PLAY (HR) — ⚡ EXTREME POWER OVERRIDE: Pwr85 beats Vuln52+ trap zone (37.5%, 2.41x, n=8 — small sample, track carefully).  Validated combination of pitch match, power, and matchup quality; PropFinder 4/9 contact gates clear: PropFinder [4/9 must-have] [L10 n=10]: 💪 ISO:0.500>0.2 + HH%:70%>40% + Blast%:20.0%>15% + Pull%:50%>30%; Sugano is HR-prone L5 — 1.88 HR/9 recently vs 1.20 season avg, getting hit hard right now; market is on the same side as the model (20.1% HR, +270).  HR success rate L5/AT: 18%/10%  🧮 6-grade HR stack = ~26% (no full-set history; 3-of-6 overlap).  🔥 BACKTEST: Vu61(≥52)+Pw85(≥85) → 40% HR (2.5x, n=20, 57-sl CSV).    [LIVE HR-prone L5 family, pooled across variants: 21.7% 20/92 = 1.33x]","⚠️ Vuln52+  🎯 Hit grade: ⚡ Z-CONTACT BOOST (≥88%)   🔥 L7 power surge SLG 0.739  🎯 HT17 ELITE-LOCK-CARRYOVER HIT: ELITE LOCK contact profile (Vuln=61 PM=1.050 Pwr=85) + Rank=42>=13 (not top-tier) + PM<1.062 → 100% hit (16/16 combined, Jun-Jul 12/12 p=0.005 + Aug 4/4), 1.60-1.63x both eras — ⚪ TRACKING, zero conviction credit until n>=40.  🏆🏆 ELITE LOCK · ❄️ cold bat note: Vuln=61≥54 + PM=1.050≥1.04 + Pwr=85≥84 — HS=25<40. Cold-bat exclusion RETIRED Jul 29 2026: cold 2/13 = 15.4% (0.88x) vs warm 0/6 = 0.0%. Informational only — no HR-card exclusion, no conviction penalty. · PM 1.050 in 1.04-1.08 sweet spot (66.7% HR / 3.78x — market not fully pricing)  [LIVE Informational family, pooled across variants: 27.8% 10/36 = 1.70x]  🔻 SECOND BAT ON THIS ARM (slot 2): slot 1 = 19.5% HR / 1.18x, slot 2+ = 14.2% / 0.86x (n=3,868, p=1e-05). On Vu≥52 arms the split is 27.3% vs 16.7%. HR off one pitcher are independent (0.87x conditional), so the 2nd bat carries no correlated upside — the best matchup is already taken. Deprioritised, not blocked.  🎯 PRIORITY TIER #2: Vuln>=52 + Odds<=+400 (+270) - 31.2% HR / 1.89x on qualifiers (63/202, 77sl); top-3 by price 35.6% / 2.16x. Temporal holdout: 1.65x train, 1.72x test - the only ranker above 1.6x in both halves, vs Score at 1.06x/1.12x. Sorted by PRICE, not Score. WARNING: median 2 qualifiers per slate, 19 of 77 slates have zero - do NOT pad to five. May ran 7.4% vs June 39.7% / July 32.1%, so the edge is recent-window.  [LIVE July family, pooled across variants: 18.2% 20/110 = 1.12x]",45
45,Manny Machado,+290,15.6%,16.5,"🥇 💰 VALUE-ODDS FLASH: Odds +290 (250-299) + Vu61≥50 → 44.1% HR (2.36x, n=34, 38-sl audit Jul10). Best validated value-odds combo. + 🧬 HR25 Super-Vuln Short Price: Vuln≥54 + Odds<+300 → 43.2% HR (2.65x, n=44, 27sl, p=2e-05) + 🧬 HR26 Contact-Quality Triple: ISO>0.2 + Barrel%>15 + HH%>40 → 19.3% HR (1.31x, n=379, 30sl, p=6e-03)  [TRACKING — no conv credit] + ⚠️ PITCHER WEAK SPOT (3rd time through order): allows .380 wOBA (123 TBF) + 🌤️ FB50 LOFT + GROUND SUPPRESSION: FB%50 (>50) + GB%30 (<40) → 1.42x HR (Jul 1.31x / Aug 1.58x p=0.045, n=187 combined; tuned on July, held out-of-sample on August). +5 conv.","✅ PLAY (HR) — ⚡ EXTREME POWER OVERRIDE: Pwr84 beats Vuln52+ trap zone (37.5%, 2.41x, n=8 — small sample, track carefully).  Validated combination of pitch match, power, and matchup quality; 2 BZM-SZN zone overlap (FF): mid-in, middle — 2 overlapping zones where Sugano locates his pitch AND Machado has ≥.400 xwOBA (+4 conv); elite HR-contact profile (8/9 PropFinder gates): ISO:0.300>0.2 + Barrel%:20.0%>15% + HH%:40%>40% + Air%:60%>50% + GB%:30%<40% + FB%:50%>35% + Blast%:30.0%>15% + Pull%:70%>30%; Sugano is HR-prone L5 — 1.88 HR/9 recently vs 1.20 season avg, getting hit hard right now; Machado crushes the exact pitch Sugano relies on most (15.6% HR, +290).  HR success rate L5/AT: 8%/12%  🧮 8-grade HR stack = ~29% (no full-set history; 5-of-8 overlap).  🔥 BACKTEST: BZM_zones+Sc17(<50)+Vu61(≥52) → 3/3=100% HR (n=3, RARE, qual CSV).    [LIVE HR-prone L5 family, pooled across variants: 21.7% 20/92 = 1.33x]","⚠️ Vuln52+  ❄️ Cold  🎯 HT01 Deep-Lineup Ice-Cold Contact Bat: EstPA≥4.6 + HS<15 (ice cold) + Score<45 + Sig<1 → 96.4% Hit (1.54x, n=28, 21sl)  [LIVE EstPA family, pooled across variants: 14.7% 5/34 = 0.90x ⛔ BELOW BASE]  🔥🔥 BZM_zones+Sc17(<45) → 100% Hit (4/4, 30-sl) — zone math overrides low score  🔥🔥 BZM_zones+Sc17(<45) → 100% Hit (4/4, 30-sl) — zone math overrides low score  🔥🔥 SCREAM HIT: Cold(HS1)+SUPER VUL(Vu61≥54) (64%  771/1209 AT, 1.07x) — cold bat beats all HS>40 tiers; SUPER VUL confirms  🎯 Hit grade: 🔥🔥 BZM_zones+Sc17(<45) →   🎯 Pitch corr: Pitcher's FF → wOBA 0.417 allowed | Batt  🎯 🎯 2 BZM-SZN (FF): mid-in, middle  🎯 BZM+Sc17(<50)+Vu61(≥52) → 100% HR (3/3, RARE, 57-sl CSV)  🔻 SECOND BAT ON THIS ARM (slot 3): slot 1 = 19.5% HR / 1.18x, slot 2+ = 14.2% / 0.86x (n=3,868, p=1e-05). On Vu≥52 arms the split is 27.3% vs 16.7%. HR off one pitcher are independent (0.87x conditional), so the 2nd bat carries no correlated upside — the best matchup is already taken. Deprioritised, not blocked.  🎯 PRIORITY TIER #3: Vuln>=52 + Odds<=+400 (+290) - 31.2% HR / 1.89x on qualifiers (63/202, 77sl); top-3 by price 35.6% / 2.16x. Temporal holdout: 1.65x train, 1.72x test - the only ranker above 1.6x in both halves, vs Score at 1.06x/1.12x. Sorted by PRICE, not Score. WARNING: median 2 qualifiers per slate, 19 of 77 slates have zero - do NOT pad to five. May ran 7.4% vs June 39.7% / July 32.1%, so the edge is recent-window.  [LIVE July family, pooled across variants: 18.2% 20/110 = 1.12x]",45
🥇,Juan Soto,+310,32.0%,67.2,"🥇 🎯 PITCHER TARGET MATCH HR (FF): T3 — 1 HR in L10 BBE vs pitcher's most vulnerable pitch (vuln 36) + 🎯 PITCH DOM ELITE HR + 🎯 PITCH-RELIANT HR (FF 52% vs LHB) + ⚠️ SHARP PM HR [SUSPENDED — 1/55 post-ASG, 0.17x; no conv credit] + 🎯 PITCH EDGE HR + 🔥 SIG+PM HR + ⭐ MARKET-MODEL AGREEMENT: Odds=310(≤400) + Score=67.2(≥65) → 27.0% HR (1.84x, n=189, 30sl, base 14.66%). Both estimators agree — the model's own Score and the market's price. Independent 2x2 contribution (Score adds within short odds p=0.012; odds adds within high Score p=0.016); max-stat permutation null corrected p=0.0065; temporal holdout STRENGTHENED out-of-sample (1.53x→2.01x). Conviction language only — zero ranking credit, deliberately not a gate (gating tested and rejected 2026-08-31: brittle at the thresholds, p=0.74). + 🔥🎯 HOT-ARM PULL-LOFT: pitcher HR-prone L5 + Blast%30(>20) + Pull%90(>80) → 50.0% HR (9/18, 3.32x, p=0.0005, 16 slates; Jul 5/11 · Aug 4/7). Hot arm × pull-side loft contact. +7 conv.","🏆 PRIME LOCK (50.0% HR / 2.84x with uplift)  —  🎯 PITCHER-FIRST T3 MATCH (FF): pitcher allows 64% FB / 0.455 ISO (vuln 36) on 52% vs LHB — batter L10 FF: 1 HR/10 BBE • 287ft avg dist.  SCREAM legacy match (5-Signal) [RETIRED family — 0.88x, no conv credit] (CSV: 23.9% HR 1.50x validated; top conviction combo — onviction combo in the model); strong HR-contact profile (6/9 PropFinder gates): ISO:0.400>0.2 + HH%:50%>40% + Air%:50%>50% + GB%:40%<40% + Blast%:30.0%>15% + Pull%:90%>30%; Young is HR-prone L5 — 2.69 HR/9 recently vs 1.20 season avg, getting hit hard right now; Soto is strong on the exact pitch Young relies on most — the four-seamer — 52% vs LHB; market is on the same side as the model; elite 87 raw power (32.0% HR, +310).  HR success rate L5/AT: 13%/10%
📊 🔥 STACK: T4_PTM+PITCH_DOM → 38% HR (2.19x, n=21 AT) + 76% Hit (Jul 1 2026 audit)  🧮 7-grade HR stack = ~17% (no full-set history; 4-of-7 overlap).  🔥 BACKTEST: Vu52(≥52)+Pw87(≥85) → 40% HR (2.5x, n=20, 57-sl CSV).    [LIVE HR-prone L5 family, pooled across variants: 21.7% 20/92 = 1.33x]","⚠️ Vuln52+  ℹ️ HS 42 in the 40-49 band but Vuln=52≥47 — NOT deprioritized: 60.6% hit / 1.03x (n=469, 85-sl CSV Jul27). The MID-HS DULL penalty is a pitcher-quality effect.  🚨 SCREAM legacy match (5-Signal) [RETIRED family — 0.88x, no conv credit]  🔥🔥 PRIME+PitchEdge hit → 67%  232/348 Hit (live)  🔥🔥 PRIME+PitchEdge hit → 67%  232/348 Hit (live)  🎯 Hit grade: 🔥🔥 PRIME+PitchEdge hit →   💥 2 HRs last 7 days  💪 Elite HR/PA vs RHP (5.9%)  🏆 PRIME LOCK [Score 67>66]: Vuln=52≥52 + PM=1.088≥1.04 + Pwr=87≥84 · PM 1.088 in valid zone 1.08-1.11 (52.9% HR / 3.00x) · Park 0.98≥0.93 — 50.0% HR / 2.84x with uplift + valid PM + park (72-slate backtest)  🏆 TOP-RANKED CARD POSITION #1: post-fix top-3 by medal rank running 55.6% HR (10/18, 6sl since Aug 4) vs 17.9% pre-fix (43/240, 80sl) — Fisher p=0.0007, bootstrap 90% CI [+12.4pp, +62.5pp], base rate flat over the same window (not a hot league). Still thin (6 post-fix slates) — watch as it accumulates. Differentiator only, zero conviction credit.  🎯 PRIORITY TIER #4: Vuln>=52 + Odds<=+400 (+310) - 31.2% HR / 1.89x on qualifiers (63/202, 77sl); top-3 by price 35.6% / 2.16x. Temporal holdout: 1.65x train, 1.72x test - the only ranker above 1.6x in both halves, vs Score at 1.06x/1.12x. Sorted by PRICE, not Score. WARNING: median 2 qualifiers per slate, 19 of 77 slates have zero - do NOT pad to five. May ran 7.4% vs June 39.7% / July 32.1%, so the edge is recent-window.  [LIVE July family, pooled across variants: 18.2% 20/110 = 1.12x]",68
🥈,Lars Nootbaar,+560,32.0%,66.5,"🥇 🎯 PITCHER TARGET MATCH HR (FF): T4 — ≥2 HR in L10 BBE vs pitcher's most vulnerable pitch (vuln 52) + 🔥 SWEET★ EDGE SPIKE HR + 🧬 HR09 Pitcher-Vuln Twin Confirmation: target-pitch vuln 50-60 + Vuln52+ flag + Score≥60 + Sig 3-7 → 56.5% HR (3.44x, n=23, 16sl, p=1e-05)  [TRACKING — no conv credit] + 🚫 NEG06 MID-POWER DEAD ZONE: Pwr=81 in 77-83 → 14%  220/1537 HR (mined 13.1% 112/852, 0.81x baseline for the flag). ⚠️ SCORE OVERRIDE APPLIES: Score=66>=65 — this specific subgroup runs 19.35% HR (1.79x, p=0.0317, n=62, 26sl), ABOVE the general slate base, not merely less-bad. Treat as softened/neutral, not a hard deprioritize. (Distinct from the Vuln override tested and rejected Aug 17 2026 — that was a different candidate.)","🟡 LEAN (HR) — odds >+499 cap (0.96x at +500-599) —  🎯 PITCHER-FIRST T4 MATCH ⚠️ LEAN (odds cap) (FF): pitcher allows 50% HH / 100% FB / 0.750 ISO (vuln 52) on 10% vs LHB — batter L10 FF: 2 HR/10 BBE • 80% HH • 30% Brl • 320ft avg dist.  Validated combination of pitch match, power, and matchup quality; vulnerable bullpen in relief (HR/9 1.75) (32.0% HR, +560).  HR success rate L5/AT: 8%/12%
📊 🔥 STACK: T4_PTM+SWEET_EDGE+SWEET_STAR → 50% HR (2.88x, n=8 AT) + 50% Hit (Jul 1 2026 audit)  🧮 6-grade HR stack = ~23% (no full-set history; 4-of-6 overlap).  🔥 BACKTEST: SWEET★+Edge+17%+Sig4 → 45% HR (2.8x, n=20, 57-sl CSV)  🔥 BACKTEST: T4_BBE+Sc66(≥60) → 38% HR (2.4x, n=21, qual CSV).    [LIVE Edge+17 family, pooled across variants: 13.0% 3/23 = 0.80x ⛔ BELOW BASE]","⚠️ Vuln52+  🔥🔥 PRIME+PitchEdge hit → 67%  232/348 Hit (live)  🔥🔥 PRIME+PitchEdge hit → 67%  232/348 Hit (live)  🔥🔥 SCREAM HIT: HS36+Sig4 (60.2%  97/161 AT, L5 62.2%  L5)  🎯 Hit grade: 🔥🔥 PRIME+PitchEdge hit →   🎯 T4_BBE+Sc66(≥60) → 38% HR (2.4x, n=21, 57-sl CSV)  🏆 TOP-RANKED CARD POSITION #2: post-fix top-3 by medal rank running 55.6% HR (10/18, 6sl since Aug 4) vs 17.9% pre-fix (43/240, 80sl) — Fisher p=0.0007, bootstrap 90% CI [+12.4pp, +62.5pp], base rate flat over the same window (not a hot league). Still thin (6 post-fix slates) — watch as it accumulates. Differentiator only, zero conviction credit.  🥇 MEDAL-RANK GUARANTEE (medal #2): bypassed the Priority Tier's Vuln>=52 gate on medal-rank position alone. Medal-rank top-3 running 55.6% HR / 90.5% Hit since Aug 4 (10/18, 19/21, 6-7sl) vs ~5-8% overlap between medal top-3 and what card selection otherwise produces - two near-independent rankings. Still young (6-7 post-fix slates) - tracked separately from Priority Tier, revisit past ~20sl.",100
6,P. Crow-Armstrong,+260,20.0%,69.4,"🥇 🎯 PITCHER TARGET MATCH HR (FF): T4 — ≥2 HR in L10 BBE vs pitcher's most vulnerable pitch (vuln 35) + 🎯 PITCH DOM ELITE HR + ⚠️ SHARP PM HR [SUSPENDED — 1/55 post-ASG, 0.17x; no conv credit] + 🎯 PITCH EDGE HR + 🔥 SIG+PM HR + 🎯 BZM COMBO HR + 🧬 HR26 Contact-Quality Triple: ISO>0.2 + Barrel%>15 + HH%>40 → 19.3% HR (1.31x, n=379, 30sl, p=6e-03)  [TRACKING — no conv credit] + ⭐ MARKET-MODEL AGREEMENT: Odds=260(≤400) + Score=69.4(≥65) → 27.0% HR (1.84x, n=189, 30sl, base 14.66%). Both estimators agree — the model's own Score and the market's price. Independent 2x2 contribution (Score adds within short odds p=0.012; odds adds within high Score p=0.016); max-stat permutation null corrected p=0.0065; temporal holdout STRENGTHENED out-of-sample (1.53x→2.01x). Conviction language only — zero ranking credit, deliberately not a gate (gating tested and rejected 2026-08-31: brittle at the thresholds, p=0.74).","✅ PLAY (HR) —  🎯 PITCHER-FIRST T4 MATCH (FF): pitcher allows 43% HH / 43% Pull / 0.429 ISO (vuln 35) on 44% vs LHB — batter L10 FF: 2 HR/10 BBE • 60% HH • 30% Brl • 272ft avg dist.  Crow-Armstrong is strong on the exact pitch López relies on most — the slider; 3 BZM-SZN zone overlap (FF): up, mid-in, middle — 3 overlapping zones where López locates his pitch AND Crow-Armstrong has ≥.400 xwOBA (+8 conv); elite HR-contact profile (8/9 PropFinder gates): ISO:0.288>0.2 + Barrel%:20.0%>15% + HH%:60%>40% + Air%:50%>50% + GB%:30%<40% + PullBrl%:20.0>10 + Blast%:30.0%>15% + Pull%:80%>30%; López is HR-prone L5 — 1.83 HR/9 recently vs 1.20 season avg, getting hit hard right now; Crow-Armstrong crushes the exact pitch López relies on most; market is on the same side as the model; owns multiple pitches in López's arsenal, not just one (20.0% HR, +260).  HR success rate L5/AT: 22%/16%
📊 🔥 STACK: T4_PTM+PITCH_DOM → 38% HR (2.19x, n=21 AT) + 76% Hit (Jul 1 2026 audit)  🧮 13-grade HR stack = ~25% (no full-set history; 5-of-13 overlap).  🔥 BACKTEST: Pw87(≥87)+Edge+19%(≥15%) → 41% HR (2.6x, n=17, 57-sl CSV)  🔥 BACKTEST: T4_BBE+Sc69(≥60) → 38% HR (2.4x, n=21, qual CSV).    [LIVE HR-prone L5 family, pooled across variants: 21.7% 20/92 = 1.33x]","❄️ Cold  🔥🔥 BACKTEST ELITE: PM1.081(≥1.08)+Pw87(≥87)+Edge+19%(≥15%) (59%  26/44 AT  [mined 100% 11/11 @57sl])  🔥🔥 PRIME+PitchEdge hit → 67%  232/348 Hit (live)  🔥 PLAY+Pw87(≥85)+Edge+19%(≥15%) → 77% Hit (10/13, 30-sl qual)  [LIVE PLAY+Pw87 family, pooled across variants: 17.4% 4/23 = 1.07x]  🔥 PLAY+Sc69(≥65)+Edge+19%(≥15%) → 71.4% Hit (5/7, 1.23x, 57-sl CSV)  [LIVE Edge+19 family, pooled across variants: 15.4% 4/26 = 0.94x ⛔ BELOW BASE]  🔥 PLAY+Sc69(≥65)+Edge+19%(≥15%) → 71.4% Hit (5/7, 1.23x, 57-sl CSV)  [LIVE Edge+19 family, pooled across variants: 15.4% 4/26 = 0.94x ⛔ BELOW BASE]  🔥 PLAY+Pw87(≥85)+Edge+19%(≥15%) → 77% Hit (10/13, 30-sl qual)  [LIVE PLAY+Pw87 family, pooled across variants: 17.4% 4/23 = 1.07x]  🔥🔥 PRIME+PitchEdge hit → 67%  232/348 Hit (live)  🔥🔥 BACKTEST ELITE: PM1.081(≥1.08)+Pw87(≥87)+Edge+19%(≥15%) (59%  26/44 AT  [mined 100% 11/11 @57sl])  🔥🔥 SCREAM HIT: Cold+PM1.081 (64%  771/1209 AT, L5 62%  36/58)  🎯 Hit grade: 🔥 PLAY+Sc69(≥65)+Edge+19%  💪 Elite HR/PA vs RHP (6.1%)  🏟️ Elite home SLG 0.562  🎯 PitchMix wOBA 0.413  🎯 Pitch corr: Pitcher's FF → wOBA 0.370 allowed | Batt  💥 SL edge 0.370  🎯 🎯 3 BZM-SZN (FF): up, mid-in, middle  🎯 BZM_3plus+conv → 45% HR (2.9x, n=11, 57-sl CSV)  [LIVE BZM_3plus+conv family, pooled across variants: 19.0% 28/147 = 1.17x]  🎯 T4_BBE+Sc69(≥60) → 38% HR (2.4x, n=21, 57-sl CSV)",95
8,Ronald Acuna,+420,20.1%,66.5,🥇 🎯 PITCHER TARGET MATCH HR (FF): T2 — hard contact in L10 BBE vs pitcher's weak pitch (vuln 36) + 🎯 PITCH DOM ELITE HR,"🟡 LEAN (HR) —  🎯 PITCHER-FIRST T2 CONTACT (FF): pitcher allows 50% HH / 50% FB (vuln 36) on 24% vs RHB — batter L10 FF: 0 HR/10 BBE.  Validated combination of pitch match, power, and matchup quality; 3 BZM-SZN zone overlap (SI): mid-out, low, low/out — 3 overlapping zones where Peterson locates his pitch AND Acuna has ≥.400 xwOBA (+8 conv); strong HR-contact profile (6/9 PropFinder gates): ISO:0.400>0.2 + Air%:70%>50% + GB%:30%<40% + FB%:40%>35% + Blast%:40.0%>15% + Pull%:50%>30%; Acuna crushes the exact pitch Peterson relies on most — the strongest such match on the slate; vulnerable bullpen in relief (HR/9 1.64); a 11/20 signal score — several independent edges aligned (20.1% HR, +420).  HR success rate L5/AT: 22%/16%  🧮 4-grade HR stack = 12% (1/8).  🔥 BACKTEST: Sc66(≥65)+Edge+16%(≥15%) → 37% HR (2.3x, n=27, 57-sl CSV)  🔥 BACKTEST: Sig11(≥10)+Edge+16%(≥15%) → 36% HR (2.3x, n=25, 57-sl CSV).    [LIVE BZM-SZN family, pooled across variants: 18.3% 69/378 = 1.12x]","🎯 Hit grade: ⚡ Z-CONTACT BOOST (≥88%)   🔥 L7 power surge SLG 0.464  🎯 Pitch corr: Pitcher's SI → wOBA 0.393 allowed | Batt  🎯 🎯 3 BZM-SZN (SI): mid-out, low, low/out  🎯 BZM_3plus+conv → 45% HR (2.9x, n=11, 57-sl CSV)  [LIVE BZM_3plus+conv family, pooled across variants: 19.0% 28/147 = 1.17x]",76
64,J. Rodriguez,+440,13.6%,55.5,🎯 PITCHER TARGET MATCH HR (FF): T4 — ≥2 HR in L10 BBE vs pitcher's most vulnerable pitch (vuln 39),"✅ PLAY (HR) —  🎯 PITCHER-FIRST T4 MATCH (FF): pitcher allows 40% HH / 60% FB / 40% Pull / 0.200 ISO (vuln 39) on 46% vs RHB — batter L10 FF: 2 HR/10 BBE • 292ft avg dist.  Validated combination of pitch match, power, and matchup quality; PropFinder 3/9 contact gates clear: HH%:50%>40% + Blast%:17.9%>15% + Pull%:50%>30% (13.6% HR, +440).  HR success rate L5/AT: 14%/21%  🧮 4-grade HR stack = ~16% (no full-set history; 2-of-4 overlap).","⚡ K-Danger vs today  🎯 HIT SWEET SPOT: HS=57≥50 + PM=1.028 contact zone (0.90-1.06) + Vuln=39 (38-44 sweet) + Env=1.08≥0.95 — backtest: 77.9% hit rate / 1.20x (68 picks, 72 slates). Top hit pick tier.  🎯 Hit grade: 🔥 L10 BBE vs FF: 2HR/10BB  🏟️ RHB park 1.120x  🎯 T4_BBE+Park1.12(≥1.1)+Pw86(≥82) → 50% HR (3.1x, n=8, 57-sl CSV)  [LIVE Pw86 family, pooled across variants: 14.3% 4/28 = 0.88x ⛔ BELOW BASE]",76
26,Riley Greene,+570,15.5%,65.0,"🥇 🎯 PITCHER TARGET MATCH HR (FF): T4 — ≥2 HR in L10 BBE vs pitcher's most vulnerable pitch (vuln 45) + 🎯 PITCH DOMINANCE HR + 🎯 PITCH DOM ELITE HR + 🧬 HR26 Contact-Quality Triple: ISO>0.2 + Barrel%>15 + HH%>40 → 19.3% HR (1.31x, n=379, 30sl, p=6e-03)  [TRACKING — no conv credit]  ·  🔥 Sig+PM","🟡 LEAN (HR) — odds >+499 cap (0.96x at +500-599) —  🎯 PITCHER-FIRST T4 MATCH ⚠️ LEAN (odds cap) (FF): pitcher allows 100% FB / 40% Pull / 0.600 ISO (vuln 45) on 15% vs LHB — batter L10 FF: 2 HR/10 BBE • 70% HH • 50% Brl • 355ft avg dist.  SCREAM legacy match (5-Signal) [RETIRED family — 0.88x, no conv credit] (CSV: 23.9% HR 1.50x validated; top conviction combo — onviction combo in the model); elite HR-contact profile (8/9 PropFinder gates): ISO:0.600>0.2 + Barrel%:20.0%>15% + HH%:50%>40% + Air%:70%>50% + GB%:30%<40% + FB%:40%>35% + Blast%:40.0%>15% + Pull%:60%>30%; Greene is strong on the exact pitch Soriano relies on most — the sinker; elite 86 raw power (15.5% HR, +570).  HR success rate L5/AT: 36%/19%
📊 🔥 STACK: T4_PTM+PITCH_DOM → 38% HR (2.19x, n=21 AT) + 76% Hit (Jul 1 2026 audit)  🧮 4-grade HR stack = 0% (0/1).  🔥 BACKTEST: T4_BBE+Sc65(≥60) → 38% HR (2.4x, n=21, qual CSV)  🔥 BACKTEST: Sc65(≥65)+Edge+20%(≥15%) → 37% HR (2.3x, n=27, 57-sl CSV).    [LIVE T4_BBE+Sc65 family, pooled across variants: 18.9% 20/106 = 1.16x]","⚠️ K-Warning  🎯 HT15 Big-Edge Spray Contact Profile: Edge≥+15% + PF-Pull%<70 (not pull-locked) + PM≥1.03 + target-pitch vuln<60 → 92.6% Hit (1.48x, n=27, 15sl)  [TRACKING]  [LIVE HT15 Big-Edge Spray Contact family, pooled across variants: 12.7% 7/55 = 0.78x ⛔ BELOW BASE]  🚨 SCREAM legacy match (5-Signal) [RETIRED family — 0.88x, no conv credit]  🔥 PLAY+Pw86(≥85)+Edge+20%(≥15%) → 77% Hit (10/13, 30-sl qual)  [LIVE PLAY+Pw86 family, pooled across variants: 16.1% 5/31 = 0.99x ⛔ BELOW BASE]  🔥 PLAY+Sc65(≥65)+Edge+20%(≥15%) → 71.4% Hit (5/7, 1.23x, 57-sl CSV)  [LIVE PLAY+Sc65 family, pooled across variants: 13.0% 7/54 = 0.80x ⛔ BELOW BASE]  🔥 PLAY+Sc65(≥65)+Edge+20%(≥15%) → 71.4% Hit (5/7, 1.23x, 57-sl CSV)  [LIVE PLAY+Sc65 family, pooled across variants: 13.0% 7/54 = 0.80x ⛔ BELOW BASE]  🔥 PLAY+Pw86(≥85)+Edge+20%(≥15%) → 77% Hit (10/13, 30-sl qual)  [LIVE PLAY+Pw86 family, pooled across variants: 16.1% 5/31 = 0.99x ⛔ BELOW BASE]  🎯 Hit grade: 🔥 PLAY+Sc65(≥65)+Edge+20%  🔥 L7 power surge SLG 0.826  💥 2 HRs last 7 days  💥 SI edge 0.511  🎯 T4_BBE+Sc65(≥60) → 38% HR (2.4x, n=21, 57-sl CSV)  [LIVE T4_BBE+Sc65 family, pooled across variants: 18.9% 20/106 = 1.16x]",70
25,Ben Rice,+330,14.9%,67.0,"🥇 🎯 PITCHER TARGET MATCH HR (FF): T3 — 1 HR in L10 BBE vs pitcher's most vulnerable pitch (vuln 32) + 🎯 PITCH DOM ELITE HR + 🎯 PITCH-RELIANT HR (FF 45% vs LHB) + ⚠️ SHARP PM HR [SUSPENDED — 1/55 post-ASG, 0.17x; no conv credit] + 🎯 PITCH EDGE HR + 🔥 SIG+PM HR + 🧬 HR01 Loft-Band Power Anchor: L10dist 330-350ft + Odds<+400 + Park<1.05 + PM≥1.03 + Pwr≥84 + Vuln≥44 → 66.7% HR (4.05x, n=21, 17sl, p=3e-07) + 🧬 HR26 Contact-Quality Triple: ISO>0.2 + Barrel%>15 + HH%>40 → 19.3% HR (1.31x, n=379, 30sl, p=6e-03)  [TRACKING — no conv credit] + ⭐ MARKET-MODEL AGREEMENT: Odds=330(≤400) + Score=67.0(≥65) → 27.0% HR (1.84x, n=189, 30sl, base 14.66%). Both estimators agree — the model's own Score and the market's price. Independent 2x2 contribution (Score adds within short odds p=0.012; odds adds within high Score p=0.016); max-stat permutation null corrected p=0.0065; temporal holdout STRENGTHENED out-of-sample (1.53x→2.01x). Conviction language only — zero ranking credit, deliberately not a gate (gating tested and rejected 2026-08-31: brittle at the thresholds, p=0.74).","✅ PLAY (HR) —  🎯 PITCHER-FIRST T3 MATCH (FF): pitcher allows 75% FB / 0.375 ISO (vuln 32) on 45% vs LHB — batter L10 FF: 1 HR/10 BBE • 60% HH • 20% Brl • 330ft avg dist.  SCREAM legacy match (5-Signal) [RETIRED family — 0.88x, no conv credit] (CSV: 23.9% HR 1.50x validated; top conviction combo — onviction combo in the model); strong HR-contact profile (6/9 PropFinder gates): ISO:0.600>0.2 + Barrel%:20.0%>15% + HH%:40%>40% + Air%:50%>50% + FB%:40%>35% + Pull%:70%>30%; Rice is strong on the exact pitch Kremer relies on most — the four-seamer — 45% vs LHB; elite 86 raw power; the market is shortening toward the model's number; ⚠️ soft arm already priced in — 0.73× HR rate modifier applies (14.9% HR, +330).  HR success rate L5/AT: 24%/18%
📊 🔥 STACK: T4_PTM+PITCH_DOM → 38% HR (2.19x, n=21 AT) + 76% Hit (Jul 1 2026 audit)  🧮 7-grade HR stack = ~11% (no full-set history; 4-of-7 overlap).  🔥 BACKTEST: Sc67(≥65)+Edge+21%(≥15%) → 37% HR (2.3x, n=27, 57-sl CSV).    [LIVE Edge+21 family, pooled across variants: 18.8% 3/16 = 1.15x]","⚠️ Vuln45-48 Sc60+trap  🚨 SCREAM legacy match (5-Signal) [RETIRED family — 0.88x, no conv credit]  🔥🔥 BACKTEST ELITE: Vu46(44-48)+Pw86(≥85)+Edge+21%(≥15%) (75%  18/24 AT  [mined 100% 8/8 @57sl]) [🟡 n=8<10 — STRONG PLAY, not MUST PLAY]  🔥 PLAY+Pw86(≥85)+Edge+21%(≥15%) → 77% Hit (10/13, 30-sl qual)  [LIVE PLAY+Pw86 family, pooled across variants: 16.1% 5/31 = 0.99x ⛔ BELOW BASE]  🔥 PLAY+Sc67(≥65)+Edge+21%(≥15%) → 71.4% Hit (5/7, 1.23x, 57-sl CSV)  [LIVE Edge+21 family, pooled across variants: 18.8% 3/16 = 1.15x]  🔥 PLAY+Sc67(≥65)+Edge+21%(≥15%) → 71.4% Hit (5/7, 1.23x, 57-sl CSV)  [LIVE Edge+21 family, pooled across variants: 18.8% 3/16 = 1.15x]  🔥 PLAY+Pw86(≥85)+Edge+21%(≥15%) → 77% Hit (10/13, 30-sl qual)  [LIVE PLAY+Pw86 family, pooled across variants: 16.1% 5/31 = 0.99x ⛔ BELOW BASE]  🔥🔥 BACKTEST ELITE: Vu46(44-48)+Pw86(≥85)+Edge+21%(≥15%) (75%  18/24 AT  [mined 100% 8/8 @57sl]) [🟡 n=8<10 — STRONG PLAY, not MUST PLAY]  🎯 Hit grade: 🔥 PLAY+Sc67(≥65)+Edge+21%  💥 2 HRs last 7 days  💪 Elite HR/PA vs RHP (6.2%)  💥 FF edge 0.521",68
5,E. Hernandez,+490,32.0%,57.0,🥇 🎯 PITCHER TARGET MATCH HR (FF): T3 — 1 HR in L10 BBE vs pitcher's most vulnerable pitch (vuln 50) + 🎯 MID-SCORE HR  ·  🔥 Sig+PM,"📊 GOOD PLAY (BGS=8)  —  🎯 PITCHER-FIRST T3 MATCH (FF): pitcher allows 70% HH / 70% FB / 0.300 ISO (vuln 50) on 38% vs RHB — batter L10 FF: 1 HR/10 BBE • 60% HH • 20% Brl • 275ft avg dist.  Mid-range composite score with market signal confirmation — the sweet spot the model targets; PropFinder 3/9 contact gates clear: PropFinder [3/9 must-have] [L10 n=10]: 💪 ISO:0.400>0.2 + HH%:70%>40% + Pull%:100%>30%; Lodolo is HR-prone L5 — 1.95 HR/9 recently vs 1.20 season avg, getting hit hard right now; and the most homer-prone bullpen on the slate waiting in relief (HR/9 1.95); elite 88 raw power (32.0% HR, +490).  HR success rate L5/AT: 40%/12%
📊 🔥 STACK: T4_PTM+MID_SCORE → 24% HR (1.39x, n=29 AT) + 69% Hit (Jul 1 2026 audit)  🧮 5-grade HR stack = ~10% (no full-set history; 3-of-5 overlap).  🔥 BACKTEST: Pw88(≥87)+Edge+15%(≥15%) → 41% HR (2.6x, n=17, 57-sl CSV)  🔥 BACKTEST: Sig10(≥10)+Edge+15%(≥15%) → 36% HR (2.3x, n=25, 57-sl CSV).    [LIVE HR-prone L5 family, pooled across variants: 21.7% 20/92 = 1.33x]","🎯 Sweet PM hit  🔥🔥 BACKTEST ELITE: PM1.350(≥1.12)+Pw88(≥82)+Edge+15%(≥15%) (59%  13/22 AT  [mined 100% 12/12 @57sl])  🔥 PLAY+Sig10(≥10)+Edge+15%(≥15%) → 80% Hit (8/10, 30-sl qual)  [LIVE Edge+15 family, pooled across variants: 13.6% 3/22 = 0.84x ⛔ BELOW BASE]  🔥 PLAY+Sig10(≥10)+Edge+15%(≥15%) → 80% Hit (8/10, 30-sl qual)  [LIVE Edge+15 family, pooled across variants: 13.6% 3/22 = 0.84x ⛔ BELOW BASE]  🔥🔥 BACKTEST ELITE: PM1.350(≥1.12)+Pw88(≥82)+Edge+15%(≥15%) (59%  13/22 AT  [mined 100% 12/12 @57sl])  🎯 Sweet PM hit (PM1.350≥1.15 — 87.5% hit, 1.63x pkl): strong HIT signal but HR edge gone at this PM level  🎯 Hit grade: 🔥 PLAY+Sig10(≥10)+Edge+15  📊 GOOD PLAY (BGS=8)",62
55,Alec Burleson,+610,15.5%,55.5,"🥇 🎯 PITCHER TARGET MATCH HR (SI): T3 — 1 HR in L10 BBE vs pitcher's most vulnerable pitch (vuln 45) + 🧊 ICE COLD+SIGNAL HR + 🎯 PITCH DOMINANCE HR + 🎯 PITCH DOM ELITE HR + 🎯 CONFIRMED MATCH HR + 🚫 NEG05 GENUINE SUPPRESSION: Suppressing L5 + Vuln=45<52 → 16%  83/519 HR (mined 8.1% 10/124, 0.49x, p=0.005, boot95 0.75, 26sl; gate WIDENED 47→52 on Jul 31 2026 — every sub-52 band is suppressed (0.29-0.53x) while Vu52+ inverts to 2.36x). An arm suppressing HR over its last five AND rating below the vuln gate is executing, not running hot — the 'buy low' read does not apply here. Pwr>=87 WOULD override (see above) but this batter's Power=84.1 doesn't clear it — genuinely suppressed (7.42% HR vs 14.43% general base, p=0.0002; the broader rescue rule that used to exempt some of this group was removed 2026-09-08 after it failed its own neutral target on fresh data — see comment above). Deprioritize.  ·  🔥 Sig+PM","✅ PLAY (HR) —  🎯 PITCHER-FIRST T3 MATCH (SI): pitcher allows 50% HH / 100% FB (vuln 45) on 21% vs LHB — batter L10 SI: 1 HR/10 BBE • 80% HH • 20% Brl • 382ft avg dist.  SCREAM legacy match (Power-Vuln/5-Signal) [RETIRED family — 0.88x, no conv credit] (CSV: 23.9% HR 1.50x validated; top conviction combo — onviction combo in the model); confirmed two-sided pitch match on Roupp's SI — pitcher allows .383 wOBA on it, batter hits .391 vs it (30%, 1.93x — overrides Vuln/power fade flags); 4 BZM-SZN zone overlap (SI): up, mid-in, mid-out, low — 4 overlapping zones where Roupp locates his pitch AND Burleson has ≥.400 xwOBA (+8 conv); strong HR-contact profile (5/9 PropFinder gates): PropFinder [5/9 must-have] [L10 n=10]: 💪 ISO:0.200>0.2 + HH%:40%>40% + PullBrl%:11.3>10 + Blast%:20.0%>15% + Pull%:90%>30%; ⚠️ Roupp suppressing L5 — 0.66 HR/9 recently vs 1.20 season avg. Vu45<52: suppression may reflect genuine L5 execution, not just noise. Do not treat as automatic buy-low.; Burleson is strong on the exact pitch Roupp relies on most — the curveball; ⚠️ short start projected — bullpen exposure caps the ceiling (15.5% HR, +610).  HR success rate L5/AT: 11%/22%
📊 🔥 STACK: T4_PTM+PITCH_DOM → 38% HR (2.19x, n=21 AT) + 76% Hit (Jul 1 2026 audit)  🧮 8-grade HR stack = 0% (0/1).  [LIVE Power-Vuln family, pooled across variants: 17.6% 27/153 = 1.08x]","❄️ Cold  🎯 SWEET PM (hit-only): 71.9% hit / 1.15x — HR edge RETIRED (12.5% HR / 0.76x, n=160, 72-sl CSV Jul26)  [LIVE SWEET PM family, pooled across variants: 17.9% 17/95 = 1.10x]  🚨 SCREAM legacy match (Power-Vuln/5-Signal) [RETIRED family — 0.88x, no conv credit]  🔥🔥 SCREAM HIT: Cold+PM1.067 (64%  771/1209 AT, L5 62%  36/58)  🎯 Hit grade: 🔥🔥 SCREAM HIT: Cold+PM1.0  🎯 Pitch corr: Pitcher's SI → wOBA 0.383 allowed | Batt  💥 CU edge 0.383  🎯 🎯 4 BZM-SZN (SI): up, mid-in, mid-out, low  🎯 BZM_3plus+conv → 45% HR (2.9x, n=11, 57-sl CSV)  [LIVE BZM_3plus+conv family, pooled across variants: 19.0% 28/147 = 1.17x]  📋 CONVICTION BLOCKED: Vuln 45 trap (44-48) + Env=0.92<0.95 — 8.3% HR / 0.47x. BGS grade suppressed.",60
48,J. Merrill,+310,18.9%,12.5,"🥇 🎯 PITCHER TARGET MATCH HR (CU): T3 — 1 HR in L10 BBE vs pitcher's most vulnerable pitch (vuln 49) + 🧬 HR26 Contact-Quality Triple: ISO>0.2 + Barrel%>15 + HH%>40 → 19.3% HR (1.31x, n=379, 30sl, p=6e-03)  [TRACKING — no conv credit] + 🚫 NEG06 MID-POWER DEAD ZONE: Pwr=82 in 77-83 → 14%  220/1537 HR (mined 13.1% 112/852, 0.81x; band 0.86x vs Pwr<77 at 1.02x and Pwr≥84 at 1.11x — power is U-shaped and the MIDDLE is the worst place on the axis). ⚠️ NO OVERRIDE BY VULN (re-tested Aug 17 2026, full panel — see comment above): the earlier Vu>=52 exemption did not hold at the boundary (p=0.90 on the tight band) and is retired. Score>=65 WOULD override (see above) but this batter's Score=12.547999999999998 doesn't clear it — genuinely suppressed (7.42% HR vs 14.43% general base, p=0.0002; the broader rescue rule that used to exempt some of this group was removed 2026-09-08 after it failed its own neutral target on fresh data — see comment above). Deprioritize. + ⚠️ PITCHER WEAK SPOT (3rd time through order): allows .380 wOBA (123 TBF) + 🌤️ FB50 LOFT + GROUND SUPPRESSION: FB%50 (>50) + GB%40 (<40) → 1.42x HR (Jul 1.31x / Aug 1.58x p=0.045, n=187 combined; tuned on July, held out-of-sample on August). +5 conv.","✅ PLAY (HR) —  🎯 PITCHER-FIRST T3 MATCH (CU): pitcher allows 100% FB / 75% Pull / 0.250 ISO (vuln 49) on 12% vs LHB — batter L10 CU: 1 HR/10 BBE • 40% HH • 303ft avg dist.  Validated combination of pitch match, power, and matchup quality; elite HR-contact profile (8/9 PropFinder gates): ISO:0.500>0.2 + Barrel%:30.0%>15% + HH%:70%>40% + Air%:60%>50% + GB%:40%<40% + PullBrl%:20.0>10 + FB%:50%>35% + Pull%:50%>30%; 🔵 PropFinder [8/9 must-have] [L10 n=10]: 🔥 ELITE CONTACT PROFILE: PullBrl%>20.0 + FB%>50.0% — both elite HR-profile gates clear (+5 conv bonus, stackable) · ☢️ 8/9 gates (display only — 1.13x) · 💪 ISO:0.500>0.2 (must-have) · 🎯 Barrel%:30.0%>15% (must-have) · 💪 HH%:70%>40% (must-have) · 🌤️ Air%:60%>50% (must-have) · 🔻 GB%:40%<40% (must-have) · 🎯 PullBrl%:20.0>10 (must-have) · 🌤️ FB%:50%>35% (must-have) · ❌ Blast%:10.0% [Blast%>15% ✗] · ↙ Pull%:50%>30% (must-have); Sugano is HR-prone L5 — 1.88 HR/9 recently vs 1.20 season avg, getting hit hard right now (18.9% HR, +310).  HR success rate L5/AT: 8%/12%  🧮 6-grade HR stack = 33% (1/3).  [LIVE HR-prone L5 family, pooled across variants: 21.7% 20/92 = 1.33x]","⚠️ Vuln52+  ❄️ Cold  🔥🔥 SCREAM HIT: Cold(HS8)+SUPER VUL(Vu61≥54) (64%  771/1209 AT, 1.07x) — cold bat beats all HS>40 tiers; SUPER VUL confirms  🎯 Hit grade: 🔥🔥 SCREAM HIT: Cold(HS8)+  🔥 L7 power surge SLG 1.040  💥 3 HRs last 7 days  🎯 PRIORITY TIER #5: Vuln>=52 + Odds<=+400 (+310) - 31.2% HR / 1.89x on qualifiers (63/202, 77sl); top-3 by price 35.6% / 2.16x. Temporal holdout: 1.65x train, 1.72x test - the only ranker above 1.6x in both halves, vs Score at 1.06x/1.12x. Sorted by PRICE, not Score. WARNING: median 2 qualifiers per slate, 19 of 77 slates have zero - do NOT pad to five. May ran 7.4% vs June 39.7% / July 32.1%, so the edge is recent-window.  [LIVE July family, pooled across variants: 18.2% 20/110 = 1.12x]",58
12,K. Okamoto,+450,19.9%,63.3,"🥇 🎯 PITCHER TARGET MATCH HR (SL): T3 — 1 HR in L10 BBE vs pitcher's most vulnerable pitch (vuln 48) + 🧬 HR26 Contact-Quality Triple: ISO>0.2 + Barrel%>15 + HH%>40 → 19.3% HR (1.31x, n=379, 30sl, p=6e-03)  [TRACKING — no conv credit]","✅ PLAY (HR) —  🎯 PITCHER-FIRST T3 MATCH (SL): pitcher allows 60% HH / 40% FB / 40% Pull / 0.800 ISO (vuln 48) on 18% vs RHB — batter L10 SL: 1 HR/10 BBE • 40% HH • 20% Brl.  Okamoto is strong on the exact pitch Melton relies on most — the slider; elite HR-contact profile (7/9 PropFinder gates): ISO:0.700>0.2 + Barrel%:20.0%>15% + HH%:40%>40% + Air%:60%>50% + GB%:30%<40% + FB%:40%>35% + Pull%:60%>30%; elite contact quality across Melton's actual pitch mix, not just one pitch type; elite 84 raw power (19.9% HR, +450).  HR success rate L5/AT: 8%/12%  🧮 3-grade HR stack = 25% (11/44).",⚠️ Vuln52+  🎯 HIT SOLID: HS=53≥50 + PM=1.034 contact zone + Env=1.03≥0.95 — backtest: 69.3% hit rate / 1.06x (205 picks).  🎯 Hit grade: ⚡ Z-CONTACT BOOST (≥88%)   🔥 L7 power surge SLG 1.053  💥 4 HRs last 7 days  💪 Elite HR/PA vs RHP (5.4%)  🎯 PitchMix wOBA 0.411  💥 SL edge 0.357,48
65,Kody Clemens,+390,14.3%,52.9,"🥇 🎯 PITCHER TARGET MATCH HR (CH): T2 — hard contact in L10 BBE vs pitcher's weak pitch (vuln 41) + 🎯 MID-SCORE HR + ⚠️ PITCHER WEAK SPOT (3rd time through order): allows .392 wOBA (120 TBF) + 🌤️ FB50 LOFT + GROUND SUPPRESSION: FB%50 (>50) + GB%30 (<40) → 1.42x HR (Jul 1.31x / Aug 1.58x p=0.045, n=187 combined; tuned on July, held out-of-sample on August). +5 conv.  ·  🔥 Sig+PM","🟡 LEAN (HR) —  🎯 PITCHER-FIRST T2 CONTACT (CH): pitcher allows 60% HH / 80% Pull (vuln 41) on 30% vs LHB — batter L10 CH: 0 HR/10 BBE • 60% HH • 326ft avg dist.  SCREAM legacy match (Power-Vuln/5-Signal) [RETIRED family — 0.88x, no conv credit] (CSV: 23.9% HR 1.50x validated; top conviction combo — onviction combo in the model); elite HR-contact profile (7/9 PropFinder gates): ISO:0.400>0.2 + Air%:60%>50% + GB%:30%<40% + PullBrl%:11.3>10 + FB%:50%>35% + Blast%:17.9%>15% + Pull%:70%>30%; 🔵 PropFinder [7/9 must-have] [L10 n=10]: 🔥 ELITE CONTACT PROFILE: PullBrl%>11.3 + FB%>50.0% — both elite HR-profile gates clear (+5 conv bonus, stackable) · 🔥 7/9 gates (display only — 1.37x, best tier) · 💪 ISO:0.400>0.2 (must-have) · ❌ Barrel%:10.0% [Barrel%>15% ✗] · ❌ HH%:30% [HH%>40% ✗] · 🌤️ Air%:60%>50% (must-have) · 🔻 GB%:30%<40% (must-have) · 🎯 PullBrl%:11.3>10 (must-have) · 🌤️ FB%:50%>35% (must-have) · 💥 Blast%:17.9%>15% (must-have) · ↙ Pull%:70%>30% (must-have); Mid-range composite score with market signal confirmation — the sweet spot the model targets (14.3% HR, +390).  HR success rate L5/AT: 50%/15%  🧮 2-grade HR stack = 9% (7/74).  [LIVE Power-Vuln family, pooled across variants: 17.6% 27/153 = 1.08x]","🚨 SCREAM legacy match (Power-Vuln/5-Signal) [RETIRED family — 0.88x, no conv credit]  🎯 Hit grade: 🔥 SIG+PM HIT + 🔥 L10 BBE   🔓 Gate Override [RETIRED signal — 0.84x, 0/11 post-ASG]  📈 L7 SLG 0.636  💥 2 HRs last 7 days",42
78,Mike Trout,+450,15.6%,39.9,"🥇 🎯 PITCHER TARGET MATCH HR (FF): T2 — hard contact in L10 BBE vs pitcher's weak pitch (vuln 50) + 🧬 HR26 Contact-Quality Triple: ISO>0.2 + Barrel%>15 + HH%>40 → 19.3% HR (1.31x, n=379, 30sl, p=6e-03)  [TRACKING — no conv credit]","🟡 LEAN (HR) —  🎯 PITCHER-FIRST T2 CONTACT (FF): pitcher allows 62% HH / 69% FB / 0.462 ISO (vuln 50) on 41% vs RHB — batter L10 FF: 0 HR/10 BBE.  Validated combination of pitch match, power, and matchup quality; elite HR-contact profile (7/9 PropFinder gates): ISO:0.600>0.2 + Barrel%:20.0%>15% + HH%:50%>40% + Air%:50%>50% + GB%:40%<40% + Blast%:20.0%>15% + Pull%:30%>30%; Anderson is HR-prone L5 — 1.70 HR/9 recently vs 1.20 season avg, getting hit hard right now; vulnerable bullpen in relief (HR/9 1.72); ⚠️ soft arm already priced in — 0.73× HR rate modifier applies (15.6% HR, +450).  HR success rate L5/AT: 11%/16%  🧮 3-grade HR stack = 30% (7/23).  [LIVE HR-prone L5 family, pooled across variants: 21.7% 20/92 = 1.33x]","⚠️ Vuln42-44 ↓grade  ⚠️ K-Warning  🎯 HIT SWEET SPOT: HS=60≥50 + PM=1.039 contact zone (0.90-1.06) + Vuln=44 (38-44 sweet) + Env=1.08≥0.95 — backtest: 77.9% hit rate / 1.20x (68 picks, 72 slates). Top hit pick tier.  📊 ERA understated (context only — grade RETIRED: 15.2% HR / 0.92x, n=125, 72-sl CSV Jul26)  [LIVE Jul26 family, pooled across variants: 19.6% 44/225 = 1.20x]  🎯 Hit grade: 🎯 SHARP HIT  🏟️ RHB park 1.120x",38
41,Matt McLain,+747,10.7%,30.2,"🥇 🎯 PITCHER TARGET MATCH HR (FF): T4 — ≥2 HR in L10 BBE vs pitcher's most vulnerable pitch (vuln 36) + 🚫 NEG06 MID-POWER DEAD ZONE: Pwr=79 in 77-83 → 14%  220/1537 HR (mined 13.1% 112/852, 0.81x; band 0.86x vs Pwr<77 at 1.02x and Pwr≥84 at 1.11x — power is U-shaped and the MIDDLE is the worst place on the axis). ⚠️ NO OVERRIDE BY VULN (re-tested Aug 17 2026, full panel — see comment above): the earlier Vu>=52 exemption did not hold at the boundary (p=0.90 on the tight band) and is retired. Score>=65 WOULD override (see above) but this batter's Score=30.200000000000003 doesn't clear it — genuinely suppressed (7.42% HR vs 14.43% general base, p=0.0002; the broader rescue rule that used to exempt some of this group was removed 2026-09-08 after it failed its own neutral target on fresh data — see comment above). Deprioritize. + 🚫 NEG05 GENUINE SUPPRESSION: Suppressing L5 + Vuln=28<52 → 16%  83/519 HR (mined 8.1% 10/124, 0.49x, p=0.005, boot95 0.75, 26sl; gate WIDENED 47→52 on Jul 31 2026 — every sub-52 band is suppressed (0.29-0.53x) while Vu52+ inverts to 2.36x). An arm suppressing HR over its last five AND rating below the vuln gate is executing, not running hot — the 'buy low' read does not apply here. Pwr>=87 WOULD override (see above) but this batter's Power=78.8 doesn't clear it — genuinely suppressed (7.42% HR vs 14.43% general base, p=0.0002; the broader rescue rule that used to exempt some of this group was removed 2026-09-08 after it failed its own neutral target on fresh data — see comment above). Deprioritize.","⛔ PASS (HR) — odds +747 in confirmed fade zone (backtest: 9.3% HR, 0.54x, 47-sl). Market fading for a reason — likely Suppressing L5, injury, or sharp movement.  Validated combination of pitch match, power, and matchup quality; PropFinder 3/9 contact gates clear: Air%:60%>50% + GB%:20%<40% + Pull%:40%>30%; ⚠️ Skubal suppressing L5 — 0.28 HR/9 recently vs 1.20 season avg. Vu28<52: suppression may reflect genuine L5 execution, not just noise. Do not treat as automatic buy-low. (10.7% HR, +747).  HR success rate L5/AT: 14%/21%  🧮 5-grade HR stack = ~10% (no full-set history; 3-of-5 overlap).  [LIVE Suppressing L5 family, pooled across variants: 15.9% 83/521 = 0.98x ⛔ BELOW BASE]",⚡ K-Danger vs 71  ⚠️ Elite arm (Vuln 28) — hit suppressed  🎯 Hit grade: 🔥 L10 BBE vs FF: 2HR/10BB,36
86,Dylan Beavers,+590,14.0%,40.4,"🥇 🎯 PITCHER TARGET MATCH HR (FC): T3 — 1 HR in L10 BBE vs pitcher's most vulnerable pitch (vuln 40) + 🧬 HR26 Contact-Quality Triple: ISO>0.2 + Barrel%>15 + HH%>40 → 19.3% HR (1.31x, n=379, 30sl, p=6e-03)  [TRACKING — no conv credit] + 🚫 NEG03 LONG-PRICE DEAD PARK+MATCH: Odds≥+400 + Park=0.98 (0.90-1.00) + PM=0.987<1.00 → 5.6%  9/160 HR (mined 5.6% 9/160, 0.35x, p=3e-05, boot95 0.54, halves 6%/5%, 64sl). Deprioritize. + 🚫 NEG06 MID-POWER DEAD ZONE: Pwr=79 in 77-83 → 14%  220/1537 HR (mined 13.1% 112/852, 0.81x; band 0.86x vs Pwr<77 at 1.02x and Pwr≥84 at 1.11x — power is U-shaped and the MIDDLE is the worst place on the axis). ⚠️ NO OVERRIDE BY VULN (re-tested Aug 17 2026, full panel — see comment above): the earlier Vu>=52 exemption did not hold at the boundary (p=0.90 on the tight band) and is retired. Score>=65 WOULD override (see above) but this batter's Score=40.425 doesn't clear it — genuinely suppressed (7.42% HR vs 14.43% general base, p=0.0002; the broader rescue rule that used to exempt some of this group was removed 2026-09-08 after it failed its own neutral target on fresh data — see comment above). Deprioritize. + 🚫 NEG05 GENUINE SUPPRESSION: Suppressing L5 + Vuln=38<52 → 16%  83/519 HR (mined 8.1% 10/124, 0.49x, p=0.005, boot95 0.75, 26sl; gate WIDENED 47→52 on Jul 31 2026 — every sub-52 band is suppressed (0.29-0.53x) while Vu52+ inverts to 2.36x). An arm suppressing HR over its last five AND rating below the vuln gate is executing, not running hot — the 'buy low' read does not apply here. Pwr>=87 WOULD override (see above) but this batter's Power=79.4 doesn't clear it — genuinely suppressed (7.42% HR vs 14.43% general base, p=0.0002; the broader rescue rule that used to exempt some of this group was removed 2026-09-08 after it failed its own neutral target on fresh data — see comment above). Deprioritize.","🟡 LEAN (HR) — odds >+499 cap —  🎯 PITCHER-FIRST T3 MATCH ⚠️ LEAN (odds cap) (FC): pitcher allows 75% FB / 75% Pull (vuln 40) on 27% vs LHB — batter L10 FC: 1 HR/10 BBE.  Validated combination of pitch match, power, and matchup quality; strong HR-contact profile (6/9 PropFinder gates): ISO:0.400>0.2 + Barrel%:20.0%>15% + HH%:40%>40% + Air%:50%>50% + PullBrl%:20.0>10 + Pull%:50%>30%; ⚠️ Tong suppressing L5 — 0.63 HR/9 recently vs 1.20 season avg. Vu38<52: suppression may reflect genuine L5 execution, not just noise. Do not treat as automatic buy-low.; ⚠️ short start projected — bullpen exposure caps the ceiling (14.0% HR, +590).  HR success rate L5/AT: 14%/21%  🧮 4-grade HR stack = 43% (3/7).  [LIVE PullBrl family, pooled across variants: 6.7% 1/15 = 0.41x ⛔ BELOW BASE]",⚠️ K-Warning  ⚠️ Elite arm (Vuln 38) — hit suppressed  📈 L7 SLG 0.481,34
40,C. Koss,+1040,13.6%,30.5,"🥇 🎯 PITCHER TARGET MATCH HR (FF): T4 — ≥2 HR in L10 BBE vs pitcher's most vulnerable pitch (vuln 50) + 🚫 NEG03 LONG-PRICE DEAD PARK+MATCH: Odds≥+400 + Park=0.93 (0.90-1.00) + PM=0.980<1.00 → 5.6%  9/160 HR (mined 5.6% 9/160, 0.35x, p=3e-05, boot95 0.54, halves 6%/5%, 64sl). Deprioritize.","⛔ PASS (HR) — odds +1040 in confirmed fade zone (backtest: 9.3% HR, 0.54x, 47-sl). Market fading for a reason — likely Suppressing L5, injury, or sharp movement.  Validated combination of pitch match, power, and matchup quality; PropFinder 4/9 contact gates clear: Air%:70%>50% + GB%:30%<40% + Blast%:20.0%>15% + Pull%:60%>30% (13.6% HR, +1040).  HR success rate L5/AT: 14%/21%  🧮 4-grade HR stack = ~15% (no full-set history; 2-of-4 overlap).  [LIVE Suppressing L5 family, pooled across variants: 15.9% 83/521 = 0.98x ⛔ BELOW BASE]","⚠️ MID-HS DULL (HS 40-49 + Vuln<47): HS=46, Vuln=47 — backtest 54.8% hit / 0.93x (n=498, 85-sl CSV Jul27, perm p=0.007). Cold bats (HS<40) outperform this zone. Deprioritize vs HS<40 or SCREAM HIT picks at same tier.  🎯 Hit grade: 🔥 L10 BBE vs FF: 2HR/10BB  🔥 L7 power surge SLG 0.647",32
88,Jo Adell,+570,14.4%,38.4,🎯 PITCHER TARGET MATCH HR (FF): T2 — hard contact in L10 BBE vs pitcher's weak pitch (vuln 42),"🟡 LEAN (HR) —  🎯 PITCHER-FIRST T2 CONTACT (FF): pitcher allows 50% HH / 75% FB (vuln 42) on 46% vs RHB — batter L10 FF: 0 HR/10 BBE.  Validated combination of pitch match, power, and matchup quality; PropFinder 4/9 contact gates clear: PropFinder [4/9 must-have] [L10 n=10]: 💪 ISO:0.400>0.2 + HH%:50%>40% + Blast%:20.0%>15% + Pull%:50%>30%; ⚠️ soft arm already priced in — 0.73× HR rate modifier applies (14.4% HR, +570).  HR success rate L5/AT: 11%/16%","⚠️ Vuln42-44 ↓grade  ⚠️ MID-HS DULL (HS 40-49 + Vuln<47): HS=46, Vuln=43 — backtest 54.8% hit / 0.93x (n=498, 85-sl CSV Jul27, perm p=0.007). Cold bats (HS<40) outperform this zone. Deprioritize vs HS<40 or SCREAM HIT picks at same tier.  🔥🔥 SCREAM HIT: HS46+Sig3 (60.2%  97/161 AT, L5 62.2%  L5)  🎯 Hit grade: 🔥🔥 SCREAM HIT: HS46+Sig3 ",30
29,Miguel Vargas,+570,14.3%,65.0,"🥇 📊 PITCHER TARGET (CU): pitcher weak (vuln 45), batter carry signal + 🔥 SIG+PM HR","⛔ PASS (HR) — Elite arm (Vu31<38) + PM sweet zone (PM1.045) = 9.9%/0.53x (n=71, 38-sl) — HARDER fade than Vuln42-44 trap. Market has fully priced elite arm; sweet PM is false signal here.  Validated combination of pitch match, power, and matchup quality; strong HR-contact profile (6/9 PropFinder gates): ISO:0.219>0.2 + Air%:60%>50% + GB%:40%<40% + FB%:40%>35% + Blast%:16.7%>15% + Pull%:60%>30%; Williams is HR-prone L5 — 1.72 HR/9 recently vs 1.20 season avg, getting hit hard right now; highest matchup conversion quality of any graded pick today (50/50) (14.3% HR, +570).  HR success rate L5/AT: 17%/16%  🧮 2-grade HR stack = 15% (38/262).  [LIVE HR-prone L5 family, pooled across variants: 21.7% 20/92 = 1.33x]","⚡ K-Danger vs 130  ⚠️ Elite arm (Vuln 31) — hit suppressed  ⚠️ MID-HS DULL (HS 40-49 + Vuln<47): HS=41, Vuln=31 — backtest 54.8% hit / 0.93x (n=498, 85-sl CSV Jul27, perm p=0.007). Cold bats (HS<40) outperform this zone. Deprioritize vs HS<40 or SCREAM HIT picks at same tier.  🎯 Hit grade: 🔥 SIG+PM HIT  🔓 Gate Override [RETIRED signal — 0.84x, 0/11 post-ASG]",12
52,G. Conine,+560,15.6%,57.9,🥇 🎯 ELITE SIGNAL HR + 🔥 SIG+PM HR,"⛔ PASS (HR) — below conviction floor.  Validated combination of pitch match, power, and matchup quality; strong HR-contact profile (5/9 PropFinder gates): PropFinder [5/9 must-have] [L10 n=10]: 💪 ISO:0.200>0.2 + Barrel%:20.0%>15% + GB%:40%<40% + Blast%:30.0%>15% + Pull%:50%>30%; a 12/20 signal score — several independent edges aligned; ⚠️ short start projected — bullpen exposure caps the ceiling (15.6% HR, +560).  HR success rate L5/AT: 17%/16%","⚠️ MID-HS DULL (HS 40-49 + Vuln<47): HS=42, Vuln=40 — backtest 54.8% hit / 0.93x (n=498, 85-sl CSV Jul27, perm p=0.007). Cold bats (HS<40) outperform this zone. Deprioritize vs HS<40 or SCREAM HIT picks at same tier.  🎯 Hit grade: 🔥 SIG+PM HIT",5
71,Mickey Moniak,+390,19.8%,29.8,"🥇 🎯 PITCHER TARGET MATCH HR (FF): T2 — hard contact in L10 BBE vs pitcher's weak pitch (vuln 77) + 🔥 PWR-VULN-ENV HR: Pwr86+Vuln52+Env1.55+PM1.043 → 40.0% HR (2.30x, n=35, pkl Jun24) + 🔥🎯 HOT-ARM PULL-LOFT: pitcher HR-prone L5 + Blast%40(>20) + Pull%90(>80) → 50.0% HR (9/18, 3.32x, p=0.0005, 16 slates; Jul 5/11 · Aug 4/7). Hot arm × pull-side loft contact. +7 conv.","☢️ NUCLEAR (39.1% HR, 2.06x, p=0.027 — Pwr86≥84 + Odds+390≤399 + PM1.043 + Sc30<66):  🟡 LEAN (HR) —  🎯 PITCHER-FIRST T2 CONTACT (FF): pitcher allows 100% HH / 86% FB / 57% Pull / 0.714 ISO (vuln 77) on 35% vs LHB — batter L10 FF: 0 HR/10 BBE • 50% HH.  Validated combination of pitch match, power, and matchup quality; PropFinder 3/9 contact gates clear: PropFinder [3/9 must-have] [L10 n=10]: 💪 ISO:0.400>0.2 + Blast%:40.0%>15% + Pull%:90%>30%; Mize is HR-prone L5 — 2.57 HR/9 recently vs 1.20 season avg, getting hit hard right now (19.8% HR, +390).  HR success rate L5/AT: 18%/10%  🧮 6-grade HR stack = ~7% (no full-set history; 3-of-6 overlap).  🔥 BACKTEST: Vu52(≥52)+Pw86(≥85) → 40% HR (2.5x, n=20, 57-sl CSV).    [LIVE HR-prone L5 family, pooled across variants: 21.7% 20/92 = 1.33x]","⚠️ Vuln52+  🎯 Hit grade: 🎯 SHARP HIT  💪 Elite HR/PA vs RHP (5.5%)  📋 PRIME LOCK TRACKING: Vuln=52≥52 + PM=1.043≥1.04 + Pwr=86≥84 — demoted: no EXTREME L2/CASCADE/Score>66. BGS tier applies instead.  🔻 SECOND BAT ON THIS ARM (slot 2): slot 1 = 19.5% HR / 1.18x, slot 2+ = 14.2% / 0.86x (n=3,868, p=1e-05). On Vu≥52 arms the split is 27.3% vs 16.7%. HR off one pitcher are independent (0.87x conditional), so the 2nd bat carries no correlated upside — the best matchup is already taken. Deprioritised, not blocked.  🎯 PRIORITY TIER #6: Vuln>=52 + Odds<=+400 (+390) - 31.2% HR / 1.89x on qualifiers (63/202, 77sl); top-3 by price 35.6% / 2.16x. Temporal holdout: 1.65x train, 1.72x test - the only ranker above 1.6x in both halves, vs Score at 1.06x/1.12x. Sorted by PRICE, not Score. WARNING: median 2 qualifiers per slate, 19 of 77 slates have zero - do NOT pad to five. May ran 7.4% vs June 39.7% / July 32.1%, so the edge is recent-window.  [LIVE July family, pooled across variants: 18.2% 20/110 = 1.12x]",62
20,Mookie Betts,+540,19.7%,56.0,"🥇 🎯 PITCHER TARGET MATCH HR (FF): T4 — ≥2 HR in L10 BBE vs pitcher's most vulnerable pitch (vuln 50) + 🧬 HR26 Contact-Quality Triple: ISO>0.2 + Barrel%>15 + HH%>40 → 19.3% HR (1.31x, n=379, 30sl, p=6e-03)  [TRACKING — no conv credit] + 🚫 NEG06 MID-POWER DEAD ZONE: Pwr=78 in 77-83 → 14%  220/1537 HR (mined 13.1% 112/852, 0.81x; band 0.86x vs Pwr<77 at 1.02x and Pwr≥84 at 1.11x — power is U-shaped and the MIDDLE is the worst place on the axis). ⚠️ NO OVERRIDE BY VULN (re-tested Aug 17 2026, full panel — see comment above): the earlier Vu>=52 exemption did not hold at the boundary (p=0.90 on the tight band) and is retired. Score>=65 WOULD override (see above) but this batter's Score=56.05 doesn't clear it — genuinely suppressed (7.42% HR vs 14.43% general base, p=0.0002; the broader rescue rule that used to exempt some of this group was removed 2026-09-08 after it failed its own neutral target on fresh data — see comment above). Deprioritize.","🟡 LEAN (HR) — odds >+499 cap (0.96x at +500-599) —  🎯 PITCHER-FIRST T4 MATCH ⚠️ LEAN (odds cap) (FF): pitcher allows 70% HH / 70% FB / 0.300 ISO (vuln 50) on 38% vs RHB — batter L10 FF: 2 HR/10 BBE • 60% HH • 30% Brl • 312ft avg dist.  Validated combination of pitch match, power, and matchup quality; elite HR-contact profile (7/9 PropFinder gates): ISO:0.400>0.2 + Barrel%:20.0%>15% + HH%:50%>40% + Air%:50%>50% + GB%:30%<40% + PullBrl%:20.0>10 + Pull%:60%>30%; Lodolo is HR-prone L5 — 1.95 HR/9 recently vs 1.20 season avg, getting hit hard right now; and the most homer-prone bullpen on the slate waiting in relief (HR/9 1.95) (19.7% HR, +540).  HR success rate L5/AT: 14%/21%  🧮 6-grade HR stack = ~40% (no full-set history; 4-of-6 overlap).  [LIVE HR-prone L5 family, pooled across variants: 21.7% 20/92 = 1.33x]","🚫 No-signal  🎯 HIT SOLID: HS=64≥50 + PM=1.001 contact zone + Env=1.13≥0.95 — backtest: 69.3% hit rate / 1.06x (205 picks).  🎯 Hit grade: ⚡ Z-CONTACT BOOST (≥88%)   🔥 L7 power surge SLG 0.722  💥 2 HRs last 7 days  🔻 SECOND BAT ON THIS ARM (slot 2): slot 1 = 19.5% HR / 1.18x, slot 2+ = 14.2% / 0.86x (n=3,868, p=1e-05). On Vu≥52 arms the split is 27.3% vs 16.7%. HR off one pitcher are independent (0.87x conditional), so the 2nd bat carries no correlated upside — the best matchup is already taken. Deprioritised, not blocked.",61
53,Austin Riley,+470,15.6%,57.2,"🥇 🎯 PITCHER TARGET MATCH HR (FF): T3 — 1 HR in L10 BBE vs pitcher's most vulnerable pitch (vuln 36) + 🚫 NEG06 MID-POWER DEAD ZONE: Pwr=82 in 77-83 → 14%  220/1537 HR (mined 13.1% 112/852, 0.81x; band 0.86x vs Pwr<77 at 1.02x and Pwr≥84 at 1.11x — power is U-shaped and the MIDDLE is the worst place on the axis). ⚠️ NO OVERRIDE BY VULN (re-tested Aug 17 2026, full panel — see comment above): the earlier Vu>=52 exemption did not hold at the boundary (p=0.90 on the tight band) and is retired. Score>=65 WOULD override (see above) but this batter's Score=57.150000000000006 doesn't clear it — genuinely suppressed (7.42% HR vs 14.43% general base, p=0.0002; the broader rescue rule that used to exempt some of this group was removed 2026-09-08 after it failed its own neutral target on fresh data — see comment above). Deprioritize.","✅ PLAY (HR) —  🎯 PITCHER-FIRST T3 MATCH (FF): pitcher allows 50% HH / 50% FB (vuln 36) on 24% vs RHB — batter L10 FF: 1 HR/10 BBE.  Validated combination of pitch match, power, and matchup quality; strong HR-contact profile (6/9 PropFinder gates): ISO:0.300>0.2 + HH%:40%>40% + Air%:50%>50% + GB%:40%<40% + Blast%:20.0%>15% + Pull%:70%>30%; vulnerable bullpen in relief (HR/9 1.64); a 9/20 signal score — several independent edges aligned (15.6% HR, +470).  HR success rate L5/AT: 14%/21%  🧮 2-grade HR stack = 14% (28/194).","🚫 No-signal  ℹ️ HS 48 in the 40-49 band but Vuln=50≥47 — NOT deprioritized: 60.6% hit / 1.03x (n=469, 85-sl CSV Jul27). The MID-HS DULL penalty is a pitcher-quality effect.  🎯 Hit grade: 🔥 L10 BBE vs CU: 2HR/10BB  🔻 SECOND BAT ON THIS ARM (slot 2): slot 1 = 19.5% HR / 1.18x, slot 2+ = 14.2% / 0.86x (n=3,868, p=1e-05). On Vu≥52 arms the split is 27.3% vs 16.7%. HR off one pitcher are independent (0.87x conditional), so the 2nd bat carries no correlated upside — the best matchup is already taken. Deprioritised, not blocked.",59
36,Spencer Jones,+390,13.6%,39.9,🥇 🎯 PITCHER TARGET MATCH HR (FF): T2 — hard contact in L10 BBE vs pitcher's weak pitch (vuln 32) + 🎯 PITCH-RELIANT HR (FF 45% vs LHB),"☢️ NUCLEAR (39.1% HR, 2.06x, p=0.027 — Pwr84≥84 + Odds+390≤399 + PM1.038 + Sc40<66):  🟡 LEAN (HR) —  🎯 PITCHER-FIRST T2 CONTACT (FF): pitcher allows 75% FB / 0.375 ISO (vuln 32) on 45% vs LHB — batter L10 FF: 0 HR/10 BBE • 60% HH • 20% Brl.  Validated combination of pitch match, power, and matchup quality; elite HR-contact profile (7/9 PropFinder gates): ISO:0.206>0.2 + HH%:50%>40% + Air%:90%>50% + GB%:10%<40% + FB%:40%>35% + Blast%:40.0%>15% + Pull%:60%>30%; ⚠️ short start projected — bullpen exposure caps the ceiling (13.6% HR, +390).  HR success rate L5/AT: 24%/18%  🧮 3-grade HR stack = ~18% (no full-set history; 2-of-3 overlap).","🎯 Hit grade: 🎯 PITCH-RELIANT HIT (FF 4  🔻 SECOND BAT ON THIS ARM (slot 2): slot 1 = 19.5% HR / 1.18x, slot 2+ = 14.2% / 0.86x (n=3,868, p=1e-05). On Vu≥52 arms the split is 27.3% vs 16.7%. HR off one pitcher are independent (0.87x conditional), so the 2nd bat carries no correlated upside — the best matchup is already taken. Deprioritised, not blocked.",56
57,Luis Garcia,+440,14.3%,58.0,"🥇 🎯 PITCHER TARGET MATCH HR (FF): T2 — hard contact in L10 BBE vs pitcher's weak pitch (vuln 32) + 🎯 PITCH DOM ELITE HR + 🎯 PITCH-RELIANT HR (FF 45% vs LHB) + ⚠️ SHARP PM HR [SUSPENDED — 1/55 post-ASG, 0.17x; no conv credit] + 🎯 PITCH EDGE HR + 🎯 MID-SCORE HR + 🧬 HR26 Contact-Quality Triple: ISO>0.2 + Barrel%>15 + HH%>40 → 19.3% HR (1.31x, n=379, 30sl, p=6e-03)  [TRACKING — no conv credit] + 🎯🔒 PULL-BLAST LOCK: HH%60(>50) + Blast%40(>20) + Pull%90(>80) → 46.2% HR (12/26, 3.07x, 19 slates; Jul 7/16 · Aug 5/10). Best-distributed rule in the threshold sweep. +6 conv.  ·  🔥 Sig+PM","🟡 LEAN (HR) —  🎯 PITCHER-FIRST T2 CONTACT (FF): pitcher allows 75% FB / 0.375 ISO (vuln 32) on 45% vs LHB — batter L10 FF: 0 HR/10 BBE • 70% HH • 30% Brl • 311ft avg dist.  SCREAM legacy match (5-Signal) [RETIRED family — 0.88x, no conv credit] (CSV: 23.9% HR 1.50x validated; top conviction combo — onviction combo in the model); elite HR-contact profile (8/9 PropFinder gates): ISO:0.300>0.2 + Barrel%:30.0%>15% + HH%:60%>40% + Air%:70%>50% + GB%:30%<40% + PullBrl%:30.0>10 + Blast%:40.0%>15% + Pull%:90%>30%; Garcia is strong on the exact pitch Kremer relies on most — the four-seamer — 45% vs LHB; elite 88 raw power; ⚠️ short start projected — bullpen exposure caps the ceiling (14.3% HR, +440).  HR success rate L5/AT: 24%/18%
📊 🔥 STACK: PITCH_RELIANT+SCREAM_HI_PM → 31% HR (1.77x, n=13 AT) + 69% Hit (Jul 1 2026 audit)  🧮 10-grade HR stack = ~22% (no full-set history; 5-of-10 overlap).  [LIVE PullBrl family, pooled across variants: 6.7% 1/15 = 0.41x ⛔ BELOW BASE]","❄️ Cold  🚨 SCREAM legacy match (5-Signal) [RETIRED family — 0.88x, no conv credit]  🔥🔥 SCREAM HIT: Cold+PM1.085 (64%  771/1209 AT, L5 62%  36/58)  🎯 Hit grade: 🔥🔥 SCREAM HIT: Cold+PM1.0  🔓 Gate Override [RETIRED signal — 0.84x, 0/11 post-ASG]  📈 L7 SLG 0.750  💥 2 HRs last 7 days  💪 Elite HR/PA vs RHP (5.9%)  🏟️ Elite road SLG 0.551  📋 CONVICTION BLOCKED: Vuln 46 trap (44-48) + Env=0.93<0.95 — 8.3% HR / 0.47x. BGS grade suppressed.  🔻 SECOND BAT ON THIS ARM (slot 3): slot 1 = 19.5% HR / 1.18x, slot 2+ = 14.2% / 0.86x (n=3,868, p=1e-05). On Vu≥52 arms the split is 27.3% vs 16.7%. HR off one pitcher are independent (0.87x conditional), so the 2nd bat carries no correlated upside — the best matchup is already taken. Deprioritised, not blocked.",54
33,Jordan Walker,+540,10.9%,48.5,"🥇 🎯 PITCHER TARGET MATCH HR (CU): T3 — 1 HR in L10 BBE vs pitcher's most vulnerable pitch (vuln 21) + 🧊 ICE COLD HR + 🚫 NEG03 LONG-PRICE DEAD PARK+MATCH: Odds≥+400 + Park=0.93 (0.90-1.00) + PM=0.935<1.00 → 5.6%  9/160 HR (mined 5.6% 9/160, 0.35x, p=3e-05, boot95 0.54, halves 6%/5%, 64sl). Deprioritize. + 🚫 NEG05 GENUINE SUPPRESSION: Suppressing L5 + Vuln=45<52 → 16%  83/519 HR (mined 8.1% 10/124, 0.49x baseline for the flag). ⚠️ POWER OVERRIDE APPLIES: Pwr=88>=87 — this specific subgroup runs 19.39% HR (1.68x, p=0.0128, n=98, 26sl), ABOVE the general slate base, not merely less-bad. Treat as softened/neutral, not a hard deprioritize.","⛔ PASS (HR) — longshot, HR prob <11% (0.51x).  Cold bat the market is overpenalizing — power profile is still dangerous and the model has validated this pattern; PropFinder 3/9 contact gates clear: HH%:50%>40% + Blast%:21.8%>15% + Pull%:80%>30%; ⚠️ Roupp suppressing L5 — 0.66 HR/9 recently vs 1.20 season avg. Vu45<52: suppression may reflect genuine L5 execution, not just noise. Do not treat as automatic buy-low.; ⚠️ short start projected — bullpen exposure caps the ceiling (10.9% HR, +540).  HR success rate L5/AT: 29%/20%  🧮 3-grade HR stack = 16% (5/31).  [LIVE Cold family, pooled across variants: 16.5% 251/1521 = 1.01x]","🎯 Hit grade: 🔥 L10 BBE vs FC: 2HR/10BB  🔻 SECOND BAT ON THIS ARM (slot 2): slot 1 = 19.5% HR / 1.18x, slot 2+ = 14.2% / 0.86x (n=3,868, p=1e-05). On Vu≥52 arms the split is 27.3% vs 16.7%. HR off one pitcher are independent (0.87x conditional), so the 2nd bat carries no correlated upside — the best matchup is already taken. Deprioritised, not blocked.",54
11,Will Smith,+440,20.2%,64.4,"🥇 🎯 PITCHER TARGET MATCH HR (FF): T3 — 1 HR in L10 BBE vs pitcher's most vulnerable pitch (vuln 50) + 🚫 NEG06 MID-POWER DEAD ZONE: Pwr=80 in 77-83 → 14%  220/1537 HR (mined 13.1% 112/852, 0.81x; band 0.86x vs Pwr<77 at 1.02x and Pwr≥84 at 1.11x — power is U-shaped and the MIDDLE is the worst place on the axis). ⚠️ NO OVERRIDE BY VULN (re-tested Aug 17 2026, full panel — see comment above): the earlier Vu>=52 exemption did not hold at the boundary (p=0.90 on the tight band) and is retired. Score>=65 WOULD override (see above) but this batter's Score=64.375 doesn't clear it — genuinely suppressed (7.42% HR vs 14.43% general base, p=0.0002; the broader rescue rule that used to exempt some of this group was removed 2026-09-08 after it failed its own neutral target on fresh data — see comment above). Deprioritize. + 🌤️ FB50 LOFT: FB%50 (>50, retuned from the stock >35 gate) → 1.31x HR (Jul 1.18x / Aug 1.52x p=0.043, n=233 combined). The stock FB%>35 gate measured 0.97x in July — this threshold is the one that held in both periods. +3 conv.","✅ PLAY (HR) —  🎯 PITCHER-FIRST T3 MATCH (FF): pitcher allows 70% HH / 70% FB / 0.300 ISO (vuln 50) on 38% vs RHB — batter L10 FF: 1 HR/10 BBE • 60% HH • 20% Brl • 336ft avg dist.  Validated combination of pitch match, power, and matchup quality; strong HR-contact profile (5/9 PropFinder gates): PropFinder [5/9 must-have] [L10 n=10]: 💪 ISO:0.200>0.2 + HH%:40%>40% + Air%:80%>50% + FB%:50%>35% + Pull%:50%>30%; Lodolo is HR-prone L5 — 1.95 HR/9 recently vs 1.20 season avg, getting hit hard right now; and the most homer-prone bullpen on the slate waiting in relief (HR/9 1.95); a 10/20 signal score — several independent edges aligned (20.2% HR, +440).  HR success rate L5/AT: 14%/21%  🧮 3-grade HR stack = ~14% (no full-set history; 2-of-3 overlap).  [LIVE HR-prone L5 family, pooled across variants: 21.7% 20/92 = 1.33x]","ℹ️ HS 46 in the 40-49 band but Vuln=50≥47 — NOT deprioritized: 60.6% hit / 1.03x (n=469, 85-sl CSV Jul27). The MID-HS DULL penalty is a pitcher-quality effect.  🎯 Sweet PM hit  🎯 Hit grade: 🔥 L10 BBE vs FF: 1HR/10BB  🔥 L7 power surge SLG 0.643  🔻 SECOND BAT ON THIS ARM (slot 3): slot 1 = 19.5% HR / 1.18x, slot 2+ = 14.2% / 0.86x (n=3,868, p=1e-05). On Vu≥52 arms the split is 27.3% vs 16.7%. HR off one pitcher are independent (0.87x conditional), so the 2nd bat carries no correlated upside — the best matchup is already taken. Deprioritised, not blocked.",52
27,K. McGonigle,+630,15.5%,64.7,"🥇 🎯 PITCHER TARGET MATCH HR (FF): T4 — ≥2 HR in L10 BBE vs pitcher's most vulnerable pitch (vuln 45) + 🧬 HR26 Contact-Quality Triple: ISO>0.2 + Barrel%>15 + HH%>40 → 19.3% HR (1.31x, n=379, 30sl, p=6e-03)  [TRACKING — no conv credit] + 🚫 NEG06 MID-POWER DEAD ZONE: Pwr=78 in 77-83 → 14%  220/1537 HR (mined 13.1% 112/852, 0.81x; band 0.86x vs Pwr<77 at 1.02x and Pwr≥84 at 1.11x — power is U-shaped and the MIDDLE is the worst place on the axis). ⚠️ NO OVERRIDE BY VULN (re-tested Aug 17 2026, full panel — see comment above): the earlier Vu>=52 exemption did not hold at the boundary (p=0.90 on the tight band) and is retired. Score>=65 WOULD override (see above) but this batter's Score=64.7 doesn't clear it — genuinely suppressed (7.42% HR vs 14.43% general base, p=0.0002; the broader rescue rule that used to exempt some of this group was removed 2026-09-08 after it failed its own neutral target on fresh data — see comment above). Deprioritize.","⛔ PASS (HR) — odds +630 in confirmed fade zone (backtest: 9.3% HR, 0.54x, 47-sl). Market fading for a reason — likely Suppressing L5, injury, or sharp movement.  McGonigle is strong on the exact pitch Soriano relies on most — the curveball; elite HR-contact profile (8/9 PropFinder gates): ISO:0.500>0.2 + Barrel%:20.0%>15% + HH%:60%>40% + Air%:70%>50% + GB%:30%<40% + PullBrl%:20.0>10 + Blast%:20.0%>15% + Pull%:70%>30%; owns multiple pitches in Soriano's arsenal, not just one; elite 78 raw power (15.5% HR, +630).  HR success rate L5/AT: 14%/21%  🧮 6-grade HR stack = ~21% (no full-set history; 3-of-6 overlap).  🔥 BACKTEST: T4_BBE+Sc65(≥60) → 38% HR (2.4x, n=21, qual CSV).    [LIVE Suppressing L5 family, pooled across variants: 15.9% 83/521 = 0.98x ⛔ BELOW BASE]","ℹ️ HS=67≥60 with Vuln=39<40 [ELITE-HS LOW-VULN RETIRED — 60.0% hit / 1.02x, n=15, 85-sl CSV Jul27; no exclusion applied]  ℹ️ HS=67 in the old 65-70 regression window [HIT REGRESSION RISK RETIRED Jul 29 2026 — 50.0% hit / 0.80x on n=22, bootstrap [0.52,1.07] crosses 1.0, and HS 60-65 runs 1.12x. No deprioritization applied]  🎯 HIT SWEET SPOT: HS=67≥50 + PM=1.020 contact zone (0.90-1.06) + Vuln=39 (38-44 sweet) + Env=1.07≥0.95 — backtest: 77.9% hit rate / 1.20x (68 picks, 72 slates). Top hit pick tier.  👀 NEAR-HR RATE 0.4 (4/10 PA) — ⚪ TRACKING: 24.0% HR / 1.43x on this threshold so far (6/25, 5sl since export began Aug 5 2026, p=0.25 — too early to trust, watch as it accumulates). Zero conviction credit.  [LIVE NEAR-HR RATE family, pooled across variants: 18.6% 24/129 = 1.14x]  🎯 Hit grade: 🔥 L10 BBE vs CU: 2HR/10BB  🔥 L7 power surge SLG 0.792  💥 3 HRs last 7 days  💥 CU edge 0.405  🎯 T4_BBE+Sc65(≥60) → 38% HR (2.4x, n=21, 57-sl CSV)  [LIVE T4_BBE+Sc65 family, pooled across variants: 18.9% 20/106 = 1.16x]  🔻 SECOND BAT ON THIS ARM (slot 2): slot 1 = 19.5% HR / 1.18x, slot 2+ = 14.2% / 0.86x (n=3,868, p=1e-05). On Vu≥52 arms the split is 27.3% vs 16.7%. HR off one pitcher are independent (0.87x conditional), so the 2nd bat carries no correlated upside — the best matchup is already taken. Deprioritised, not blocked.",51
83,R. Arozarena,+470,13.8%,42.6,"🥇 🎯 PITCHER TARGET MATCH HR (FF): T2 — hard contact in L10 BBE vs pitcher's weak pitch (vuln 39) + 🧬 HR26 Contact-Quality Triple: ISO>0.2 + Barrel%>15 + HH%>40 → 19.3% HR (1.31x, n=379, 30sl, p=6e-03)  [TRACKING — no conv credit] + 🚫 NEG06 MID-POWER DEAD ZONE: Pwr=78 in 77-83 → 14%  220/1537 HR (mined 13.1% 112/852, 0.81x; band 0.86x vs Pwr<77 at 1.02x and Pwr≥84 at 1.11x — power is U-shaped and the MIDDLE is the worst place on the axis). ⚠️ NO OVERRIDE BY VULN (re-tested Aug 17 2026, full panel — see comment above): the earlier Vu>=52 exemption did not hold at the boundary (p=0.90 on the tight band) and is retired. Score>=65 WOULD override (see above) but this batter's Score=42.65 doesn't clear it — genuinely suppressed (7.42% HR vs 14.43% general base, p=0.0002; the broader rescue rule that used to exempt some of this group was removed 2026-09-08 after it failed its own neutral target on fresh data — see comment above). Deprioritize.","🟡 LEAN (HR) —  🎯 PITCHER-FIRST T2 CONTACT (FF): pitcher allows 40% HH / 60% FB / 40% Pull / 0.200 ISO (vuln 39) on 46% vs RHB — batter L10 FF: 0 HR/10 BBE • 50% HH.  Arozarena is strong on the exact pitch Detmers relies on most — the slider; strong HR-contact profile (6/9 PropFinder gates): ISO:0.900>0.2 + Barrel%:20.0%>15% + HH%:70%>40% + PullBrl%:20.0>10 + FB%:40%>35% + Pull%:70%>30%; 🔵 PropFinder [6/9 must-have] [L10 n=10]: 🔥 ELITE CONTACT PROFILE: PullBrl%>20.0 + FB%>40.0% — both elite HR-profile gates clear (+5 conv bonus, stackable) · ✅ 6/9 gates (display only — 1.11x) · 💪 ISO:0.900>0.2 (must-have) · 🎯 Barrel%:20.0%>15% (must-have) · 💪 HH%:70%>40% (must-have) · ❌ Air%:40% [Air%>50% ✗] · ❌ GB%:60% [GB%<40% ✗] · 🎯 PullBrl%:20.0>10 (must-have) · 🌤️ FB%:40%>35% (must-have) · ❌ Blast%:14.7% [Blast%>15% ✗] · ↙ Pull%:70%>30% (must-have); elite 78 raw power (13.8% HR, +470).  HR success rate L5/AT: 14%/21%  🧮 6-grade HR stack = ~21% (no full-set history; 3-of-6 overlap).  [LIVE PullBrl family, pooled across variants: 6.7% 1/15 = 0.41x ⛔ BELOW BASE]","⚡ K-Danger vs today  🎯 HIT SWEET SPOT: HS=58≥50 + PM=1.024 contact zone (0.90-1.06) + Vuln=39 (38-44 sweet) + Env=1.08≥0.95 — backtest: 77.9% hit rate / 1.20x (68 picks, 72 slates). Top hit pick tier.  🎯 Hit grade: 🔥 L10 BBE vs SL: 2HR/10BB  🔥 L7 power surge SLG 0.750  💥 3 HRs last 7 days  🏟️ RHB park 1.120x  💥 SL edge 0.366  🔻 SECOND BAT ON THIS ARM (slot 2): slot 1 = 19.5% HR / 1.18x, slot 2+ = 14.2% / 0.86x (n=3,868, p=1e-05). On Vu≥52 arms the split is 27.3% vs 16.7%. HR off one pitcher are independent (0.87x conditional), so the 2nd bat carries no correlated upside — the best matchup is already taken. Deprioritised, not blocked.",50
13,T. Hernandez,+490,20.1%,61.2,"🥇 🎯 PITCHER TARGET MATCH HR (FF): T3 — 1 HR in L10 BBE vs pitcher's most vulnerable pitch (vuln 50) + 🚫 NEG06 MID-POWER DEAD ZONE: Pwr=80 in 77-83 → 14%  220/1537 HR (mined 13.1% 112/852, 0.81x; band 0.86x vs Pwr<77 at 1.02x and Pwr≥84 at 1.11x — power is U-shaped and the MIDDLE is the worst place on the axis). ⚠️ NO OVERRIDE BY VULN (re-tested Aug 17 2026, full panel — see comment above): the earlier Vu>=52 exemption did not hold at the boundary (p=0.90 on the tight band) and is retired. Score>=65 WOULD override (see above) but this batter's Score=61.25 doesn't clear it — genuinely suppressed (7.42% HR vs 14.43% general base, p=0.0002; the broader rescue rule that used to exempt some of this group was removed 2026-09-08 after it failed its own neutral target on fresh data — see comment above). Deprioritize.","✅ PLAY (HR) —  🎯 PITCHER-FIRST T3 MATCH (FF): pitcher allows 70% HH / 70% FB / 0.300 ISO (vuln 50) on 38% vs RHB — batter L10 FF: 1 HR/10 BBE • 60% HH • 20% Brl • 275ft avg dist.  Validated combination of pitch match, power, and matchup quality; strong HR-contact profile (5/9 PropFinder gates): PropFinder [5/9 must-have] [L10 n=10]: 💪 ISO:0.200>0.2 + HH%:40%>40% + Air%:50%>50% + GB%:40%<40% + Pull%:60%>30%; Lodolo is HR-prone L5 — 1.95 HR/9 recently vs 1.20 season avg, getting hit hard right now; and the most homer-prone bullpen on the slate waiting in relief (HR/9 1.95) (20.1% HR, +490).  HR success rate L5/AT: 14%/21%  🧮 4-grade HR stack = ~20% (no full-set history; 3-of-4 overlap).  [LIVE HR-prone L5 family, pooled across variants: 21.7% 20/92 = 1.33x]","🚫 No-signal  🎯 HIT SOLID: HS=52≥50 + PM=1.017 contact zone + Env=1.13≥0.95 — backtest: 69.3% hit rate / 1.06x (205 picks).  🎯 Hit grade: ⚡ Z-CONTACT BOOST (≥88%)  🔥 L7 power surge SLG 0.750  🔻 SECOND BAT ON THIS ARM (slot 4): slot 1 = 19.5% HR / 1.18x, slot 2+ = 14.2% / 0.86x (n=3,868, p=1e-05). On Vu≥52 arms the split is 27.3% vs 16.7%. HR off one pitcher are independent (0.87x conditional), so the 2nd bat carries no correlated upside — the best matchup is already taken. Deprioritised, not blocked.",48
51,D. Canzone,+480,14.2%,62.6,🥇 🎯 PITCHER TARGET MATCH HR (FF): T2 — hard contact in L10 BBE vs pitcher's weak pitch (vuln 35) + 🔥 SIG+PM HR,"🟡 LEAN (HR) —  🎯 PITCHER-FIRST T2 CONTACT (FF): pitcher allows 43% HH / 71% Pull (vuln 35) on 33% vs LHB — batter L10 FF: 0 HR/10 BBE • 60% HH • 367ft avg dist.  SCREAM legacy match (5-Signal) [RETIRED family — 0.88x, no conv credit] (CSV: 23.9% HR 1.50x validated; top conviction combo — onviction combo in the model); strong HR-contact profile (6/9 PropFinder gates): ISO:0.400>0.2 + HH%:50%>40% + Air%:60%>50% + GB%:20%<40% + Blast%:20.0%>15% + Pull%:50%>30%; Validated combination of pitch match, power, and matchup quality (14.2% HR, +480).  HR success rate L5/AT: 17%/16%  [LIVE Signal family, pooled across variants: 18.3% 31/169 = 1.13x]","⚡ K-Danger vs 130  🎯 HT02 Hot-Bat Hard-Contact Confirmer: HS≥47 + PF-HH% 50-60 + PM≥1.04 + WHR≥72% → 96.3% Hit (1.54x, n=27, 15sl)  [LIVE PF-HH family, pooled across variants: 17.0% 9/53 = 1.04x]  🚨 SCREAM legacy match (5-Signal) [RETIRED family — 0.88x, no conv credit]  🎯 Hit grade: 🔥 SIG+PM HIT + 🔥 L10 BBE   🔓 Gate Override [RETIRED signal — 0.84x, 0/11 post-ASG]  🔻 SECOND BAT ON THIS ARM (slot 3): slot 1 = 19.5% HR / 1.18x, slot 2+ = 14.2% / 0.86x (n=3,868, p=1e-05). On Vu≥52 arms the split is 27.3% vs 16.7%. HR off one pitcher are independent (0.87x conditional), so the 2nd bat carries no correlated upside — the best matchup is already taken. Deprioritised, not blocked.",47
16,C. Carroll,+440,20.4%,57.5,"🥇 🎯 MID-SCORE HR + 🔥 PWR-VULN-ENV HR: Pwr87+Vuln53+Env1.07+Sig9 → 45.5% HR (2.61x, n=22, pkl Jun24) + 🧬 HR26 Contact-Quality Triple: ISO>0.2 + Barrel%>15 + HH%>40 → 19.3% HR (1.31x, n=379, 30sl, p=6e-03)  [TRACKING — no conv credit] + 🌤️ FB50 LOFT + GROUND SUPPRESSION: FB%50 (>50) + GB%30 (<40) → 1.42x HR (Jul 1.31x / Aug 1.58x p=0.045, n=187 combined; tuned on July, held out-of-sample on August). +5 conv.  ·  🔥 Sig+PM","✅ PLAY (HR) — ⚡ EXTREME POWER OVERRIDE: Pwr87 beats Vuln52+ trap zone (37.5%, 2.41x, n=8 — small sample, track carefully).  SCREAM legacy match (5-Signal) [RETIRED family — 0.88x, no conv credit] (CSV: 23.9% HR 1.50x validated; top conviction combo — onviction combo in the model); elite HR-contact profile (8/9 PropFinder gates): ISO:0.400>0.2 + Barrel%:30.0%>15% + HH%:70%>40% + Air%:70%>50% + GB%:30%<40% + FB%:50%>35% + Blast%:20.0%>15% + Pull%:70%>30%; Mid-range composite score with market signal confirmation — the sweet spot the model targets; vulnerable bullpen in relief (HR/9 1.75); elite 87 raw power (20.4% HR, +440).  HR success rate L5/AT: 18%/10%  🧮 7-grade HR stack = ~0% (no full-set history; 4-of-7 overlap).  🔥 BACKTEST: Vu53(≥52)+Pw87(≥85) → 40% HR (2.5x, n=20, 57-sl CSV).    [LIVE Vuln52+ family, pooled across variants: 20.1% 121/602 = 1.23x]","⚠️ Vuln52+  👀 NEAR-HR RATE 0.3 (3/10 PA) — ⚪ TRACKING: 24.0% HR / 1.43x on this threshold so far (6/25, 5sl since export began Aug 5 2026, p=0.25 — too early to trust, watch as it accumulates). Zero conviction credit.  [LIVE NEAR-HR RATE family, pooled across variants: 18.6% 24/129 = 1.14x]  🚨 SCREAM legacy match (5-Signal) [RETIRED family — 0.88x, no conv credit]  🎯 Hit grade: 🔥 SIG+PM HIT + ⚡ Z-CONTAC  📋 PRIME LOCK TRACKING: Vuln=53≥52 + PM=1.045≥1.04 + Pwr=87≥84 — demoted: no EXTREME L2/CASCADE/Score>66. BGS tier applies instead.  🔻 SECOND BAT ON THIS ARM (slot 2): slot 1 = 19.5% HR / 1.18x, slot 2+ = 14.2% / 0.86x (n=3,868, p=1e-05). On Vu≥52 arms the split is 27.3% vs 16.7%. HR off one pitcher are independent (0.87x conditional), so the 2nd bat carries no correlated upside — the best matchup is already taken. Deprioritised, not blocked.",45
7,Drake Baldwin,+520,20.3%,68.0,🥇 🎯 PITCH DOM ELITE HR + 🎯 ELITE SIGNAL HR + 🔥 SIG+PM HR + 🎯 CONFIRMED MATCH HR,"✅ PLAY (HR) — 🎯 CONFIRMED MATCH: two-sided pitch correlation (24.1%, 1.51x CSV-validated — overrides Vuln/power fade flags).  Validated combination of pitch match, power, and matchup quality; 3 BZM-SZN zone overlap (SI): middle, low, low/out — 3 overlapping zones where Peterson locates his pitch AND Baldwin has ≥.400 xwOBA (+8 conv); strong HR-contact profile (5/9 PropFinder gates): PropFinder [5/9 must-have] [L10 n=10]: 💪 ISO:0.200>0.2 + Air%:60%>50% + GB%:10%<40% + Blast%:40.0%>15% + Pull%:60%>30%; Baldwin crushes the exact pitch Peterson relies on most; vulnerable bullpen in relief (HR/9 1.64); a 14/20 signal score — several independent edges aligned (20.3% HR, +520).  HR success rate L5/AT: 11%/22%
📊 🔥 STACK: PITCH_DOM+SIG_PM → 23% HR (1.33x, n=26 AT) + 65% Hit (Jul 1 2026 audit)  🧮 5-grade HR stack = 0% (0/2).  [LIVE CONFIRMED MATCH family, pooled across variants: 40.0% 6/15 = 2.45x]","🎯 Hit grade: 🔥 SIG+PM HIT + ⚡ Z-CONTAC  🎯 Pitch corr: Pitcher's SI → wOBA 0.393 allowed | Batt  🎯 🎯 3 BZM-SZN (SI): middle, low, low/out  🎯 BZM_3plus+conv → 45% HR (2.9x, n=11, 57-sl CSV)  [LIVE BZM_3plus+conv family, pooled across variants: 19.0% 28/147 = 1.17x]  🔻 SECOND BAT ON THIS ARM (slot 3): slot 1 = 19.5% HR / 1.18x, slot 2+ = 14.2% / 0.86x (n=3,868, p=1e-05). On Vu≥52 arms the split is 27.3% vs 16.7%. HR off one pitcher are independent (0.87x conditional), so the 2nd bat carries no correlated upside — the best matchup is already taken. Deprioritised, not blocked.",45
10,Matt Olson,+390,20.2%,65.0,"🥇 🎯 PITCH DOMINANCE HR + 🎯 PITCH DOM ELITE HR + 🎯 LIVE CONFIRMED MATCH HR + ⭐ MARKET-MODEL AGREEMENT: Odds=390(≤400) + Score=65.0(≥65) → 27.0% HR (1.84x, n=189, 30sl, base 14.66%). Both estimators agree — the model's own Score and the market's price. Independent 2x2 contribution (Score adds within short odds p=0.012; odds adds within high Score p=0.016); max-stat permutation null corrected p=0.0065; temporal holdout STRENGTHENED out-of-sample (1.53x→2.01x). Conviction language only — zero ranking credit, deliberately not a gate (gating tested and rejected 2026-08-31: brittle at the thresholds, p=0.74).  ·  🔥 Sig+PM","☢️ NUCLEAR (39.1% HR, 2.06x, p=0.027 — Pwr86≥84 + Odds+390≤399 + PM1.061 + Sc65<66):  ✅ PLAY (HR) — 🎯 CONFIRMED MATCH: two-sided pitch correlation (24.1%, 1.51x CSV-validated — overrides Vuln/power fade flags).  Olson is strong on the exact pitch Peterson relies on most — the slider; confirmed two-sided pitch match on Peterson's SI — pitcher allows .393 wOBA on it, batter hits .409 vs it (30%, 1.93x — overrides Vuln/power fade flags); 4 BZM-SZN zone overlap (SI): middle, mid-out, low, low/out — 4 overlapping zones where Peterson locates his pitch AND Olson has ≥.400 xwOBA (+8 conv); strong HR-contact profile (5/9 PropFinder gates): PropFinder [5/9 must-have] [L10 n=10]: 💪 ISO:0.300>0.2 + HH%:70%>40% + PullBrl%:10.5>10 + Blast%:19.4%>15% + Pull%:40%>30%; Olson crushes the exact pitch Peterson relies on most; vulnerable bullpen in relief (HR/9 1.64); owns multiple pitches in Peterson's arsenal, not just one (20.2% HR, +390).  HR success rate L5/AT: 11%/22%  🧮 6-grade HR stack = ~20% (no full-set history; 4-of-6 overlap).  [LIVE CONFIRMED MATCH family, pooled across variants: 40.0% 6/15 = 2.45x]","ℹ️ HS 46 in the 40-49 band but Vuln=50≥47 — NOT deprioritized: 60.6% hit / 1.03x (n=469, 85-sl CSV Jul27). The MID-HS DULL penalty is a pitcher-quality effect.  🎯 Hit grade: 🔥 SIG+PM HIT + ⚡ Z-CONTAC  💥 2 HRs last 7 days  💪 Elite HR/PA vs RHP (6.0%)  🎯 Pitch corr: Pitcher's SI → wOBA 0.393 allowed | Batt  💥 SL edge 0.393  🎯 🎯 4 BZM-SZN (SI): middle, mid-out, low, low/out  🎯 BZM_3plus+conv → 45% HR (2.9x, n=11, 57-sl CSV)  [LIVE BZM_3plus+conv family, pooled across variants: 19.0% 28/147 = 1.17x]  📋 CONVICTION BLOCKED: Sig=15≥15 within CONVICTION — 0.0% HR (0/9, 73 slates). Market fully prices pitch edge in marginal pitcher matchup (Vuln 44-50). Note: Sig≥15 HELPS in PRIME LOCK (Sig 7-11 = 66.7% / 3.78x) but HURTS in CONVICTION.. BGS grade suppressed.  [LIVE CONVICTION family, pooled across variants: 18.6% 31/167 = 1.14x]  🔻 SECOND BAT ON THIS ARM (slot 4): slot 1 = 19.5% HR / 1.18x, slot 2+ = 14.2% / 0.86x (n=3,868, p=1e-05). On Vu≥52 arms the split is 27.3% vs 16.7%. HR off one pitcher are independent (0.87x conditional), so the 2nd bat carries no correlated upside — the best matchup is already taken. Deprioritised, not blocked.",45
59,D. Dingler,+710,13.6%,58.8,🥇 🎯 PITCHER TARGET MATCH HR (KC): T2 — hard contact in L10 BBE vs pitcher's weak pitch (vuln 32) + 🔥 SIG+PM HR,"⛔ PASS (HR) — odds +710 in confirmed fade zone (backtest: 9.3% HR, 0.54x, 47-sl). Market fading for a reason — likely Suppressing L5, injury, or sharp movement.  SCREAM legacy match (5-Signal) [RETIRED family — 0.88x, no conv credit] (CSV: 23.9% HR 1.50x validated; top conviction combo — onviction combo in the model); PropFinder 4/9 contact gates clear: PropFinder [4/9 must-have] [L10 n=10]: 💪 ISO:0.300>0.2 + Air%:60%>50% + GB%:40%<40% + Pull%:90%>30%; Dingler is strong on the exact pitch Soriano relies on most — the slider; elite 84 raw power (13.6% HR, +710).  HR success rate L5/AT: 17%/16%  🧮 2-grade HR stack = 15% (38/262).  [LIVE Suppressing L5 family, pooled across variants: 15.9% 83/521 = 0.98x ⛔ BELOW BASE]","⚡ K-Danger vs power  ⚠️ MID-HS DULL (HS 40-49 + Vuln<47): HS=47, Vuln=39 — backtest 54.8% hit / 0.93x (n=498, 85-sl CSV Jul27, perm p=0.007). Cold bats (HS<40) outperform this zone. Deprioritize vs HS<40 or SCREAM HIT picks at same tier.  🚨 SCREAM legacy match (5-Signal) [RETIRED family — 0.88x, no conv credit]  🎯 Hit grade: 🔥 SIG+PM HIT + 🎯 PITCH DO  🔓 Gate Override [RETIRED signal — 0.84x, 0/11 post-ASG]  💥 SL edge 0.406  🔻 SECOND BAT ON THIS ARM (slot 3): slot 1 = 19.5% HR / 1.18x, slot 2+ = 14.2% / 0.86x (n=3,868, p=1e-05). On Vu≥52 arms the split is 27.3% vs 16.7%. HR off one pitcher are independent (0.87x conditional), so the 2nd bat carries no correlated upside — the best matchup is already taken. Deprioritised, not blocked.",44
22,G. Springer,+470,20.1%,53.7,"🥇 🎯 PITCHER TARGET MATCH HR (SL): T2 — hard contact in L10 BBE vs pitcher's weak pitch (vuln 48) + 🚫 NEG06 MID-POWER DEAD ZONE: Pwr=80 in 77-83 → 14%  220/1537 HR (mined 13.1% 112/852, 0.81x; band 0.86x vs Pwr<77 at 1.02x and Pwr≥84 at 1.11x — power is U-shaped and the MIDDLE is the worst place on the axis). ⚠️ NO OVERRIDE BY VULN (re-tested Aug 17 2026, full panel — see comment above): the earlier Vu>=52 exemption did not hold at the boundary (p=0.90 on the tight band) and is retired. Score>=65 WOULD override (see above) but this batter's Score=53.724999999999994 doesn't clear it — genuinely suppressed (7.42% HR vs 14.43% general base, p=0.0002; the broader rescue rule that used to exempt some of this group was removed 2026-09-08 after it failed its own neutral target on fresh data — see comment above). Deprioritize.","🟡 LEAN (HR) —  🎯 PITCHER-FIRST T2 CONTACT (SL): pitcher allows 60% HH / 40% FB / 40% Pull / 0.800 ISO (vuln 48) on 18% vs RHB — batter L10 SL: 0 HR/10 BBE.  Validated combination of pitch match, power, and matchup quality; strong HR-contact profile (5/9 PropFinder gates): PropFinder [5/9 must-have] [L10 n=10]: 💪 ISO:0.400>0.2 + HH%:60%>40% + Air%:60%>50% + GB%:40%<40% + Pull%:60%>30% (20.1% HR, +470).  HR success rate L5/AT: 8%/12%  🧮 2-grade HR stack = 14% (28/194).","⚠️ Vuln52+  🎯 HIT SOLID: HS=52≥50 + PM=0.995 contact zone + Env=1.03≥0.95 — backtest: 69.3% hit rate / 1.06x (205 picks).  🎯 Hit grade: 🔥 L10 BBE vs CU: 2HR/10BB  📈 L7 SLG 0.476  🔻 SECOND BAT ON THIS ARM (slot 2): slot 1 = 19.5% HR / 1.18x, slot 2+ = 14.2% / 0.86x (n=3,868, p=1e-05). On Vu≥52 arms the split is 27.3% vs 16.7%. HR off one pitcher are independent (0.87x conditional), so the 2nd bat carries no correlated upside — the best matchup is already taken. Deprioritised, not blocked.",42
85,T. Larnach,+730,13.6%,42.2,"🥇 🎯 PITCHER TARGET MATCH HR (CH): T2 — hard contact in L10 BBE vs pitcher's weak pitch (vuln 41) + 🚫 NEG06 MID-POWER DEAD ZONE: Pwr=80 in 77-83 → 14%  220/1537 HR (mined 13.1% 112/852, 0.81x; band 0.86x vs Pwr<77 at 1.02x and Pwr≥84 at 1.11x — power is U-shaped and the MIDDLE is the worst place on the axis). ⚠️ NO OVERRIDE BY VULN (re-tested Aug 17 2026, full panel — see comment above): the earlier Vu>=52 exemption did not hold at the boundary (p=0.90 on the tight band) and is retired. Score>=65 WOULD override (see above) but this batter's Score=42.175 doesn't clear it — genuinely suppressed (7.42% HR vs 14.43% general base, p=0.0002; the broader rescue rule that used to exempt some of this group was removed 2026-09-08 after it failed its own neutral target on fresh data — see comment above). Deprioritize. + ⚠️ PITCHER WEAK SPOT (3rd time through order): allows .392 wOBA (120 TBF)","⛔ PASS (HR) — odds +730 in confirmed fade zone (backtest: 9.3% HR, 0.54x, 47-sl). Market fading for a reason — likely Suppressing L5, injury, or sharp movement.  Larnach is strong on the exact pitch Warren relies on most — the four-seamer; PropFinder 4/9 contact gates clear: PropFinder [4/9 must-have] [L10 n=10]: 💪 ISO:0.400>0.2 + Air%:60%>50% + GB%:40%<40% + Pull%:50%>30%; elite 80 raw power (13.6% HR, +730).  HR success rate L5/AT: 14%/21%  🧮 4-grade HR stack = 14% (1/7).  [LIVE Suppressing L5 family, pooled across variants: 15.9% 83/521 = 0.98x ⛔ BELOW BASE]","🔥🔥 SCREAM HIT: HS36+Sig2 (60.2%  97/161 AT, L5 62.2%  L5)  🎯 Hit grade: 🔥🔥 SCREAM HIT: HS36+Sig2   🔥 L7 power surge SLG 1.000  💥 2 HRs last 7 days  🔻 SECOND BAT ON THIS ARM (slot 2): slot 1 = 19.5% HR / 1.18x, slot 2+ = 14.2% / 0.86x (n=3,868, p=1e-05). On Vu≥52 arms the split is 27.3% vs 16.7%. HR off one pitcher are independent (0.87x conditional), so the 2nd bat carries no correlated upside — the best matchup is already taken. Deprioritised, not blocked.",42
79,Ryan Jeffers,+610,13.6%,45.6,"🥇 🎯 PITCHER TARGET MATCH HR (FF): T2 — hard contact in L10 BBE vs pitcher's weak pitch (vuln 38) + ⚠️ PITCHER WEAK SPOT (3rd time through order): allows .392 wOBA (120 TBF) + 🌤️ FB50 LOFT + GROUND SUPPRESSION: FB%50 (>50) + GB%40 (<40) → 1.42x HR (Jul 1.31x / Aug 1.58x p=0.045, n=187 combined; tuned on July, held out-of-sample on August). +5 conv.","⛔ PASS (HR) — odds +610 in confirmed fade zone (backtest: 9.3% HR, 0.54x, 47-sl). Market fading for a reason — likely Suppressing L5, injury, or sharp movement.  SCREAM legacy match (Power-Vuln) [RETIRED family — 0.88x, no conv credit] (CSV: 23.9% HR 1.50x validated; top conviction combo — onviction combo in the model); strong HR-contact profile (6/9 PropFinder gates): HH%:40%>40% + Air%:60%>50% + GB%:40%<40% + FB%:50%>35% + Blast%:15.5%>15% + Pull%:70%>30%; Validated combination of pitch match, power, and matchup quality (13.6% HR, +610).  HR success rate L5/AT: 14%/21%  🧮 2-grade HR stack = 17% (35/204).  [LIVE Suppressing L5 family, pooled across variants: 15.9% 83/521 = 0.98x ⛔ BELOW BASE]","🚨 SCREAM legacy match (Power-Vuln) [RETIRED family — 0.88x, no conv credit]  🎯 Hit grade: 🎯 SWEET★+PM + 🔥 L10 BBE v  📋 CONVICTION BLOCKED: Vuln 46 trap (44-48) + Env=0.89<0.95 — 8.3% HR / 0.47x. BGS grade suppressed.  🔻 SECOND BAT ON THIS ARM (slot 3): slot 1 = 19.5% HR / 1.18x, slot 2+ = 14.2% / 0.86x (n=3,868, p=1e-05). On Vu≥52 arms the split is 27.3% vs 16.7%. HR off one pitcher are independent (0.87x conditional), so the 2nd bat carries no correlated upside — the best matchup is already taken. Deprioritised, not blocked.",40
43,Bo Bichette,+730,11.0%,25.8,"🥇 🎯 PITCHER TARGET MATCH HR (SL): T4 — ≥2 HR in L10 BBE vs pitcher's most vulnerable pitch (vuln 35) + 🚫 NEG03 LONG-PRICE DEAD PARK+MATCH: Odds≥+400 + Park=0.94 (0.90-1.00) + PM=0.987<1.00 → 5.6%  9/160 HR (mined 5.6% 9/160, 0.35x, p=3e-05, boot95 0.54, halves 6%/5%, 64sl). Deprioritize.","⛔ PASS (HR) — odds +730 in confirmed fade zone (backtest: 9.3% HR, 0.54x, 47-sl). Market fading for a reason — likely Suppressing L5, injury, or sharp movement.  Bichette is strong on the exact pitch Young relies on most — the slider; strong HR-contact profile (5/9 PropFinder gates): HH%:50%>40% + Air%:70%>50% + GB%:30%<40% + Blast%:20.0%>15% + Pull%:50%>30%; Young is HR-prone L5 — 2.69 HR/9 recently vs 1.20 season avg, getting hit hard right now; elite 73 raw power (11.0% HR, +730).  HR success rate L5/AT: 8%/12%  🧮 4-grade HR stack = ~12% (no full-set history; 2-of-4 overlap).  [LIVE Suppressing L5 family, pooled across variants: 15.9% 83/521 = 0.98x ⛔ BELOW BASE]","⚠️ Vuln52+  ℹ️ Short-start env (Env=0.89<0.90) but Vuln=52≥47 — NOT excluded: 57.9% hit / 0.98x (n=57, 85-sl CSV Jul27). The short-start penalty is a pitcher-quality effect, not an environment one.  🔥🔥 PRIME+PitchEdge hit → 67%  232/348 Hit (live)  🔥🔥 PRIME+PitchEdge hit → 67%  232/348 Hit (live)  🎯 Hit grade: 🔥🔥 PRIME+PitchEdge hit →   💥 SL edge 0.376  🔻 SECOND BAT ON THIS ARM (slot 2): slot 1 = 19.5% HR / 1.18x, slot 2+ = 14.2% / 0.86x (n=3,868, p=1e-05). On Vu≥52 arms the split is 27.3% vs 16.7%. HR off one pitcher are independent (0.87x conditional), so the 2nd bat carries no correlated upside — the best matchup is already taken. Deprioritised, not blocked.",40
37,E. Rodriguez,+440,11.0%,38.9,"🥇 🎯 PITCHER TARGET MATCH HR (CH): T2 — hard contact in L10 BBE vs pitcher's weak pitch (vuln 41) + 🚫 NEG06 MID-POWER DEAD ZONE: Pwr=81 in 77-83 → 14%  220/1537 HR (mined 13.1% 112/852, 0.81x; band 0.86x vs Pwr<77 at 1.02x and Pwr≥84 at 1.11x — power is U-shaped and the MIDDLE is the worst place on the axis). ⚠️ NO OVERRIDE BY VULN (re-tested Aug 17 2026, full panel — see comment above): the earlier Vu>=52 exemption did not hold at the boundary (p=0.90 on the tight band) and is retired. Score>=65 WOULD override (see above) but this batter's Score=38.900000000000006 doesn't clear it — genuinely suppressed (7.42% HR vs 14.43% general base, p=0.0002; the broader rescue rule that used to exempt some of this group was removed 2026-09-08 after it failed its own neutral target on fresh data — see comment above). Deprioritize. + ⚠️ PITCHER WEAK SPOT (3rd time through order): allows .392 wOBA (120 TBF)","⛔ PASS (HR) — longshot, HR prob <11% (0.51x).  Validated combination of pitch match, power, and matchup quality; elite HR-contact profile (7/9 PropFinder gates): ISO:0.600>0.2 + HH%:70%>40% + Air%:70%>50% + GB%:20%<40% + FB%:40%>35% + Blast%:20.0%>15% + Pull%:50%>30% (11.0% HR, +440).  HR success rate L5/AT: 14%/21%  🧮 3-grade HR stack = 8% (3/40).","⚠️ MID-HS DULL (HS 40-49 + Vuln<47): HS=48, Vuln=46 — backtest 54.8% hit / 0.93x (n=498, 85-sl CSV Jul27, perm p=0.007). Cold bats (HS<40) outperform this zone. Deprioritize vs HS<40 or SCREAM HIT picks at same tier.  🎯 Hit grade: 🔥 L10 BBE vs FF: 2HR/10BB  🔻 SECOND BAT ON THIS ARM (slot 4): slot 1 = 19.5% HR / 1.18x, slot 2+ = 14.2% / 0.86x (n=3,868, p=1e-05). On Vu≥52 arms the split is 27.3% vs 16.7%. HR off one pitcher are independent (0.87x conditional), so the 2nd bat carries no correlated upside — the best matchup is already taken. Deprioritised, not blocked.",38
32,Brett Baty,+760,19.7%,46.3,"🥇 🎯 PITCHER TARGET MATCH HR (FF): T3 — 1 HR in L10 BBE vs pitcher's most vulnerable pitch (vuln 36) + 🚫 NEG03 LONG-PRICE DEAD PARK+MATCH: Odds≥+400 + Park=0.98 (0.90-1.00) + PM=0.997<1.00 → 5.6%  9/160 HR (mined 5.6% 9/160, 0.35x, p=3e-05, boot95 0.54, halves 6%/5%, 64sl). Deprioritize. + 🚫 NEG06 MID-POWER DEAD ZONE: Pwr=82 in 77-83 → 14%  220/1537 HR (mined 13.1% 112/852, 0.81x; band 0.86x vs Pwr<77 at 1.02x and Pwr≥84 at 1.11x — power is U-shaped and the MIDDLE is the worst place on the axis). ⚠️ NO OVERRIDE BY VULN (re-tested Aug 17 2026, full panel — see comment above): the earlier Vu>=52 exemption did not hold at the boundary (p=0.90 on the tight band) and is retired. Score>=65 WOULD override (see above) but this batter's Score=46.349999999999994 doesn't clear it — genuinely suppressed (7.42% HR vs 14.43% general base, p=0.0002; the broader rescue rule that used to exempt some of this group was removed 2026-09-08 after it failed its own neutral target on fresh data — see comment above). Deprioritize. + 🌤️ FB50 LOFT + GROUND SUPPRESSION: FB%60 (>50) + GB%20 (<40) → 1.42x HR (Jul 1.31x / Aug 1.58x p=0.045, n=187 combined; tuned on July, held out-of-sample on August). +5 conv.","⛔ PASS (HR) — odds +760 in confirmed fade zone (backtest: 9.3% HR, 0.54x, 47-sl). Market fading for a reason — likely Suppressing L5, injury, or sharp movement.  Validated combination of pitch match, power, and matchup quality; elite HR-contact profile (7/9 PropFinder gates): ISO:0.500>0.2 + Barrel%:20.0%>15% + Air%:80%>50% + GB%:20%<40% + FB%:60%>35% + Blast%:20.0%>15% + Pull%:40%>30%; Young is HR-prone L5 — 2.69 HR/9 recently vs 1.20 season avg, getting hit hard right now (19.7% HR, +760).  HR success rate L5/AT: 8%/12%  🧮 4-grade HR stack = ~14% (no full-set history; 2-of-4 overlap).  [LIVE Suppressing L5 family, pooled across variants: 15.9% 83/521 = 0.98x ⛔ BELOW BASE]","⚠️ Vuln52+  🔥 L7 power surge SLG 0.818  🔻 SECOND BAT ON THIS ARM (slot 3): slot 1 = 19.5% HR / 1.18x, slot 2+ = 14.2% / 0.86x (n=3,868, p=1e-05). On Vu≥52 arms the split is 27.3% vs 16.7%. HR off one pitcher are independent (0.87x conditional), so the 2nd bat carries no correlated upside — the best matchup is already taken. Deprioritised, not blocked.",36
30,Tim Tawa,+800,20.1%,45.8,"🥇 🎯 PITCHER TARGET MATCH HR (ST): T2 — hard contact in L10 BBE vs pitcher's weak pitch (vuln 52) + 🚫 NEG03 LONG-PRICE DEAD PARK+MATCH: Odds≥+400 + Park=0.99 (0.90-1.00) + PM=0.994<1.00 → 5.6%  9/160 HR (mined 5.6% 9/160, 0.35x, p=3e-05, boot95 0.54, halves 6%/5%, 64sl). Deprioritize. + 🚫 NEG06 MID-POWER DEAD ZONE: Pwr=82 in 77-83 → 14%  220/1537 HR (mined 13.1% 112/852, 0.81x; band 0.86x vs Pwr<77 at 1.02x and Pwr≥84 at 1.11x — power is U-shaped and the MIDDLE is the worst place on the axis). ⚠️ NO OVERRIDE BY VULN (re-tested Aug 17 2026, full panel — see comment above): the earlier Vu>=52 exemption did not hold at the boundary (p=0.90 on the tight band) and is retired. Score>=65 WOULD override (see above) but this batter's Score=45.825 doesn't clear it — genuinely suppressed (7.42% HR vs 14.43% general base, p=0.0002; the broader rescue rule that used to exempt some of this group was removed 2026-09-08 after it failed its own neutral target on fresh data — see comment above). Deprioritize.","⛔ PASS (HR) — odds +800 in confirmed fade zone (backtest: 9.3% HR, 0.54x, 47-sl). Market fading for a reason — likely Suppressing L5, injury, or sharp movement.  Validated combination of pitch match, power, and matchup quality; strong HR-contact profile (5/9 PropFinder gates): PropFinder [5/9 must-have] [L10 n=10]: 💪 ISO:0.300>0.2 + Air%:80%>50% + GB%:20%<40% + Blast%:30.0%>15% + Pull%:30%>30%; vulnerable bullpen in relief (HR/9 1.75) (20.1% HR, +800).  HR success rate L5/AT: 8%/12%  🧮 2-grade HR stack = 14% (28/194).  [LIVE Suppressing L5 family, pooled across variants: 15.9% 83/521 = 0.98x ⛔ BELOW BASE]","⚠️ Vuln52+  ℹ️ HS 45 in the 40-49 band but Vuln=53≥47 — NOT deprioritized: 60.6% hit / 1.03x (n=469, 85-sl CSV Jul27). The MID-HS DULL penalty is a pitcher-quality effect.  🎯 Hit grade: 🔥 L10 BBE vs CH: 2HR/10BB  🔥 L7 power surge SLG 0.684  🔻 SECOND BAT ON THIS ARM (slot 3): slot 1 = 19.5% HR / 1.18x, slot 2+ = 14.2% / 0.86x (n=3,868, p=1e-05). On Vu≥52 arms the split is 27.3% vs 16.7%. HR off one pitcher are independent (0.87x conditional), so the 2nd bat carries no correlated upside — the best matchup is already taken. Deprioritised, not blocked.",34
69,Zach Neto,+440,15.0%,47.5,"🥇 🎯 PITCHER TARGET MATCH HR (FF): T3 — 1 HR in L10 BBE vs pitcher's most vulnerable pitch (vuln 50) + 🧬 HR26 Contact-Quality Triple: ISO>0.2 + Barrel%>15 + HH%>40 → 19.3% HR (1.31x, n=379, 30sl, p=6e-03)  [TRACKING — no conv credit] + 🚫 NEG06 MID-POWER DEAD ZONE: Pwr=80 in 77-83 → 14%  220/1537 HR (mined 13.1% 112/852, 0.81x; band 0.86x vs Pwr<77 at 1.02x and Pwr≥84 at 1.11x — power is U-shaped and the MIDDLE is the worst place on the axis). ⚠️ NO OVERRIDE BY VULN (re-tested Aug 17 2026, full panel — see comment above): the earlier Vu>=52 exemption did not hold at the boundary (p=0.90 on the tight band) and is retired. Score>=65 WOULD override (see above) but this batter's Score=47.475 doesn't clear it — genuinely suppressed (7.42% HR vs 14.43% general base, p=0.0002; the broader rescue rule that used to exempt some of this group was removed 2026-09-08 after it failed its own neutral target on fresh data — see comment above). Deprioritize.","✅ PLAY (HR) —  🎯 PITCHER-FIRST T3 MATCH (FF): pitcher allows 62% HH / 69% FB / 0.462 ISO (vuln 50) on 41% vs RHB — batter L10 FF: 1 HR/10 BBE.  Validated combination of pitch match, power, and matchup quality; elite HR-contact profile (8/9 PropFinder gates): ISO:0.600>0.2 + Barrel%:20.0%>15% + HH%:40%>40% + GB%:40%<40% + PullBrl%:20.0>10 + FB%:40%>35% + Blast%:20.0%>15% + Pull%:50%>30%; 🔵 PropFinder [8/9 must-have] [L10 n=10]: 🔥 ELITE CONTACT PROFILE: PullBrl%>20.0 + FB%>40.0% — both elite HR-profile gates clear (+5 conv bonus, stackable) · ☢️ 8/9 gates (display only — 1.13x) · 💪 ISO:0.600>0.2 (must-have) · 🎯 Barrel%:20.0%>15% (must-have) · 💪 HH%:40%>40% (must-have) · ❌ Air%:40% [Air%>50% ✗] · 🔻 GB%:40%<40% (must-have) · 🎯 PullBrl%:20.0>10 (must-have) · 🌤️ FB%:40%>35% (must-have) · 💥 Blast%:20.0%>15% (must-have) · ↙ Pull%:50%>30% (must-have); Anderson is HR-prone L5 — 1.70 HR/9 recently vs 1.20 season avg, getting hit hard right now; vulnerable bullpen in relief (HR/9 1.72); ⚠️ soft arm already priced in — 0.73× HR rate modifier applies (15.0% HR, +440).  HR success rate L5/AT: 11%/16%  🧮 5-grade HR stack = ~27% (no full-set history; 4-of-5 overlap).  [LIVE HR-prone L5 family, pooled across variants: 21.7% 20/92 = 1.33x]","⚠️ Vuln42-44 ↓grade  ⚠️ K-Warning  ⚠️ MID-HS DULL (HS 40-49 + Vuln<47): HS=43, Vuln=44 — backtest 54.8% hit / 0.93x (n=498, 85-sl CSV Jul27, perm p=0.007). Cold bats (HS<40) outperform this zone. Deprioritize vs HS<40 or SCREAM HIT picks at same tier.  📊 ERA understated (context only — grade RETIRED: 15.2% HR / 0.92x, n=125, 72-sl CSV Jul26)  [LIVE Jul26 family, pooled across variants: 19.6% 44/225 = 1.20x]  🎯 Hit grade: 🎯 SHARP HIT  🔥 L7 power surge SLG 0.680  💥 3 HRs last 7 days  🏟️ RHB park 1.120x  🔻 SECOND BAT ON THIS ARM (slot 2): slot 1 = 19.5% HR / 1.18x, slot 2+ = 14.2% / 0.86x (n=3,868, p=1e-05). On Vu≥52 arms the split is 27.3% vs 16.7%. HR off one pitcher are independent (0.87x conditional), so the 2nd bat carries no correlated upside — the best matchup is already taken. Deprioritised, not blocked.",34
70,F. Alvarez,+590,14.4%,47.7,🎯 PITCHER TARGET MATCH HR (SL): T3 — 1 HR in L10 BBE vs pitcher's most vulnerable pitch (vuln 35),"✅ PLAY (HR) —  🎯 PITCHER-FIRST T3 MATCH (SL): pitcher allows 33% HH / 67% FB / 33% Pull (vuln 35) on 38% vs RHB — batter L10 SL: 1 HR/10 BBE • 50% HH.  Validated combination of pitch match, power, and matchup quality; strong HR-contact profile (5/9 PropFinder gates): PropFinder [5/9 must-have] [L10 n=10]: 💪 ISO:0.211>0.2 + HH%:60%>40% + PullBrl%:10.6>10 + Blast%:18.9%>15% + Pull%:70%>30%; Young is HR-prone L5 — 2.69 HR/9 recently vs 1.20 season avg, getting hit hard right now (14.4% HR, +590).  HR success rate L5/AT: 8%/12%
📊 🔥 STACK: T4_PTM+SWEET_PM → 21% HR (1.23x, n=42 AT) + 64% Hit (Jul 1 2026 audit)  🧮 6-grade HR stack = ~0% (no full-set history; 4-of-6 overlap).  [LIVE HR-prone L5 family, pooled across variants: 21.7% 20/92 = 1.33x]","⚠️ Vuln52+  🎯 SWEET PM (hit-only): 71.9% hit / 1.15x — HR edge RETIRED (12.5% HR / 0.76x, n=160, 72-sl CSV Jul26)  [LIVE SWEET PM family, pooled across variants: 17.9% 17/95 = 1.10x]  🎯 Hit grade: ⚡ Z-CONTACT BOOST (≥88%)   🔓 Gate Override [RETIRED signal — 0.84x, 0/11 post-ASG]  📋 PRIME LOCK TRACKING: Vuln=52≥52 + PM=1.049≥1.04 + Pwr=85≥84 — demoted: no EXTREME L2/CASCADE/Score>66. BGS tier applies instead.  🔻 SECOND BAT ON THIS ARM (slot 4): slot 1 = 19.5% HR / 1.18x, slot 2+ = 14.2% / 0.86x (n=3,868, p=1e-05). On Vu≥52 arms the split is 27.3% vs 16.7%. HR off one pitcher are independent (0.87x conditional), so the 2nd bat carries no correlated upside — the best matchup is already taken. Deprioritised, not blocked.",34
76,G. Henderson,+540,13.7%,47.1,"🥇 🎯 PITCHER TARGET MATCH HR (FC): T2 — hard contact in L10 BBE vs pitcher's weak pitch (vuln 40) + 🚫 NEG03 LONG-PRICE DEAD PARK+MATCH: Odds≥+400 + Park=0.98 (0.90-1.00) + PM=0.987<1.00 → 5.6%  9/160 HR (mined 5.6% 9/160, 0.35x, p=3e-05, boot95 0.54, halves 6%/5%, 64sl). Deprioritize. + 🚫 NEG06 MID-POWER DEAD ZONE: Pwr=80 in 77-83 → 14%  220/1537 HR (mined 13.1% 112/852, 0.81x; band 0.86x vs Pwr<77 at 1.02x and Pwr≥84 at 1.11x — power is U-shaped and the MIDDLE is the worst place on the axis). ⚠️ NO OVERRIDE BY VULN (re-tested Aug 17 2026, full panel — see comment above): the earlier Vu>=52 exemption did not hold at the boundary (p=0.90 on the tight band) and is retired. Score>=65 WOULD override (see above) but this batter's Score=47.125 doesn't clear it — genuinely suppressed (7.42% HR vs 14.43% general base, p=0.0002; the broader rescue rule that used to exempt some of this group was removed 2026-09-08 after it failed its own neutral target on fresh data — see comment above). Deprioritize. + 🚫 NEG05 GENUINE SUPPRESSION: Suppressing L5 + Vuln=38<52 → 16%  83/519 HR (mined 8.1% 10/124, 0.49x, p=0.005, boot95 0.75, 26sl; gate WIDENED 47→52 on Jul 31 2026 — every sub-52 band is suppressed (0.29-0.53x) while Vu52+ inverts to 2.36x). An arm suppressing HR over its last five AND rating below the vuln gate is executing, not running hot — the 'buy low' read does not apply here. Pwr>=87 WOULD override (see above) but this batter's Power=80.2 doesn't clear it — genuinely suppressed (7.42% HR vs 14.43% general base, p=0.0002; the broader rescue rule that used to exempt some of this group was removed 2026-09-08 after it failed its own neutral target on fresh data — see comment above). Deprioritize.","🟡 LEAN (HR) —  🎯 PITCHER-FIRST T2 CONTACT (FC): pitcher allows 75% FB / 75% Pull (vuln 40) on 27% vs LHB — batter L10 FC: 0 HR/10 BBE.  Validated combination of pitch match, power, and matchup quality; PropFinder 4/9 contact gates clear: HH%:60%>40% + Air%:50%>50% + GB%:40%<40% + Pull%:70%>30%; ⚠️ Tong suppressing L5 — 0.63 HR/9 recently vs 1.20 season avg. Vu38<52: suppression may reflect genuine L5 execution, not just noise. Do not treat as automatic buy-low.; ⚠️ short start projected — bullpen exposure caps the ceiling (13.7% HR, +540).  HR success rate L5/AT: 14%/21%  🧮 4-grade HR stack = 13% (2/15).","⚡ K-Danger vs today  ⚠️ Elite arm (Vuln 38) — hit suppressed  ⚠️ MID-HS DULL (HS 40-49 + Vuln<47): HS=49, Vuln=38 — backtest 54.8% hit / 0.93x (n=498, 85-sl CSV Jul27, perm p=0.007). Cold bats (HS<40) outperform this zone. Deprioritize vs HS<40 or SCREAM HIT picks at same tier.  🔻 SECOND BAT ON THIS ARM (slot 2): slot 1 = 19.5% HR / 1.18x, slot 2+ = 14.2% / 0.86x (n=3,868, p=1e-05). On Vu≥52 arms the split is 27.3% vs 16.7%. HR off one pitcher are independent (0.87x conditional), so the 2nd bat carries no correlated upside — the best matchup is already taken. Deprioritised, not blocked.",34
87,Sal Stewart,+490,11.0%,49.6,"🥇 🎯 PITCHER TARGET MATCH HR (FF): T2 — hard contact in L10 BBE vs pitcher's weak pitch (vuln 36) + 🎯 PITCH-RELIANT HR (FF 48% vs RHB) + 🚫 NEG05 GENUINE SUPPRESSION: Suppressing L5 + Vuln=28<52 → 16%  83/519 HR (mined 8.1% 10/124, 0.49x, p=0.005, boot95 0.75, 26sl; gate WIDENED 47→52 on Jul 31 2026 — every sub-52 band is suppressed (0.29-0.53x) while Vu52+ inverts to 2.36x). An arm suppressing HR over its last five AND rating below the vuln gate is executing, not running hot — the 'buy low' read does not apply here. Pwr>=87 WOULD override (see above) but this batter's Power=83.0 doesn't clear it — genuinely suppressed (7.42% HR vs 14.43% general base, p=0.0002; the broader rescue rule that used to exempt some of this group was removed 2026-09-08 after it failed its own neutral target on fresh data — see comment above). Deprioritize.","🟡 LEAN (HR) —  🎯 PITCHER-FIRST T2 CONTACT (FF): pitcher allows 50% HH / 50% FB (vuln 36) on 48% vs RHB — batter L10 FF: 0 HR/10 BBE • 80% HH • 291ft avg dist.  SCREAM legacy match (Sig-PM/5-Signal) [RETIRED family — 0.88x, no conv credit] (CSV: 23.9% HR 1.50x validated; top conviction combo — onviction combo in the model); PropFinder 3/9 contact gates clear: PropFinder [3/9 must-have] [L10 n=10]: 💪 ISO:0.242>0.2 + HH%:70%>40% + Pull%:60%>30%; ⚠️ Skubal suppressing L5 — 0.28 HR/9 recently vs 1.20 season avg. Vu28<52: suppression may reflect genuine L5 execution, not just noise. Do not treat as automatic buy-low.; Validated combination of pitch match, power, and matchup quality (11.0% HR, +490).  HR success rate L5/AT: 24%/18%  🧮 5-grade HR stack = ~18% (no full-set history; 3-of-5 overlap).  [LIVE Signal family, pooled across variants: 18.3% 31/169 = 1.13x]","⚡ K-Danger vs zone  ⚠️ Elite arm (Vuln 28) — hit suppressed  🎯 HIT SOLID: HS=57≥50 + PM=1.058 contact zone + Env=1.13≥0.95 — backtest: 69.3% hit rate / 1.06x (205 picks).  🚨 SCREAM legacy match (Sig-PM/5-Signal) [RETIRED family — 0.88x, no conv credit]  🔥🔥 SCREAM HIT+HR: Sig3+PM1.058 (63%  1475/2358 Hit + 25%HR)  🎯 Hit grade: 🔥🔥 SCREAM HIT+HR: Sig3+PM  🔻 SECOND BAT ON THIS ARM (slot 2): slot 1 = 19.5% HR / 1.18x, slot 2+ = 14.2% / 0.86x (n=3,868, p=1e-05). On Vu≥52 arms the split is 27.3% vs 16.7%. HR off one pitcher are independent (0.87x conditional), so the 2nd bat carries no correlated upside — the best matchup is already taken. Deprioritised, not blocked.",34
90,Sean Murphy,+540,15.2%,35.1,"🥇 🎯 PITCHER TARGET MATCH HR (FF): T3 — 1 HR in L10 BBE vs pitcher's most vulnerable pitch (vuln 36) + 🚫 NEG06 MID-POWER DEAD ZONE: Pwr=80 in 77-83 → 14%  220/1537 HR (mined 13.1% 112/852, 0.81x; band 0.86x vs Pwr<77 at 1.02x and Pwr≥84 at 1.11x — power is U-shaped and the MIDDLE is the worst place on the axis). ⚠️ NO OVERRIDE BY VULN (re-tested Aug 17 2026, full panel — see comment above): the earlier Vu>=52 exemption did not hold at the boundary (p=0.90 on the tight band) and is retired. Score>=65 WOULD override (see above) but this batter's Score=35.075 doesn't clear it — genuinely suppressed (7.42% HR vs 14.43% general base, p=0.0002; the broader rescue rule that used to exempt some of this group was removed 2026-09-08 after it failed its own neutral target on fresh data — see comment above). Deprioritize.","🟡 LEAN (HR) — odds >+499 cap —  🎯 PITCHER-FIRST T3 MATCH ⚠️ LEAN (odds cap) (FF): pitcher allows 50% HH / 50% FB (vuln 36) on 24% vs RHB — batter L10 FF: 1 HR/10 BBE • 70% HH • 20% Brl • 328ft avg dist.  Validated combination of pitch match, power, and matchup quality; PropFinder 4/9 contact gates clear: Barrel%:20.0%>15% + HH%:50%>40% + PullBrl%:20.0>10 + Pull%:80%>30%; vulnerable bullpen in relief (HR/9 1.64) (15.2% HR, +540).  HR success rate L5/AT: 14%/21%  🧮 2-grade HR stack = 14% (28/194).  [LIVE PullBrl family, pooled across variants: 6.7% 1/15 = 0.41x ⛔ BELOW BASE]","🔻 SECOND BAT ON THIS ARM (slot 5): slot 1 = 19.5% HR / 1.18x, slot 2+ = 14.2% / 0.86x (n=3,868, p=1e-05). On Vu≥52 arms the split is 27.3% vs 16.7%. HR off one pitcher are independent (0.87x conditional), so the 2nd bat carries no correlated upside — the best matchup is already taken. Deprioritised, not blocked.",33
75,Nolan Arenado,+900,14.3%,46.4,"🥇 🎯 PITCHER TARGET MATCH HR (ST): T2 — hard contact in L10 BBE vs pitcher's weak pitch (vuln 52) + 🚫 NEG06 MID-POWER DEAD ZONE: Pwr=78 in 77-83 → 14%  220/1537 HR (mined 13.1% 112/852, 0.81x; band 0.86x vs Pwr<77 at 1.02x and Pwr≥84 at 1.11x — power is U-shaped and the MIDDLE is the worst place on the axis). ⚠️ NO OVERRIDE BY VULN (re-tested Aug 17 2026, full panel — see comment above): the earlier Vu>=52 exemption did not hold at the boundary (p=0.90 on the tight band) and is retired. Score>=65 WOULD override (see above) but this batter's Score=46.375 doesn't clear it — genuinely suppressed (7.42% HR vs 14.43% general base, p=0.0002; the broader rescue rule that used to exempt some of this group was removed 2026-09-08 after it failed its own neutral target on fresh data — see comment above). Deprioritize.","⛔ PASS (HR) — odds +900 in confirmed fade zone (backtest: 9.3% HR, 0.54x, 47-sl). Market fading for a reason — likely Suppressing L5, injury, or sharp movement.  Validated combination of pitch match, power, and matchup quality; strong HR-contact profile (6/9 PropFinder gates): ISO:1.100>0.2 + HH%:60%>40% + Air%:60%>50% + GB%:30%<40% + FB%:40%>35% + Pull%:100%>30%; vulnerable bullpen in relief (HR/9 1.75) (14.3% HR, +900).  HR success rate L5/AT: 8%/12%  🧮 3-grade HR stack = 20% (9/44).  [LIVE Suppressing L5 family, pooled across variants: 15.9% 83/521 = 0.98x ⛔ BELOW BASE]","⚠️ Vuln52+  ℹ️ HS 44 in the 40-49 band but Vuln=53≥47 — NOT deprioritized: 60.6% hit / 1.03x (n=469, 85-sl CSV Jul27). The MID-HS DULL penalty is a pitcher-quality effect.  🎯 Hit grade: ⚡ Z-CONTACT BOOST (≥88%)   🔥 L7 power surge SLG 1.000  💥 3 HRs last 7 days  🔻 SECOND BAT ON THIS ARM (slot 4): slot 1 = 19.5% HR / 1.18x, slot 2+ = 14.2% / 0.86x (n=3,868, p=1e-05). On Vu≥52 arms the split is 27.3% vs 16.7%. HR off one pitcher are independent (0.87x conditional), so the 2nd bat carries no correlated upside — the best matchup is already taken. Deprioritised, not blocked.",31
18,B. Eldridge,+590,19.7%,58.8,"🥇 🎯 PITCHER TARGET MATCH HR (SI): T2 — hard contact in L10 BBE vs pitcher's weak pitch (vuln 40) + 🎯 MID-SCORE HR + 🚫 NEG06 MID-POWER DEAD ZONE: Pwr=82 in 77-83 → 14%  220/1537 HR (mined 13.1% 112/852, 0.81x; band 0.86x vs Pwr<77 at 1.02x and Pwr≥84 at 1.11x — power is U-shaped and the MIDDLE is the worst place on the axis). ⚠️ NO OVERRIDE BY VULN (re-tested Aug 17 2026, full panel — see comment above): the earlier Vu>=52 exemption did not hold at the boundary (p=0.90 on the tight band) and is retired. Score>=65 WOULD override (see above) but this batter's Score=58.8 doesn't clear it — genuinely suppressed (7.42% HR vs 14.43% general base, p=0.0002; the broader rescue rule that used to exempt some of this group was removed 2026-09-08 after it failed its own neutral target on fresh data — see comment above). Deprioritize.  ·  🔥 Sig+PM","🟡 LEAN (HR) —  🎯 PITCHER-FIRST T2 CONTACT (SI): pitcher allows 33% HH / 67% FB / 67% Pull (vuln 40) on 32% vs LHB — batter L10 SI: 0 HR/10 BBE • 60% HH.  SCREAM legacy match (Power-Vuln/5-Signal) [RETIRED family — 0.88x, no conv credit] (CSV: 23.9% HR 1.50x validated; top conviction combo — onviction combo in the model); Mid-range composite score with market signal confirmation — the sweet spot the model targets (19.7% HR, +590).  HR success rate L5/AT: 50%/15%  🧮 5-grade HR stack = ~19% (no full-set history; 4-of-5 overlap).  [LIVE Power-Vuln family, pooled across variants: 17.6% 27/153 = 1.08x]","🎯 SWEET PM (hit-only): 71.9% hit / 1.15x — HR edge RETIRED (12.5% HR / 0.76x, n=160, 72-sl CSV Jul26)  [LIVE SWEET PM family, pooled across variants: 17.9% 17/95 = 1.10x]  🚨 SCREAM legacy match (Power-Vuln/5-Signal) [RETIRED family — 0.88x, no conv credit]  🎯 Hit grade: 🔥 SIG+PM HIT + ⚡ Z-CONTAC  📈 L7 SLG 0.560  🔻 SECOND BAT ON THIS ARM (slot 2): slot 1 = 19.5% HR / 1.18x, slot 2+ = 14.2% / 0.86x (n=3,868, p=1e-05). On Vu≥52 arms the split is 27.3% vs 16.7%. HR off one pitcher are independent (0.87x conditional), so the 2nd bat carries no correlated upside — the best matchup is already taken. Deprioritised, not blocked.",30
72,Shay Whitcomb,+680,14.4%,46.8,🎯 PITCHER TARGET MATCH HR (FF): T2 — hard contact in L10 BBE vs pitcher's weak pitch (vuln 50),"⛔ PASS (HR) — odds +680 in confirmed fade zone (backtest: 9.3% HR, 0.54x, 47-sl). Market fading for a reason — likely Suppressing L5, injury, or sharp movement.  Validated combination of pitch match, power, and matchup quality; strong HR-contact profile (5/9 PropFinder gates): PropFinder [5/9 must-have] [L10 n=10]: 💪 ISO:0.300>0.2 + Air%:50%>50% + GB%:40%<40% + FB%:40%>35% + Pull%:50%>30% (14.4% HR, +680).  HR success rate L5/AT: 5%/10%  🧮 3-grade HR stack = 19% (14/73).  [LIVE Suppressing L5 family, pooled across variants: 15.9% 83/521 = 0.98x ⛔ BELOW BASE]","⚠️ Gated  🎯 SWEET PM (hit-only): 71.9% hit / 1.15x — HR edge RETIRED (12.5% HR / 0.76x, n=160, 72-sl CSV Jul26)  [LIVE SWEET PM family, pooled across variants: 17.9% 17/95 = 1.10x]  🎯 Hit grade: ⚡ Z-CONTACT BOOST (≥88%)  🔻 SECOND BAT ON THIS ARM (slot 3): slot 1 = 19.5% HR / 1.18x, slot 2+ = 14.2% / 0.86x (n=3,868, p=1e-05). On Vu≥52 arms the split is 27.3% vs 16.7%. HR off one pitcher are independent (0.87x conditional), so the 2nd bat carries no correlated upside — the best matchup is already taken. Deprioritised, not blocked.",30
68,Kyle Tucker,+520,15.5%,47.3,"🥇 📊 PITCHER TARGET (SI): pitcher weak (vuln 43), batter carry signal + 🚫 NEG06 MID-POWER DEAD ZONE: Pwr=77 in 77-83 → 14%  220/1537 HR (mined 13.1% 112/852, 0.81x; band 0.86x vs Pwr<77 at 1.02x and Pwr≥84 at 1.11x — power is U-shaped and the MIDDLE is the worst place on the axis). ⚠️ NO OVERRIDE BY VULN (re-tested Aug 17 2026, full panel — see comment above): the earlier Vu>=52 exemption did not hold at the boundary (p=0.90 on the tight band) and is retired. Score>=65 WOULD override (see above) but this batter's Score=47.324999999999996 doesn't clear it — genuinely suppressed (7.42% HR vs 14.43% general base, p=0.0002; the broader rescue rule that used to exempt some of this group was removed 2026-09-08 after it failed its own neutral target on fresh data — see comment above). Deprioritize. + 🌤️ FB50 LOFT + GROUND SUPPRESSION: FB%50 (>50) + GB%10 (<40) → 1.42x HR (Jul 1.31x / Aug 1.58x p=0.045, n=187 combined; tuned on July, held out-of-sample on August). +5 conv.","🟡 LEAN (HR) — Conv 27 but PM <1.04 (0.86x).  Validated combination of pitch match, power, and matchup quality; elite HR-contact profile (7/9 PropFinder gates): ISO:0.500>0.2 + Barrel%:20.0%>15% + Air%:70%>50% + GB%:10%<40% + PullBrl%:20.0>10 + FB%:50%>35% + Pull%:50%>30%; 🔵 PropFinder [7/9 must-have] [L10 n=10]: 🔥 ELITE CONTACT PROFILE: PullBrl%>20.0 + FB%>50.0% — both elite HR-profile gates clear (+5 conv bonus, stackable) · 🔥 7/9 gates (display only — 1.37x, best tier) · 💪 ISO:0.500>0.2 (must-have) · 🎯 Barrel%:20.0%>15% (must-have) · ❌ HH%:20% [HH%>40% ✗] · 🌤️ Air%:70%>50% (must-have) · 🔻 GB%:10%<40% (must-have) · 🎯 PullBrl%:20.0>10 (must-have) · 🌤️ FB%:50%>35% (must-have) · ❌ Blast%:10.0% [Blast%>15% ✗] · ↙ Pull%:50%>30% (must-have); Lodolo is HR-prone L5 — 1.95 HR/9 recently vs 1.20 season avg, getting hit hard right now; and the most homer-prone bullpen on the slate waiting in relief (HR/9 1.95) (15.5% HR, +520).  HR success rate L5/AT: 14%/21%  🧮 2-grade HR stack = 14% (28/194).  [LIVE HR-prone L5 family, pooled across variants: 21.7% 20/92 = 1.33x]","🔥 L7 power surge SLG 0.714  💥 2 HRs last 7 days  🔻 SECOND BAT ON THIS ARM (slot 5): slot 1 = 19.5% HR / 1.18x, slot 2+ = 14.2% / 0.86x (n=3,868, p=1e-05). On Vu≥52 arms the split is 27.3% vs 16.7%. HR off one pitcher are independent (0.87x conditional), so the 2nd bat carries no correlated upside — the best matchup is already taken. Deprioritised, not blocked.",27
49,Kyle Karros,+790,14.3%,7.1,"🥇 🎯 PITCHER TARGET MATCH HR (SI): T2 — hard contact in L10 BBE vs pitcher's weak pitch (vuln 53) + 🚫 NEG06 MID-POWER DEAD ZONE: Pwr=77 in 77-83 → 14%  220/1537 HR (mined 13.1% 112/852, 0.81x; band 0.86x vs Pwr<77 at 1.02x and Pwr≥84 at 1.11x — power is U-shaped and the MIDDLE is the worst place on the axis). ⚠️ NO OVERRIDE BY VULN (re-tested Aug 17 2026, full panel — see comment above): the earlier Vu>=52 exemption did not hold at the boundary (p=0.90 on the tight band) and is retired. Score>=65 WOULD override (see above) but this batter's Score=7.138000000000002 doesn't clear it — genuinely suppressed (7.42% HR vs 14.43% general base, p=0.0002; the broader rescue rule that used to exempt some of this group was removed 2026-09-08 after it failed its own neutral target on fresh data — see comment above). Deprioritize.","⛔ PASS (HR) — odds +790 in confirmed fade zone (backtest: 9.3% HR, 0.54x, 47-sl). Market fading for a reason — likely Suppressing L5, injury, or sharp movement.  Karros is strong on the exact pitch Mize relies on most — the four-seamer; PropFinder 4/9 contact gates clear: PropFinder [4/9 must-have] [L10 n=10]: 💪 ISO:0.500>0.2 + Barrel%:20.0%>15% + PullBrl%:20.0>10 + Pull%:80%>30%; Mize is HR-prone L5 — 2.57 HR/9 recently vs 1.20 season avg, getting hit hard right now; elite 77 raw power (14.3% HR, +790).  HR success rate L5/AT: 8%/12%  🧮 2-grade HR stack = 14% (28/194).  [LIVE Suppressing L5 family, pooled across variants: 15.9% 83/521 = 0.98x ⛔ BELOW BASE]","⚠️ Vuln52+  ℹ️ HS 43 in the 40-49 band but Vuln=52≥47 — NOT deprioritized: 60.6% hit / 1.03x (n=469, 85-sl CSV Jul27). The MID-HS DULL penalty is a pitcher-quality effect.  🎯 Hit grade: 🔥 L10 BBE vs FF: 2HR/10BB  💥 FF edge 0.473  🔻 SECOND BAT ON THIS ARM (slot 3): slot 1 = 19.5% HR / 1.18x, slot 2+ = 14.2% / 0.86x (n=3,868, p=1e-05). On Vu≥52 arms the split is 27.3% vs 16.7%. HR off one pitcher are independent (0.87x conditional), so the 2nd bat carries no correlated upside — the best matchup is already taken. Deprioritised, not blocked.",27
14,Tommy Edman,+520,20.1%,59.9,"🥇 🧊 ICE COLD HR + 🚫 NEG06 MID-POWER DEAD ZONE: Pwr=79 in 77-83 → 14%  220/1537 HR (mined 13.1% 112/852, 0.81x; band 0.86x vs Pwr<77 at 1.02x and Pwr≥84 at 1.11x — power is U-shaped and the MIDDLE is the worst place on the axis). ⚠️ NO OVERRIDE BY VULN (re-tested Aug 17 2026, full panel — see comment above): the earlier Vu>=52 exemption did not hold at the boundary (p=0.90 on the tight band) and is retired. Score>=65 WOULD override (see above) but this batter's Score=59.85 doesn't clear it — genuinely suppressed (7.42% HR vs 14.43% general base, p=0.0002; the broader rescue rule that used to exempt some of this group was removed 2026-09-08 after it failed its own neutral target on fresh data — see comment above). Deprioritize.","🎯 PRIME (HR) — owns pitcher + score zone (Sc 60/park 1.00, 33.8%, 2.17x).  Cold bat the market is overpenalizing — power profile is still dangerous and the model has validated this pattern; Lodolo is HR-prone L5 — 1.95 HR/9 recently vs 1.20 season avg, getting hit hard right now; and the most homer-prone bullpen on the slate waiting in relief (HR/9 1.95) (20.1% HR, +520).  HR success rate L5/AT: 29%/20%  🧮 3-grade HR stack = 13% (6/47).  [LIVE HR-prone L5 family, pooled across variants: 21.7% 20/92 = 1.33x]","🚫 No-signal  🎯 Sweet PM hit  🎯 Hit grade: 🎯 SHARP HIT  🔻 SECOND BAT ON THIS ARM (slot 6): slot 1 = 19.5% HR / 1.18x, slot 2+ = 14.2% / 0.86x (n=3,868, p=1e-05). On Vu≥52 arms the split is 27.3% vs 16.7%. HR off one pitcher are independent (0.87x conditional), so the 2nd bat carries no correlated upside — the best matchup is already taken. Deprioritised, not blocked.",26
89,Colt Keith,+980,14.4%,38.5,"🥇 🎯 PITCHER TARGET MATCH HR (FF): T2 — hard contact in L10 BBE vs pitcher's weak pitch (vuln 45) + 🧬 HR26 Contact-Quality Triple: ISO>0.2 + Barrel%>15 + HH%>40 → 19.3% HR (1.31x, n=379, 30sl, p=6e-03)  [TRACKING — no conv credit] + 🚫 NEG06 MID-POWER DEAD ZONE: Pwr=79 in 77-83 → 14%  220/1537 HR (mined 13.1% 112/852, 0.81x; band 0.86x vs Pwr<77 at 1.02x and Pwr≥84 at 1.11x — power is U-shaped and the MIDDLE is the worst place on the axis). ⚠️ NO OVERRIDE BY VULN (re-tested Aug 17 2026, full panel — see comment above): the earlier Vu>=52 exemption did not hold at the boundary (p=0.90 on the tight band) and is retired. Score>=65 WOULD override (see above) but this batter's Score=38.45 doesn't clear it — genuinely suppressed (7.42% HR vs 14.43% general base, p=0.0002; the broader rescue rule that used to exempt some of this group was removed 2026-09-08 after it failed its own neutral target on fresh data — see comment above). Deprioritize.","⛔ PASS (HR) — odds +980 in confirmed fade zone (backtest: 9.3% HR, 0.54x, 47-sl). Market fading for a reason — likely Suppressing L5, injury, or sharp movement.  Validated combination of pitch match, power, and matchup quality; elite HR-contact profile (7/9 PropFinder gates): ISO:0.400>0.2 + Barrel%:20.0%>15% + HH%:70%>40% + Air%:60%>50% + GB%:30%<40% + Blast%:17.7%>15% + Pull%:40%>30% (14.4% HR, +980).  HR success rate L5/AT: 14%/21%  🧮 3-grade HR stack = 22% (9/41).  [LIVE Suppressing L5 family, pooled across variants: 15.9% 83/521 = 0.98x ⛔ BELOW BASE]","👀 NEAR-HR RATE 0.4 (4/10 PA) — ⚪ TRACKING: 24.0% HR / 1.43x on this threshold so far (6/25, 5sl since export began Aug 5 2026, p=0.25 — too early to trust, watch as it accumulates). Zero conviction credit.  [LIVE NEAR-HR RATE family, pooled across variants: 18.6% 24/129 = 1.14x]  🔻 SECOND BAT ON THIS ARM (slot 4): slot 1 = 19.5% HR / 1.18x, slot 2+ = 14.2% / 0.86x (n=3,868, p=1e-05). On Vu≥52 arms the split is 27.3% vs 16.7%. HR off one pitcher are independent (0.87x conditional), so the 2nd bat carries no correlated upside — the best matchup is already taken. Deprioritised, not blocked.",26
24,Miguel Rojas,+900,19.7%,52.0,"🥇 📊 PITCHER TARGET (FF): pitcher weak (vuln 50), batter carry signal + 🚫 NEG06 MID-POWER DEAD ZONE: Pwr=78 in 77-83 → 14%  220/1537 HR (mined 13.1% 112/852, 0.81x; band 0.86x vs Pwr<77 at 1.02x and Pwr≥84 at 1.11x — power is U-shaped and the MIDDLE is the worst place on the axis). ⚠️ NO OVERRIDE BY VULN (re-tested Aug 17 2026, full panel — see comment above): the earlier Vu>=52 exemption did not hold at the boundary (p=0.90 on the tight band) and is retired. Score>=65 WOULD override (see above) but this batter's Score=52.0 doesn't clear it — genuinely suppressed (7.42% HR vs 14.43% general base, p=0.0002; the broader rescue rule that used to exempt some of this group was removed 2026-09-08 after it failed its own neutral target on fresh data — see comment above). Deprioritize.","⛔ PASS (HR) — odds +900 in confirmed fade zone (backtest: 9.3% HR, 0.54x, 47-sl). Market fading for a reason — likely Suppressing L5, injury, or sharp movement.  Validated combination of pitch match, power, and matchup quality; PropFinder 3/9 contact gates clear: Air%:60%>50% + GB%:40%<40% + Pull%:70%>30%; Lodolo is HR-prone L5 — 1.95 HR/9 recently vs 1.20 season avg, getting hit hard right now; and the most homer-prone bullpen on the slate waiting in relief (HR/9 1.95) (19.7% HR, +900).  HR success rate L5/AT: 14%/21%  🧮 2-grade HR stack = 14% (28/194).  [LIVE Suppressing L5 family, pooled across variants: 15.9% 83/521 = 0.98x ⛔ BELOW BASE]","🚫 No-signal  🎯 Sweet PM hit  🎯 Hit grade: 🔥 L10 BBE vs CU: 0HR/4BBE  🔻 SECOND BAT ON THIS ARM (slot 7): slot 1 = 19.5% HR / 1.18x, slot 2+ = 14.2% / 0.86x (n=3,868, p=1e-05). On Vu≥52 arms the split is 27.3% vs 16.7%. HR off one pitcher are independent (0.87x conditional), so the 2nd bat carries no correlated upside — the best matchup is already taken. Deprioritised, not blocked.",25
44,R. Waldschmidt,+1060,14.4%,24.8,"🥇 🎯 PITCHER TARGET MATCH HR (ST): T2 — hard contact in L10 BBE vs pitcher's weak pitch (vuln 52) + 🚫 NEG03 LONG-PRICE DEAD PARK+MATCH: Odds≥+400 + Park=0.99 (0.90-1.00) + PM=0.985<1.00 → 5.6%  9/160 HR (mined 5.6% 9/160, 0.35x, p=3e-05, boot95 0.54, halves 6%/5%, 64sl). Deprioritize. + 🚫 NEG06 MID-POWER DEAD ZONE: Pwr=78 in 77-83 → 14%  220/1537 HR (mined 13.1% 112/852, 0.81x; band 0.86x vs Pwr<77 at 1.02x and Pwr≥84 at 1.11x — power is U-shaped and the MIDDLE is the worst place on the axis). ⚠️ NO OVERRIDE BY VULN (re-tested Aug 17 2026, full panel — see comment above): the earlier Vu>=52 exemption did not hold at the boundary (p=0.90 on the tight band) and is retired. Score>=65 WOULD override (see above) but this batter's Score=24.759999999999998 doesn't clear it — genuinely suppressed (7.42% HR vs 14.43% general base, p=0.0002; the broader rescue rule that used to exempt some of this group was removed 2026-09-08 after it failed its own neutral target on fresh data — see comment above). Deprioritize.","⛔ PASS (HR) — odds +1060 in confirmed fade zone (backtest: 9.3% HR, 0.54x, 47-sl). Market fading for a reason — likely Suppressing L5, injury, or sharp movement.  Validated combination of pitch match, power, and matchup quality; vulnerable bullpen in relief (HR/9 1.75) (14.4% HR, +1060).  HR success rate L5/AT: 8%/12%  🧮 3-grade HR stack = 13% (6/47).  [LIVE Suppressing L5 family, pooled across variants: 15.9% 83/521 = 0.98x ⛔ BELOW BASE]","⚠️ Vuln52+  ❄️ Cold  🎯 Hit grade: ❄️ ICE COLD  🔻 SECOND BAT ON THIS ARM (slot 5): slot 1 = 19.5% HR / 1.18x, slot 2+ = 14.2% / 0.86x (n=3,868, p=1e-05). On Vu≥52 arms the split is 27.3% vs 16.7%. HR off one pitcher are independent (0.87x conditional), so the 2nd bat carries no correlated upside — the best matchup is already taken. Deprioritised, not blocked.",24
9,M. Harris,+760,20.2%,65.0,🥇 🎯 PITCH DOM ELITE HR + 🎯 ELITE SIGNAL HR + 🔥 SIG+PM HR,"⛔ PASS (HR) — odds +760 in confirmed fade zone (backtest: 9.3% HR, 0.54x, 47-sl). Market fading for a reason — likely Suppressing L5, injury, or sharp movement.  Validated combination of pitch match, power, and matchup quality; strong HR-contact profile (6/9 PropFinder gates): ISO:0.300>0.2 + HH%:40%>40% + Air%:70%>50% + GB%:30%<40% + Blast%:40.0%>15% + Pull%:80%>30%; vulnerable bullpen in relief (HR/9 1.64); a 15/20 signal score — several independent edges aligned (20.2% HR, +760).  HR success rate L5/AT: 22%/16%
📊 🔥 STACK: PITCH_DOM+SIG_PM → 23% HR (1.33x, n=26 AT) + 65% Hit (Jul 1 2026 audit)  🧮 3-grade HR stack = 21% (7/33).  [LIVE Suppressing L5 family, pooled across variants: 15.9% 83/521 = 0.98x ⛔ BELOW BASE]","ℹ️ HS 43 in the 40-49 band but Vuln=50≥47 — NOT deprioritized: 60.6% hit / 1.03x (n=469, 85-sl CSV Jul27). The MID-HS DULL penalty is a pitcher-quality effect.  🎯 Hit grade: 🔥 SIG+PM HIT + ⚡ Z-CONTAC  🔻 SECOND BAT ON THIS ARM (slot 6): slot 1 = 19.5% HR / 1.18x, slot 2+ = 14.2% / 0.86x (n=3,868, p=1e-05). On Vu≥52 arms the split is 27.3% vs 16.7%. HR off one pitcher are independent (0.87x conditional), so the 2nd bat carries no correlated upside — the best matchup is already taken. Deprioritised, not blocked.",20
56,E. De La Cruz,+490,14.0%,60.0,"🥇 🎯 PITCH DOM ELITE HR + ⚠️ SHARP PM HR [SUSPENDED — 1/55 post-ASG, 0.17x; no conv credit] + 🎯 PITCH EDGE HR + 🔥 SIG+PM HR + 🧬 HR26 Contact-Quality Triple: ISO>0.2 + Barrel%>15 + HH%>40 → 19.3% HR (1.31x, n=379, 30sl, p=6e-03)  [TRACKING — no conv credit] + 🚫 NEG05 GENUINE SUPPRESSION: Suppressing L5 + Vuln=28<52 → 16%  83/519 HR (mined 8.1% 10/124, 0.49x baseline for the flag). ⚠️ POWER OVERRIDE APPLIES: Pwr=88>=87 — this specific subgroup runs 19.39% HR (1.68x, p=0.0128, n=98, 26sl), ABOVE the general slate base, not merely less-bad. Treat as softened/neutral, not a hard deprioritize.","🟡 LEAN (HR) — moderate edge, no top driver.  Cruz is strong on the exact pitch Skubal relies on most — the changeup; elite HR-contact profile (8/9 PropFinder gates): ISO:0.500>0.2 + Barrel%:40.0%>15% + HH%:80%>40% + Air%:60%>50% + GB%:40%<40% + PullBrl%:20.0>10 + Blast%:40.0%>15% + Pull%:60%>30%; ⚠️ Skubal suppressing L5 — 0.28 HR/9 recently vs 1.20 season avg. Vu28<52: suppression may reflect genuine L5 execution, not just noise. Do not treat as automatic buy-low.; highest matchup conversion quality of any graded pick today (50/50); owns multiple pitches in Skubal's arsenal, not just one; elite 88 raw power (14.0% HR, +490).  HR success rate L5/AT: 22%/16%
📊 🔥 STACK: PITCH_DOM+SHARP_PM → 29% HR (1.65x, n=14 AT) + 64% Hit (Jul 1 2026 audit)  🧮 6-grade HR stack = ~7% (no full-set history; 4-of-6 overlap).  [LIVE PullBrl family, pooled across variants: 6.7% 1/15 = 0.41x ⛔ BELOW BASE]","⚡ K-Danger vs 136  ⚠️ Elite arm (Vuln 28) — hit suppressed  🎯 Hit grade: 🔥 SIG+PM HIT + 🔥 L10 BBE   🔓 Gate Override [RETIRED signal — 0.84x, 0/11 post-ASG]  📈 L7 SLG 0.875  💥 3 HRs last 7 days  🎯 PitchMix wOBA 0.422  💥 CH edge 0.436  💥 FF edge 0.436  🔻 SECOND BAT ON THIS ARM (slot 3): slot 1 = 19.5% HR / 1.18x, slot 2+ = 14.2% / 0.86x (n=3,868, p=1e-05). On Vu≥52 arms the split is 27.3% vs 16.7%. HR off one pitcher are independent (0.87x conditional), so the 2nd bat carries no correlated upside — the best matchup is already taken. Deprioritised, not blocked.",19
80,G. Moreno,+1000,15.6%,38.2,"🥇 🎯 PITCHER TARGET MATCH HR (ST): T2 — hard contact in L10 BBE vs pitcher's weak pitch (vuln 52) + 🚫 NEG06 MID-POWER DEAD ZONE: Pwr=78 in 77-83 → 14%  220/1537 HR (mined 13.1% 112/852, 0.81x; band 0.86x vs Pwr<77 at 1.02x and Pwr≥84 at 1.11x — power is U-shaped and the MIDDLE is the worst place on the axis). ⚠️ NO OVERRIDE BY VULN (re-tested Aug 17 2026, full panel — see comment above): the earlier Vu>=52 exemption did not hold at the boundary (p=0.90 on the tight band) and is retired. Score>=65 WOULD override (see above) but this batter's Score=38.25 doesn't clear it — genuinely suppressed (7.42% HR vs 14.43% general base, p=0.0002; the broader rescue rule that used to exempt some of this group was removed 2026-09-08 after it failed its own neutral target on fresh data — see comment above). Deprioritize.","⛔ PASS (HR) — odds +1000 in confirmed fade zone (backtest: 9.3% HR, 0.54x, 47-sl). Market fading for a reason — likely Suppressing L5, injury, or sharp movement.  Validated combination of pitch match, power, and matchup quality; PropFinder 3/9 contact gates clear: PropFinder [3/9 must-have] [L10 n=10]: 💪 ISO:0.300>0.2 + GB%:40%<40% + Pull%:60%>30%; elite contact quality across Alcantara's actual pitch mix, not just one pitch type; vulnerable bullpen in relief (HR/9 1.75) (15.6% HR, +1000).  HR success rate L5/AT: 8%/12%  🧮 3-grade HR stack = 20% (9/44).  [LIVE Suppressing L5 family, pooled across variants: 15.9% 83/521 = 0.98x ⛔ BELOW BASE]","⚠️ Vuln52+  🎯 HIT SOLID: HS=62≥50 + PM=1.027 contact zone + Env=1.03≥0.95 — backtest: 69.3% hit rate / 1.06x (205 picks).  🎯 Hit grade: ⚡ Z-CONTACT BOOST (≥88%)  🎯 PitchMix wOBA 0.402  🔻 SECOND BAT ON THIS ARM (slot 6): slot 1 = 19.5% HR / 1.18x, slot 2+ = 14.2% / 0.86x (n=3,868, p=1e-05). On Vu≥52 arms the split is 27.3% vs 16.7%. HR off one pitcher are independent (0.87x conditional), so the 2nd bat carries no correlated upside — the best matchup is already taken. Deprioritised, not blocked.",18
77,A. Kirk,+880,15.5%,40.7,"🚫 NEG06 MID-POWER DEAD ZONE: Pwr=77 in 77-83 → 14%  220/1537 HR (mined 13.1% 112/852, 0.81x; band 0.86x vs Pwr<77 at 1.02x and Pwr≥84 at 1.11x — power is U-shaped and the MIDDLE is the worst place on the axis). ⚠️ NO OVERRIDE BY VULN (re-tested Aug 17 2026, full panel — see comment above): the earlier Vu>=52 exemption did not hold at the boundary (p=0.90 on the tight band) and is retired. Score>=65 WOULD override (see above) but this batter's Score=40.725 doesn't clear it — genuinely suppressed (7.42% HR vs 14.43% general base, p=0.0002; the broader rescue rule that used to exempt some of this group was removed 2026-09-08 after it failed its own neutral target on fresh data — see comment above). Deprioritize.","⛔ PASS (HR) — odds +880 in confirmed fade zone (backtest: 9.3% HR, 0.54x, 47-sl). Market fading for a reason — likely Suppressing L5, injury, or sharp movement.  Validated combination of pitch match, power, and matchup quality; PropFinder 4/9 contact gates clear: PropFinder [4/9 must-have] [L10 n=10]: 💪 ISO:0.300>0.2 + HH%:40%>40% + Air%:60%>50% + GB%:40%<40%; elite contact quality across Melton's actual pitch mix, not just one pitch type (15.5% HR, +880).  HR success rate L5/AT: 8%/12%  🧮 2-grade HR stack = 14% (28/194).  [LIVE Suppressing L5 family, pooled across variants: 15.9% 83/521 = 0.98x ⛔ BELOW BASE]","⚠️ Vuln52+  🎯 HIT SOLID: HS=64≥50 + PM=0.976 contact zone + Env=1.03≥0.95 — backtest: 69.3% hit rate / 1.06x (205 picks).  🔥 L7 power surge SLG 0.667  💥 2 HRs last 7 days  🎯 PitchMix wOBA 0.421  🔻 SECOND BAT ON THIS ARM (slot 3): slot 1 = 19.5% HR / 1.18x, slot 2+ = 14.2% / 0.86x (n=3,868, p=1e-05). On Vu≥52 arms the split is 27.3% vs 16.7%. HR off one pitcher are independent (0.87x conditional), so the 2nd bat carries no correlated upside — the best matchup is already taken. Deprioritised, not blocked.",18
74,Ivan Herrera,+980,14.3%,46.9,"🥇 📊 PITCHER TARGET (CU): pitcher weak (vuln 21), batter carry signal + 🚫 NEG03 LONG-PRICE DEAD PARK+MATCH: Odds≥+400 + Park=0.93 (0.90-1.00) + PM=0.992<1.00 → 5.6%  9/160 HR (mined 5.6% 9/160, 0.35x, p=3e-05, boot95 0.54, halves 6%/5%, 64sl). Deprioritize. + 🚫 NEG06 MID-POWER DEAD ZONE: Pwr=78 in 77-83 → 14%  220/1537 HR (mined 13.1% 112/852, 0.81x; band 0.86x vs Pwr<77 at 1.02x and Pwr≥84 at 1.11x — power is U-shaped and the MIDDLE is the worst place on the axis). ⚠️ NO OVERRIDE BY VULN (re-tested Aug 17 2026, full panel — see comment above): the earlier Vu>=52 exemption did not hold at the boundary (p=0.90 on the tight band) and is retired. Score>=65 WOULD override (see above) but this batter's Score=46.900000000000006 doesn't clear it — genuinely suppressed (7.42% HR vs 14.43% general base, p=0.0002; the broader rescue rule that used to exempt some of this group was removed 2026-09-08 after it failed its own neutral target on fresh data — see comment above). Deprioritize. + 🚫 NEG05 GENUINE SUPPRESSION: Suppressing L5 + Vuln=45<52 → 16%  83/519 HR (mined 8.1% 10/124, 0.49x, p=0.005, boot95 0.75, 26sl; gate WIDENED 47→52 on Jul 31 2026 — every sub-52 band is suppressed (0.29-0.53x) while Vu52+ inverts to 2.36x). An arm suppressing HR over its last five AND rating below the vuln gate is executing, not running hot — the 'buy low' read does not apply here. Pwr>=87 WOULD override (see above) but this batter's Power=77.9 doesn't clear it — genuinely suppressed (7.42% HR vs 14.43% general base, p=0.0002; the broader rescue rule that used to exempt some of this group was removed 2026-09-08 after it failed its own neutral target on fresh data — see comment above). Deprioritize.","⛔ PASS (HR) — odds +980 in confirmed fade zone (backtest: 9.3% HR, 0.54x, 47-sl). Market fading for a reason — likely Suppressing L5, injury, or sharp movement.  Validated combination of pitch match, power, and matchup quality; 4 BZM-SZN zone overlap (SI): up, up/out, mid-out, low — 4 overlapping zones where Roupp locates his pitch AND Herrera has ≥.400 xwOBA (+8 conv); ⚠️ Roupp suppressing L5 — 0.66 HR/9 recently vs 1.20 season avg. Vu45<52: suppression may reflect genuine L5 execution, not just noise. Do not treat as automatic buy-low.; Herrera crushes the exact pitch Roupp relies on most; ⚠️ short start projected — bullpen exposure caps the ceiling (14.3% HR, +980).  HR success rate L5/AT: 14%/21%  🧮 7-grade HR stack = ~18% (no full-set history; 4-of-7 overlap).  [LIVE Suppressing L5 family, pooled across variants: 15.9% 83/521 = 0.98x ⛔ BELOW BASE]","🔥🔥 SCREAM HIT: HS40+Sig2 (60.2%  97/161 AT, L5 62.2%  L5)  🎯 Hit grade: 🔥🔥 SCREAM HIT: HS40+Sig2   🎯 Pitch corr: Pitcher's SI → wOBA 0.383 allowed | Batt  🎯 🎯 4 BZM-SZN (SI): up, up/out, mid-out, low  🎯 BZM_3plus+conv → 45% HR (2.9x, n=11, 57-sl CSV)  [LIVE BZM_3plus+conv family, pooled across variants: 19.0% 28/147 = 1.17x]  🔻 SECOND BAT ON THIS ARM (slot 3): slot 1 = 19.5% HR / 1.18x, slot 2+ = 14.2% / 0.86x (n=3,868, p=1e-05). On Vu≥52 arms the split is 27.3% vs 16.7%. HR off one pitcher are independent (0.87x conditional), so the 2nd bat carries no correlated upside — the best matchup is already taken. Deprioritised, not blocked.",16
🥉,V. Guerrero,+520,32.0%,65.0,"🥇 📊 PITCHER TARGET (SL): pitcher weak (vuln 48), batter carry signal + 🚫 NEG06 MID-POWER DEAD ZONE: Pwr=80 in 77-83 → 14%  220/1537 HR (mined 13.1% 112/852, 0.81x baseline for the flag). ⚠️ SCORE OVERRIDE APPLIES: Score=65>=65 — this specific subgroup runs 19.35% HR (1.79x, p=0.0317, n=62, 26sl), ABOVE the general slate base, not merely less-bad. Treat as softened/neutral, not a hard deprioritize. (Distinct from the Vuln override tested and rejected Aug 17 2026 — that was a different candidate.)","⛔ PASS (HR) — Vuln 52+ trap (0.69x).  Validated combination of pitch match, power, and matchup quality; strong HR-contact profile (5/9 PropFinder gates): PropFinder [5/9 must-have] [L10 n=10]: 💪 ISO:0.500>0.2 + HH%:50%>40% + Air%:50%>50% + Blast%:40.0%>15% + Pull%:50%>30% (32.0% HR, +520).  HR success rate L5/AT: 8%/12%  🧮 2-grade HR stack = 14% (28/194).","⚠️ Vuln52+  🎯 HIT SOLID: HS=58≥50 + PM=0.989 contact zone + Env=1.03≥0.95 — backtest: 69.3% hit rate / 1.06x (205 picks).  🎯 Hit grade: ⭐ HIGH+Top3 + 🔥 L10 BBE v  🔥 L7 power surge SLG 0.583  🏆 TOP-RANKED CARD POSITION #3: post-fix top-3 by medal rank running 55.6% HR (10/18, 6sl since Aug 4) vs 17.9% pre-fix (43/240, 80sl) — Fisher p=0.0007, bootstrap 90% CI [+12.4pp, +62.5pp], base rate flat over the same window (not a hot league). Still thin (6 post-fix slates) — watch as it accumulates. Differentiator only, zero conviction credit.  🔻 SECOND BAT ON THIS ARM (slot 4): slot 1 = 19.5% HR / 1.18x, slot 2+ = 14.2% / 0.86x (n=3,868, p=1e-05). On Vu≥52 arms the split is 27.3% vs 16.7%. HR off one pitcher are independent (0.87x conditional), so the 2nd bat carries no correlated upside — the best matchup is already taken. Deprioritised, not blocked.  🥇 MEDAL-RANK GUARANTEE (medal #3): bypassed the Priority Tier's Vuln>=52 gate on medal-rank position alone. Medal-rank top-3 running 55.6% HR / 90.5% Hit since Aug 4 (10/18, 19/21, 6-7sl) vs ~5-8% overlap between medal top-3 and what card selection otherwise produces - two near-independent rankings. Still young (6-7 post-fix slates) - tracked separately from Priority Tier, revisit past ~20sl.",15
31,Pete Alonso,+310,14.4%,63.8,"🥇 🔥 SIG+PM HR + 🚫 NEG05 GENUINE SUPPRESSION: Suppressing L5 + Vuln=38<52 → 16%  83/519 HR (mined 8.1% 10/124, 0.49x, p=0.005, boot95 0.75, 26sl; gate WIDENED 47→52 on Jul 31 2026 — every sub-52 band is suppressed (0.29-0.53x) while Vu52+ inverts to 2.36x). An arm suppressing HR over its last five AND rating below the vuln gate is executing, not running hot — the 'buy low' read does not apply here. Pwr>=87 WOULD override (see above) but this batter's Power=86.1 doesn't clear it — genuinely suppressed (7.42% HR vs 14.43% general base, p=0.0002; the broader rescue rule that used to exempt some of this group was removed 2026-09-08 after it failed its own neutral target on fresh data — see comment above). Deprioritize.","🟡 LEAN (HR) — moderate edge, no top driver.  Alonso is strong on the exact pitch Tong relies on most — the four-seamer; strong HR-contact profile (5/9 PropFinder gates): PropFinder [5/9 must-have] [L10 n=10]: 💪 ISO:0.300>0.2 + Air%:50%>50% + GB%:40%<40% + Blast%:20.0%>15% + Pull%:60%>30%; ⚠️ Tong suppressing L5 — 0.63 HR/9 recently vs 1.20 season avg. Vu38<52: suppression may reflect genuine L5 execution, not just noise. Do not treat as automatic buy-low.; market is on the same side as the model; elite 86 raw power (14.4% HR, +310).  HR success rate L5/AT: 17%/16%  🧮 4-grade HR stack = ~20% (no full-set history; 3-of-4 overlap).","⚡ K-Danger vs today  ⚠️ Elite arm (Vuln 38) — hit suppressed  ⚠️ MID-HS DULL (HS 40-49 + Vuln<47): HS=43, Vuln=38 — backtest 54.8% hit / 0.93x (n=498, 85-sl CSV Jul27, perm p=0.007). Cold bats (HS<40) outperform this zone. Deprioritize vs HS<40 or SCREAM HIT picks at same tier.  🎯 Hit grade: 🔥 SIG+PM HIT + 🔥 L10 BBE   🔓 Gate Override [RETIRED signal — 0.84x, 0/11 post-ASG]  📈 L7 SLG 0.591  💥 2 HRs last 7 days  💥 FF edge 0.425  🔻 SECOND BAT ON THIS ARM (slot 3): slot 1 = 19.5% HR / 1.18x, slot 2+ = 14.2% / 0.86x (n=3,868, p=1e-05). On Vu≥52 arms the split is 27.3% vs 16.7%. HR off one pitcher are independent (0.87x conditional), so the 2nd bat carries no correlated upside — the best matchup is already taken. Deprioritised, not blocked.",14
15,F. Lindor,+410,19.8%,59.6,"🥇 🚫 NEG06 MID-POWER DEAD ZONE: Pwr=81 in 77-83 → 14%  220/1537 HR (mined 13.1% 112/852, 0.81x; band 0.86x vs Pwr<77 at 1.02x and Pwr≥84 at 1.11x — power is U-shaped and the MIDDLE is the worst place on the axis). ⚠️ NO OVERRIDE BY VULN (re-tested Aug 17 2026, full panel — see comment above): the earlier Vu>=52 exemption did not hold at the boundary (p=0.90 on the tight band) and is retired. Score>=65 WOULD override (see above) but this batter's Score=59.599999999999994 doesn't clear it — genuinely suppressed (7.42% HR vs 14.43% general base, p=0.0002; the broader rescue rule that used to exempt some of this group was removed 2026-09-08 after it failed its own neutral target on fresh data — see comment above). Deprioritize. + 🌤️ FB50 LOFT + GROUND SUPPRESSION: FB%60 (>50) + GB%30 (<40) → 1.42x HR (Jul 1.31x / Aug 1.58x p=0.045, n=187 combined; tuned on July, held out-of-sample on August). +5 conv.","⛔ PASS (HR) — Vuln 52+ trap (0.69x).  Validated combination of pitch match, power, and matchup quality; strong HR-contact profile (6/9 PropFinder gates): ISO:0.600>0.2 + HH%:50%>40% + Air%:70%>50% + GB%:30%<40% + FB%:60%>35% + Pull%:90%>30%; Young is HR-prone L5 — 2.69 HR/9 recently vs 1.20 season avg, getting hit hard right now (19.8% HR, +410).  HR success rate L5/AT: 8%/12%  🧮 3-grade HR stack = 20% (9/44).  [LIVE HR-prone L5 family, pooled across variants: 21.7% 20/92 = 1.33x]","⚠️ Vuln52+  ℹ️ Short-start env (Env=0.89<0.90) but Vuln=52≥47 — NOT excluded: 57.9% hit / 0.98x (n=57, 85-sl CSV Jul27). The short-start penalty is a pitcher-quality effect, not an environment one.  🎯 Hit grade: ⚡ Z-CONTACT BOOST (≥88%)   🔥 L7 power surge SLG 0.714  💥 4 HRs last 7 days  🔻 SECOND BAT ON THIS ARM (slot 5): slot 1 = 19.5% HR / 1.18x, slot 2+ = 14.2% / 0.86x (n=3,868, p=1e-05). On Vu≥52 arms the split is 27.3% vs 16.7%. HR off one pitcher are independent (0.87x conditional), so the 2nd bat carries no correlated upside — the best matchup is already taken. Deprioritised, not blocked.",13
38,Cal Raleigh,+340,13.8%,38.4,"🥇 🚫 NEG06 MID-POWER DEAD ZONE: Pwr=81 in 77-83 → 14%  220/1537 HR (mined 13.1% 112/852, 0.81x; band 0.86x vs Pwr<77 at 1.02x and Pwr≥84 at 1.11x — power is U-shaped and the MIDDLE is the worst place on the axis). ⚠️ NO OVERRIDE BY VULN (re-tested Aug 17 2026, full panel — see comment above): the earlier Vu>=52 exemption did not hold at the boundary (p=0.90 on the tight band) and is retired. Score>=65 WOULD override (see above) but this batter's Score=38.4 doesn't clear it — genuinely suppressed (7.42% HR vs 14.43% general base, p=0.0002; the broader rescue rule that used to exempt some of this group was removed 2026-09-08 after it failed its own neutral target on fresh data — see comment above). Deprioritize. + 🌤️ FB50 LOFT + GROUND SUPPRESSION: FB%60 (>50) + GB%40 (<40) → 1.42x HR (Jul 1.31x / Aug 1.58x p=0.045, n=187 combined; tuned on July, held out-of-sample on August). +5 conv.","🟡 LEAN (HR) — moderate edge, no top driver.  Validated combination of pitch match, power, and matchup quality; strong HR-contact profile (6/9 PropFinder gates): HH%:50%>40% + Air%:60%>50% + GB%:40%<40% + PullBrl%:12.2>10 + FB%:60%>35% + Pull%:50%>30%; 🔵 PropFinder [6/9 must-have] [L10 n=10]: 🔥 ELITE CONTACT PROFILE: PullBrl%>12.2 + FB%>60.0% — both elite HR-profile gates clear (+5 conv bonus, stackable) · ✅ 6/9 gates (display only — 1.11x) · ❌ ISO:0.084 [ISO>0.2 ✗] · ❌ Barrel%:0.0% [Barrel%>15% ✗] · 💪 HH%:50%>40% (must-have) · 🌤️ Air%:60%>50% (must-have) · 🔻 GB%:40%<40% (must-have) · 🎯 PullBrl%:12.2>10 (must-have) · 🌤️ FB%:60%>35% (must-have) · ❌ Blast%:10.0% [Blast%>15% ✗] · ↙ Pull%:50%>30% (must-have) (13.8% HR, +340).  HR success rate L5/AT: 14%/21%  🧮 2-grade HR stack = 14% (28/194).  [LIVE PullBrl family, pooled across variants: 6.7% 1/15 = 0.41x ⛔ BELOW BASE]","⚡ K-Danger vs zone  🎯 Hit grade: 🔥 L10 BBE vs FF: 2HR/10BB  🏟️ RHB park 1.120x  🔻 SECOND BAT ON THIS ARM (slot 4): slot 1 = 19.5% HR / 1.18x, slot 2+ = 14.2% / 0.86x (n=3,868, p=1e-05). On Vu≥52 arms the split is 27.3% vs 16.7%. HR off one pitcher are independent (0.87x conditional), so the 2nd bat carries no correlated upside — the best matchup is already taken. Deprioritised, not blocked.",12
61,Ian Happ,+520,14.3%,54.8,"🚫 NEG06 MID-POWER DEAD ZONE: Pwr=80 in 77-83 → 14%  220/1537 HR (mined 13.1% 112/852, 0.81x; band 0.86x vs Pwr<77 at 1.02x and Pwr≥84 at 1.11x — power is U-shaped and the MIDDLE is the worst place on the axis). ⚠️ NO OVERRIDE BY VULN (re-tested Aug 17 2026, full panel — see comment above): the earlier Vu>=52 exemption did not hold at the boundary (p=0.90 on the tight band) and is retired. Score>=65 WOULD override (see above) but this batter's Score=54.8 doesn't clear it — genuinely suppressed (7.42% HR vs 14.43% general base, p=0.0002; the broader rescue rule that used to exempt some of this group was removed 2026-09-08 after it failed its own neutral target on fresh data — see comment above). Deprioritize.","🟡 LEAN (HR) — moderate edge, no top driver.  Validated combination of pitch match, power, and matchup quality; PropFinder 3/9 contact gates clear: PropFinder [3/9 must-have] [L10 n=10]: 💪 ISO:0.225>0.2 + HH%:60%>40% + Pull%:70%>30%; López is HR-prone L5 — 1.83 HR/9 recently vs 1.20 season avg, getting hit hard right now; ⚠️ park and short-start both suppressing — check game time (14.3% HR, +520).  HR success rate L5/AT: 14%/21%  🧮 4-grade HR stack = 12% (1/8).  [LIVE HR-prone L5 family, pooled across variants: 21.7% 20/92 = 1.33x]","❄️ Cold  🚫 No-signal  ℹ️ ShortStart+Vuln (Score=55<60): 17.2% HR / 1.05x (22/128) — neutral. The Score≥60 tier runs 1.71x; below 60 there is no edge either way. [Hard exclude RETIRED Aug 1 2026 — no suppression applied.]  [LIVE ShortStart+Vuln family, pooled across variants: 19.4% 70/361 = 1.19x]  🎯 Hit grade: ❄️ ICE COLD + ⚡ Z-CONTACT  🔻 SECOND BAT ON THIS ARM (slot 2): slot 1 = 19.5% HR / 1.18x, slot 2+ = 14.2% / 0.86x (n=3,868, p=1e-05). On Vu≥52 arms the split is 27.3% vs 16.7%. HR off one pitcher are independent (0.87x conditional), so the 2nd bat carries no correlated upside — the best matchup is already taken. Deprioritised, not blocked.",10
39,C. Encarnacion-Strand,+410,13.6%,38.0,"🥇 🚫 NEG06 MID-POWER DEAD ZONE: Pwr=80 in 77-83 → 14%  220/1537 HR (mined 13.1% 112/852, 0.81x; band 0.86x vs Pwr<77 at 1.02x and Pwr≥84 at 1.11x — power is U-shaped and the MIDDLE is the worst place on the axis). ⚠️ NO OVERRIDE BY VULN (re-tested Aug 17 2026, full panel — see comment above): the earlier Vu>=52 exemption did not hold at the boundary (p=0.90 on the tight band) and is retired. Score>=65 WOULD override (see above) but this batter's Score=37.95 doesn't clear it — genuinely suppressed (7.42% HR vs 14.43% general base, p=0.0002; the broader rescue rule that used to exempt some of this group was removed 2026-09-08 after it failed its own neutral target on fresh data — see comment above). Deprioritize. + 🚫 NEG05 GENUINE SUPPRESSION: Suppressing L5 + Vuln=38<52 → 16%  83/519 HR (mined 8.1% 10/124, 0.49x, p=0.005, boot95 0.75, 26sl; gate WIDENED 47→52 on Jul 31 2026 — every sub-52 band is suppressed (0.29-0.53x) while Vu52+ inverts to 2.36x). An arm suppressing HR over its last five AND rating below the vuln gate is executing, not running hot — the 'buy low' read does not apply here. Pwr>=87 WOULD override (see above) but this batter's Power=79.9 doesn't clear it — genuinely suppressed (7.42% HR vs 14.43% general base, p=0.0002; the broader rescue rule that used to exempt some of this group was removed 2026-09-08 after it failed its own neutral target on fresh data — see comment above). Deprioritize.","🟡 LEAN (HR) — moderate edge, no top driver.  Validated combination of pitch match, power, and matchup quality; PropFinder 4/9 contact gates clear: Air%:60%>50% + GB%:40%<40% + FB%:40%>35% + Pull%:40%>30%; ⚠️ Tong suppressing L5 — 0.63 HR/9 recently vs 1.20 season avg. Vu38<52: suppression may reflect genuine L5 execution, not just noise. Do not treat as automatic buy-low.; ⚠️ short start projected — bullpen exposure caps the ceiling (13.6% HR, +410).  HR success rate L5/AT: 14%/21%  🧮 4-grade HR stack = 0% (0/7).","❄️ Cold  ⚠️ Elite arm (Vuln 38) — hit suppressed  🎯 Hit grade: ❄️ ICE COLD + 🔥 L10 BBE v  🔻 SECOND BAT ON THIS ARM (slot 4): slot 1 = 19.5% HR / 1.18x, slot 2+ = 14.2% / 0.86x (n=3,868, p=1e-05). On Vu≥52 arms the split is 27.3% vs 16.7%. HR off one pitcher are independent (0.87x conditional), so the 2nd bat carries no correlated upside — the best matchup is already taken. Deprioritised, not blocked.",10
67,Coby Mayo,+410,13.6%,53.8,"🥇 🚫 NEG06 MID-POWER DEAD ZONE: Pwr=82 in 77-83 → 14%  220/1537 HR (mined 13.1% 112/852, 0.81x; band 0.86x vs Pwr<77 at 1.02x and Pwr≥84 at 1.11x — power is U-shaped and the MIDDLE is the worst place on the axis). ⚠️ NO OVERRIDE BY VULN (re-tested Aug 17 2026, full panel — see comment above): the earlier Vu>=52 exemption did not hold at the boundary (p=0.90 on the tight band) and is retired. Score>=65 WOULD override (see above) but this batter's Score=53.849999999999994 doesn't clear it — genuinely suppressed (7.42% HR vs 14.43% general base, p=0.0002; the broader rescue rule that used to exempt some of this group was removed 2026-09-08 after it failed its own neutral target on fresh data — see comment above). Deprioritize. + 🚫 NEG05 GENUINE SUPPRESSION: Suppressing L5 + Vuln=38<52 → 16%  83/519 HR (mined 8.1% 10/124, 0.49x, p=0.005, boot95 0.75, 26sl; gate WIDENED 47→52 on Jul 31 2026 — every sub-52 band is suppressed (0.29-0.53x) while Vu52+ inverts to 2.36x). An arm suppressing HR over its last five AND rating below the vuln gate is executing, not running hot — the 'buy low' read does not apply here. Pwr>=87 WOULD override (see above) but this batter's Power=82.5 doesn't clear it — genuinely suppressed (7.42% HR vs 14.43% general base, p=0.0002; the broader rescue rule that used to exempt some of this group was removed 2026-09-08 after it failed its own neutral target on fresh data — see comment above). Deprioritize.","🟡 LEAN (HR) — moderate edge, no top driver.  Validated combination of pitch match, power, and matchup quality; PropFinder 3/9 contact gates clear: PropFinder [3/9 must-have] [L10 n=10]: 💪 ISO:0.300>0.2 + HH%:40%>40% + Pull%:50%>30%; ⚠️ Tong suppressing L5 — 0.63 HR/9 recently vs 1.20 season avg. Vu38<52: suppression may reflect genuine L5 execution, not just noise. Do not treat as automatic buy-low.; ⚠️ short start projected — bullpen exposure caps the ceiling (13.6% HR, +410).  HR success rate L5/AT: 14%/21%  🧮 4-grade HR stack = 13% (2/15).","⚠️ K-Warning  ⚠️ Elite arm (Vuln 38) — hit suppressed  ⚠️ MID-HS DULL (HS 40-49 + Vuln<47): HS=43, Vuln=38 — backtest 54.8% hit / 0.93x (n=498, 85-sl CSV Jul27, perm p=0.007). Cold bats (HS<40) outperform this zone. Deprioritize vs HS<40 or SCREAM HIT picks at same tier.  🎯 Hit grade: 🔥 L10 BBE vs CU: 2HR/10BB  🔥 L7 power surge SLG 0.750  💥 4 HRs last 7 days  💪 Elite HR/PA vs RHP (5.7%)  🔻 SECOND BAT ON THIS ARM (slot 5): slot 1 = 19.5% HR / 1.18x, slot 2+ = 14.2% / 0.86x (n=3,868, p=1e-05). On Vu≥52 arms the split is 27.3% vs 16.7%. HR off one pitcher are independent (0.87x conditional), so the 2nd bat carries no correlated upside — the best matchup is already taken. Deprioritised, not blocked.",10
54,Jared Young,+590,19.9%,41.3,"🥇 📊 PITCHER TARGET (FF): pitcher weak (vuln 36), batter carry signal + 🚫 NEG06 MID-POWER DEAD ZONE: Pwr=81 in 77-83 → 14%  220/1537 HR (mined 13.1% 112/852, 0.81x; band 0.86x vs Pwr<77 at 1.02x and Pwr≥84 at 1.11x — power is U-shaped and the MIDDLE is the worst place on the axis). ⚠️ NO OVERRIDE BY VULN (re-tested Aug 17 2026, full panel — see comment above): the earlier Vu>=52 exemption did not hold at the boundary (p=0.90 on the tight band) and is retired. Score>=65 WOULD override (see above) but this batter's Score=41.275000000000006 doesn't clear it — genuinely suppressed (7.42% HR vs 14.43% general base, p=0.0002; the broader rescue rule that used to exempt some of this group was removed 2026-09-08 after it failed its own neutral target on fresh data — see comment above). Deprioritize.","⛔ PASS (HR) — Vuln 52+ trap (0.69x).  Validated combination of pitch match, power, and matchup quality; elite HR-contact profile (7/9 PropFinder gates): ISO:0.300>0.2 + HH%:50%>40% + Air%:60%>50% + GB%:30%<40% + FB%:40%>35% + Blast%:20.0%>15% + Pull%:80%>30%; Young is HR-prone L5 — 2.69 HR/9 recently vs 1.20 season avg, getting hit hard right now (19.9% HR, +590).  HR success rate L5/AT: 8%/12%  🧮 3-grade HR stack = 20% (9/44).  [LIVE HR-prone L5 family, pooled across variants: 21.7% 20/92 = 1.33x]","⚠️ Vuln52+  🎯 Hit grade: ⚡ Z-CONTACT BOOST (≥88%)   🔻 SECOND BAT ON THIS ARM (slot 6): slot 1 = 19.5% HR / 1.18x, slot 2+ = 14.2% / 0.86x (n=3,868, p=1e-05). On Vu≥52 arms the split is 27.3% vs 16.7%. HR off one pitcher are independent (0.87x conditional), so the 2nd bat carries no correlated upside — the best matchup is already taken. Deprioritised, not blocked.",9
62,L. Bernal,+880,14.3%,54.1,"🥇 🎯 MID-SCORE HR + 🚫 NEG05 GENUINE SUPPRESSION: Suppressing L5 + Vuln=45<52 → 16%  83/519 HR (mined 8.1% 10/124, 0.49x baseline for the flag). ⚠️ POWER OVERRIDE APPLIES: Pwr=88>=87 — this specific subgroup runs 19.39% HR (1.68x, p=0.0128, n=98, 26sl), ABOVE the general slate base, not merely less-bad. Treat as softened/neutral, not a hard deprioritize.  ·  🔥 Sig+PM","⛔ PASS (HR) — odds +880 in confirmed fade zone (backtest: 9.3% HR, 0.54x, 47-sl). Market fading for a reason — likely Suppressing L5, injury, or sharp movement.  SCREAM legacy match (Power-Vuln) [RETIRED family — 0.88x, no conv credit] (CSV: 23.9% HR 1.50x validated; top conviction combo — onviction combo in the model); elite HR-contact profile (7/9 PropFinder gates): ISO:0.229>0.2 + HH%:68%>40% + Air%:71%>50% + GB%:29%<40% + FB%:40%>35% + Blast%:28.3%>15% + Pull%:45%>30%; ⚠️ Roupp suppressing L5 — 0.66 HR/9 recently vs 1.20 season avg. Vu45<52: suppression may reflect genuine L5 execution, not just noise. Do not treat as automatic buy-low.; Mid-range composite score with market signal confirmation — the sweet spot the model targets; ⚠️ short start projected — bullpen exposure caps the ceiling (14.3% HR, +880).  HR success rate L5/AT: 50%/15%  🧮 5-grade HR stack = 100% (1/1).  [LIVE Suppressing L5 family, pooled across variants: 15.9% 83/521 = 0.98x ⛔ BELOW BASE]","⚠️ MID-HS DULL (HS 40-49 + Vuln<47): HS=49, Vuln=45 — backtest 54.8% hit / 0.93x (n=498, 85-sl CSV Jul27, perm p=0.007). Cold bats (HS<40) outperform this zone. Deprioritize vs HS<40 or SCREAM HIT picks at same tier.  🎯 SWEET PM (hit-only): 71.9% hit / 1.15x — HR edge RETIRED (12.5% HR / 0.76x, n=160, 72-sl CSV Jul26)  [LIVE SWEET PM family, pooled across variants: 17.9% 17/95 = 1.10x]  🚨 SCREAM legacy match (Power-Vuln) [RETIRED family — 0.88x, no conv credit]  🎯 Hit grade: 🔥 SIG+PM HIT + 🔥 L10 BBE   🔓 Gate Override [RETIRED signal — 0.84x, 0/11 post-ASG]  🔥 L7 power surge SLG 0.542  💥 2 HRs last 7 days  💪 Elite HR/PA vs RHP (5.8%)  🔻 SECOND BAT ON THIS ARM (slot 4): slot 1 = 19.5% HR / 1.18x, slot 2+ = 14.2% / 0.86x (n=3,868, p=1e-05). On Vu≥52 arms the split is 27.3% vs 16.7%. HR off one pitcher are independent (0.87x conditional), so the 2nd bat carries no correlated upside — the best matchup is already taken. Deprioritised, not blocked.",8
35,T. Peters,+920,13.6%,41.7,"🚫 NEG06 MID-POWER DEAD ZONE: Pwr=77 in 77-83 → 14%  220/1537 HR (mined 13.1% 112/852, 0.81x; band 0.86x vs Pwr<77 at 1.02x and Pwr≥84 at 1.11x — power is U-shaped and the MIDDLE is the worst place on the axis). ⚠️ NO OVERRIDE BY VULN (re-tested Aug 17 2026, full panel — see comment above): the earlier Vu>=52 exemption did not hold at the boundary (p=0.90 on the tight band) and is retired. Score>=65 WOULD override (see above) but this batter's Score=41.724999999999994 doesn't clear it — genuinely suppressed (7.42% HR vs 14.43% general base, p=0.0002; the broader rescue rule that used to exempt some of this group was removed 2026-09-08 after it failed its own neutral target on fresh data — see comment above). Deprioritize.","⛔ PASS (HR) — odds +920 in confirmed fade zone (backtest: 9.3% HR, 0.54x, 47-sl). Market fading for a reason — likely Suppressing L5, injury, or sharp movement.  Validated combination of pitch match, power, and matchup quality; Williams is HR-prone L5 — 1.72 HR/9 recently vs 1.20 season avg, getting hit hard right now (13.6% HR, +920).  HR success rate L5/AT: 14%/21%  🧮 3-grade HR stack = 8% (3/40).  [LIVE Suppressing L5 family, pooled across variants: 15.9% 83/521 = 0.98x ⛔ BELOW BASE]","⚠️ Elite arm (Vuln 31) — hit suppressed  ⚠️ MID-HS DULL (HS 40-49 + Vuln<47): HS=41, Vuln=31 — backtest 54.8% hit / 0.93x (n=498, 85-sl CSV Jul27, perm p=0.007). Cold bats (HS<40) outperform this zone. Deprioritize vs HS<40 or SCREAM HIT picks at same tier.  🔥🔥 SCREAM HIT: HS41+Sig2 (60.2%  97/161 AT, L5 62.2%  L5)  🎯 Hit grade: 🔥🔥 SCREAM HIT: HS41+Sig2   🔻 SECOND BAT ON THIS ARM (slot 2): slot 1 = 19.5% HR / 1.18x, slot 2+ = 14.2% / 0.86x (n=3,868, p=1e-05). On Vu≥52 arms the split is 27.3% vs 16.7%. HR off one pitcher are independent (0.87x conditional), so the 2nd bat carries no correlated upside — the best matchup is already taken. Deprioritised, not blocked.",4
47,Cole Carrigg,+630,16.5%,13.5,"🥇 🧊 ICE COLD HR + 🚫 NEG06 MID-POWER DEAD ZONE: Pwr=82 in 77-83 → 14%  220/1537 HR (mined 13.1% 112/852, 0.81x; band 0.86x vs Pwr<77 at 1.02x and Pwr≥84 at 1.11x — power is U-shaped and the MIDDLE is the worst place on the axis). ⚠️ NO OVERRIDE BY VULN (re-tested Aug 17 2026, full panel — see comment above): the earlier Vu>=52 exemption did not hold at the boundary (p=0.90 on the tight band) and is retired. Score>=65 WOULD override (see above) but this batter's Score=13.491 doesn't clear it — genuinely suppressed (7.42% HR vs 14.43% general base, p=0.0002; the broader rescue rule that used to exempt some of this group was removed 2026-09-08 after it failed its own neutral target on fresh data — see comment above). Deprioritize.","⛔ PASS (HR) — odds +630 in confirmed fade zone (backtest: 9.3% HR, 0.54x, 47-sl). Market fading for a reason — likely Suppressing L5, injury, or sharp movement.  Cold bat the market is overpenalizing — power profile is still dangerous and the model has validated this pattern; Mize is HR-prone L5 — 2.57 HR/9 recently vs 1.20 season avg, getting hit hard right now (16.5% HR, +630).  HR success rate L5/AT: 16%/11%  🧮 3-grade HR stack = 13% (6/47).  [LIVE Suppressing L5 family, pooled across variants: 15.9% 83/521 = 0.98x ⛔ BELOW BASE]","⚠️ Vuln52+  ❄️ Cold  🎯 HT01 Deep-Lineup Ice-Cold Contact Bat: EstPA≥4.6 + HS<15 (ice cold) + Score<45 + Sig<1 → 96.4% Hit (1.54x, n=28, 21sl)  [LIVE EstPA family, pooled across variants: 14.7% 5/34 = 0.90x ⛔ BELOW BASE]  🎯 Hit grade: ❄️ ICE COLD  🔻 SECOND BAT ON THIS ARM (slot 4): slot 1 = 19.5% HR / 1.18x, slot 2+ = 14.2% / 0.86x (n=3,868, p=1e-05). On Vu≥52 arms the split is 27.3% vs 16.7%. HR off one pitcher are independent (0.87x conditional), so the 2nd bat carries no correlated upside — the best matchup is already taken. Deprioritised, not blocked.",2
19,Steven Kwan,+2200,20.1%,55.4,"🥇 🚫 NEG03 LONG-PRICE DEAD PARK+MATCH: Odds≥+400 + Park=0.99 (0.90-1.00) + PM=0.940<1.00 → 5.6%  9/160 HR (mined 5.6% 9/160, 0.35x, p=3e-05, boot95 0.54, halves 6%/5%, 64sl). Deprioritize. + 🚫 NEG06 MID-POWER DEAD ZONE: Pwr=83 in 77-83 → 14%  220/1537 HR (mined 13.1% 112/852, 0.81x; band 0.86x vs Pwr<77 at 1.02x and Pwr≥84 at 1.11x — power is U-shaped and the MIDDLE is the worst place on the axis). ⚠️ NO OVERRIDE BY VULN (re-tested Aug 17 2026, full panel — see comment above): the earlier Vu>=52 exemption did not hold at the boundary (p=0.90 on the tight band) and is retired. Score>=65 WOULD override (see above) but this batter's Score=55.375 doesn't clear it — genuinely suppressed (7.42% HR vs 14.43% general base, p=0.0002; the broader rescue rule that used to exempt some of this group was removed 2026-09-08 after it failed its own neutral target on fresh data — see comment above). Deprioritize.","⛔ PASS (HR) — odds +2200 in confirmed fade zone (backtest: 9.3% HR, 0.54x, 47-sl). Market fading for a reason — likely Suppressing L5, injury, or sharp movement.  Validated combination of pitch match, power, and matchup quality; strong HR-contact profile (5/9 PropFinder gates): PropFinder [5/9 must-have] [L10 n=10]: 💪 ISO:0.400>0.2 + Air%:70%>50% + GB%:30%<40% + Blast%:100.0%>15% + Pull%:60%>30%; ⚠️ soft arm already priced in — 0.73× HR rate modifier applies (20.1% HR, +2200).  HR success rate L5/AT: 11%/16%  🧮 3-grade HR stack = 14% (1/7).  [LIVE Suppressing L5 family, pooled across variants: 15.9% 83/521 = 0.98x ⛔ BELOW BASE]","⚠️ Vuln42-44 ↓grade  🚫 No-signal  ℹ️ HS=68 in the old 65-70 regression window [HIT REGRESSION RISK RETIRED Jul 29 2026 — 50.0% hit / 0.80x on n=22, bootstrap [0.52,1.07] crosses 1.0, and HS 60-65 runs 1.12x. No deprioritization applied]  🎯 HIT SWEET SPOT: HS=68≥50 + PM=0.940 contact zone (0.90-1.06) + Vuln=43 (38-44 sweet) + Env=0.96≥0.95 — backtest: 77.9% hit rate / 1.20x (68 picks, 72 slates). Top hit pick tier.  🎯 Hit grade: 🎯 SHARP HIT  🔥 L7 power surge SLG 0.577  🔻 SECOND BAT ON THIS ARM (slot 2): slot 1 = 19.5% HR / 1.18x, slot 2+ = 14.2% / 0.86x (n=3,868, p=1e-05). On Vu≥52 arms the split is 27.3% vs 16.7%. HR off one pitcher are independent (0.87x conditional), so the 2nd bat carries no correlated upside — the best matchup is already taken. Deprioritised, not blocked.",0
91,Adael Amador,+680,19.9%,19.7,"🚫 NEG06 MID-POWER DEAD ZONE: Pwr=80 in 77-83 → 14%  220/1537 HR (mined 13.1% 112/852, 0.81x; band 0.86x vs Pwr<77 at 1.02x and Pwr≥84 at 1.11x — power is U-shaped and the MIDDLE is the worst place on the axis). ⚠️ NO OVERRIDE BY VULN (re-tested Aug 17 2026, full panel — see comment above): the earlier Vu>=52 exemption did not hold at the boundary (p=0.90 on the tight band) and is retired. Score>=65 WOULD override (see above) but this batter's Score=19.665 doesn't clear it — genuinely suppressed (7.42% HR vs 14.43% general base, p=0.0002; the broader rescue rule that used to exempt some of this group was removed 2026-09-08 after it failed its own neutral target on fresh data — see comment above). Deprioritize.","⛔ PASS (HR) — odds +680 in confirmed fade zone (backtest: 9.3% HR, 0.54x, 47-sl). Market fading for a reason — likely Suppressing L5, injury, or sharp movement.  Validated combination of pitch match, power, and matchup quality; Mize is HR-prone L5 — 2.57 HR/9 recently vs 1.20 season avg, getting hit hard right now (19.9% HR, +680).  HR success rate L5/AT: 8%/12%  🧮 2-grade HR stack = 14% (28/194).  [LIVE Suppressing L5 family, pooled across variants: 15.9% 83/521 = 0.98x ⛔ BELOW BASE]","⚠️ Vuln52+  🎯 HIT SOLID: HS=62≥50 + PM=0.997 contact zone + Env=1.61≥0.95 — backtest: 69.3% hit rate / 1.06x (205 picks).  🔥 L7 power surge SLG 0.706  💥 2 HRs last 7 days  💪 Elite HR/PA vs RHP (7.5%)  🏟️ Elite home SLG 0.652  🔻 SECOND BAT ON THIS ARM (slot 5): slot 1 = 19.5% HR / 1.18x, slot 2+ = 14.2% / 0.86x (n=3,868, p=1e-05). On Vu≥52 arms the split is 27.3% vs 16.7%. HR off one pitcher are independent (0.87x conditional), so the 2nd bat carries no correlated upside — the best matchup is already taken. Deprioritised, not blocked.",0
21,Pedro Ramirez,+820,19.8%,55.0,"🚫 NEG06 MID-POWER DEAD ZONE: Pwr=78 in 77-83 → 14%  220/1537 HR (mined 13.1% 112/852, 0.81x; band 0.86x vs Pwr<77 at 1.02x and Pwr≥84 at 1.11x — power is U-shaped and the MIDDLE is the worst place on the axis). ⚠️ NO OVERRIDE BY VULN (re-tested Aug 17 2026, full panel — see comment above): the earlier Vu>=52 exemption did not hold at the boundary (p=0.90 on the tight band) and is retired. Score>=65 WOULD override (see above) but this batter's Score=54.95 doesn't clear it — genuinely suppressed (7.42% HR vs 14.43% general base, p=0.0002; the broader rescue rule that used to exempt some of this group was removed 2026-09-08 after it failed its own neutral target on fresh data — see comment above). Deprioritize.","⛔ PASS (HR) — odds +820 in confirmed fade zone (backtest: 9.3% HR, 0.54x, 47-sl). Market fading for a reason — likely Suppressing L5, injury, or sharp movement.  Validated combination of pitch match, power, and matchup quality; strong HR-contact profile (6/9 PropFinder gates): ISO:0.500>0.2 + HH%:60%>40% + Air%:50%>50% + GB%:30%<40% + Blast%:20.0%>15% + Pull%:30%>30%; López is HR-prone L5 — 1.83 HR/9 recently vs 1.20 season avg, getting hit hard right now; ⚠️ park and short-start both suppressing — check game time (19.8% HR, +820).  HR success rate L5/AT: 14%/21%  🧮 2-grade HR stack = 14% (28/194).  [LIVE Suppressing L5 family, pooled across variants: 15.9% 83/521 = 0.98x ⛔ BELOW BASE]","🚫 No-signal  ℹ️ ShortStart+Vuln (Score=55<60): 17.2% HR / 1.05x (22/128) — neutral. The Score≥60 tier runs 1.71x; below 60 there is no edge either way. [Hard exclude RETIRED Aug 1 2026 — no suppression applied.]  [LIVE ShortStart+Vuln family, pooled across variants: 19.4% 70/361 = 1.19x]  🔥 L7 power surge SLG 0.650  💥 2 HRs last 7 days  🔻 SECOND BAT ON THIS ARM (slot 3): slot 1 = 19.5% HR / 1.18x, slot 2+ = 14.2% / 0.86x (n=3,868, p=1e-05). On Vu≥52 arms the split is 27.3% vs 16.7%. HR off one pitcher are independent (0.87x conditional), so the 2nd bat carries no correlated upside — the best matchup is already taken. Deprioritised, not blocked.",0
17,C. DeLauter,+820,19.7%,59.2,"🥇 🎯 PITCH DOM ELITE HR + 🚫 NEG06 MID-POWER DEAD ZONE: Pwr=79 in 77-83 → 14%  220/1537 HR (mined 13.1% 112/852, 0.81x; band 0.86x vs Pwr<77 at 1.02x and Pwr≥84 at 1.11x — power is U-shaped and the MIDDLE is the worst place on the axis). ⚠️ NO OVERRIDE BY VULN (re-tested Aug 17 2026, full panel — see comment above): the earlier Vu>=52 exemption did not hold at the boundary (p=0.90 on the tight band) and is retired. Score>=65 WOULD override (see above) but this batter's Score=59.25 doesn't clear it — genuinely suppressed (7.42% HR vs 14.43% general base, p=0.0002; the broader rescue rule that used to exempt some of this group was removed 2026-09-08 after it failed its own neutral target on fresh data — see comment above). Deprioritize.","⛔ PASS (HR) — odds +820 in confirmed fade zone (backtest: 9.3% HR, 0.54x, 47-sl). Market fading for a reason — likely Suppressing L5, injury, or sharp movement.  DeLauter is strong on the exact pitch Newcomb relies on most — the sinker; elite contact quality across Newcomb's actual pitch mix, not just one pitch type; elite 79 raw power; ⚠️ soft arm already priced in — 0.73× HR rate modifier applies (19.7% HR, +820).  HR success rate L5/AT: 17%/12%  🧮 3-grade HR stack = ~16% (no full-set history; 2-of-3 overlap).  [LIVE Suppressing L5 family, pooled across variants: 15.9% 83/521 = 0.98x ⛔ BELOW BASE]","⚠️ Vuln42-44 ↓grade  🚫 No-signal  ⚠️ MID-HS DULL (HS 40-49 + Vuln<47): HS=46, Vuln=43 — backtest 54.8% hit / 0.93x (n=498, 85-sl CSV Jul27, perm p=0.007). Cold bats (HS<40) outperform this zone. Deprioritize vs HS<40 or SCREAM HIT picks at same tier.  🎯 Hit grade: 🎯 SHARP HIT  🎯 PitchMix wOBA 0.432  💥 SI edge 0.432  💥 FF edge 0.432  🔻 SECOND BAT ON THIS ARM (slot 3): slot 1 = 19.5% HR / 1.18x, slot 2+ = 14.2% / 0.86x (n=3,868, p=1e-05). On Vu≥52 arms the split is 27.3% vs 16.7%. HR off one pitcher are independent (0.87x conditional), so the 2nd bat carries no correlated upside — the best matchup is already taken. Deprioritised, not blocked.",0
34,N. Lowe,+590,14.3%,42.4,"🥇 🧬 HR26 Contact-Quality Triple: ISO>0.2 + Barrel%>15 + HH%>40 → 19.3% HR (1.31x, n=379, 30sl, p=6e-03)  [TRACKING — no conv credit] + 🚫 NEG03 LONG-PRICE DEAD PARK+MATCH: Odds≥+400 + Park=0.99 (0.90-1.00) + PM=0.949<1.00 → 5.6%  9/160 HR (mined 5.6% 9/160, 0.35x, p=3e-05, boot95 0.54, halves 6%/5%, 64sl). Deprioritize. + 🚫 NEG06 MID-POWER DEAD ZONE: Pwr=81 in 77-83 → 14%  220/1537 HR (mined 13.1% 112/852, 0.81x; band 0.86x vs Pwr<77 at 1.02x and Pwr≥84 at 1.11x — power is U-shaped and the MIDDLE is the worst place on the axis). ⚠️ NO OVERRIDE BY VULN (re-tested Aug 17 2026, full panel — see comment above): the earlier Vu>=52 exemption did not hold at the boundary (p=0.90 on the tight band) and is retired. Score>=65 WOULD override (see above) but this batter's Score=42.425 doesn't clear it — genuinely suppressed (7.42% HR vs 14.43% general base, p=0.0002; the broader rescue rule that used to exempt some of this group was removed 2026-09-08 after it failed its own neutral target on fresh data — see comment above). Deprioritize. + 🌤️ FB50 LOFT + GROUND SUPPRESSION: FB%50 (>50) + GB%20 (<40) → 1.42x HR (Jul 1.31x / Aug 1.58x p=0.045, n=187 combined; tuned on July, held out-of-sample on August). +5 conv.","⛔ PASS (HR) — Vuln 42-44 dead zone (0.68x).  Validated combination of pitch match, power, and matchup quality; elite HR-contact profile (8/9 PropFinder gates): ISO:0.300>0.2 + Barrel%:30.0%>15% + HH%:50%>40% + Air%:70%>50% + GB%:20%<40% + FB%:50%>35% + Blast%:30.0%>15% + Pull%:50%>30%; ⚠️ soft arm already priced in — 0.73× HR rate modifier applies (14.3% HR, +590).  HR success rate L5/AT: 11%/16%  🧮 2-grade HR stack = 16% (27/167).","⚠️ Vuln42-44 ↓grade  🎯 Hit grade: 🔥 L10 BBE vs FF: 2HR/10BB  🔥 L7 power surge SLG 0.625  💥 2 HRs last 7 days  🔻 SECOND BAT ON THIS ARM (slot 4): slot 1 = 19.5% HR / 1.18x, slot 2+ = 14.2% / 0.86x (n=3,868, p=1e-05). On Vu≥52 arms the split is 27.3% vs 16.7%. HR off one pitcher are independent (0.87x conditional), so the 2nd bat carries no correlated upside — the best matchup is already taken. Deprioritised, not blocked.",0
63,M. Murakami,+425,14.0%,54.4,🔥 SIG+PM HR,"⛔ PASS (HR) — below conviction floor.  Validated combination of pitch match, power, and matchup quality; strong HR-contact profile (5/9 PropFinder gates): PropFinder [5/9 must-have] [L10 n=10]: 💪 ISO:0.300>0.2 + HH%:40%>40% + Air%:50%>50% + Blast%:20.0%>15% + Pull%:80%>30%; Williams is HR-prone L5 — 1.72 HR/9 recently vs 1.20 season avg, getting hit hard right now (14.0% HR, +425).  HR success rate L5/AT: 17%/16%  [LIVE HR-prone L5 family, pooled across variants: 21.7% 20/92 = 1.33x]","⚡ K-Danger vs 125  ⚠️ Elite arm (Vuln 31) — hit suppressed  🎯 Hit grade: 🔥 SIG+PM HIT  🔓 Gate Override [RETIRED signal — 0.84x, 0/11 post-ASG]  💪 Elite HR/PA vs RHP (6.2%)  🔻 SECOND BAT ON THIS ARM (slot 3): slot 1 = 19.5% HR / 1.18x, slot 2+ = 14.2% / 0.86x (n=3,868, p=1e-05). On Vu≥52 arms the split is 27.3% vs 16.7%. HR off one pitcher are independent (0.87x conditional), so the 2nd bat carries no correlated upside — the best matchup is already taken. Deprioritised, not blocked.",0
50,Pavin Smith,+440,13.8%,5.2,"📊 PITCHER TARGET (FF): pitcher weak (vuln 52), batter carry signal","⛔ PASS (HR) — Vuln 52+ trap (0.69x).  Validated combination of pitch match, power, and matchup quality; PropFinder 3/9 contact gates clear: HH%:40%>40% + Air%:50%>50% + Pull%:40%>30%; vulnerable bullpen in relief (HR/9 1.75) (13.8% HR, +440).  HR success rate L5/AT: 8%/12%  🧮 2-grade HR stack = 16% (42/264).","⚠️ Vuln52+  ❄️ Cold  🎯 PR-B1 PERFECT-RATE TRACKING [B]: Pwr 68-74 + HS<47 + Park 1.00-1.05 → 100.0% HR (6/6, 6sl, Jun1+ window incl. live; null max 5, p=0.00). LOG ONLY — n is too small for conviction or a stake.  [LIVE Jun1+ family, pooled across variants: 28.0% 7/25 = 1.72x]  🎯 PR-B2 PERFECT-RATE TRACKING [B]: Pwr 68-74 + Odds<+450 + Sig<3 → 100.0% HR (6/6, 5sl, Jun1+ window incl. live; null max 5, p=0.00). LOG ONLY — n is too small for conviction or a stake.  [LIVE Jun1+ family, pooled across variants: 28.0% 7/25 = 1.72x]  🎯 PR-B3 PERFECT-RATE TRACKING [B]: Pwr 68-74 + HS<47 + Sig<3 → 100.0% HR (5/5, 5sl, Jun1+ window incl. live; null max 5, p=0.00). LOG ONLY — n is too small for conviction or a stake.  [LIVE Jun1+ family, pooled across variants: 28.0% 7/25 = 1.72x]  🎯 Hit grade: ❄️ ICE COLD  🔻 SECOND BAT ON THIS ARM (slot 7): slot 1 = 19.5% HR / 1.18x, slot 2+ = 14.2% / 0.86x (n=3,868, p=1e-05). On Vu≥52 arms the split is 27.3% vs 16.7%. HR off one pitcher are independent (0.87x conditional), so the 2nd bat carries no correlated upside — the best matchup is already taken. Deprioritised, not blocked.",0
,,,,,,,,
📊  HIT GRADE REFERENCE — 30-Slate Validated (62.2% base hit rate),,,,,,,,
Grade,What fires it,,,Last 5 Slate Hit%,All Slates Hit% (119),,,
🟢 ELITE  ·  ≥1.15× hit (≥72%) — top hit conviction,,,,,,,,
🔥🔥 BACKTEST ELITE: PM≥1.12+Pw≥82+Edge≥15%,"57-slate CSV ground truth: PM≥1.12 + Power≥82 + Edge≥+15% → 100% hit (12/12, n=12). Edge≥15% is the master hit variable — when model is 15pp+ more bullish than market AND PM is extreme AND power is elite, zero misses. hit_pts=20.",,,100%  12/12,100%  12/12,,,
🔥🔥 BACKTEST ELITE: PM≥1.08+Pw≥87+Edge≥15%,"57-slate CSV ground truth: PM≥1.08 + Power≥87 + Edge≥+15% → 100% hit (11/11, n=11). Elite power bat with strong PM and market underpricing — model consistently right. hit_pts=20.",,,100%  11/11,100%  11/11,,,
🔥🔥 BACKTEST ELITE: ICE_COLD+Sig1-5+Park≥1.1,"57-slate CSV ground truth: ICE COLD (HS<20) + Sig 1-5 + Park≥1.1 → 100% hit (11/11, n=11). Cold bat in a power park with any signal — market over-fades the cold streak. hit_pts=20.",,,100%  11/11,100%  11/11,,,
🔥🔥 BACKTEST ELITE: PM1.04-1.07+Vu≥52+HS<10,"57-slate CSV ground truth: PM 1.04-1.07 + Vuln≥52 + HS<10 → 94% hit (16/17, n=17) — LARGEST N. Counter-intuitive: trap zone pitcher + ultra-cold bat + sweet PM = market triple-penalizes but batter hits anyway. The PM in the sweet band (not extreme) makes it an underpriced play. hit_pts=18.",,,94%  16/17,94%  16/17,,,
🔥🔥 BACKTEST ELITE: PM≥1.10+Pw≥87+Edge≥15%,"57-slate CSV ground truth: PM≥1.10 + Power≥87 + Edge≥+15% → 100% hit (9/9, n=9). hit_pts=20.",,,100%  9/9,100%  9/9,,,
🔥🔥 BACKTEST ELITE: Sig≥10+Env≥1.05+Pw≥87,"57-slate CSV ground truth: Sig≥10 + Env≥1.05 + Power≥87 → 100% hit (9/9, n=9). Elite signal + favorable game environment + elite power = no misses. hit_pts=20.",,,100%  9/9,100%  9/9,,,
🔥🔥 BACKTEST ELITE: Vu44-48+Pw≥85+Edge≥15%,"57-slate CSV ground truth: Vuln 44-48 + Power≥85 + Edge≥+15% → 100% hit (8/8, n=8). Sweet Vuln zone + elite power + market underpricing = perfect record. hit_pts=20.",,,100%  8/8,100%  8/8,,,
🔥🔥 BACKTEST ELITE: Sc<50+Sig≥7+Edge≥10%,"57-slate CSV ground truth: Score<50 + Sig≥7 + Edge≥+10% → 100% hit (7/7, n=7). Counter-intuitive: low-score pick (model not high on HR) but elite signals + market underpricing. hit_pts=20.",,,100%  7/7,100%  7/7,,,
🔥🔥 BACKTEST ELITE: Vu≥52+ICE_COLD+Sig≥5,"57-slate CSV ground truth: Vuln≥52 + ICE COLD + Sig≥5 → 100% hit (6/6, n=6). Trap zone pitcher + cold bat confirmed by strong signal = market mispricing. hit_pts=20.",,,100%  6/6,100%  6/6,,,
🎯 PITCH-RELIANT HIT,"RARE but strong (Jun 2026): same matchup as the PITCH-RELIANT HR grade — pitcher leans on one pitch (≥45%, ex-sinker) + Pwr≥78 bat crushes it. CSV audit (57 slates): hit rate from has_pitch_reliant picks not separately tracked in hit table. HR rate confirmed 22.1% (1.38x, n=68). For hits: PITCH-RELIANT HIT fires when condition matches. Power gate recalibrated to ≥78 Jun 14 2026. The 1.24x lift's CI floor still overlaps the control, so weighted +2 (tied w/ SHARP LINE), NOT top-tier — fires rarely (~0.7/slate). Tracking live; promote if it holds ≥72%.",,,56%  19/34,64%  407/638,,,
🏆 SHARP LINE MOVE,"Sharp money line move fired (books took action). CSV audit (57 slates): 74.5% hit (38/51, 1.28x). Rate close to claimed 77%. Strong validated hit signal — top priority.",,,60%  6/10,66%  197/299,,,
🔥🔥 SCREAM HIT: HS 40-47 + PM≥1.03 + Sig 1-5,"HS 40-47 + PM≥1.03 + Sig 1-5. 41-slate: 80.0% hit (1.27x, n=35) — top hit combo in data.",,,57.9%  L5,59.4%  57/96,,,
🔥🔥 SCREAM HIT: HS 35-40 + Sig 1-5,"HS 35-40 + Sig 1-5. CSV audit (57 slates): 82.3% hit (107/130, 1.41x). UPGRADED from claimed 75%: actual rate is significantly better. Strong SCREAM HIT signal.",,,62.2%  L5,60.2%  97/161,,,
🔥🔥 SCREAM HIT: Cold(HS<20) + PM≥1.03,"Cold bat (HS<20) + PM≥1.03. 41-slate: 71.9% hit (1.14x, n=114). Cold bat with a matchup edge.",,,62%  36/58,64%  771/1209,,,
❄️ ICE COLD (HS<20),"Cold WHR (HS<20). CSV audit (57 slates): 64.2% hit (208/324, 1.10x); +PM≥1.03: 66.2% (1.14x). Real edge confirmed but rate was overstated at 70.6%. True edge: ~1.10x.",,,62%  36/58,64%  771/1209,,,
🟩 GOOD  ·  1.05–1.15× hit (66–72%),,,,,,,,
🔥 DUAL SCREAMER: Sig 1-5 + PM 1.04-1.07,"Sig 1-5 + PM 1.04-1.07. 41-slate: CSV audit (57 slates): 24.5% HR (1.54x, n=143) AND 79.7% hit (1.37x, n=143). UPGRADED from claimed 73% hit. Strong validated dual HR+hit signal.",,,73%  51/70,63%  1475/2358,,,
🔥 STRONG HIT: HS 40-47 + Sig 1-5,"HS 40-47 + Sig 1-5. 41-slate: 71.8% hit (1.14x, n=71).",,,62.2%  L5,60.2%  97/161,,,
🎯 SWEET★ + PM 1.03-1.06,"HS 35-39 + PM 1.03-1.06. 41-slate: 69.6% hit (1.11x, n=112).",,,100%  4/4,64%  137/213,,,
🎯 SWEET★ + PA≥4.5,"HS 35-39 + PA≥4.5 + PM<1.06. 41-slate: 68.9% hit (1.09x, n=238, HS35-40+PM<1.06 proxy).",,,78%  7/9,65%  135/208,,,
🎯 PITCH DOM hit,"Vuln44-48 PITCH DOM — HR demoted but hit grade valid. 41-slate: 65.8% hit (1.05x, n=117). Sal Stewart archetype.",,,75%  15/20,63%  268/426,,,
⭐ HIGH(47+) + Rank 1-3,"High hit score, ONLY at Rank 1-3. CSV audit (57 slates): 58.6% hit (1.01x) — ESSENTIALLY BASELINE. Grade demoted: not a real signal. Replaced by qualitative combos (PRIME+PitchEdge, BZM+Sc<45 etc.).",,,40%  2/5,61%  68/112,,,
🌟 SWEET★ (HS 35-39),"HS 35-39 sweet zone. CSV audit (57 slates): 63.3% hit (250/395, 1.09x). Slight upgrade from claimed 1.05x. Valid signal — add Sig 1-5 for 82.3% hit screamer tier.",,,76%  19/25,61%  413/677,,,
🎯 SHARP HIT,"High HS with a supporting signal (platoon/crushes/owns pitcher/line) — label-only, not separately rate-tracked.",,,75%  6/8,63%  302/481,,,
🟨 MID  ·  ~baseline hit (63–66%),,,,,,,,
🔥 SIG+PM HIT (Sig≥5+PM≥1.04),"Sig≥5 + PM≥1.04. 41-slate: 62.1% hit (0.99x, n=359) — ~baseline; HR-primary (18.6% HR, 1.15x).",,,73%  51/70,63%  1475/2358,,,
🟥 FADE  ·  below baseline — avoid for hits,,,,,,,,
⚪ WEAK + flagged,HS 47-65 Rank 4+ WITH negative signals (K-danger/weak-vs/cold). Hard avoid.,,,100%  1/1,100%  1/1,,,
🚫 HS 47-55 Sig=0 FADE,"FADE: HS 47-55 + Sig=0. CSV audit (57 slates): 47.2% hit (68/144, 0.81x) — STRONGER fade than claimed. Avoid these picks for hits — below baseline and confirmed as a real negative signal.",,,~38%,38.6%  32/83,,,
🥇 STACKING / BASELINE  ·  multiple hit grades or none,,,,,,,,
🔥 BACKTEST ELITE: PM≥1.10+Sc55-68+HS45-55,"57-slate CSV ground truth: PM≥1.10 + Score 55-68 + HS 45-55 → 86% hit (24/28, n=28). Largest non-100% validated combo. hit_pts=16.",,,86%  24/28,86%  24/28,,,
🔥 BACKTEST ELITE: HS40-47+PM≥1.03+Sig1-5,"57-slate CSV ground truth: HS 40-47 + PM≥1.03 + Sig 1-5 → 78% hit (60/77, n=77) — LARGEST N. Best large-sample validated hit combo. The scream hit zone with signal confirmation. hit_pts=14.",,,78%  60/77,78%  60/77,,,
── QUALITATIVE + MIXED COMBOS ──,"57-slate CSV + 30-slate qualitative grade search (5,833 combos tested). KEY FINDING: Edge≥15% is the master hit variable. iceGrade = model explicitly assigned 🧊 ICE COLD HR grade (NOT same as HS<20). isPlay = pick received ✅ PLAY designation (Conv≥24+PM≥1.04+Pwr≥78 or Score55-60+park≥1.0).",,,──────,──────,,,
🔥🔥 PRIME + PitchEdge,30-slate qualitative backtest: PRIME pitcher target match grade + confirmed 💥 pitch edge note → 100% hit (4/4). PRIME = T4 BBE (≥2 HR L10 BBEs on pitcher's weak pitch) + pitcher recency signal. PitchEdge = confirmed 💥 wOBA edge on the same pitch. The convergence of both makes it a lock. hit_pts=20.,,,100%  4/4,100%  4/4,,,
🔥🔥 BZM_zones + Sc<45,30-slate qualitative backtest: BZM zone overlap present + model Score < 45 → 100% hit (4/4). Counter-intuitive: pick looks weak on paper (low Score) but BZM zone math is catching real contact quality the broader score misses. The market ignores it; the zone math is right. hit_pts=20.,,,100%  4/4,100%  4/4,,,
🔥🔥 CONFIRMED MATCH + PM≥1.06 + Vu44-52,30-slate qualitative backtest: CONFIRMED MATCH grade + PM≥1.06 + Vuln 44-52 → 100% hit (4/4). Two-sided pitch correlation confirmed AND market underprices AND Vuln in sweet zone. hit_pts=18.,,,100%  4/4,100%  4/4,,,
🔥🔥 Sc≥65 + SLM,"57-slate CSV ground truth: Score≥65 + Sharp Line Move → 86% hit (6/7, n=7). Cleanest 2-way SLM combo. High-score pick with sharp money = market confirming the model. hit_pts=18.",,,86%  6/7,86%  6/7,,,
🔥 Sc55-68 + Vu44-52 + SLM,"57-slate CSV: Score 55-68 + Vuln 44-52 + SLM → 82% hit (9/11, n=11). Sweet score range + sweet Vuln zone + sharp money = three-way confirmation. hit_pts=16.",,,82%  9/11,82%  9/11,,,
🔥 isPlay + Sig≥10 + Edge≥15%,30-slate qualitative: PLAY designation + Sig≥10 + Edge≥+15% → 80% hit (8/10). Model's highest conviction (PLAY) + elite signal + market underpricing. hit_pts=16.,,,80%  8/10,80%  8/10,,,
🔥 iceGrade + Vu44-52 + Sig≥5,"30-slate qualitative: ICE COLD HR grade explicitly assigned + Vuln 44-52 + Sig≥5 → ~78% hit. iceGrade (assigned by model) ≠ HS<20 (raw stat). When model names it ICE COLD AND Vuln is sweet AND signal confirms, the market over-fades both. hit_pts=14.",,,~78%  qual,~78%  qual,,,
🔥 isPlay + Pw≥85 + Edge≥15%,30-slate qualitative: PLAY designation + Power≥85 + Edge≥+15% → 77% hit (10/13). PLAY-tier conviction + elite power + market underpricing. hit_pts=14.,,,77%  10/13,77%  10/13,,,
── STANDARD TIERS ──,────────────────────────────────────────────────────────,,,──────,──────,,,
⚡ Z-CONTACT BOOST (≥88%),"Pitcher Z-Contact% ≥ 88% + PM≥1.00 — TRACKING (Jun 15 2026): Batters make easy in-zone contact against these pitchers, directly lifting hit probability independent of batter quality. Jun 15: Bleday (2 hits, Myers 88.9%), Caglianone (2 hits, Alvarez 88.9%), Adell (2 hits, Nelson 89.7%), PCA (4 hits, Lorenzen 88.7%) — all multi-hit games. Fires as supplemental +2 hit pts. Track going forward before assigning independent historical rate.",,,Tracking,Tracking,,,
🥇 SHARP LINE + SWEET★,"Sharp money + sweet zone together. 41-slate: 84.2% hit (1.34x, n=19).",,,100%  1/1,71%  20/28,,,
🥇 SHARP LINE + ICE COLD,"Sharp money on a cold bat. 41-slate: 90.0% hit (1.43x, n=10) — highest-conviction hit combo.",,,71%  5/7,64%  47/74,,,
🥇 Any 2+ hit grades,"Batter fires 2+ independent hit grades. 41-slate (approx): 86.2% hit (1.37x, n=29).",,,67%  221/331,63%  1614/2568,,,
⚪ No hit grade (baseline),"Pts-based only (HS outside zones, no line move). 41-slate: 60.5% hit (0.96x, n=613).",,,60%  12/20,60%  859/1441,,,
,,,,,,,,
⭐  TOP HIT PICKS  — sorted by conviction score (higher = more signals aligned),,,,,,,,
Rank,Batter,Hit Score,Conv,Grade,Why,Key Signals,Flags,
26,Riley Greene,59.0,12/12,"🥇 🔥 PLAY+Sc65(≥65)+Edge+20%(≥15%) → 71.4% Hit (5/7, 1.23x, 57-sl CSV) + 🔥 PLAY+Pw86(≥85)+Edge+20%(≥15%) → 77% Hit (10/13, 30-sl qual) + 🔥 SIG+PM HIT + 🔥 L10 BBE vs CU: 2HR/10BBE + 🎯 PITCH DOM hit","✅ PLAY (hit) — Conv 12/12.  Two hit signals stacking — pitch-dominance edge.  Hit success rate L5/AT: 73%/63%
📊 🔥 STACK: T4_PTM+PITCH_DOM → 76% Hit + 38% HR (2.19x, n=21 AT, Jul 1 2026 audit)  🧮 4-grade Hit stack = 0% (0/1).",HS 59  ·  WHR 65%  ·  PM 1.068,"⚠️ K-Warning  🎯 HT15 Big-Edge Spray Contact Profile: Edge≥+15% + PF-Pull%<70 (not pull-locked) + PM≥1.03 + target-pitch vuln<60 → 92.6% Hit (1.48x, n=27, 15sl)  [TRACKING]  [LIVE HT15 Big-Edge Spray Contact family, pooled across variants: 65.5% 36/55 = 1.05x]  🚨 SCREAM legacy match (5-Signal) [RETIRED family — 0.88x, no conv credit]  🔥 PLAY+Pw86(≥85)+Edge+20%(≥15%) → 77% Hit (10/13, 30-sl qual)  [LIVE PLAY+Pw86 family, pooled across variants: 71.0% 22/31 = 1.14x]  🔥 PLAY+Sc65(≥65)+Edge+20%(≥15%) → 71.4% Hit (5/7, 1.23x, 57-sl CSV)  [LIVE PLAY+Sc65 family, pooled across variants: 74.1% 40/54 = 1.19x]  🔥 PLAY+Sc65(≥65)+Edge+20%(≥15%) → 71.4% Hit (5/7, 1.23x, 57-sl CSV)  [LIVE PLAY+Sc65 family, pooled across variants: 74.1% 40/54 = 1.19x]  🔥 PLAY+Pw86(≥85)+Edge+20%(≥15%) → 77% Hit (10/13, 30-sl qual)  [LIVE PLAY+Pw86 family, pooled across variants: 71.0% 22/31 = 1.14x]  🔥 L7 power surge SLG 0.826  💥 2 HRs last 7 days  💥 SI edge 0.511  🎯 T4_BBE+Sc65(≥60) → 38% HR (2.4x, n=21, 57-sl CSV)  [LIVE T4_BBE+Sc65 family, pooled across variants: 66.0% 70/106 = 1.06x]",
🥉,V. Guerrero,57.8,12/12,🥇 ⭐ HIGH+Top3 + 🔥 L10 BBE vs CU: 1HR/10BBE,✅ PLAY (hit) — Conv 12/12.  Two hit signals stacking — two independent signals; red hot over the last 5 games; historically hits Melton at a 81% clip.  Hit success rate L5/AT: 60%/60%  🧮 2-grade Hit stack = 57% (110/194).,High+T3 58  ·  WHR 74%  ·  Cons 66%,"🎯 HIT SOLID: HS=58≥50 + PM=0.989 contact zone + Env=1.03≥0.95 — backtest: 69.3% hit rate / 1.06x (205 picks).  🔥 L7 power surge SLG 0.583  🏆 TOP-RANKED CARD POSITION #3: post-fix top-3 by medal rank running 55.6% HR (10/18, 6sl since Aug 4) vs 17.9% pre-fix (43/240, 80sl) — Fisher p=0.0007, bootstrap 90% CI [+12.4pp, +62.5pp], base rate flat over the same window (not a hot league). Still thin (6 post-fix slates) — watch as it accumulates. Differentiator only, zero conviction credit.  [LIVE Fisher family, pooled across variants: 65.2% 43/66 = 1.04x]  🔻 SECOND BAT ON THIS ARM (slot 4): slot 1 = 19.5% HR / 1.18x, slot 2+ = 14.2% / 0.86x (n=3,868, p=1e-05). On Vu≥52 arms the split is 27.3% vs 16.7%. HR off one pitcher are independent (0.87x conditional), so the 2nd bat carries no correlated upside — the best matchup is already taken. Deprioritised, not blocked.  🥇 MEDAL-RANK GUARANTEE (medal #3): bypassed the Priority Tier's Vuln>=52 gate on medal-rank position alone. Medal-rank top-3 running 55.6% HR / 90.5% Hit since Aug 4 (10/18, 19/21, 6-7sl) vs ~5-8% overlap between medal top-3 and what card selection otherwise produces - two near-independent rankings. Still young (6-7 post-fix slates) - tracked separately from Priority Tier, revisit past ~20sl.",
25,Ben Rice,53.1,12/12,"🥇 🔥 PLAY+Sc67(≥65)+Edge+21%(≥15%) → 71.4% Hit (5/7, 1.23x, 57-sl CSV) + 🔥 PLAY+Pw86(≥85)+Edge+21%(≥15%) → 77% Hit (10/13, 30-sl qual) + 🔥🔥 BACKTEST ELITE: Vu46(44-48)+Pw86(≥85)+Edge+21%(≥15%) (75%  18/24 AT  [mined 100% 8/8 @57sl]) [🟡 n=8<10 — STRONG PLAY, not MUST PLAY] + 🔥🔥 BACKTEST ELITE: Vu46(44-48)+Pw86(≥85)+Edge+21%(≥15%) → 63%  158/252 Hit (live; mined 100% 8/8 @57sl) [🟡 STRONG PLAY — n=8<10: MUST PLAY requires n≥10] + 🔥 SIG+PM HIT + 🎯 PITCH-RELIANT HIT (FF 45% (HS)) + 🔥 L10 BBE vs FF: 1HR/10BBE","✅ PLAY (hit) — Conv 12/12.  Two hit signals stacking — two independent signals; hitting well lately (70% weighted hit rate); 65% of books agree.  Hit success rate L5/AT: 73%/63%  🔥 🔥🔥 BACKTEST ELITE: Vu46(44-48)+Pw86(≥85)+Edge+21%(≥15%.
📊 🔥 STACK: T4_PTM+PITCH_DOM → 76% Hit + 38% HR (2.19x, n=21 AT, Jul 1 2026 audit)  🧮 7-grade Hit stack = ~44% (no full-set history; 4-of-7 overlap).",HS 53  ·  WHR 70%  ·  Cons 65%  ·  PM 1.096,"🚨 SCREAM legacy match (5-Signal) [RETIRED family — 0.88x, no conv credit]  🔥🔥 BACKTEST ELITE: Vu46(44-48)+Pw86(≥85)+Edge+21%(≥15%) (75%  18/24 AT  [mined 100% 8/8 @57sl]) [🟡 n=8<10 — STRONG PLAY, not MUST PLAY]  🔥 PLAY+Pw86(≥85)+Edge+21%(≥15%) → 77% Hit (10/13, 30-sl qual)  [LIVE PLAY+Pw86 family, pooled across variants: 71.0% 22/31 = 1.14x]  🔥 PLAY+Sc67(≥65)+Edge+21%(≥15%) → 71.4% Hit (5/7, 1.23x, 57-sl CSV)  [LIVE Edge+21 family, pooled across variants: 68.8% 11/16 = 1.10x]  🔥 PLAY+Sc67(≥65)+Edge+21%(≥15%) → 71.4% Hit (5/7, 1.23x, 57-sl CSV)  [LIVE Edge+21 family, pooled across variants: 68.8% 11/16 = 1.10x]  🔥 PLAY+Pw86(≥85)+Edge+21%(≥15%) → 77% Hit (10/13, 30-sl qual)  [LIVE PLAY+Pw86 family, pooled across variants: 71.0% 22/31 = 1.14x]  🔥🔥 BACKTEST ELITE: Vu46(44-48)+Pw86(≥85)+Edge+21%(≥15%) (75%  18/24 AT  [mined 100% 8/8 @57sl]) [🟡 n=8<10 — STRONG PLAY, not MUST PLAY]  💥 2 HRs last 7 days  💪 Elite HR/PA vs RHP (6.2%)  💥 FF edge 0.521",
🥇,Juan Soto,42.4,12/12,🥇 🔥🔥 PRIME+PitchEdge hit → 67%  232/348 Hit (live) + 🔥 SIG+PM HIT + 🎯 PITCH-RELIANT HIT (FF 52% (HS)) + ⚡ Z-CONTACT BOOST (≥88%),"✅ PLAY (hit) — Conv 12/12.  Two hit signals stacking — two independent signals.  Hit success rate L5/AT: 73%/63%
📊 🔥 STACK: T4_PTM+PITCH_DOM → 76% Hit + 38% HR (2.19x, n=21 AT, Jul 1 2026 audit)  🧮 7-grade Hit stack = ~52% (no full-set history; 4-of-7 overlap).",PM 1.088,"ℹ️ HS 42 in the 40-49 band but Vuln=52≥47 — NOT deprioritized: 60.6% hit / 1.03x (n=469, 85-sl CSV Jul27). The MID-HS DULL penalty is a pitcher-quality effect.  🚨 SCREAM legacy match (5-Signal) [RETIRED family — 0.88x, no conv credit]  🔥🔥 PRIME+PitchEdge hit → 67%  232/348 Hit (live)  🔥🔥 PRIME+PitchEdge hit → 67%  232/348 Hit (live)  💥 2 HRs last 7 days  💪 Elite HR/PA vs RHP (5.9%)  🏆 TOP-RANKED CARD POSITION #1: post-fix top-3 by medal rank running 55.6% HR (10/18, 6sl since Aug 4) vs 17.9% pre-fix (43/240, 80sl) — Fisher p=0.0007, bootstrap 90% CI [+12.4pp, +62.5pp], base rate flat over the same window (not a hot league). Still thin (6 post-fix slates) — watch as it accumulates. Differentiator only, zero conviction credit.  [LIVE Fisher family, pooled across variants: 65.2% 43/66 = 1.04x]  🎯 PRIORITY TIER #4: Vuln>=52 + Odds<=+400 (+310) - 31.2% HR / 1.89x on qualifiers (63/202, 77sl); top-3 by price 35.6% / 2.16x. Temporal holdout: 1.65x train, 1.72x test - the only ranker above 1.6x in both halves, vs Score at 1.06x/1.12x. Sorted by PRICE, not Score. WARNING: median 2 qualifiers per slate, 19 of 77 slates have zero - do NOT pad to five. May ran 7.4% vs June 39.7% / July 32.1%, so the edge is recent-window.",
🥈,Lars Nootbaar,36.1,12/12,"🥇 🔥🔥 PRIME+PitchEdge hit → 67%  232/348 Hit (live) + 🔥🔥 SCREAM HIT: HS36+Sig4 (60.2%  97/161 AT, L5 62.2%  L5) + 🎯 SWEET★+PA + ⚡ Z-CONTACT BOOST (≥88%) + 🔥 L10 BBE vs FF: 2HR/10BBE","✅ PLAY (hit) — SCREAM HIT zone (Cold+PM≥1.03 = 66.2%, 1.14x, 57-sl CSV).  Two hit signals stacking — sweet-zone contact score; historically hits Alcantara at a 70% clip.  Hit success rate L5/AT: 78%/65%
📊 🔥 STACK: T4_PTM+SWEET_STAR → 71% Hit + 29% HR (1.69x, n=34 AT, Jul 1 2026 audit)  🧮 6-grade Hit stack = ~73% (no full-set history; 4-of-6 overlap).",Sweet★ 36  ·  Cons 65%  ·  vs SP 70%,"🔥🔥 PRIME+PitchEdge hit → 67%  232/348 Hit (live)  🔥🔥 PRIME+PitchEdge hit → 67%  232/348 Hit (live)  🔥🔥 SCREAM HIT: HS36+Sig4 (60.2%  97/161 AT, L5 62.2%  L5)  🎯 T4_BBE+Sc66(≥60) → 38% HR (2.4x, n=21, 57-sl CSV)  🏆 TOP-RANKED CARD POSITION #2: post-fix top-3 by medal rank running 55.6% HR (10/18, 6sl since Aug 4) vs 17.9% pre-fix (43/240, 80sl) — Fisher p=0.0007, bootstrap 90% CI [+12.4pp, +62.5pp], base rate flat over the same window (not a hot league). Still thin (6 post-fix slates) — watch as it accumulates. Differentiator only, zero conviction credit.  [LIVE Fisher family, pooled across variants: 65.2% 43/66 = 1.04x]  🥇 MEDAL-RANK GUARANTEE (medal #2): bypassed the Priority Tier's Vuln>=52 gate on medal-rank position alone. Medal-rank top-3 running 55.6% HR / 90.5% Hit since Aug 4 (10/18, 19/21, 6-7sl) vs ~5-8% overlap between medal top-3 and what card selection otherwise produces - two near-independent rankings. Still young (6-7 post-fix slates) - tracked separately from Priority Tier, revisit past ~20sl.",
6,P. Crow-Armstrong,3.0,12/12,"🥇 🔥 PLAY+Sc69(≥65)+Edge+19%(≥15%) → 71.4% Hit (5/7, 1.23x, 57-sl CSV) + 🔥 PLAY+Pw87(≥85)+Edge+19%(≥15%) → 77% Hit (10/13, 30-sl qual) + 🔥🔥 PRIME+PitchEdge hit → 67%  232/348 Hit (live) + 🔥🔥 BACKTEST ELITE: PM1.081(≥1.08)+Pw87(≥87)+Edge+19%(≥15%) (59%  26/44 AT  [mined 100% 11/11 @57sl]) + 🔥🔥 SCREAM HIT: Cold+PM1.081 (64%  771/1209 AT, L5 62%  36/58) + 🔥🔥 BACKTEST ELITE: PM1.081(≥1.08)+Pw87(≥87)+Edge+19%(≥15%) → 63%  158/252 Hit (live; mined 100% 11/11 @57sl) + 🔥 SIG+PM HIT + ❄️ ICE COLD + ⚡ Z-CONTACT BOOST (≥88%) + 🔥 L10 BBE vs FF: 2HR/10BBE","✅ PLAY (hit) — SCREAM HIT zone (Cold+PM≥1.03 = 66.2%, 1.14x, 57-sl CSV).  Two hit signals stacking — validated cold-bat signal; cold by recent stats but the ICE COLD pattern is validated above baseline; Crow-Armstrong crushes the pitch López throws most.  Hit success rate L5/AT: 62%/64%  🔥 🔥🔥 BACKTEST ELITE: PM1.081(≥1.08)+Pw87(≥87)+Edge+19%(≥15%.
📊 🔥 STACK: T4_PTM+SCREAM_COLD_PM → 78% Hit + 16% HR (0.89x, n=58 AT, Jul 1 2026 audit)  🧮 13-grade Hit stack = ~70% (no full-set history; 5-of-13 overlap).",ICE COLD 3  ·  PM 1.081,"❄️ Cold  🔥🔥 BACKTEST ELITE: PM1.081(≥1.08)+Pw87(≥87)+Edge+19%(≥15%) (59%  26/44 AT  [mined 100% 11/11 @57sl])  🔥🔥 PRIME+PitchEdge hit → 67%  232/348 Hit (live)  🔥 PLAY+Pw87(≥85)+Edge+19%(≥15%) → 77% Hit (10/13, 30-sl qual)  [LIVE PLAY+Pw87 family, pooled across variants: 69.6% 16/23 = 1.11x]  🔥 PLAY+Sc69(≥65)+Edge+19%(≥15%) → 71.4% Hit (5/7, 1.23x, 57-sl CSV)  [LIVE Edge+19 family, pooled across variants: 69.2% 18/26 = 1.11x]  🔥 PLAY+Sc69(≥65)+Edge+19%(≥15%) → 71.4% Hit (5/7, 1.23x, 57-sl CSV)  [LIVE Edge+19 family, pooled across variants: 69.2% 18/26 = 1.11x]  🔥 PLAY+Pw87(≥85)+Edge+19%(≥15%) → 77% Hit (10/13, 30-sl qual)  [LIVE PLAY+Pw87 family, pooled across variants: 69.6% 16/23 = 1.11x]  🔥🔥 PRIME+PitchEdge hit → 67%  232/348 Hit (live)  🔥🔥 BACKTEST ELITE: PM1.081(≥1.08)+Pw87(≥87)+Edge+19%(≥15%) (59%  26/44 AT  [mined 100% 11/11 @57sl])  🔥🔥 SCREAM HIT: Cold+PM1.081 (64%  771/1209 AT, L5 62%  36/58)  💪 Elite HR/PA vs RHP (6.1%)  🏟️ Elite home SLG 0.562  🎯 PitchMix wOBA 0.413  🎯 Pitch corr: Pitcher's FF → wOBA 0.370 allowed | Batt  💥 SL edge 0.370  🎯 🎯 3 BZM-SZN (FF): up, mid-in, middle  🎯 BZM_3plus+conv → 45% HR (2.9x, n=11, 57-sl CSV)  [LIVE BZM_3plus+conv family, pooled across variants: 63.9% 94/147 = 1.02x]  🎯 T4_BBE+Sc69(≥60) → 38% HR (2.4x, n=21, 57-sl CSV)",
43,Bo Bichette,61.1,11/12,"🥇 🔥🔥 PRIME+PitchEdge hit → 67%  232/348 Hit (live) + 🔥🔥 BACKTEST ELITE: HRProb0.110(<0.134)+PM0.987(<0.995)+Vu52(≥50) → 100% — 18/18 Hit (live; cross-era validated Apr-Aug 2026, 3/3 eras, combined 18/18) + 🔥 L10 BBE vs SL: 2HR/10BBE",✅ PLAY (hit) — Conv 11/12.  Two hit signals stacking — two independent signals; red hot over the last 5 games; historically hits Young at a 90% clip.  Hit success rate L5/AT: 60%/60%  🧮 4-grade Hit stack = ~67% (no full-set history; 2-of-4 overlap).,HS 61  ·  WHR 75%  ·  Cons 67%,"ℹ️ Short-start env (Env=0.89<0.90) but Vuln=52≥47 — NOT excluded: 57.9% hit / 0.98x (n=57, 85-sl CSV Jul27). The short-start penalty is a pitcher-quality effect, not an environment one.  🔥🔥 PRIME+PitchEdge hit → 67%  232/348 Hit (live)  🔥🔥 PRIME+PitchEdge hit → 67%  232/348 Hit (live)  💥 SL edge 0.376  🔻 SECOND BAT ON THIS ARM (slot 2): slot 1 = 19.5% HR / 1.18x, slot 2+ = 14.2% / 0.86x (n=3,868, p=1e-05). On Vu≥52 arms the split is 27.3% vs 16.7%. HR off one pitcher are independent (0.87x conditional), so the 2nd bat carries no correlated upside — the best matchup is already taken. Deprioritised, not blocked.",
74,Ivan Herrera,39.7,11/12,"🥇 🔥🔥 SCREAM HIT: HS40+Sig2 (60.2%  97/161 AT, L5 62.2%  L5) + 🎯 SWEET★+PA","✅ PLAY (hit) — SCREAM HIT zone (Cold+PM≥1.03 = 66.2%, 1.14x, 57-sl CSV).  Two hit signals stacking — sweet-zone contact score; historically hits Roupp at a 90% clip.  Hit success rate L5/AT: 78%/65%  🧮 7-grade Hit stack = ~69% (no full-set history; 4-of-7 overlap).",Sweet★ 40,"🔥🔥 SCREAM HIT: HS40+Sig2 (60.2%  97/161 AT, L5 62.2%  L5)  🎯 Pitch corr: Pitcher's SI → wOBA 0.383 allowed | Batt  🎯 🎯 4 BZM-SZN (SI): up, up/out, mid-out, low  🎯 BZM_3plus+conv → 45% HR (2.9x, n=11, 57-sl CSV)  [LIVE BZM_3plus+conv family, pooled across variants: 63.9% 94/147 = 1.02x]  🔻 SECOND BAT ON THIS ARM (slot 3): slot 1 = 19.5% HR / 1.18x, slot 2+ = 14.2% / 0.86x (n=3,868, p=1e-05). On Vu≥52 arms the split is 27.3% vs 16.7%. HR off one pitcher are independent (0.87x conditional), so the 2nd bat carries no correlated upside — the best matchup is already taken. Deprioritised, not blocked.",
79,Ryan Jeffers,39.3,11/12,🥇 🎯 SWEET★+PM + 🔥 L10 BBE vs ST: 2HR/10BBE,"🟡 LEAN (hit) — SWEET★ zone, sq 0% below confirmation gate.  Two hit signals stacking — sweet-zone contact score.  Hit success rate L5/AT: 100%/64%  🧮 2-grade Hit stack = 57% (117/204).",Sweet★ 39  ·  PM 1.044,"🚨 SCREAM legacy match (Power-Vuln) [RETIRED family — 0.88x, no conv credit]  📋 CONVICTION BLOCKED: Vuln 46 trap (44-48) + Env=0.89<0.95 — 8.3% HR / 0.47x. BGS grade suppressed.  🔻 SECOND BAT ON THIS ARM (slot 3): slot 1 = 19.5% HR / 1.18x, slot 2+ = 14.2% / 0.86x (n=3,868, p=1e-05). On Vu≥52 arms the split is 27.3% vs 16.7%. HR off one pitcher are independent (0.87x conditional), so the 2nd bat carries no correlated upside — the best matchup is already taken. Deprioritised, not blocked.",
85,T. Larnach,35.8,10/12,"🥇 🔥🔥 SCREAM HIT: HS36+Sig2 (60.2%  97/161 AT, L5 62.2%  L5) + 🌟 SWEET★ + 🔥 L10 BBE vs ST: 2HR/10BBE","✅ PLAY (hit) — SCREAM HIT zone (Cold+PM≥1.03 = 66.2%, 1.14x, 57-sl CSV).  Two hit signals stacking — sweet-zone contact score; red hot over the last 5 games.  Hit success rate L5/AT: 76%/61%  🧮 4-grade Hit stack = 86% (6/7).",Sweet★ 36,"🔥🔥 SCREAM HIT: HS36+Sig2 (60.2%  97/161 AT, L5 62.2%  L5)  🔥 L7 power surge SLG 1.000  💥 2 HRs last 7 days  🔻 SECOND BAT ON THIS ARM (slot 2): slot 1 = 19.5% HR / 1.18x, slot 2+ = 14.2% / 0.86x (n=3,868, p=1e-05). On Vu≥52 arms the split is 27.3% vs 16.7%. HR off one pitcher are independent (0.87x conditional), so the 2nd bat carries no correlated upside — the best matchup is already taken. Deprioritised, not blocked.",
7,Drake Baldwin,71.2,9/12,🥇 🔥 SIG+PM HIT + ⚡ Z-CONTACT BOOST (≥88%),"✅ PLAY (hit) — Conv 9/12.  Two hit signals stacking — two independent signals; on fire recently with a 91% weighted hit rate; Baldwin crushes the pitch Peterson throws most.  Hit success rate L5/AT: 73%/63%
📊 🔥 STACK: PITCH_DOM+SIG_PM → 65% Hit + 23% HR (1.33x, n=26 AT, Jul 1 2026 audit)  🧮 5-grade Hit stack = 0% (0/2).",HS 71  ·  WHR 91%  ·  Cons 66%  ·  PM 1.042,"🎯 Pitch corr: Pitcher's SI → wOBA 0.393 allowed | Batt  🎯 🎯 3 BZM-SZN (SI): middle, low, low/out  🎯 BZM_3plus+conv → 45% HR (2.9x, n=11, 57-sl CSV)  [LIVE BZM_3plus+conv family, pooled across variants: 63.9% 94/147 = 1.02x]  🔻 SECOND BAT ON THIS ARM (slot 3): slot 1 = 19.5% HR / 1.18x, slot 2+ = 14.2% / 0.86x (n=3,868, p=1e-05). On Vu≥52 arms the split is 27.3% vs 16.7%. HR off one pitcher are independent (0.87x conditional), so the 2nd bat carries no correlated upside — the best matchup is already taken. Deprioritised, not blocked.",
18,B. Eldridge,64.3,9/12,🥇 🔥 SIG+PM HIT + ⚡ Z-CONTACT BOOST (≥88%) + 🔥 L10 BBE vs FF: 1HR/10BBE + 🎯 PITCH DOM hit,✅ PLAY (hit) — Conv 9/12.  Two hit signals stacking — pitch-dominance edge; on fire recently with a 81% weighted hit rate.  Hit success rate L5/AT: 73%/63%  🧮 5-grade Hit stack = ~61% (no full-set history; 4-of-5 overlap).,HS 64  ·  WHR 81%  ·  PM 1.040,"🎯 SWEET PM (hit-only): 71.9% hit / 1.15x — HR edge RETIRED (12.5% HR / 0.76x, n=160, 72-sl CSV Jul26)  [LIVE SWEET PM family, pooled across variants: 67.4% 64/95 = 1.08x]  🚨 SCREAM legacy match (Power-Vuln/5-Signal) [RETIRED family — 0.88x, no conv credit]  📈 L7 SLG 0.560  🔻 SECOND BAT ON THIS ARM (slot 2): slot 1 = 19.5% HR / 1.18x, slot 2+ = 14.2% / 0.86x (n=3,868, p=1e-05). On Vu≥52 arms the split is 27.3% vs 16.7%. HR off one pitcher are independent (0.87x conditional), so the 2nd bat carries no correlated upside — the best matchup is already taken. Deprioritised, not blocked.",
65,Kody Clemens,57.5,9/12,🥇 🔥 SIG+PM HIT + 🔥 L10 BBE vs FF: 4HR/10BBE,"✅ PLAY (hit) — Conv 9/12.  Two hit signals stacking — two independent signals; on fire recently with a 81% weighted hit rate.  Hit success rate L5/AT: 73%/63%  🔥 🔵 PropFinder [7/9 must-have] [L10 n=10]: 🔥 ELITE CONTACT PROFILE: PullBrl%>11.3 + FB%>50.0% — both elite HR-profile gates clear (+5 conv bonus, stackable) · 🔥 7/9 gates (display only — 1.37x, best tier) · 💪 ISO:0.400>0.2 (must-have) · ❌ Barrel%:10.0% [Barrel%>15% ✗] · ❌ HH%:30% [HH%>40% ✗] · 🌤️ Air%:60%>50% (must-have) · 🔻 GB%:30%<40% (must-have) · 🎯 PullBrl%:11.3>10 (must-have) · 🌤️ FB%:50%>35% (must-have) · 💥 Blast%:17.9%>15% (must-have) · ↙ Pull%:70%>30% (must-have)  🧮 2-grade Hit stack = 55% (41/74).",HS 58  ·  WHR 81%  ·  PM 1.045,"🚨 SCREAM legacy match (Power-Vuln/5-Signal) [RETIRED family — 0.88x, no conv credit]  🔓 Gate Override [RETIRED signal — 0.84x, 0/11 post-ASG]  📈 L7 SLG 0.636  💥 2 HRs last 7 days",
36,Spencer Jones,52.3,9/12,🥇 🎯 PITCH-RELIANT HIT (FF 45% (HS)) + 🔥 L10 BBE vs FC: 2HR/7BBE,✅ PLAY (hit) — Conv 9/12.  Two hit signals stacking — two independent signals; on fire recently with a 84% weighted hit rate.  Hit success rate L5/AT: 60%/60%  🧮 3-grade Hit stack = ~67% (no full-set history; 2-of-3 overlap).,HS 52  ·  WHR 84%,"🔻 SECOND BAT ON THIS ARM (slot 2): slot 1 = 19.5% HR / 1.18x, slot 2+ = 14.2% / 0.86x (n=3,868, p=1e-05). On Vu≥52 arms the split is 27.3% vs 16.7%. HR off one pitcher are independent (0.87x conditional), so the 2nd bat carries no correlated upside — the best matchup is already taken. Deprioritised, not blocked.",
58,H. Goodman,21.2,9/12,"🥇 🔥 PLAY+Pw88(≥85)+Edge+18%(≥15%) → 77% Hit (10/13, 30-sl qual) + 🔥🔥 PRIME+PitchEdge hit → 67%  232/348 Hit (live) + 🔥 SIG+PM HIT + 🔥 L10 BBE vs SL: 4HR/10BBE","✅ PLAY (hit) — Conv 9/12.  Two hit signals stacking — two independent signals; 66% of books agree.  Hit success rate L5/AT: 73%/63%  🔥 🔵 PropFinder [7/9 must-have] [L10 n=10]: 🔥 ELITE CONTACT PROFILE: PullBrl%>12.5 + FB%>50.0% — both elite HR-profile gates clear (+5 conv bonus, stackable) · 🔥 7/9 gates (display only — 1.37x, best tier) · 💪 ISO:0.300>0.2 (must-have) · ❌ Barrel%:0.0% [Barrel%>15% ✗] · ❌ HH%:30% [HH%>40% ✗] · 🌤️ Air%:60%>50% (must-have) · 🔻 GB%:40%<40% (must-have) · 🎯 PullBrl%:12.5>10 (must-have) · 🌤️ FB%:50%>35% (must-have) · 💥 Blast%:16.5%>15% (must-have) · ↙ Pull%:90%>30% (must-have)
📊 🔥 STACK: T4_PTM+PITCH_DOM → 76% Hit + 38% HR (2.19x, n=21 AT, Jul 1 2026 audit)  🧮 7-grade Hit stack = ~61% (no full-set history; 3-of-7 overlap).",Cons 66%  ·  PM 1.067,"🚨 SCREAM legacy match (5-Signal) [RETIRED family — 0.88x, no conv credit]  🔥🔥 PRIME+PitchEdge hit → 67%  232/348 Hit (live)  🔥 PLAY+Pw88(≥85)+Edge+18%(≥15%) → 77% Hit (10/13, 30-sl qual)  [LIVE PLAY+Pw88 family, pooled across variants: 62.5% 45/72 = 1.00x]  🔥 PLAY+Pw88(≥85)+Edge+18%(≥15%) → 77% Hit (10/13, 30-sl qual)  [LIVE PLAY+Pw88 family, pooled across variants: 62.5% 45/72 = 1.00x]  🔥🔥 PRIME+PitchEdge hit → 67%  232/348 Hit (live)  💥 2 HRs last 7 days  💪 Elite HR/PA vs RHP (7.2%)  💥 SL edge 0.439  🎯 T4_BBE+Park1.40(≥1.1)+Pw88(≥82) → 50% HR (3.1x, n=8, 57-sl CSV)  [LIVE Pw88 family, pooled across variants: 60.7% 54/89 = 0.97x ⛔ BELOW BASE]  📋 PRIME LOCK TRACKING: Vuln=52≥52 + PM=1.067≥1.04 + Pwr=88≥84 — demoted: no EXTREME L2/CASCADE/Score>66 · PM 1.067 in dead zone 1.06-1.08 (14.3% HR / 0.81x — below baseline). BGS tier applies instead.  [LIVE PRIME LOCK TRACKING family, pooled across variants: 64.3% 45/70 = 1.03x]  🎯 PRIORITY TIER #1: Vuln>=52 + Odds<=+400 (+265) - 31.2% HR / 1.89x on qualifiers (63/202, 77sl); top-3 by price 35.6% / 2.16x. Temporal holdout: 1.65x train, 1.72x test - the only ranker above 1.6x in both halves, vs Score at 1.06x/1.12x. Sorted by PRICE, not Score. WARNING: median 2 qualifiers per slate, 19 of 77 slates have zero - do NOT pad to five. May ran 7.4% vs June 39.7% / July 32.1%, so the edge is recent-window.",
57,Luis Garcia,4.4,9/12,"🥇 🔥🔥 SCREAM HIT: Cold+PM1.085 (64%  771/1209 AT, L5 62%  36/58) + 🔥 SIG+PM HIT + 🎯 PITCH-RELIANT HIT (FF 45% (HS)) + ❄️ ICE COLD","✅ PLAY (hit) — SCREAM HIT zone (Cold+PM≥1.03 = 66.2%, 1.14x, 57-sl CSV).  Two hit signals stacking — validated cold-bat signal; red hot over the last 5 games.  Hit success rate L5/AT: 62%/64%
📊 🔥 STACK: PITCH_DOM+PITCH_RELIANT → 73% Hit + 30% HR (1.75x, n=56 AT, Jul 1 2026 audit)  🧮 10-grade Hit stack = ~51% (no full-set history; 5-of-10 overlap).",ICE COLD 4  ·  PM 1.085,"❄️ Cold  🚨 SCREAM legacy match (5-Signal) [RETIRED family — 0.88x, no conv credit]  🔥🔥 SCREAM HIT: Cold+PM1.085 (64%  771/1209 AT, L5 62%  36/58)  🔓 Gate Override [RETIRED signal — 0.84x, 0/11 post-ASG]  📈 L7 SLG 0.750  💥 2 HRs last 7 days  💪 Elite HR/PA vs RHP (5.9%)  🏟️ Elite road SLG 0.551  📋 CONVICTION BLOCKED: Vuln 46 trap (44-48) + Env=0.93<0.95 — 8.3% HR / 0.47x. BGS grade suppressed.  🔻 SECOND BAT ON THIS ARM (slot 3): slot 1 = 19.5% HR / 1.18x, slot 2+ = 14.2% / 0.86x (n=3,868, p=1e-05). On Vu≥52 arms the split is 27.3% vs 16.7%. HR off one pitcher are independent (0.87x conditional), so the 2nd bat carries no correlated upside — the best matchup is already taken. Deprioritised, not blocked.",
15,F. Lindor,51.4,8.5/12,🥇 ⚡ Z-CONTACT BOOST (≥88%) + 🔥 L10 BBE vs FF: 2HR/10BBE,✅ PLAY (hit) — Conv 8.5/12.  Two hit signals stacking — two independent signals; red hot over the last 5 games; historically hits Young at a 85% clip.  Hit success rate L5/AT: 60%/60%  🧮 3-grade Hit stack = 64% (28/44).,HS 51  ·  WHR 68%,"ℹ️ Short-start env (Env=0.89<0.90) but Vuln=52≥47 — NOT excluded: 57.9% hit / 0.98x (n=57, 85-sl CSV Jul27). The short-start penalty is a pitcher-quality effect, not an environment one.  🔥 L7 power surge SLG 0.714  💥 4 HRs last 7 days  🔻 SECOND BAT ON THIS ARM (slot 5): slot 1 = 19.5% HR / 1.18x, slot 2+ = 14.2% / 0.86x (n=3,868, p=1e-05). On Vu≥52 arms the split is 27.3% vs 16.7%. HR off one pitcher are independent (0.87x conditional), so the 2nd bat carries no correlated upside — the best matchup is already taken. Deprioritised, not blocked.",
62,L. Bernal,49.1,8.5/12,🥇 🔥 SIG+PM HIT + 🔥 L10 BBE vs SI: 0HR/4BBE,✅ PLAY (hit) — Conv 8.5/12.  Two hit signals stacking — two independent signals; hitting well lately (77% weighted hit rate).  Hit success rate L5/AT: 73%/63%  🧮 5-grade Hit stack = 100% (1/1).,HS 49  ·  WHR 77%  ·  PM 1.064,"⚠️ MID-HS DULL (HS 40-49 + Vuln<47): HS=49, Vuln=45 — backtest 54.8% hit / 0.93x (n=498, 85-sl CSV Jul27, perm p=0.007). Cold bats (HS<40) outperform this zone. Deprioritize vs HS<40 or SCREAM HIT picks at same tier.  🎯 SWEET PM (hit-only): 71.9% hit / 1.15x — HR edge RETIRED (12.5% HR / 0.76x, n=160, 72-sl CSV Jul26)  [LIVE SWEET PM family, pooled across variants: 67.4% 64/95 = 1.08x]  🚨 SCREAM legacy match (Power-Vuln) [RETIRED family — 0.88x, no conv credit]  🔓 Gate Override [RETIRED signal — 0.84x, 0/11 post-ASG]  🔥 L7 power surge SLG 0.542  💥 2 HRs last 7 days  💪 Elite HR/PA vs RHP (5.8%)  🔻 SECOND BAT ON THIS ARM (slot 4): slot 1 = 19.5% HR / 1.18x, slot 2+ = 14.2% / 0.86x (n=3,868, p=1e-05). On Vu≥52 arms the split is 27.3% vs 16.7%. HR off one pitcher are independent (0.87x conditional), so the 2nd bat carries no correlated upside — the best matchup is already taken. Deprioritised, not blocked.",
4,Ketel Marte,67.6,8/12,🥇 ⚡ Z-CONTACT BOOST (≥88%) + 🔥 L10 BBE vs ST: 2HR/10BBE,✅ PLAY (hit) — Conv 8/12.  Two hit signals stacking — two independent signals; on fire recently with a 81% weighted hit rate; 67% of books agree.  Hit success rate L5/AT: 60%/60%  🧮 2-grade Hit stack = 56% (181/325).,HS 68  ·  WHR 81%  ·  Cons 67%,"ℹ️ HS=68 in the old 65-70 regression window [HIT REGRESSION RISK RETIRED Jul 29 2026 — 50.0% hit / 0.80x on n=22, bootstrap [0.52,1.07] crosses 1.0, and HS 60-65 runs 1.12x. No deprioritization applied]  🎯 HIT SOLID: HS=68≥50 + PM=1.014 contact zone + Env=1.03≥0.95 — backtest: 69.3% hit rate / 1.06x (205 picks).  👀 NEAR-HR RATE 0.3 (3/10 PA) — ⚪ TRACKING: 24.0% HR / 1.43x on this threshold so far (6/25, 5sl since export began Aug 5 2026, p=0.25 — too early to trust, watch as it accumulates). Zero conviction credit.  [LIVE NEAR-HR RATE family, pooled across variants: 67.4% 87/129 = 1.08x]  ⚠️ HIGH SCORE, NO GRADES — WARNING BAND: Score=65≥65 with no named HR grade → 11.4% HR / 0.70x (5/44); Score 68+ runs 12.0% / 0.74x (3/25). A very high composite with NOTHING named firing is a warning, not a signal — most likely the score is carried by inputs the grade layer has already judged unreliable. Contrast the 55-65 band at 1.13-1.16x. Do NOT treat the rank as conviction.  [LIVE HIGH SCORE family, pooled across variants: 77.5% 31/40 = 1.24x]",
20,Mookie Betts,64.3,8/12,🥇 ⚡ Z-CONTACT BOOST (≥88%) + 🔥 L10 BBE vs FF: 2HR/10BBE,✅ PLAY (hit) — Conv 8/12.  Two hit signals stacking — two independent signals; hitting well lately (75% weighted hit rate); 68% of books agree.  Hit success rate L5/AT: 60%/60%  🧮 6-grade Hit stack = ~70% (no full-set history; 4-of-6 overlap).,HS 64  ·  WHR 75%  ·  Cons 68%,"🎯 HIT SOLID: HS=64≥50 + PM=1.001 contact zone + Env=1.13≥0.95 — backtest: 69.3% hit rate / 1.06x (205 picks).  🔥 L7 power surge SLG 0.722  💥 2 HRs last 7 days  🔻 SECOND BAT ON THIS ARM (slot 2): slot 1 = 19.5% HR / 1.18x, slot 2+ = 14.2% / 0.86x (n=3,868, p=1e-05). On Vu≥52 arms the split is 27.3% vs 16.7%. HR off one pitcher are independent (0.87x conditional), so the 2nd bat carries no correlated upside — the best matchup is already taken. Deprioritised, not blocked.",
8,Ronald Acuna,58.6,8/12,🥇 ⚡ Z-CONTACT BOOST (≥88%) + 🔥 L10 BBE vs CU: 2HR/8BBE,✅ PLAY (hit) — Conv 8/12.  Two hit signals stacking — two independent signals; red hot over the last 5 games; Acuna crushes the pitch Peterson throws most.  Hit success rate L5/AT: 60%/60%  🧮 4-grade Hit stack = 38% (3/8).,HS 59  ·  WHR 79%,"🔥 L7 power surge SLG 0.464  🎯 Pitch corr: Pitcher's SI → wOBA 0.393 allowed | Batt  🎯 🎯 3 BZM-SZN (SI): mid-out, low, low/out  🎯 BZM_3plus+conv → 45% HR (2.9x, n=11, 57-sl CSV)  [LIVE BZM_3plus+conv family, pooled across variants: 63.9% 94/147 = 1.02x]",
87,Sal Stewart,56.9,8/12,🥇 🔥🔥 SCREAM HIT+HR: Sig3+PM1.058 (63%  1475/2358 Hit + 25%HR) + 🎯 PITCH-RELIANT HIT (FF 48% (HS)) + 🔥 L10 BBE vs SL: 1HR/10BBE + 🎯 PITCH DOM hit,⛔ PASS (hit) — K-danger matchup.  Two hit signals stacking — pitch-dominance edge; red hot over the last 5 games; ⚠️ K-Danger vs zone.  Hit success rate L5/AT: 75%/63%  🧮 5-grade Hit stack = ~66% (no full-set history; 3-of-5 overlap).,HS 57  ·  WHR 78%  ·  PM 1.058,"⚡ K-Danger vs zone  ⚠️ Elite arm (Vuln 28) — hit suppressed  🎯 HIT SOLID: HS=57≥50 + PM=1.058 contact zone + Env=1.13≥0.95 — backtest: 69.3% hit rate / 1.06x (205 picks).  🚨 SCREAM legacy match (Sig-PM/5-Signal) [RETIRED family — 0.88x, no conv credit]  🔥🔥 SCREAM HIT+HR: Sig3+PM1.058 (63%  1475/2358 Hit + 25%HR)  🔻 SECOND BAT ON THIS ARM (slot 2): slot 1 = 19.5% HR / 1.18x, slot 2+ = 14.2% / 0.86x (n=3,868, p=1e-05). On Vu≥52 arms the split is 27.3% vs 16.7%. HR off one pitcher are independent (0.87x conditional), so the 2nd bat carries no correlated upside — the best matchup is already taken. Deprioritised, not blocked.",
45,Manny Machado,1.2,8/12,"🥇 🔥🔥 BZM_zones+Sc17(<45) → 100% Hit (4/4, 30-sl) — zone math overrides low score + 🔥🔥 SCREAM HIT: Cold(HS1)+SUPER VUL(Vu61≥54) (64%  771/1209 AT, 1.07x) — cold bat beats all HS>40 tiers; SUPER VUL confirms + ❄️ ICE COLD + ⚡ Z-CONTACT BOOST (≥88%) + 🔥 L10 BBE vs FF: 2HR/10BBE","✅ PLAY (hit) — SCREAM HIT zone (Cold+PM≥1.03 = 66.2%, 1.14x, 57-sl CSV).  Two hit signals stacking — validated cold-bat signal; cold by recent stats but the ICE COLD pattern is validated above baseline; Machado crushes the pitch Sugano throws most.  Hit success rate L5/AT: 62%/64%  🧮 8-grade Hit stack = ~76% (no full-set history; 5-of-8 overlap).",ICE COLD 1,"❄️ Cold  🎯 HT01 Deep-Lineup Ice-Cold Contact Bat: EstPA≥4.6 + HS<15 (ice cold) + Score<45 + Sig<1 → 96.4% Hit (1.54x, n=28, 21sl)  [LIVE EstPA family, pooled across variants: 61.8% 21/34 = 0.99x ⛔ BELOW BASE]  🔥🔥 BZM_zones+Sc17(<45) → 100% Hit (4/4, 30-sl) — zone math overrides low score  🔥🔥 BZM_zones+Sc17(<45) → 100% Hit (4/4, 30-sl) — zone math overrides low score  🔥🔥 SCREAM HIT: Cold(HS1)+SUPER VUL(Vu61≥54) (64%  771/1209 AT, 1.07x) — cold bat beats all HS>40 tiers; SUPER VUL confirms  🎯 Pitch corr: Pitcher's FF → wOBA 0.417 allowed | Batt  🎯 🎯 2 BZM-SZN (FF): mid-in, middle  🎯 BZM+Sc17(<50)+Vu61(≥52) → 100% HR (3/3, RARE, 57-sl CSV)  🔻 SECOND BAT ON THIS ARM (slot 3): slot 1 = 19.5% HR / 1.18x, slot 2+ = 14.2% / 0.86x (n=3,868, p=1e-05). On Vu≥52 arms the split is 27.3% vs 16.7%. HR off one pitcher are independent (0.87x conditional), so the 2nd bat carries no correlated upside — the best matchup is already taken. Deprioritised, not blocked.  🎯 PRIORITY TIER #3: Vuln>=52 + Odds<=+400 (+290) - 31.2% HR / 1.89x on qualifiers (63/202, 77sl); top-3 by price 35.6% / 2.16x. Temporal holdout: 1.65x train, 1.72x test - the only ranker above 1.6x in both halves, vs Score at 1.06x/1.12x. Sorted by PRICE, not Score. WARNING: median 2 qualifiers per slate, 19 of 77 slates have zero - do NOT pad to five. May ran 7.4% vs June 39.7% / July 32.1%, so the edge is recent-window.",
19,Steven Kwan,68.1,7/12,🎯 SHARP HIT,✅ PLAY (hit) — Conv 7/12.  Multiple supporting signals pointing to a hit today; on fire recently with a 83% weighted hit rate; historically hits Newcomb at a 73% clip.  Hit success rate L5/AT: 75%/63%  🧮 3-grade Hit stack = 29% (2/7).,HS 68  ·  WHR 83%  ·  Cons 65%  ·  vs SP 73%,"ℹ️ HS=68 in the old 65-70 regression window [HIT REGRESSION RISK RETIRED Jul 29 2026 — 50.0% hit / 0.80x on n=22, bootstrap [0.52,1.07] crosses 1.0, and HS 60-65 runs 1.12x. No deprioritization applied]  🎯 HIT SWEET SPOT: HS=68≥50 + PM=0.940 contact zone (0.90-1.06) + Vuln=43 (38-44 sweet) + Env=0.96≥0.95 — backtest: 77.9% hit rate / 1.20x (68 picks, 72 slates). Top hit pick tier.  🔥 L7 power surge SLG 0.577  🔻 SECOND BAT ON THIS ARM (slot 2): slot 1 = 19.5% HR / 1.18x, slot 2+ = 14.2% / 0.86x (n=3,868, p=1e-05). On Vu≥52 arms the split is 27.3% vs 16.7%. HR off one pitcher are independent (0.87x conditional), so the 2nd bat carries no correlated upside — the best matchup is already taken. Deprioritised, not blocked.",
27,K. McGonigle,67.2,7/12,🔥 L10 BBE vs CU: 2HR/10BBE,✅ PLAY (hit) — Conv 7/12.  Strong supporting signals pointing to a hit; red hot over the last 5 games; 66% of books agree.  Hit success rate L5/AT: 60%/60%  🧮 6-grade Hit stack = ~66% (no full-set history; 3-of-6 overlap).,HS 67  ·  WHR 68%  ·  Cons 66%,"ℹ️ HS=67≥60 with Vuln=39<40 [ELITE-HS LOW-VULN RETIRED — 60.0% hit / 1.02x, n=15, 85-sl CSV Jul27; no exclusion applied]  ℹ️ HS=67 in the old 65-70 regression window [HIT REGRESSION RISK RETIRED Jul 29 2026 — 50.0% hit / 0.80x on n=22, bootstrap [0.52,1.07] crosses 1.0, and HS 60-65 runs 1.12x. No deprioritization applied]  🎯 HIT SWEET SPOT: HS=67≥50 + PM=1.020 contact zone (0.90-1.06) + Vuln=39 (38-44 sweet) + Env=1.07≥0.95 — backtest: 77.9% hit rate / 1.20x (68 picks, 72 slates). Top hit pick tier.  👀 NEAR-HR RATE 0.4 (4/10 PA) — ⚪ TRACKING: 24.0% HR / 1.43x on this threshold so far (6/25, 5sl since export began Aug 5 2026, p=0.25 — too early to trust, watch as it accumulates). Zero conviction credit.  [LIVE NEAR-HR RATE family, pooled across variants: 67.4% 87/129 = 1.08x]  🔥 L7 power surge SLG 0.792  💥 3 HRs last 7 days  💥 CU edge 0.405  🎯 T4_BBE+Sc65(≥60) → 38% HR (2.4x, n=21, 57-sl CSV)  [LIVE T4_BBE+Sc65 family, pooled across variants: 66.0% 70/106 = 1.06x]  🔻 SECOND BAT ON THIS ARM (slot 2): slot 1 = 19.5% HR / 1.18x, slot 2+ = 14.2% / 0.86x (n=3,868, p=1e-05). On Vu≥52 arms the split is 27.3% vs 16.7%. HR off one pitcher are independent (0.87x conditional), so the 2nd bat carries no correlated upside — the best matchup is already taken. Deprioritised, not blocked.",
78,Mike Trout,59.9,7/12,🎯 SHARP HIT,✅ PLAY (hit) — Conv 7/12.  Multiple supporting signals pointing to a hit today; on fire recently with a 82% weighted hit rate; right-handed park factor of 1.120x here.  Hit success rate L5/AT: 75%/63%  🧮 3-grade Hit stack = 70% (16/23).,HS 60  ·  WHR 82%,"⚠️ K-Warning  🎯 HIT SWEET SPOT: HS=60≥50 + PM=1.039 contact zone (0.90-1.06) + Vuln=44 (38-44 sweet) + Env=1.08≥0.95 — backtest: 77.9% hit rate / 1.20x (68 picks, 72 slates). Top hit pick tier.  📊 ERA understated (context only — grade RETIRED: 15.2% HR / 0.92x, n=125, 72-sl CSV Jul26)  [LIVE Jul26 family, pooled across variants: 65.1% 136/209 = 1.04x]  🏟️ RHB park 1.120x",
56,E. De La Cruz,56.5,7/12,🥇 🔥 SIG+PM HIT + 🔥 L10 BBE vs SI: 0HR/8BBE,"⛔ PASS (hit) — K-danger matchup.  Two hit signals stacking — two independent signals; on fire recently with a 87% weighted hit rate; historically hits Skubal at a 73% clip.  Hit success rate L5/AT: 73%/63%
📊 🔥 STACK: PITCH_DOM+SIG_PM → 65% Hit + 23% HR (1.33x, n=26 AT, Jul 1 2026 audit)  🧮 6-grade Hit stack = ~43% (no full-set history; 4-of-6 overlap).",HS 56  ·  WHR 87%  ·  vs SP 73%  ·  PM 1.089,"⚡ K-Danger vs 136  ⚠️ Elite arm (Vuln 28) — hit suppressed  🔓 Gate Override [RETIRED signal — 0.84x, 0/11 post-ASG]  📈 L7 SLG 0.875  💥 3 HRs last 7 days  🎯 PitchMix wOBA 0.422  💥 CH edge 0.436  💥 FF edge 0.436  🔻 SECOND BAT ON THIS ARM (slot 3): slot 1 = 19.5% HR / 1.18x, slot 2+ = 14.2% / 0.86x (n=3,868, p=1e-05). On Vu≥52 arms the split is 27.3% vs 16.7%. HR off one pitcher are independent (0.87x conditional), so the 2nd bat carries no correlated upside — the best matchup is already taken. Deprioritised, not blocked.",
12,K. Okamoto,52.6,7/12,🥇 ⚡ Z-CONTACT BOOST (≥88%) + 🔥 L10 BBE vs FC: 2HR/10BBE,"✅ PLAY (hit) — Conv 7/12.  Two hit signals stacking — two independent signals; red hot over the last 5 games; elite contact quality across Melton's entire arsenal.  Hit success rate L5/AT: 60%/60%
📊 🔥 STACK: T4_PTM+SWEET_PM → 64% Hit + 21% HR (1.23x, n=42 AT, Jul 1 2026 audit)  🧮 3-grade Hit stack = 61% (27/44).",HS 53  ·  WHR 73%,🎯 HIT SOLID: HS=53≥50 + PM=1.034 contact zone + Env=1.03≥0.95 — backtest: 69.3% hit rate / 1.06x (205 picks).  🔥 L7 power surge SLG 1.053  💥 4 HRs last 7 days  💪 Elite HR/PA vs RHP (5.4%)  🎯 PitchMix wOBA 0.411  💥 SL edge 0.357,
10,Matt Olson,46.1,7/12,🥇 🔥 SIG+PM HIT + ⚡ Z-CONTACT BOOST (≥88%) + 🔥 L10 BBE vs SL: 3HR/10BBE,✅ PLAY (hit) — Conv 7/12.  Two hit signals stacking — two independent signals; historically hits Peterson at a 70% clip.  Hit success rate L5/AT: 73%/63%  🧮 6-grade Hit stack = ~50% (no full-set history; 4-of-6 overlap).,vs SP 70%  ·  PM 1.061,"ℹ️ HS 46 in the 40-49 band but Vuln=50≥47 — NOT deprioritized: 60.6% hit / 1.03x (n=469, 85-sl CSV Jul27). The MID-HS DULL penalty is a pitcher-quality effect.  💥 2 HRs last 7 days  💪 Elite HR/PA vs RHP (6.0%)  🎯 Pitch corr: Pitcher's SI → wOBA 0.393 allowed | Batt  💥 SL edge 0.393  🎯 🎯 4 BZM-SZN (SI): middle, mid-out, low, low/out  🎯 BZM_3plus+conv → 45% HR (2.9x, n=11, 57-sl CSV)  [LIVE BZM_3plus+conv family, pooled across variants: 63.9% 94/147 = 1.02x]  📋 CONVICTION BLOCKED: Sig=15≥15 within CONVICTION — 0.0% HR (0/9, 73 slates). Market fully prices pitch edge in marginal pitcher matchup (Vuln 44-50). Note: Sig≥15 HELPS in PRIME LOCK (Sig 7-11 = 66.7% / 3.78x) but HURTS in CONVICTION.. BGS grade suppressed.  [LIVE CONVICTION family, pooled across variants: 65.3% 109/167 = 1.05x]  🔻 SECOND BAT ON THIS ARM (slot 4): slot 1 = 19.5% HR / 1.18x, slot 2+ = 14.2% / 0.86x (n=3,868, p=1e-05). On Vu≥52 arms the split is 27.3% vs 16.7%. HR off one pitcher are independent (0.87x conditional), so the 2nd bat carries no correlated upside — the best matchup is already taken. Deprioritised, not blocked.",
9,M. Harris,43.1,7/12,🥇 🔥 SIG+PM HIT + ⚡ Z-CONTACT BOOST (≥88%),"✅ PLAY (hit) — Conv 7/12.  Two hit signals stacking — two independent signals; historically hits Peterson at a 71% clip.  Hit success rate L5/AT: 73%/63%
📊 🔥 STACK: PITCH_DOM+SIG_PM → 65% Hit + 23% HR (1.33x, n=26 AT, Jul 1 2026 audit)  🧮 3-grade Hit stack = 58% (19/33).",Cons 66%  ·  vs SP 71%  ·  PM 1.048,"ℹ️ HS 43 in the 40-49 band but Vuln=50≥47 — NOT deprioritized: 60.6% hit / 1.03x (n=469, 85-sl CSV Jul27). The MID-HS DULL penalty is a pitcher-quality effect.  🔻 SECOND BAT ON THIS ARM (slot 6): slot 1 = 19.5% HR / 1.18x, slot 2+ = 14.2% / 0.86x (n=3,868, p=1e-05). On Vu≥52 arms the split is 27.3% vs 16.7%. HR off one pitcher are independent (0.87x conditional), so the 2nd bat carries no correlated upside — the best matchup is already taken. Deprioritised, not blocked.",
5,E. Hernandez,24.6,7/12,"🥇 🔥 PLAY+Sig10(≥10)+Edge+15%(≥15%) → 80% Hit (8/10, 30-sl qual) + 🔥🔥 BACKTEST ELITE: PM1.350(≥1.12)+Pw88(≥82)+Edge+15%(≥15%) (59%  13/22 AT  [mined 100% 12/12 @57sl]) + 🎯 Sweet PM hit (PM1.350≥1.15 — 87.5% hit, 1.63x pkl): strong HIT signal but HR edge gone at this PM level + 🔥🔥 BACKTEST ELITE: PM1.350(≥1.12)+Pw88(≥82)+Edge+15%(≥15%) → 63%  158/252 Hit (live; mined 100% 12/12 @57sl) + 🔥 SIG+PM HIT + ⚡ Z-CONTACT BOOST (≥88%)","✅ PLAY (hit) — Conv 7/12.  Two hit signals stacking — two independent signals.  Hit success rate L5/AT: 73%/63%  🔥 🔥🔥 BACKTEST ELITE: PM1.350(≥1.12)+Pw88(≥82)+Edge+15%(≥15%.
📊 🔥 STACK: T4_PTM+MID_SCORE → 69% Hit + 24% HR (1.39x, n=29 AT, Jul 1 2026 audit)  🧮 5-grade Hit stack = ~49% (no full-set history; 3-of-5 overlap).",PM 1.350,"🔥🔥 BACKTEST ELITE: PM1.350(≥1.12)+Pw88(≥82)+Edge+15%(≥15%) (59%  13/22 AT  [mined 100% 12/12 @57sl])  🔥 PLAY+Sig10(≥10)+Edge+15%(≥15%) → 80% Hit (8/10, 30-sl qual)  [LIVE Edge+15 family, pooled across variants: 63.6% 14/22 = 1.02x]  🔥 PLAY+Sig10(≥10)+Edge+15%(≥15%) → 80% Hit (8/10, 30-sl qual)  [LIVE Edge+15 family, pooled across variants: 63.6% 14/22 = 1.02x]  🔥🔥 BACKTEST ELITE: PM1.350(≥1.12)+Pw88(≥82)+Edge+15%(≥15%) (59%  13/22 AT  [mined 100% 12/12 @57sl])  🎯 Sweet PM hit (PM1.350≥1.15 — 87.5% hit, 1.63x pkl): strong HIT signal but HR edge gone at this PM level",
75,Nolan Arenado,44.0,6.5/12,🥇 ⚡ Z-CONTACT BOOST (≥88%) + 🔥 L10 BBE vs FF: 3HR/10BBE,🟡 LEAN (hit) — Conv 6.5/12.  Two hit signals stacking — two independent signals; historically hits Alcantara at a 73% clip.  Hit success rate L5/AT: 60%/60%  🧮 3-grade Hit stack = 64% (28/44).,vs SP 73%,"ℹ️ HS 44 in the 40-49 band but Vuln=53≥47 — NOT deprioritized: 60.6% hit / 1.03x (n=469, 85-sl CSV Jul27). The MID-HS DULL penalty is a pitcher-quality effect.  🔥 L7 power surge SLG 1.000  💥 3 HRs last 7 days  🔻 SECOND BAT ON THIS ARM (slot 4): slot 1 = 19.5% HR / 1.18x, slot 2+ = 14.2% / 0.86x (n=3,868, p=1e-05). On Vu≥52 arms the split is 27.3% vs 16.7%. HR off one pitcher are independent (0.87x conditional), so the 2nd bat carries no correlated upside — the best matchup is already taken. Deprioritised, not blocked.",
77,A. Kirk,64.0,6/12,⚪ Weak,🟡 LEAN (hit) — Conv 6/12.  Strong supporting signals pointing to a hit; red hot over the last 5 games; elite contact quality across Melton's entire arsenal.  Hit success rate L5/AT: 100%/100%  🧮 2-grade Hit stack = 57% (110/194).,HS 64  ·  WHR 79%,"🎯 HIT SOLID: HS=64≥50 + PM=0.976 contact zone + Env=1.03≥0.95 — backtest: 69.3% hit rate / 1.06x (205 picks).  🔥 L7 power surge SLG 0.667  💥 2 HRs last 7 days  🎯 PitchMix wOBA 0.421  🔻 SECOND BAT ON THIS ARM (slot 3): slot 1 = 19.5% HR / 1.18x, slot 2+ = 14.2% / 0.86x (n=3,868, p=1e-05). On Vu≥52 arms the split is 27.3% vs 16.7%. HR off one pitcher are independent (0.87x conditional), so the 2nd bat carries no correlated upside — the best matchup is already taken. Deprioritised, not blocked.",
91,Adael Amador,61.8,6/12,⚪ Weak,🟡 LEAN (hit) — Conv 6/12.  Strong supporting signals pointing to a hit; on fire recently with a 83% weighted hit rate.  Hit success rate L5/AT: 100%/100%  🧮 2-grade Hit stack = 57% (110/194).,HS 62  ·  WHR 83%,"🎯 HIT SOLID: HS=62≥50 + PM=0.997 contact zone + Env=1.61≥0.95 — backtest: 69.3% hit rate / 1.06x (205 picks).  🔥 L7 power surge SLG 0.706  💥 2 HRs last 7 days  💪 Elite HR/PA vs RHP (7.5%)  🏟️ Elite home SLG 0.652  🔻 SECOND BAT ON THIS ARM (slot 5): slot 1 = 19.5% HR / 1.18x, slot 2+ = 14.2% / 0.86x (n=3,868, p=1e-05). On Vu≥52 arms the split is 27.3% vs 16.7%. HR off one pitcher are independent (0.87x conditional), so the 2nd bat carries no correlated upside — the best matchup is already taken. Deprioritised, not blocked.",
51,D. Canzone,58.5,6/12,🥇 🔥 SIG+PM HIT + 🔥 L10 BBE vs SL: 1HR/10BBE + 🎯 PITCH DOM hit,⛔ PASS (hit) — K-danger matchup.  Two hit signals stacking — pitch-dominance edge; on fire recently with a 87% weighted hit rate; ⚠️ K-Danger vs 130.  Hit success rate L5/AT: 73%/63%,HS 58  ·  WHR 87%  ·  PM 1.050,"⚡ K-Danger vs 130  🎯 HT02 Hot-Bat Hard-Contact Confirmer: HS≥47 + PF-HH% 50-60 + PM≥1.04 + WHR≥72% → 96.3% Hit (1.54x, n=27, 15sl)  [LIVE PF-HH family, pooled across variants: 71.7% 38/53 = 1.15x]  🚨 SCREAM legacy match (5-Signal) [RETIRED family — 0.88x, no conv credit]  🔓 Gate Override [RETIRED signal — 0.84x, 0/11 post-ASG]  🔻 SECOND BAT ON THIS ARM (slot 3): slot 1 = 19.5% HR / 1.18x, slot 2+ = 14.2% / 0.86x (n=3,868, p=1e-05). On Vu≥52 arms the split is 27.3% vs 16.7%. HR off one pitcher are independent (0.87x conditional), so the 2nd bat carries no correlated upside — the best matchup is already taken. Deprioritised, not blocked.",
66,H. Hernandez,50.6,6/12,🎯 SHARP HIT,"🟡 LEAN (hit) — Conv 6/12.  Multiple supporting signals pointing to a hit today; red hot over the last 5 games.  Hit success rate L5/AT: 75%/63%  🔥 🔵 PropFinder [5/9 must-have] [L10 n=10]: 🔥 ELITE CONTACT PROFILE: PullBrl%>11.5 + FB%>40.0% — both elite HR-profile gates clear (+5 conv bonus, stackable) · ❌ ISO:0.192 [ISO>0.2 ✗] · ❌ Barrel%:0.0% [Barrel%>15% ✗] · ❌ HH%:30% [HH%>40% ✗] · 🌤️ Air%:50%>50% (must-have) · ❌ GB%:50% [GB%<40% ✗] · 🎯 PullBrl%:11.5>10 (must-have) · 🌤️ FB%:40%>35% (must-have) · 💥 Blast%:19.6%>15% (must-have) · ↙ Pull%:100%>30% (must-have)",HS 51  ·  WHR 66%,"🎯 HIT SWEET SPOT: HS=51≥50 + PM=1.016 contact zone (0.90-1.06) + Vuln=40 (38-44 sweet) + Env=1.03≥0.95 — backtest: 77.9% hit rate / 1.20x (68 picks, 72 slates). Top hit pick tier.",
88,Jo Adell,46.3,6/12,"🔥🔥 SCREAM HIT: HS46+Sig3 (60.2%  97/161 AT, L5 62.2%  L5)","✅ PLAY (hit) — SCREAM HIT zone (Cold+PM≥1.03 = 66.2%, 1.14x, 57-sl CSV).  Strong supporting signals pointing to a hit; red hot over the last 5 games.  Hit success rate L5/AT: 60%/60%",,"⚠️ MID-HS DULL (HS 40-49 + Vuln<47): HS=46, Vuln=43 — backtest 54.8% hit / 0.93x (n=498, 85-sl CSV Jul27, perm p=0.007). Cold bats (HS<40) outperform this zone. Deprioritize vs HS<40 or SCREAM HIT picks at same tier.  🔥🔥 SCREAM HIT: HS46+Sig3 (60.2%  97/161 AT, L5 62.2%  L5)",
40,C. Koss,45.5,6/12,🔥 L10 BBE vs FF: 2HR/10BBE,🟡 LEAN (hit) — Conv 6/12.  Strong supporting signals pointing to a hit; red hot over the last 5 games; historically hits Mathews at a 71% clip.  Hit success rate L5/AT: 60%/60%  🧮 4-grade Hit stack = ~64% (no full-set history; 2-of-4 overlap).,WHR 69%  ·  vs SP 71%,"⚠️ MID-HS DULL (HS 40-49 + Vuln<47): HS=46, Vuln=47 — backtest 54.8% hit / 0.93x (n=498, 85-sl CSV Jul27, perm p=0.007). Cold bats (HS<40) outperform this zone. Deprioritize vs HS<40 or SCREAM HIT picks at same tier.  🔥 L7 power surge SLG 0.647",
31,Pete Alonso,43.3,6/12,🥇 🔥 SIG+PM HIT + 🔥 L10 BBE vs CH: 2HR/10BBE + 🎯 PITCH DOM hit,⛔ PASS (hit) — K-danger matchup.  Two hit signals stacking — pitch-dominance edge; red hot over the last 5 games; ⚠️ K-Danger vs today.  Hit success rate L5/AT: 73%/63%  🧮 4-grade Hit stack = ~69% (no full-set history; 3-of-4 overlap).,PM 1.066,"⚡ K-Danger vs today  ⚠️ Elite arm (Vuln 38) — hit suppressed  ⚠️ MID-HS DULL (HS 40-49 + Vuln<47): HS=43, Vuln=38 — backtest 54.8% hit / 0.93x (n=498, 85-sl CSV Jul27, perm p=0.007). Cold bats (HS<40) outperform this zone. Deprioritize vs HS<40 or SCREAM HIT picks at same tier.  🔓 Gate Override [RETIRED signal — 0.84x, 0/11 post-ASG]  📈 L7 SLG 0.591  💥 2 HRs last 7 days  💥 FF edge 0.425  🔻 SECOND BAT ON THIS ARM (slot 3): slot 1 = 19.5% HR / 1.18x, slot 2+ = 14.2% / 0.86x (n=3,868, p=1e-05). On Vu≥52 arms the split is 27.3% vs 16.7%. HR off one pitcher are independent (0.87x conditional), so the 2nd bat carries no correlated upside — the best matchup is already taken. Deprioritised, not blocked.",
16,C. Carroll,30.9,6/12,🥇 🔥 SIG+PM HIT + ⚡ Z-CONTACT BOOST (≥88%),🟡 LEAN (hit) — Conv 6/12.  Two hit signals stacking — two independent signals.  Hit success rate L5/AT: 73%/63%  🧮 7-grade Hit stack = ~53% (no full-set history; 4-of-7 overlap).,PM 1.045,"👀 NEAR-HR RATE 0.3 (3/10 PA) — ⚪ TRACKING: 24.0% HR / 1.43x on this threshold so far (6/25, 5sl since export began Aug 5 2026, p=0.25 — too early to trust, watch as it accumulates). Zero conviction credit.  [LIVE NEAR-HR RATE family, pooled across variants: 67.4% 87/129 = 1.08x]  🚨 SCREAM legacy match (5-Signal) [RETIRED family — 0.88x, no conv credit]  📋 PRIME LOCK TRACKING: Vuln=53≥52 + PM=1.045≥1.04 + Pwr=87≥84 — demoted: no EXTREME L2/CASCADE/Score>66. BGS tier applies instead.  🔻 SECOND BAT ON THIS ARM (slot 2): slot 1 = 19.5% HR / 1.18x, slot 2+ = 14.2% / 0.86x (n=3,868, p=1e-05). On Vu≥52 arms the split is 27.3% vs 16.7%. HR off one pitcher are independent (0.87x conditional), so the 2nd bat carries no correlated upside — the best matchup is already taken. Deprioritised, not blocked.",
42,F. Tatis,24.8,6/12,🥇 ⚡ Z-CONTACT BOOST (≥88%) + 🔥 L10 BBE vs FF: 2HR/10BBE,🟡 LEAN (hit) — Conv 6/12.  Two hit signals stacking — two independent signals.  Hit success rate L5/AT: 60%/60%  🧮 6-grade Hit stack = ~74% (no full-set history; 3-of-6 overlap).,PM 1.050,"🔥 L7 power surge SLG 0.739  🎯 HT17 ELITE-LOCK-CARRYOVER HIT: ELITE LOCK contact profile (Vuln=61 PM=1.050 Pwr=85) + Rank=42>=13 (not top-tier) + PM<1.062 → 100% hit (16/16 combined, Jun-Jul 12/12 p=0.005 + Aug 4/4), 1.60-1.63x both eras — ⚪ TRACKING, zero conviction credit until n>=40.  🔻 SECOND BAT ON THIS ARM (slot 2): slot 1 = 19.5% HR / 1.18x, slot 2+ = 14.2% / 0.86x (n=3,868, p=1e-05). On Vu≥52 arms the split is 27.3% vs 16.7%. HR off one pitcher are independent (0.87x conditional), so the 2nd bat carries no correlated upside — the best matchup is already taken. Deprioritised, not blocked.  🎯 PRIORITY TIER #2: Vuln>=52 + Odds<=+400 (+270) - 31.2% HR / 1.89x on qualifiers (63/202, 77sl); top-3 by price 35.6% / 2.16x. Temporal holdout: 1.65x train, 1.72x test - the only ranker above 1.6x in both halves, vs Score at 1.06x/1.12x. Sorted by PRICE, not Score. WARNING: median 2 qualifiers per slate, 19 of 77 slates have zero - do NOT pad to five. May ran 7.4% vs June 39.7% / July 32.1%, so the edge is recent-window.",
82,Jose Siri,11.4,6/12,"🥇 🔥🔥 BACKTEST ELITE: ICE_COLD+Sig2(1-5)+Park1.12(≥1.1) (73%  8/11 AT  [mined 100% 11/11 @57sl]) + 🔥🔥 SCREAM HIT: Cold+PM1.069 (64%  771/1209 AT, L5 62%  36/58) + 🔥🔥 BACKTEST ELITE: ICE_COLD+Sig2(1-5)+Park1.12(≥1.1) → 63%  158/252 Hit (live; mined 100% 11/11 @57sl) + Sig2 boost + ❄️ ICE COLD","⛔ PASS (hit) — weak career vs this pitcher.  Two hit signals stacking — validated cold-bat signal; cold by recent stats but the ICE COLD pattern is validated above baseline; right-handed park factor of 1.120x here.  Hit success rate L5/AT: 62%/64%  🔥 🔥🔥 BACKTEST ELITE: ICE_COLD+Sig2(1-5)+Park1.12(≥1.1) (73%  8/11 AT  [mined 100% 11/11 @57sl].
📊 🔥 STACK: T4_PTM+SCREAM_COLD_PM → 78% Hit + 16% HR (0.89x, n=58 AT, Jul 1 2026 audit)  🧮 5-grade Hit stack = ~66% (no full-set history; 3-of-5 overlap).",ICE COLD 11  ·  PM 1.069,"⚠️ Below-avg vs Anderson  ❄️ Cold  ⚠️ K-Warning  📊 ERA understated (context only — grade RETIRED: 15.2% HR / 0.92x, n=125, 72-sl CSV Jul26)  [LIVE Jul26 family, pooled across variants: 65.1% 136/209 = 1.04x]  🚨 SCREAM legacy match (Sig-PM/5-Signal) [RETIRED family — 0.88x, no conv credit]  🔥🔥 BACKTEST ELITE: ICE_COLD+Sig2(1-5)+Park1.12(≥1.1) (73%  8/11 AT  [mined 100% 11/11 @57sl])  🔥🔥 BACKTEST ELITE: ICE_COLD+Sig2(1-5)+Park1.12(≥1.1) (73%  8/11 AT  [mined 100% 11/11 @57sl])  🔥🔥 SCREAM HIT: Cold+PM1.069 (64%  771/1209 AT, L5 62%  36/58)  🏟️ RHB park 1.120x  💥 FF edge 0.432",
55,Alec Burleson,4.0,6/12,"🥇 🔥🔥 SCREAM HIT: Cold+PM1.067 (64%  771/1209 AT, L5 62%  36/58) + 🔥 SIG+PM HIT + ❄️ ICE COLD + 🔥 L10 BBE vs SI: 1HR/10BBE","✅ PLAY (hit) — SCREAM HIT zone (Cold+PM≥1.03 = 66.2%, 1.14x, 57-sl CSV).  Two hit signals stacking — validated cold-bat signal; cold by recent stats but the ICE COLD pattern is validated above baseline; Burleson crushes the pitch Roupp throws most.  Hit success rate L5/AT: 62%/64%
📊 🔥 STACK: T4_PTM+SCREAM_COLD_PM → 78% Hit + 16% HR (0.89x, n=58 AT, Jul 1 2026 audit)  🧮 8-grade Hit stack = 0% (0/1).",ICE COLD 4  ·  PM 1.067,"❄️ Cold  🎯 SWEET PM (hit-only): 71.9% hit / 1.15x — HR edge RETIRED (12.5% HR / 0.76x, n=160, 72-sl CSV Jul26)  [LIVE SWEET PM family, pooled across variants: 67.4% 64/95 = 1.08x]  🚨 SCREAM legacy match (Power-Vuln/5-Signal) [RETIRED family — 0.88x, no conv credit]  🔥🔥 SCREAM HIT: Cold+PM1.067 (64%  771/1209 AT, L5 62%  36/58)  🎯 Pitch corr: Pitcher's SI → wOBA 0.383 allowed | Batt  💥 CU edge 0.383  🎯 🎯 4 BZM-SZN (SI): up, mid-in, mid-out, low  🎯 BZM_3plus+conv → 45% HR (2.9x, n=11, 57-sl CSV)  [LIVE BZM_3plus+conv family, pooled across variants: 63.9% 94/147 = 1.02x]  📋 CONVICTION BLOCKED: Vuln 45 trap (44-48) + Env=0.92<0.95 — 8.3% HR / 0.47x. BGS grade suppressed.",
80,G. Moreno,62.3,5/12,⚡ Z-CONTACT BOOST (≥88%),🟡 LEAN (hit) — Conv 5/12.  Strong supporting signals pointing to a hit; red hot over the last 5 games; elite contact quality across Alcantara's entire arsenal.  Hit success rate L5/AT: 60%/60%  🧮 3-grade Hit stack = 64% (28/44).,HS 62  ·  WHR 76%,"🎯 HIT SOLID: HS=62≥50 + PM=1.027 contact zone + Env=1.03≥0.95 — backtest: 69.3% hit rate / 1.06x (205 picks).  🎯 PitchMix wOBA 0.402  🔻 SECOND BAT ON THIS ARM (slot 6): slot 1 = 19.5% HR / 1.18x, slot 2+ = 14.2% / 0.86x (n=3,868, p=1e-05). On Vu≥52 arms the split is 27.3% vs 16.7%. HR off one pitcher are independent (0.87x conditional), so the 2nd bat carries no correlated upside — the best matchup is already taken. Deprioritised, not blocked.",
83,R. Arozarena,57.7,5/12,🔥 L10 BBE vs SL: 2HR/10BBE,"⛔ PASS (hit) — K-danger matchup.  Strong supporting signals pointing to a hit; red hot over the last 5 games; right-handed park factor of 1.120x here.  Hit success rate L5/AT: 60%/60%  🔥 🔵 PropFinder [6/9 must-have] [L10 n=10]: 🔥 ELITE CONTACT PROFILE: PullBrl%>20.0 + FB%>40.0% — both elite HR-profile gates clear (+5 conv bonus, stackable) · ✅ 6/9 gates (display only — 1.11x) · 💪 ISO:0.900>0.2 (must-have) · 🎯 Barrel%:20.0%>15% (must-have) · 💪 HH%:70%>40% (must-have) · ❌ Air%:40% [Air%>50% ✗] · ❌ GB%:60% [GB%<40% ✗] · 🎯 PullBrl%:20.0>10 (must-have) · 🌤️ FB%:40%>35% (must-have) · ❌ Blast%:14.7% [Blast%>15% ✗] · ↙ Pull%:70%>30% (must-have)  🧮 6-grade Hit stack = ~66% (no full-set history; 3-of-6 overlap).",HS 58  ·  WHR 78%,"⚡ K-Danger vs today  🎯 HIT SWEET SPOT: HS=58≥50 + PM=1.024 contact zone (0.90-1.06) + Vuln=39 (38-44 sweet) + Env=1.08≥0.95 — backtest: 77.9% hit rate / 1.20x (68 picks, 72 slates). Top hit pick tier.  🔥 L7 power surge SLG 0.750  💥 3 HRs last 7 days  🏟️ RHB park 1.120x  💥 SL edge 0.366  🔻 SECOND BAT ON THIS ARM (slot 2): slot 1 = 19.5% HR / 1.18x, slot 2+ = 14.2% / 0.86x (n=3,868, p=1e-05). On Vu≥52 arms the split is 27.3% vs 16.7%. HR off one pitcher are independent (0.87x conditional), so the 2nd bat carries no correlated upside — the best matchup is already taken. Deprioritised, not blocked.",
13,T. Hernandez,52.1,5/12,⚡ Z-CONTACT BOOST (≥88%),🟡 LEAN (hit) — Conv 5/12.  Strong supporting signals pointing to a hit; hitting well lately (70% weighted hit rate); historically hits Lodolo at a 100% clip.  Hit success rate L5/AT: 60%/60%  🧮 4-grade Hit stack = ~64% (no full-set history; 3-of-4 overlap).,HS 52  ·  WHR 70%,"🎯 HIT SOLID: HS=52≥50 + PM=1.017 contact zone + Env=1.13≥0.95 — backtest: 69.3% hit rate / 1.06x (205 picks).  🔥 L7 power surge SLG 0.750  🔻 SECOND BAT ON THIS ARM (slot 4): slot 1 = 19.5% HR / 1.18x, slot 2+ = 14.2% / 0.86x (n=3,868, p=1e-05). On Vu≥52 arms the split is 27.3% vs 16.7%. HR off one pitcher are independent (0.87x conditional), so the 2nd bat carries no correlated upside — the best matchup is already taken. Deprioritised, not blocked.",
22,G. Springer,51.6,5/12,🔥 L10 BBE vs CU: 2HR/10BBE,⛔ PASS (hit) — HS 47-55 + Sig 0 (0.91x).  Strong supporting signals pointing to a hit; 65% of books agree.  Hit success rate L5/AT: 60%/60%  🧮 2-grade Hit stack = 57% (110/194).,HS 52  ·  WHR 68%  ·  Cons 65%,"🎯 HIT SOLID: HS=52≥50 + PM=0.995 contact zone + Env=1.03≥0.95 — backtest: 69.3% hit rate / 1.06x (205 picks).  📈 L7 SLG 0.476  🔻 SECOND BAT ON THIS ARM (slot 2): slot 1 = 19.5% HR / 1.18x, slot 2+ = 14.2% / 0.86x (n=3,868, p=1e-05). On Vu≥52 arms the split is 27.3% vs 16.7%. HR off one pitcher are independent (0.87x conditional), so the 2nd bat carries no correlated upside — the best matchup is already taken. Deprioritised, not blocked.",
32,Brett Baty,50.6,5/12,⚪ Weak,⛔ PASS (hit) — HS 47-55 + Sig 0 (0.91x).  Strong supporting signals pointing to a hit; red hot over the last 5 games.  Hit success rate L5/AT: 100%/100%  🧮 4-grade Hit stack = ~64% (no full-set history; 2-of-4 overlap).,HS 51  ·  WHR 77%,"🔥 L7 power surge SLG 0.818  🔻 SECOND BAT ON THIS ARM (slot 3): slot 1 = 19.5% HR / 1.18x, slot 2+ = 14.2% / 0.86x (n=3,868, p=1e-05). On Vu≥52 arms the split is 27.3% vs 16.7%. HR off one pitcher are independent (0.87x conditional), so the 2nd bat carries no correlated upside — the best matchup is already taken. Deprioritised, not blocked.",
37,E. Rodriguez,47.5,5/12,🔥 L10 BBE vs FF: 2HR/10BBE,🟡 LEAN (hit) — Conv 5/12.  Strong supporting signals pointing to a hit; hottest bat on the slate by recent hit rate (100%).  Hit success rate L5/AT: 60%/60%  🧮 3-grade Hit stack = 55% (22/40).,HS 48  ·  WHR 100%,"⚠️ MID-HS DULL (HS 40-49 + Vuln<47): HS=48, Vuln=46 — backtest 54.8% hit / 0.93x (n=498, 85-sl CSV Jul27, perm p=0.007). Cold bats (HS<40) outperform this zone. Deprioritize vs HS<40 or SCREAM HIT picks at same tier.  🔻 SECOND BAT ON THIS ARM (slot 4): slot 1 = 19.5% HR / 1.18x, slot 2+ = 14.2% / 0.86x (n=3,868, p=1e-05). On Vu≥52 arms the split is 27.3% vs 16.7%. HR off one pitcher are independent (0.87x conditional), so the 2nd bat carries no correlated upside — the best matchup is already taken. Deprioritised, not blocked.",
30,Tim Tawa,45.1,5/12,🔥 L10 BBE vs CH: 2HR/10BBE,🟡 LEAN (hit) — Conv 5/12.  Strong supporting signals pointing to a hit; red hot over the last 5 games.  Hit success rate L5/AT: 60%/60%  🧮 2-grade Hit stack = 57% (110/194).,WHR 69%,"ℹ️ HS 45 in the 40-49 band but Vuln=53≥47 — NOT deprioritized: 60.6% hit / 1.03x (n=469, 85-sl CSV Jul27). The MID-HS DULL penalty is a pitcher-quality effect.  🔥 L7 power surge SLG 0.684  🔻 SECOND BAT ON THIS ARM (slot 3): slot 1 = 19.5% HR / 1.18x, slot 2+ = 14.2% / 0.86x (n=3,868, p=1e-05). On Vu≥52 arms the split is 27.3% vs 16.7%. HR off one pitcher are independent (0.87x conditional), so the 2nd bat carries no correlated upside — the best matchup is already taken. Deprioritised, not blocked.",
69,Zach Neto,43.4,5/12,🎯 SHARP HIT,"🟡 LEAN (hit) — Conv 5/12.  Multiple supporting signals pointing to a hit today; right-handed park factor of 1.120x here.  Hit success rate L5/AT: 75%/63%  🔥 🔵 PropFinder [8/9 must-have] [L10 n=10]: 🔥 ELITE CONTACT PROFILE: PullBrl%>20.0 + FB%>40.0% — both elite HR-profile gates clear (+5 conv bonus, stackable) · ☢️ 8/9 gates (display only — 1.13x) · 💪 ISO:0.600>0.2 (must-have) · 🎯 Barrel%:20.0%>15% (must-have) · 💪 HH%:40%>40% (must-have) · ❌ Air%:40% [Air%>50% ✗] · 🔻 GB%:40%<40% (must-have) · 🎯 PullBrl%:20.0>10 (must-have) · 🌤️ FB%:40%>35% (must-have) · 💥 Blast%:20.0%>15% (must-have) · ↙ Pull%:50%>30% (must-have)  🧮 5-grade Hit stack = ~55% (no full-set history; 4-of-5 overlap).",Cons 65%,"⚠️ K-Warning  ⚠️ MID-HS DULL (HS 40-49 + Vuln<47): HS=43, Vuln=44 — backtest 54.8% hit / 0.93x (n=498, 85-sl CSV Jul27, perm p=0.007). Cold bats (HS<40) outperform this zone. Deprioritize vs HS<40 or SCREAM HIT picks at same tier.  📊 ERA understated (context only — grade RETIRED: 15.2% HR / 0.92x, n=125, 72-sl CSV Jul26)  [LIVE Jul26 family, pooled across variants: 65.1% 136/209 = 1.04x]  🔥 L7 power surge SLG 0.680  💥 3 HRs last 7 days  🏟️ RHB park 1.120x  🔻 SECOND BAT ON THIS ARM (slot 2): slot 1 = 19.5% HR / 1.18x, slot 2+ = 14.2% / 0.86x (n=3,868, p=1e-05). On Vu≥52 arms the split is 27.3% vs 16.7%. HR off one pitcher are independent (0.87x conditional), so the 2nd bat carries no correlated upside — the best matchup is already taken. Deprioritised, not blocked.",
67,Coby Mayo,42.8,5/12,🔥 L10 BBE vs CU: 2HR/10BBE,🟡 LEAN (hit) — Conv 5/12.  Strong supporting signals pointing to a hit; on fire recently with a 83% weighted hit rate.  Hit success rate L5/AT: 60%/60%  🧮 4-grade Hit stack = 73% (11/15).,WHR 83%,"⚠️ K-Warning  ⚠️ Elite arm (Vuln 38) — hit suppressed  ⚠️ MID-HS DULL (HS 40-49 + Vuln<47): HS=43, Vuln=38 — backtest 54.8% hit / 0.93x (n=498, 85-sl CSV Jul27, perm p=0.007). Cold bats (HS<40) outperform this zone. Deprioritize vs HS<40 or SCREAM HIT picks at same tier.  🔥 L7 power surge SLG 0.750  💥 4 HRs last 7 days  💪 Elite HR/PA vs RHP (5.7%)  🔻 SECOND BAT ON THIS ARM (slot 5): slot 1 = 19.5% HR / 1.18x, slot 2+ = 14.2% / 0.86x (n=3,868, p=1e-05). On Vu≥52 arms the split is 27.3% vs 16.7%. HR off one pitcher are independent (0.87x conditional), so the 2nd bat carries no correlated upside — the best matchup is already taken. Deprioritised, not blocked.",
35,T. Peters,40.7,5/12,"🥇 🔥🔥 SCREAM HIT: HS41+Sig2 (60.2%  97/161 AT, L5 62.2%  L5) + 🔥 L10 BBE vs FF: 2HR/10BBE","✅ PLAY (hit) — SCREAM HIT zone (Cold+PM≥1.03 = 66.2%, 1.14x, 57-sl CSV).  Two hit signals stacking — two independent signals; historically hits Williams at a 75% clip.  Hit success rate L5/AT: 60%/60%  🧮 3-grade Hit stack = 55% (22/40).",vs SP 75%,"⚠️ Elite arm (Vuln 31) — hit suppressed  ⚠️ MID-HS DULL (HS 40-49 + Vuln<47): HS=41, Vuln=31 — backtest 54.8% hit / 0.93x (n=498, 85-sl CSV Jul27, perm p=0.007). Cold bats (HS<40) outperform this zone. Deprioritize vs HS<40 or SCREAM HIT picks at same tier.  🔥🔥 SCREAM HIT: HS41+Sig2 (60.2%  97/161 AT, L5 62.2%  L5)  🔻 SECOND BAT ON THIS ARM (slot 2): slot 1 = 19.5% HR / 1.18x, slot 2+ = 14.2% / 0.86x (n=3,868, p=1e-05). On Vu≥52 arms the split is 27.3% vs 16.7%. HR off one pitcher are independent (0.87x conditional), so the 2nd bat carries no correlated upside — the best matchup is already taken. Deprioritised, not blocked.",
64,J. Rodriguez,56.9,4.5/12,🔥 L10 BBE vs FF: 2HR/10BBE,⛔ PASS (hit) — K-danger matchup.  Strong supporting signals pointing to a hit; red hot over the last 5 games; historically hits Detmers at a 71% clip.  Hit success rate L5/AT: 60%/60%  🧮 4-grade Hit stack = ~60% (no full-set history; 2-of-4 overlap).,HS 57  ·  WHR 75%  ·  vs SP 71%,"⚡ K-Danger vs today  🎯 HIT SWEET SPOT: HS=57≥50 + PM=1.028 contact zone (0.90-1.06) + Vuln=39 (38-44 sweet) + Env=1.08≥0.95 — backtest: 77.9% hit rate / 1.20x (68 picks, 72 slates). Top hit pick tier.  🏟️ RHB park 1.120x  🎯 T4_BBE+Park1.12(≥1.1)+Pw86(≥82) → 50% HR (3.1x, n=8, 57-sl CSV)  [LIVE Pw86 family, pooled across variants: 75.0% 21/28 = 1.20x]",
76,G. Henderson,49.4,4.5/12,⚪ Weak,⛔ PASS (hit) — K-danger matchup.  Strong supporting signals pointing to a hit; red hot over the last 5 games; historically hits Tong at a 78% clip.  Hit success rate L5/AT: 100%/100%  🧮 4-grade Hit stack = 73% (11/15).,HS 49  ·  WHR 69%  ·  vs SP 78%,"⚡ K-Danger vs today  ⚠️ Elite arm (Vuln 38) — hit suppressed  ⚠️ MID-HS DULL (HS 40-49 + Vuln<47): HS=49, Vuln=38 — backtest 54.8% hit / 0.93x (n=498, 85-sl CSV Jul27, perm p=0.007). Cold bats (HS<40) outperform this zone. Deprioritize vs HS<40 or SCREAM HIT picks at same tier.  🔻 SECOND BAT ON THIS ARM (slot 2): slot 1 = 19.5% HR / 1.18x, slot 2+ = 14.2% / 0.86x (n=3,868, p=1e-05). On Vu≥52 arms the split is 27.3% vs 16.7%. HR off one pitcher are independent (0.87x conditional), so the 2nd bat carries no correlated upside — the best matchup is already taken. Deprioritised, not blocked.",
48,J. Merrill,7.6,4.5/12,"🥇 🔥🔥 SCREAM HIT: Cold(HS8)+SUPER VUL(Vu61≥54) (64%  771/1209 AT, 1.07x) — cold bat beats all HS>40 tiers; SUPER VUL confirms + ❄️ ICE COLD + ⚡ Z-CONTACT BOOST (≥88%) + 🔥 L10 BBE vs ST: 2HR/10BBE","✅ PLAY (hit) — SCREAM HIT zone (Cold+PM≥1.03 = 66.2%, 1.14x, 57-sl CSV).  Two hit signals stacking — validated cold-bat signal; cold by recent stats but the ICE COLD pattern is validated above baseline.  Hit success rate L5/AT: 62%/64%  🔥 🔵 PropFinder [8/9 must-have] [L10 n=10]: 🔥 ELITE CONTACT PROFILE: PullBrl%>20.0 + FB%>50.0% — both elite HR-profile gates clear (+5 conv bonus, stackable) · ☢️ 8/9 gates (display only — 1.13x) · 💪 ISO:0.500>0.2 (must-have) · 🎯 Barrel%:30.0%>15% (must-have) · 💪 HH%:70%>40% (must-have) · 🌤️ Air%:60%>50% (must-have) · 🔻 GB%:40%<40% (must-have) · 🎯 PullBrl%:20.0>10 (must-have) · 🌤️ FB%:50%>35% (must-have) · ❌ Blast%:10.0% [Blast%>15% ✗] · ↙ Pull%:50%>30% (must-have)  🧮 6-grade Hit stack = 67% (2/3).",ICE COLD 8,"❄️ Cold  🔥🔥 SCREAM HIT: Cold(HS8)+SUPER VUL(Vu61≥54) (64%  771/1209 AT, 1.07x) — cold bat beats all HS>40 tiers; SUPER VUL confirms  🔥 L7 power surge SLG 1.040  💥 3 HRs last 7 days  🎯 PRIORITY TIER #5: Vuln>=52 + Odds<=+400 (+310) - 31.2% HR / 1.89x on qualifiers (63/202, 77sl); top-3 by price 35.6% / 2.16x. Temporal holdout: 1.65x train, 1.72x test - the only ranker above 1.6x in both halves, vs Score at 1.06x/1.12x. Sorted by PRICE, not Score. WARNING: median 2 qualifiers per slate, 19 of 77 slates have zero - do NOT pad to five. May ran 7.4% vs June 39.7% / July 32.1%, so the edge is recent-window.",
17,C. DeLauter,45.7,4/12,🎯 SHARP HIT,🟡 LEAN (hit) — no top hit signal.  Multiple supporting signals pointing to a hit today; historically hits Newcomb at a 71% clip.  Hit success rate L5/AT: 75%/63%  🧮 3-grade Hit stack = ~61% (no full-set history; 2-of-3 overlap).,vs SP 71%,"⚠️ MID-HS DULL (HS 40-49 + Vuln<47): HS=46, Vuln=43 — backtest 54.8% hit / 0.93x (n=498, 85-sl CSV Jul27, perm p=0.007). Cold bats (HS<40) outperform this zone. Deprioritize vs HS<40 or SCREAM HIT picks at same tier.  🎯 PitchMix wOBA 0.432  💥 SI edge 0.432  💥 FF edge 0.432  🔻 SECOND BAT ON THIS ARM (slot 3): slot 1 = 19.5% HR / 1.18x, slot 2+ = 14.2% / 0.86x (n=3,868, p=1e-05). On Vu≥52 arms the split is 27.3% vs 16.7%. HR off one pitcher are independent (0.87x conditional), so the 2nd bat carries no correlated upside — the best matchup is already taken. Deprioritised, not blocked.",
11,Will Smith,45.6,4/12,🔥 L10 BBE vs FF: 1HR/10BBE,🟡 LEAN (hit) — no top hit signal.  Strong supporting signals pointing to a hit; red hot over the last 5 games.  Hit success rate L5/AT: 60%/60%  🧮 3-grade Hit stack = ~57% (no full-set history; 2-of-3 overlap).,,"ℹ️ HS 46 in the 40-49 band but Vuln=50≥47 — NOT deprioritized: 60.6% hit / 1.03x (n=469, 85-sl CSV Jul27). The MID-HS DULL penalty is a pitcher-quality effect.  🔥 L7 power surge SLG 0.643  🔻 SECOND BAT ON THIS ARM (slot 3): slot 1 = 19.5% HR / 1.18x, slot 2+ = 14.2% / 0.86x (n=3,868, p=1e-05). On Vu≥52 arms the split is 27.3% vs 16.7%. HR off one pitcher are independent (0.87x conditional), so the 2nd bat carries no correlated upside — the best matchup is already taken. Deprioritised, not blocked.",
52,G. Conine,41.9,4/12,🔥 SIG+PM HIT,🟡 LEAN (hit) — no top hit signal.  Market and pitch-match signals both confirming — the model's most reliable hit pattern.  Hit success rate L5/AT: 73%/63%,PM 1.049,"⚠️ MID-HS DULL (HS 40-49 + Vuln<47): HS=42, Vuln=40 — backtest 54.8% hit / 0.93x (n=498, 85-sl CSV Jul27, perm p=0.007). Cold bats (HS<40) outperform this zone. Deprioritize vs HS<40 or SCREAM HIT picks at same tier.",
23,Seiya Suzuki,34.1,4/12,🥇 🎯 PITCH-RELIANT HIT (FF 46% (HS)) + ⚡ Z-CONTACT BOOST (≥88%),"⛔ PASS (hit) — weak career vs this pitcher.  Two hit signals stacking — two independent signals; Suzuki crushes the pitch López throws most; ⚠️ Below-avg vs López.  Hit success rate L5/AT: 60%/60%
📊 🔥 STACK: PITCH_DOM+PITCH_RELIANT → 73% Hit + 30% HR (1.75x, n=56 AT, Jul 1 2026 audit)  🧮 8-grade Hit stack = ~70% (no full-set history; 4-of-8 overlap).",Cons 65%,"⚠️ Below-avg vs López  🎯 PitchMix wOBA 0.409  🎯 Pitch corr: Pitcher's FF → wOBA 0.370 allowed | Batt  💥 SL edge 0.370  🎯 🎯 3 BZM-SZN (FF): up, mid-in, middle  🎯 BZM_3plus+conv → 45% HR (2.9x, n=11, 57-sl CSV)  [LIVE BZM_3plus+conv family, pooled across variants: 63.9% 94/147 = 1.02x]  🎯 PitchReliant+Sig11(≥10) → 41% HR (2.6x, n=17, 57-sl CSV)  [LIVE PitchReliant+Sig11 family, pooled across variants: 62.9% 22/35 = 1.01x]",
71,Mickey Moniak,26.1,4/12,🎯 SHARP HIT,🟡 LEAN (hit) — no top hit signal.  Multiple supporting signals pointing to a hit today.  Hit success rate L5/AT: 75%/63%  🧮 6-grade Hit stack = ~58% (no full-set history; 3-of-6 overlap).,PM 1.043,"💪 Elite HR/PA vs RHP (5.5%)  📋 PRIME LOCK TRACKING: Vuln=52≥52 + PM=1.043≥1.04 + Pwr=86≥84 — demoted: no EXTREME L2/CASCADE/Score>66. BGS tier applies instead.  🔻 SECOND BAT ON THIS ARM (slot 2): slot 1 = 19.5% HR / 1.18x, slot 2+ = 14.2% / 0.86x (n=3,868, p=1e-05). On Vu≥52 arms the split is 27.3% vs 16.7%. HR off one pitcher are independent (0.87x conditional), so the 2nd bat carries no correlated upside — the best matchup is already taken. Deprioritised, not blocked.  🎯 PRIORITY TIER #6: Vuln>=52 + Odds<=+400 (+390) - 31.2% HR / 1.89x on qualifiers (63/202, 77sl); top-3 by price 35.6% / 2.16x. Temporal holdout: 1.65x train, 1.72x test - the only ranker above 1.6x in both halves, vs Score at 1.06x/1.12x. Sorted by PRICE, not Score. WARNING: median 2 qualifiers per slate, 19 of 77 slates have zero - do NOT pad to five. May ran 7.4% vs June 39.7% / July 32.1%, so the edge is recent-window.",
70,F. Alvarez,23.0,4/12,🥇 ⚡ Z-CONTACT BOOST (≥88%) + 🔥 L10 BBE vs FF: 1HR/10BBE,"🟡 LEAN (hit) — no top hit signal.  Two hit signals stacking — two independent signals.  Hit success rate L5/AT: 60%/60%
📊 🔥 STACK: T4_PTM+SWEET_PM → 64% Hit + 21% HR (1.23x, n=42 AT, Jul 1 2026 audit)  🧮 6-grade Hit stack = ~45% (no full-set history; 4-of-6 overlap).",PM 1.049,"🎯 SWEET PM (hit-only): 71.9% hit / 1.15x — HR edge RETIRED (12.5% HR / 0.76x, n=160, 72-sl CSV Jul26)  [LIVE SWEET PM family, pooled across variants: 67.4% 64/95 = 1.08x]  🔓 Gate Override [RETIRED signal — 0.84x, 0/11 post-ASG]  📋 PRIME LOCK TRACKING: Vuln=52≥52 + PM=1.049≥1.04 + Pwr=85≥84 — demoted: no EXTREME L2/CASCADE/Score>66. BGS tier applies instead.  🔻 SECOND BAT ON THIS ARM (slot 4): slot 1 = 19.5% HR / 1.18x, slot 2+ = 14.2% / 0.86x (n=3,868, p=1e-05). On Vu≥52 arms the split is 27.3% vs 16.7%. HR off one pitcher are independent (0.87x conditional), so the 2nd bat carries no correlated upside — the best matchup is already taken. Deprioritised, not blocked.",
53,Austin Riley,47.7,3/12,🔥 L10 BBE vs CU: 2HR/10BBE,🟡 LEAN (hit) — no top hit signal.  Strong supporting signals pointing to a hit.  Hit success rate L5/AT: 60%/60%  🧮 2-grade Hit stack = 57% (110/194).,HS 48,"ℹ️ HS 48 in the 40-49 band but Vuln=50≥47 — NOT deprioritized: 60.6% hit / 1.03x (n=469, 85-sl CSV Jul27). The MID-HS DULL penalty is a pitcher-quality effect.  🔻 SECOND BAT ON THIS ARM (slot 2): slot 1 = 19.5% HR / 1.18x, slot 2+ = 14.2% / 0.86x (n=3,868, p=1e-05). On Vu≥52 arms the split is 27.3% vs 16.7%. HR off one pitcher are independent (0.87x conditional), so the 2nd bat carries no correlated upside — the best matchup is already taken. Deprioritised, not blocked.",
59,D. Dingler,46.7,3/12,🥇 🔥 SIG+PM HIT + 🎯 PITCH DOM hit,⛔ PASS (hit) — K-danger matchup.  Two hit signals stacking — pitch-dominance edge; historically hits Soriano at a 88% clip; ⚠️ K-Danger vs power.  Hit success rate L5/AT: 73%/63%  🧮 2-grade Hit stack = 64% (168/262).,PM 1.055,"⚡ K-Danger vs power  ⚠️ MID-HS DULL (HS 40-49 + Vuln<47): HS=47, Vuln=39 — backtest 54.8% hit / 0.93x (n=498, 85-sl CSV Jul27, perm p=0.007). Cold bats (HS<40) outperform this zone. Deprioritize vs HS<40 or SCREAM HIT picks at same tier.  🚨 SCREAM legacy match (5-Signal) [RETIRED family — 0.88x, no conv credit]  🔓 Gate Override [RETIRED signal — 0.84x, 0/11 post-ASG]  💥 SL edge 0.406  🔻 SECOND BAT ON THIS ARM (slot 3): slot 1 = 19.5% HR / 1.18x, slot 2+ = 14.2% / 0.86x (n=3,868, p=1e-05). On Vu≥52 arms the split is 27.3% vs 16.7%. HR off one pitcher are independent (0.87x conditional), so the 2nd bat carries no correlated upside — the best matchup is already taken. Deprioritised, not blocked.",
49,Kyle Karros,43.2,3/12,🔥 L10 BBE vs FF: 2HR/10BBE,🟡 LEAN (hit) — no top hit signal.  Strong supporting signals pointing to a hit.  Hit success rate L5/AT: 60%/60%  🧮 2-grade Hit stack = 57% (110/194).,,"ℹ️ HS 43 in the 40-49 band but Vuln=52≥47 — NOT deprioritized: 60.6% hit / 1.03x (n=469, 85-sl CSV Jul27). The MID-HS DULL penalty is a pitcher-quality effect.  💥 FF edge 0.473  🔻 SECOND BAT ON THIS ARM (slot 3): slot 1 = 19.5% HR / 1.18x, slot 2+ = 14.2% / 0.86x (n=3,868, p=1e-05). On Vu≥52 arms the split is 27.3% vs 16.7%. HR off one pitcher are independent (0.87x conditional), so the 2nd bat carries no correlated upside — the best matchup is already taken. Deprioritised, not blocked.",
54,Jared Young,29.5,3/12,🥇 ⚡ Z-CONTACT BOOST (≥88%) + 🔥 L10 BBE vs CU: 1HR/10BBE,🟡 LEAN (hit) — no top hit signal.  Two hit signals stacking — two independent signals.  Hit success rate L5/AT: 60%/60%  🧮 3-grade Hit stack = 64% (28/44).,,"🔻 SECOND BAT ON THIS ARM (slot 6): slot 1 = 19.5% HR / 1.18x, slot 2+ = 14.2% / 0.86x (n=3,868, p=1e-05). On Vu≥52 arms the split is 27.3% vs 16.7%. HR off one pitcher are independent (0.87x conditional), so the 2nd bat carries no correlated upside — the best matchup is already taken. Deprioritised, not blocked.",
47,Cole Carrigg,5.0,3/12,❄️ ICE COLD,"🟡 LEAN (hit) — validated cold-bat, no sq confirmation.  Cold bat the model has validated hits above baseline — 67.9% hit rate on ICE COLD picks historically, don't fade the streak; cold by recent stats but the ICE COLD pattern is validated above baseline.  Hit success rate L5/AT: 62%/64%  🧮 3-grade Hit stack = 57% (27/47).",ICE COLD 5,"❄️ Cold  🎯 HT01 Deep-Lineup Ice-Cold Contact Bat: EstPA≥4.6 + HS<15 (ice cold) + Score<45 + Sig<1 → 96.4% Hit (1.54x, n=28, 21sl)  [LIVE EstPA family, pooled across variants: 61.8% 21/34 = 0.99x ⛔ BELOW BASE]  🔻 SECOND BAT ON THIS ARM (slot 4): slot 1 = 19.5% HR / 1.18x, slot 2+ = 14.2% / 0.86x (n=3,868, p=1e-05). On Vu≥52 arms the split is 27.3% vs 16.7%. HR off one pitcher are independent (0.87x conditional), so the 2nd bat carries no correlated upside — the best matchup is already taken. Deprioritised, not blocked.",
68,Kyle Tucker,24.4,2.5/12,🟢 Strong hit,"🟡 LEAN (hit) — no top hit signal.  Strong supporting signals pointing to a hit.  Hit success rate L5/AT: 56%/45%  🔥 🔵 PropFinder [7/9 must-have] [L10 n=10]: 🔥 ELITE CONTACT PROFILE: PullBrl%>20.0 + FB%>50.0% — both elite HR-profile gates clear (+5 conv bonus, stackable) · 🔥 7/9 gates (display only — 1.37x, best tier) · 💪 ISO:0.500>0.2 (must-have) · 🎯 Barrel%:20.0%>15% (must-have) · ❌ HH%:20% [HH%>40% ✗] · 🌤️ Air%:70%>50% (must-have) · 🔻 GB%:10%<40% (must-have) · 🎯 PullBrl%:20.0>10 (must-have) · 🌤️ FB%:50%>35% (must-have) · ❌ Blast%:10.0% [Blast%>15% ✗] · ↙ Pull%:50%>30% (must-have)  🧮 2-grade Hit stack = 57% (110/194).",,"🔥 L7 power surge SLG 0.714  💥 2 HRs last 7 days  🔻 SECOND BAT ON THIS ARM (slot 5): slot 1 = 19.5% HR / 1.18x, slot 2+ = 14.2% / 0.86x (n=3,868, p=1e-05). On Vu≥52 arms the split is 27.3% vs 16.7%. HR off one pitcher are independent (0.87x conditional), so the 2nd bat carries no correlated upside — the best matchup is already taken. Deprioritised, not blocked.",
29,Miguel Vargas,40.8,2/12,🔥 SIG+PM HIT,⛔ PASS (hit) — K-danger matchup.  Market and pitch-match signals both confirming — the model's most reliable hit pattern; hitting well lately (72% weighted hit rate); ⚠️ K-Danger vs 130.  Hit success rate L5/AT: 73%/63%  🧮 2-grade Hit stack = 64% (168/262).,WHR 72%  ·  PM 1.045,"⚡ K-Danger vs 130  ⚠️ Elite arm (Vuln 31) — hit suppressed  ⚠️ MID-HS DULL (HS 40-49 + Vuln<47): HS=41, Vuln=31 — backtest 54.8% hit / 0.93x (n=498, 85-sl CSV Jul27, perm p=0.007). Cold bats (HS<40) outperform this zone. Deprioritize vs HS<40 or SCREAM HIT picks at same tier.  🔓 Gate Override [RETIRED signal — 0.84x, 0/11 post-ASG]",
72,Shay Whitcomb,33.4,2/12,⚡ Z-CONTACT BOOST (≥88%),🟡 LEAN (hit) — no top hit signal.  Strong supporting signals pointing to a hit; red hot over the last 5 games; historically hits Mathews at a 100% clip.  Hit success rate L5/AT: 60%/60%  🧮 3-grade Hit stack = 56% (41/73).,,"🎯 SWEET PM (hit-only): 71.9% hit / 1.15x — HR edge RETIRED (12.5% HR / 0.76x, n=160, 72-sl CSV Jul26)  [LIVE SWEET PM family, pooled across variants: 67.4% 64/95 = 1.08x]  🔻 SECOND BAT ON THIS ARM (slot 3): slot 1 = 19.5% HR / 1.18x, slot 2+ = 14.2% / 0.86x (n=3,868, p=1e-05). On Vu≥52 arms the split is 27.3% vs 16.7%. HR off one pitcher are independent (0.87x conditional), so the 2nd bat carries no correlated upside — the best matchup is already taken. Deprioritised, not blocked.",
21,Pedro Ramirez,31.2,2/12,⭐ ELITE HIT,🟡 LEAN (hit) — no top hit signal.  Strong supporting signals pointing to a hit.  Hit success rate L5/AT: 75%/63%  🧮 2-grade Hit stack = 57% (110/194).,,"ℹ️ ShortStart+Vuln (Score=55<60): 17.2% HR / 1.05x (22/128) — neutral. The Score≥60 tier runs 1.71x; below 60 there is no edge either way. [Hard exclude RETIRED Aug 1 2026 — no suppression applied.]  [LIVE ShortStart+Vuln family, pooled across variants: 65.9% 238/361 = 1.06x]  🔥 L7 power surge SLG 0.650  💥 2 HRs last 7 days  🔻 SECOND BAT ON THIS ARM (slot 3): slot 1 = 19.5% HR / 1.18x, slot 2+ = 14.2% / 0.86x (n=3,868, p=1e-05). On Vu≥52 arms the split is 27.3% vs 16.7%. HR off one pitcher are independent (0.87x conditional), so the 2nd bat carries no correlated upside — the best matchup is already taken. Deprioritised, not blocked.",
33,Jordan Walker,21.7,2/12,🔥 L10 BBE vs FC: 2HR/10BBE,"🟡 LEAN (hit) — no top hit signal.  Strong supporting signals pointing to a hit; 66% of books agree.  Hit success rate L5/AT: 60%/60%
📊 🔥 STACK: T4_PTM+ICE_COLD_SIG → 78% Hit + 16% HR (0.89x, n=58 AT, Jul 1 2026 audit)  🧮 3-grade Hit stack = 68% (21/31).",Cons 66%,"🔻 SECOND BAT ON THIS ARM (slot 2): slot 1 = 19.5% HR / 1.18x, slot 2+ = 14.2% / 0.86x (n=3,868, p=1e-05). On Vu≥52 arms the split is 27.3% vs 16.7%. HR off one pitcher are independent (0.87x conditional), so the 2nd bat carries no correlated upside — the best matchup is already taken. Deprioritised, not blocked.",
14,Tommy Edman,20.4,2/12,🎯 SHARP HIT,🟡 LEAN (hit) — no top hit signal.  Multiple supporting signals pointing to a hit today; 67% of books agree.  Hit success rate L5/AT: 75%/63%  🧮 3-grade Hit stack = 57% (27/47).,Cons 67%,"🔻 SECOND BAT ON THIS ARM (slot 6): slot 1 = 19.5% HR / 1.18x, slot 2+ = 14.2% / 0.86x (n=3,868, p=1e-05). On Vu≥52 arms the split is 27.3% vs 16.7%. HR off one pitcher are independent (0.87x conditional), so the 2nd bat carries no correlated upside — the best matchup is already taken. Deprioritised, not blocked.",
28,Alex Freeland,14.1,2/12,"🥇 🔥🔥 SCREAM HIT: Cold(HS14)+PitchDom (64%  771/1209 AT, 1.07x) — pitch dominance confirmed on cold bat; no PM gate needed + ❄️ ICE COLD","✅ PLAY (hit) — SCREAM HIT zone (Cold+PM≥1.03 = 66.2%, 1.14x, 57-sl CSV).  Two hit signals stacking — validated cold-bat signal; cold by recent stats but the ICE COLD pattern is validated above baseline; Freeland crushes the pitch Lodolo throws most.  Hit success rate L5/AT: 62%/64%  🧮 4-grade Hit stack = 67% (12/18).",ICE COLD 14,"❄️ Cold  🔥🔥 SCREAM HIT: Cold(HS14)+PitchDom (64%  771/1209 AT, 1.07x) — pitch dominance confirmed on cold bat; no PM gate needed  🔥 L7 power surge SLG 0.375  🎯 Pitch corr: Pitcher's FF → wOBA 0.360 allowed | Batt  🎯 🎯 2 BZM-SZN (FF): up/in, middle",
61,Ian Happ,5.6,2/12,🥇 ❄️ ICE COLD + ⚡ Z-CONTACT BOOST (≥88%) + 🔥 L10 BBE vs FF: 0HR/10BBE,"🟡 LEAN (hit) — validated cold-bat, no sq confirmation.  Two hit signals stacking — validated cold-bat signal; cold by recent stats but the ICE COLD pattern is validated above baseline.  Hit success rate L5/AT: 62%/64%  🧮 4-grade Hit stack = 75% (6/8).",ICE COLD 6,"❄️ Cold  ℹ️ ShortStart+Vuln (Score=55<60): 17.2% HR / 1.05x (22/128) — neutral. The Score≥60 tier runs 1.71x; below 60 there is no edge either way. [Hard exclude RETIRED Aug 1 2026 — no suppression applied.]  [LIVE ShortStart+Vuln family, pooled across variants: 65.9% 238/361 = 1.06x]  🔻 SECOND BAT ON THIS ARM (slot 2): slot 1 = 19.5% HR / 1.18x, slot 2+ = 14.2% / 0.86x (n=3,868, p=1e-05). On Vu≥52 arms the split is 27.3% vs 16.7%. HR off one pitcher are independent (0.87x conditional), so the 2nd bat carries no correlated upside — the best matchup is already taken. Deprioritised, not blocked.",
39,C. Encarnacion-Strand,5.0,2/12,🥇 ❄️ ICE COLD + 🔥 L10 BBE vs FF: 2HR/10BBE,"🟡 LEAN (hit) — validated cold-bat, no sq confirmation.  Two hit signals stacking — validated cold-bat signal; cold by recent stats but the ICE COLD pattern is validated above baseline.  Hit success rate L5/AT: 62%/64%  🧮 4-grade Hit stack = 71% (5/7).",ICE COLD 5,"❄️ Cold  ⚠️ Elite arm (Vuln 38) — hit suppressed  🔻 SECOND BAT ON THIS ARM (slot 4): slot 1 = 19.5% HR / 1.18x, slot 2+ = 14.2% / 0.86x (n=3,868, p=1e-05). On Vu≥52 arms the split is 27.3% vs 16.7%. HR off one pitcher are independent (0.87x conditional), so the 2nd bat carries no correlated upside — the best matchup is already taken. Deprioritised, not blocked.",
60,M. Conforto,31.6,1/12,🥇 ⚡ Z-CONTACT BOOST (≥88%) + 🔥 L10 BBE vs SL: 2HR/10BBE,⛔ PASS (hit) — weak career vs this pitcher.  Two hit signals stacking — two independent signals; ⚠️ Below-avg vs López.  Hit success rate L5/AT: 60%/60%  🧮 4-grade Hit stack = ~64% (no full-set history; 3-of-4 overlap).,,"⚠️ Below-avg vs López  ℹ️ ShortStart+Vuln (Score=51<60): 17.2% HR / 1.05x (22/128) — neutral. The Score≥60 tier runs 1.71x; below 60 there is no edge either way. [Hard exclude RETIRED Aug 1 2026 — no suppression applied.]  [LIVE ShortStart+Vuln family, pooled across variants: 65.9% 238/361 = 1.06x]",
34,N. Lowe,26.2,1/12,🔥 L10 BBE vs FF: 2HR/10BBE,🟡 LEAN (hit) — no top hit signal.  Strong supporting signals pointing to a hit; historically hits Newcomb at a 85% clip.  Hit success rate L5/AT: 60%/60%  🧮 2-grade Hit stack = 58% (97/167).,,"🔥 L7 power surge SLG 0.625  💥 2 HRs last 7 days  🔻 SECOND BAT ON THIS ARM (slot 4): slot 1 = 19.5% HR / 1.18x, slot 2+ = 14.2% / 0.86x (n=3,868, p=1e-05). On Vu≥52 arms the split is 27.3% vs 16.7%. HR off one pitcher are independent (0.87x conditional), so the 2nd bat carries no correlated upside — the best matchup is already taken. Deprioritised, not blocked.",
24,Miguel Rojas,26.0,1/12,🔥 L10 BBE vs CU: 0HR/4BBE,🟡 LEAN (hit) — no top hit signal.  Strong supporting signals pointing to a hit.  Hit success rate L5/AT: 60%/60%  🧮 2-grade Hit stack = 57% (110/194).,,"🔻 SECOND BAT ON THIS ARM (slot 7): slot 1 = 19.5% HR / 1.18x, slot 2+ = 14.2% / 0.86x (n=3,868, p=1e-05). On Vu≥52 arms the split is 27.3% vs 16.7%. HR off one pitcher are independent (0.87x conditional), so the 2nd bat carries no correlated upside — the best matchup is already taken. Deprioritised, not blocked.",
38,Cal Raleigh,29.7,0/12,🔥 L10 BBE vs FF: 2HR/10BBE,"⛔ PASS (hit) — K-danger matchup.  Strong supporting signals pointing to a hit; right-handed park factor of 1.120x here; ⚠️ K-Danger vs zone.  Hit success rate L5/AT: 60%/60%  🔥 🔵 PropFinder [6/9 must-have] [L10 n=10]: 🔥 ELITE CONTACT PROFILE: PullBrl%>12.2 + FB%>60.0% — both elite HR-profile gates clear (+5 conv bonus, stackable) · ✅ 6/9 gates (display only — 1.11x) · ❌ ISO:0.084 [ISO>0.2 ✗] · ❌ Barrel%:0.0% [Barrel%>15% ✗] · 💪 HH%:50%>40% (must-have) · 🌤️ Air%:60%>50% (must-have) · 🔻 GB%:40%<40% (must-have) · 🎯 PullBrl%:12.2>10 (must-have) · 🌤️ FB%:60%>35% (must-have) · ❌ Blast%:10.0% [Blast%>15% ✗] · ↙ Pull%:50%>30% (must-have)  🧮 2-grade Hit stack = 57% (110/194).",WHR 67%,"⚡ K-Danger vs zone  🏟️ RHB park 1.120x  🔻 SECOND BAT ON THIS ARM (slot 4): slot 1 = 19.5% HR / 1.18x, slot 2+ = 14.2% / 0.86x (n=3,868, p=1e-05). On Vu≥52 arms the split is 27.3% vs 16.7%. HR off one pitcher are independent (0.87x conditional), so the 2nd bat carries no correlated upside — the best matchup is already taken. Deprioritised, not blocked.",
84,E. Suarez,26.0,0/12,🥇 🎯 PITCH-RELIANT HIT (FF 48% (HS)) + 🔥 L10 BBE vs FF: 4HR/10BBE,⛔ PASS (hit) — weak career vs this pitcher.  Two hit signals stacking — two independent signals; ⚠️ Below-avg vs Skubal.  Hit success rate L5/AT: 60%/60%  🧮 7-grade Hit stack = ~63% (no full-set history; 3-of-7 overlap).,,⚠️ Below-avg vs Skubal  ⚡ K-Danger vs zone  ⚠️ Elite arm (Vuln 28) — hit suppressed  🔥 L7 power surge SLG 0.824  💥 3 HRs last 7 days  💥 FF edge 0.417,
50,Pavin Smith,5.0,0/12,❄️ ICE COLD,"🟡 LEAN (hit) — validated cold-bat, no sq confirmation.  Cold bat the model has validated hits above baseline — 67.9% hit rate on ICE COLD picks historically, don't fade the streak; cold by recent stats but the ICE COLD pattern is validated above baseline.  Hit success rate L5/AT: 62%/64%  🧮 2-grade Hit stack = 63% (166/264).",ICE COLD 5,"❄️ Cold  🎯 PR-B1 PERFECT-RATE TRACKING [B]: Pwr 68-74 + HS<47 + Park 1.00-1.05 → 100.0% HR (6/6, 6sl, Jun1+ window incl. live; null max 5, p=0.00). LOG ONLY — n is too small for conviction or a stake.  [LIVE Jun1+ family, pooled across variants: 68.0% 17/25 = 1.09x]  🎯 PR-B2 PERFECT-RATE TRACKING [B]: Pwr 68-74 + Odds<+450 + Sig<3 → 100.0% HR (6/6, 5sl, Jun1+ window incl. live; null max 5, p=0.00). LOG ONLY — n is too small for conviction or a stake.  [LIVE Jun1+ family, pooled across variants: 68.0% 17/25 = 1.09x]  🎯 PR-B3 PERFECT-RATE TRACKING [B]: Pwr 68-74 + HS<47 + Sig<3 → 100.0% HR (5/5, 5sl, Jun1+ window incl. live; null max 5, p=0.00). LOG ONLY — n is too small for conviction or a stake.  [LIVE Jun1+ family, pooled across variants: 68.0% 17/25 = 1.09x]  🔻 SECOND BAT ON THIS ARM (slot 7): slot 1 = 19.5% HR / 1.18x, slot 2+ = 14.2% / 0.86x (n=3,868, p=1e-05). On Vu≥52 arms the split is 27.3% vs 16.7%. HR off one pitcher are independent (0.87x conditional), so the 2nd bat carries no correlated upside — the best matchup is already taken. Deprioritised, not blocked.",
46,L. Campusano,2.5,0/12,"🥇 🔥🔥 SCREAM HIT: Cold(HS2)+SUPER VUL(Vu61≥54) (64%  771/1209 AT, 1.07x) — cold bat beats all HS>40 tiers; SUPER VUL confirms + ❄️ ICE COLD + ⚡ Z-CONTACT BOOST (≥88%)",⛔ PASS (hit) — weak career vs this pitcher.  Two hit signals stacking — validated cold-bat signal; cold by recent stats but the ICE COLD pattern is validated above baseline; ⚠️ Below-avg vs Sugano.  Hit success rate L5/AT: 62%/64%  🧮 5-grade Hit stack = 67% (4/6).,ICE COLD 2,"⚠️ Below-avg vs Sugano  ❄️ Cold  🔥🔥 SCREAM HIT: Cold(HS2)+SUPER VUL(Vu61≥54) (64%  771/1209 AT, 1.07x) — cold bat beats all HS>40 tiers; SUPER VUL confirms",
44,R. Waldschmidt,1.0,0/12,❄️ ICE COLD,"🟡 LEAN (hit) — validated cold-bat, no sq confirmation.  Cold bat the model has validated hits above baseline — 67.9% hit rate on ICE COLD picks historically, don't fade the streak; cold by recent stats but the ICE COLD pattern is validated above baseline.  Hit success rate L5/AT: 62%/64%  🧮 3-grade Hit stack = 57% (27/47).",ICE COLD 1,"❄️ Cold  🔻 SECOND BAT ON THIS ARM (slot 5): slot 1 = 19.5% HR / 1.18x, slot 2+ = 14.2% / 0.86x (n=3,868, p=1e-05). On Vu≥52 arms the split is 27.3% vs 16.7%. HR off one pitcher are independent (0.87x conditional), so the 2nd bat carries no correlated upside — the best matchup is already taken. Deprioritised, not blocked.",
63,M. Murakami,0.0,-1/12,🔥 SIG+PM HIT,⛔ PASS (hit) — K-danger matchup.  Market and pitch-match signals both confirming — the model's most reliable hit pattern; historically hits Williams at a 100% clip; ⚠️ K-Danger vs 125.  Hit success rate L5/AT: 73%/63%,PM 1.075,"⚡ K-Danger vs 125  ⚠️ Elite arm (Vuln 31) — hit suppressed  🔓 Gate Override [RETIRED signal — 0.84x, 0/11 post-ASG]  💪 Elite HR/PA vs RHP (6.2%)  🔻 SECOND BAT ON THIS ARM (slot 3): slot 1 = 19.5% HR / 1.18x, slot 2+ = 14.2% / 0.86x (n=3,868, p=1e-05). On Vu≥52 arms the split is 27.3% vs 16.7%. HR off one pitcher are independent (0.87x conditional), so the 2nd bat carries no correlated upside — the best matchup is already taken. Deprioritised, not blocked.",
81,Otto Lopez,6.6,-2/12,❄️ ICE COLD,"⛔ PASS (hit) — weak career vs this pitcher.  Cold bat the model has validated hits above baseline — 67.9% hit rate on ICE COLD picks historically, don't fade the streak; cold by recent stats but the ICE COLD pattern is validated above baseline; ⚠️ Below-avg vs Burnes.  Hit success rate L5/AT: 62%/64%  🧮 2-grade Hit stack = 52% (111/212).",ICE COLD 7,⚠️ Below-avg vs Burnes  ❄️ Cold  📈 L7 SLG 0.591,
41,Matt McLain,0.0,-2/12,🔥 L10 BBE vs FF: 2HR/10BBE,⛔ PASS (hit) — K-danger matchup.  Strong supporting signals pointing to a hit; ⚠️ K-Danger vs 71.  Hit success rate L5/AT: 60%/60%  🧮 5-grade Hit stack = ~61% (no full-set history; 3-of-5 overlap).,,⚡ K-Danger vs 71  ⚠️ Elite arm (Vuln 28) — hit suppressed,
,,,,,,,,
🚫  FADES  (confirmed negative signals),,,,,,,,
84,E. Suarez,⚠️ Below-avg vs Skubal  |  ⚡ K-Danger vs zone,,,,,,
82,Jose Siri,⚠️ Below-avg vs Anderson  |  ❄️ Cold  |  ⚠️ K-Warning,,,,,,
81,Otto Lopez,⚠️ Below-avg vs Burnes  |  ❄️ Cold,,,,,,
46,L. Campusano,⚠️ Below-avg vs Sugano  |  ❄️ Cold,,,,,,
,,,,,,,,
📖  FLAG & ZONE GLOSSARY,,,,,,,,
Flag / Zone,What it means,,,,,,,
🔗 STACK TRACKERS (STK-HR1..5 / STK-HT1..3),"Aug 5 2026 — eight multi-grade stacks found by an exhaustive search over every combination of the model's own qualitative grade markers, depth 2-6, n>=30, on the 81-slate combined source (main table + HR/hit grade tables + per-batter detailed notes; 4,185 rows). Marker vocabulary was deduped first: under word-boundary matching 147 of 240 markers were strict subsets or near-identical to another (SWEET vs Sweet Jaccard 0.98 — the same note counted twice), leaving 93 independent markers and 402,955 stacks. Membership is WORD-BOUNDARY, not substring: plain `in` matched 'Pitch' inside PitchMix/DailyPitch and inflated one stack from 32 fires to 268. ⚠️ THEY DO NOT BEAT THEIR NULL. Shuffling outcomes and re-running the same search: HR real best 50.0% vs shuffles 51.4/46.7/41.9/45.5 (a shuffle WON); HIT real best 93.5% vs shuffles 93.3/93.5/93.8/93.5, and the real count of >=50% stacks (385,653) is BELOW three of four nulls. The 90%+ hit rates are the 62.3% base rate showing through a narrow filter, not an edge. ⚠️ EVERY HR STACK IS DECAYING within its own window: STK-HR1 62%→22%, HR2 58%→36%, HR3 60%→22%, HR4 67%→33%, HR5 56%→35%. CARRY ZERO CONVICTION and no ranking effect. They appear on the FLASH TABLE purely so live rates accumulate on slates that did not build them. HR1 Cascade Core: DailyPitch HR + HR-prone L5 + High Z-Contact + Marsh-pattern (40.9%, 18/44, 2.53x). HR2 adds PitchMix (48.5%, 16/33, 3.00x). HR3 adds Crushes (39.5%, 17/43, 2.45x). HR4 Elite-ISO Z-Contact Sweet (46.7%, 14/30, 2.89x). HR5 Target Sweet Z-Contact (45.7%, 16/35, 2.83x). HT1 Pitch-Reliant Quality Contact (93.5%, 29/31, 1.50x). HT2 Locked-Pre Multi-BBE Scream (89.2%, 33/37, 1.43x). HT3 Below-Avg Multi-BBE Scream (92.1%, 35/38, 1.48x).",,,,,,,
☢️ NUCLEAR,"Jun 29 2026 (49-slate CSV backtest, consolidated): a RANKING BADGE — NOT a grade. Single tier. Prior two-tier system (Super Nuclear + Nuclear) was retired after backtest showed the second tier had no independent edge (22.2% HR, p=0.762). SigScore gate was also removed — SigScore is a hit-primary signal with no validated HR predictive power. Fires when ALL FOUR HR-relevant gates align: (1) Power ≥ 84 — composite power score (0-100). NOTE (fixed Jul 1 2026): this is NOT a check of the 9-gate Must-Have batted-ball filter below — that's a separate, independent system. A batter can be ☢️ NUCLEAR without passing any Must-Have gates, and vice versa; (2) Odds ≤ +399 — market not fading the pick; (3) PM 1.02-1.08 — matchup favorable but not yet fully priced in; (4) Score < 66 — rules out stat-inflated picks where park/env/runs drove the score. Backtest: 39.1% HR (2.06x, p=0.027, n=45, ~0.9 picks/slate). ANNOTATION flag only — does not change PLAY/LEAN/PASS designation. Prepended to rationale as leading label for immediate identification of top HR targets.",,,,,,,
🔵 PropFinder Must-Have (9-gate),"Jul 1 2026 — REPLACES the old DTP (7 gates), Must-Have (10 gates), and Nuclear (13 gates) systems, which had drifted into three overlapping, inconsistently-thresholded lists that didn't match Harrison's real PropFinder filter. This is now the single canonical 9-criterion checklist, taken directly from his PropFinder screenshot: ISO>0.2 · Barrel%>15 · HH%>40 · Air%>50 · GB%<40 · PullBrl%>10 · FB%>35 · Blast%>15 · Pull%>30. PullBrl% uses the real Statcast-derived rate when available (flagged as 0.0 when no pulled barrels recorded in L10 BBEs for batters missing from the Savant Table 5 export). Note printed as '🔵 PropFinder [N/9 must-have]: ...' with the specific gates passed/failed listed. SCORING IMPACT (revised Jul 1 2026 — this should be the single biggest conv bump on the slate): tiered conv boost — 9/9 → +20 conv (also fires ☢️☢️ SUPER NUCLEAR, see below), 8/9 → +12 conv, 7/9 → +8 conv, 6/9 → +4 conv, 3-5/9 → +1 conv (flat band), below 3/9 → no conv impact (note-only). ELITE CONTACT PROFILE BONUS (Jul 1 2026): an additional +5 conv fires whenever BOTH PullBrl%>10 AND FB%>35 clear simultaneously, stackable on top of whatever count-based tier the batter already earns — including 9/9 (total +25 in that case). These two gates are the highest-priority criteria: PullBrl% directly measures the HR-specific contact type, and FB% gates the launch angle profile needed to elevate the ball. Their co-occurrence is flagged visibly in the rationale as '🔥 ELITE CONTACT PROFILE: PullBrl%>X + FB%>Y — both elite HR-profile gates clear (+5 conv bonus, stackable)'. For reference, the model's other top validated boosts (PWR-VULN-ENV, SWEET★ EDGE SPIKE, L2 BLOWUP+VULN52 combo) cap at +15 — 9/9 here is intentionally set above that ceiling. Requires Power data loaded (avoids false positives from default-value batters). TRACKING — not yet backtested at scale (the underlying 9-stat data wasn't logged on any slate until Jun 30 2026); revisit thresholds/weights once 10+ slates of real outcomes exist.",,,,,,,
⭐ NEWCONV,"A SEPARATE, second model — not a grade or flag on the primary scoring path. Slate-conditional L2 logistic regression (C=0.005), isotonic-calibrated, fitted on 30 quantitative + PropFinder features: odds (log-transformed + band flags), Vuln (+ band flags), PM (+ band), Env, Park, Est PA, Hit Score, Sig (+ band), Edge, lineup-confirmed status, all 9 PropFinder stats, and PF gate count. ⚠️ DOES NOT USE NAMED QUALITATIVE GRADES — no archetype codes, no PropFinder-gate combo flags, none of the hand-tuned Conv-score boosts. Purely quantitative. 'power' was REMOVED as a feature 2026-08-31: its fitted coefficient (-0.113, the model's 2nd-largest) was driven entirely by 18 corrupted training rows (mostly elite bats — Tatis, Bogaerts, Acuña, Witt, Schwarber — with implausible Power readings); removing those 18 rows collapses the coefficient to +0.002. power_deadzone (77-82) is KEPT — it survives independently as a real effect. Fitted on 48 slates (Jun 25-Aug 17 2026), n=3,218, base 15.44%. OUTPUTS: newconv_raw (continuous pre-calibration score — THIS is what ranking uses, never CONV100/newconv_p, which tie by design on the calibrator's flat steps); newconv_p (calibrated probability, weak standalone — Brier 0.1274 vs 0.1282 flat base, i.e. barely better than guessing the base rate — use as a RANKER only, never for bet-sizing); CONV100 (0-100 display scale, p/0.35 ceiling). PURPOSE: fills the 2 NEWCONV slots in the 3-0-2 card structure (top newconv_rank among NEG-eligible batters not already in a Score slot) — a genuinely independent second opinion alongside the primary Score composite, not a refinement of it. ⚠️ 'Conv Score' (0-50, hand-tuned PLAY/LEAN/PASS points) appears in the SAME Detailed-sheet row and is a COMPLETELY DIFFERENT, unrelated system — same word, two systems, do not conflate them. Computed INLINE in mlb_hr_model.py since 2026-09-03 (compute_newconv_scores(), run right before the xlsx is saved, so it reaches the archive) — parity-verified digit-for-digit against newconv.py's own standalone score_slate() on synthetic test cases spanning the full input range.",,,,,,,
☢️⭐ ELITE NUCLEAR,"Aug 16 2026 — REPLACES the retired ☢️☢️ SUPER NUCLEAR 9/9 tier below. Fires when ALL FOUR optimised gates clear: Barrel%>10 + GB%<40 + FB%>50 + Blast%>20. Measured 32.6% HR (14/43, 2.16x, p=0.0038) across 28 slates, Jul 2.04x · Aug 2.41x. ⭐ THE ONLY RULE IN THE ENTIRE Aug-16-20 PROPFINDER AUDIT TO BEAT ITS OWN SHUFFLE NULL — every other searched gate, and the whole HR01-HR16 archetype library, failed that test. That makes this the best-evidenced batted-ball rule in the model. Conviction: +10. ALSO grants a TEAM-CAP BYPASS — any batter clearing all four gates is force-injected into the top-50 ranked board even if the team cap or their raw Score would exclude them, and the output window auto-expands so the injection is never truncated. ⚠️ That guarantees a place on the RANKED BOARD, not a slot on the 5-pick card — the 3-0-2 card-selection process does not read this flag. ~1.5 fires per slate historically; zero-fire slates are normal. Prefers L10 BBE values when available, falling back to season stats.",,,,,,,
🎯🔒 PULL-BLAST LOCK,"Aug 16 2026, threshold-tuned PropFinder gate. HH%>=50 + Blast%>20 + Pull%>80 → 3.07x, 19 slates — the best-DISTRIBUTED of the five tuned gates (fires steadily rather than clustering in one window). HH boundary was LOOSENED from >50 to >=50 on Aug 25 2026 after a 24-slate backtest (n=2,023, base 14.43%): strict 17n/35.29%/2.45x/p=0.026 vs loosened 22n/36.36%/2.52x/p=0.0087 — better on n, lift AND p, and it passed its null (36.4% real vs 17.4% null mean). Loosening Pull% or Blast% instead was tested and REJECTED (diluted to 2.14x/1.84x). Conviction: +8.",,,,,,,
🔥🎯 HOT-ARM PULL-LOFT,"Aug 16 2026, threshold-tuned PropFinder gate. Pitcher HR-prone L5 + Blast%>20 + Pull%>80 → 50.0% HR (9/18, 3.32x, p=0.0005) across 16 slates (Jul 5/11 · Aug 4/7). The highest raw lift of the five tuned gates. Mechanism: a pitcher actively giving up HRs meeting a batter whose contact profile is specifically pull-side loft — the two halves of a home run arriving together. Conviction: +7.",,,,,,,
🔒 LOFT-PROFILE LOCK,"Aug 16 2026, threshold-tuned PropFinder gate. Barrel%>10 + FB%>50 + Blast%>30 → 2.60x across 16 slates. Stricter Blast% bar than ELITE NUCLEAR (>30 vs >20) but no GB% gate. Conviction: +7.",,,,,,,
🌤️ FB50 LOFT,"Aug 16 2026, threshold-tuned PropFinder gate — a RETUNE of the stock FB%>35 must-have gate. FB%>=50 → 1.31x; combined with GB%<40 → 1.42x (Jul 1.31x / Aug 1.58x, p=0.045, n=187 combined — tuned on July, held out-of-sample on August). The mildest of the five tuned gates and the most frequent. Conviction: +3 alone, +5 when GB%<40 also clears.",,,,,,,
⭐ MARKET-MODEL AGREEMENT,"Aug 31 2026. Odds <= +400 AND Score >= 65 → 27.0% HR (1.84x, n=189) across 30 August slates, base 14.66%. Score is the MODEL's own estimate; odds is the MARKET's. This isolates batters where two INDEPENDENT estimators agree — a different and sturdier thing than either being extreme alone. Cleared every test that killed the archetype library: clean 2x2 with both variables contributing independently (Score adds within short odds p=0.012; odds adds within high Score p=0.016); max-statistic permutation null CORRECTED for the 24-variant search that found it, p=0.0065, real result above the null's 95th percentile; and a temporal holdout that got STRONGER out of sample (1.53x train → 2.01x test), the opposite of the archetype pattern. ⚠️ ZERO conviction points and zero ranking effect BY DESIGN. Gating the Score slots on it was backtested and REJECTED (31.1% vs 27.8%, but p=0.74, and every HR it lost was a batter just under a threshold — Score 63.9, 64.5, 64.6; odds +560 — while being infeasible ~1 day in 6). Use as conviction LANGUAGE and as a tiebreak rationale in a close composite call, never as a filter.",,,,,,,
☢️☢️ SUPER NUCLEAR  ❌ RETIRED,"❌ RETIRED Aug 16 2026 — superseded by ☢️⭐ ELITE NUCLEAR above. The 9/9 count tier measured 0.93x (18/128, p=0.899): it guaranteed board space to a population with no measured edge, at the direct expense of batters ranked there on merit. The count-based conviction ladder was retired with it — 'how many gates passed' is not a signal; WHICH gates passed is. Retained below for historical reference only; do NOT cite as a positive. ",,,,,,,
☢️☢️ SUPER NUCLEAR (historical text),"Jul 1 2026 — NEW GRADE, TRACKING ONLY (no backtest exists yet). Fires when a batter clears ALL 9 of the PropFinder Must-Have gates simultaneously (see above). Per Harrison's explicit request, this is a HARD OVERRIDE: automatic ✅ PLAY + gold tier (conv floor 45), same mechanism as the EXTREME PWR structural override — bypasses most fade-flag penalties. STRUCTURAL CAPS STILL APPLY: short start (pitcher pulled before BBE can materialize → capped at LEAN 34), Vuln52+ combined with PM≥1.10 (matchup fully priced in by market → capped at LEAN 34). These structural blockers override even a perfect 9/9 batted-ball profile because the issue is not the batter's ability — it's whether the matchup situation allows that ability to express itself today. NOTE: PRIME picks with 2+ headwinds (e.g. Schwarber Jun 30: PRIME + ShortStart + PM≥1.10) are capped at conv ≤34 by the PRIME 2HW block which runs before SUPER NUCLEAR and returns early — so that cap is never bypassed. K-Danger exception: reduces gold floor to 34. This is INDEPENDENT of the ☢️ NUCLEAR ranking badge above — a pick can be one, both, or neither. Validate over 10+ slates before trusting this override at face value; if the real HR rate doesn't hold up, demote to a supplemental conv bonus (like CONFIRMED MATCH) rather than a full PLAY override.",,,,,,,
🎯 CONFIRMED MATCH HR,"ELITE TIER (Jun 2026): Two-sided pitch correlation confirmed — pitcher is weak on their primary pitch (wOBA≥0.360 allowed on that pitch type) AND the batter crushes that same pitch (wOBA≥0.380 vs that type). Additional gates: PM≥1.04 + Power≥53 + Vuln≤50 + Score≥38 + model not ≥15% over-bullish vs market. Backtest (33-slate): 30% HR (1.93x, n=10). ⚡ ALWAYS ✅ PLAY + gold tier (Conv≥45) — overrides all fade flags including Vuln42-44, Vuln52+, power floors, and short-start. Backtest confirms flags do NOT suppress this grade. Fires as a SUPPLEMENTAL grade stacking on top of any primary grade. CSV audit (57 slates): 24.1% HR (7/29, 1.51x). Original 30% overstated (n=10). ✅ ALWAYS PLAY — overrides fade flags.",,,,,,,
🎯 SHARP PM HR,"REVISED Jun 25 2026 (pkl backtest, n=3102): PM 1.08–1.15 + Score 40-70. Cap RAISED from 1.10 → 1.15. Prior cap was wrong — pkl shows PM 1.09-1.10 is the PEAK HR bin at 31.8% (4.20x); PM 1.10-1.12 = 18.9% (2.49x); PM 1.12-1.15 = 21.6% (2.85x). TRUE kill zone = PM≥1.15 (12.5% HR, 1.65x — near baseline). PM≥1.15 picks are STRONG HIT signals (87.5% hit, 1.63x) but no HR edge. 41-slate CSV: 18.4% HR (21/114, 1.16x) at old gate.",,,,,,,
🎯 MID-SCORE HR,"Score 50-60 + PM 1.04+ + Vuln 44-53. 41-slate: CSV audit (57 slates): 19.1% HR (1.20x, n=272). Modest positive edge — standalone has real value; stacking with T4_BBE or pitch edge significantly amplifies.",,,,,,,
🔥 SIG+PM HR,"NEW: Sig≥5 + PM≥1.04 + Score≥40. 41-slate: 18.6% HR (1.15x, n=311); hit 62.7% (~baseline). HR-primary — Sig confirms the market is underpricing the matchup edge.",,,,,,,
🧊 ICE COLD+SIGNAL HR,"UPGRADED: Cold WHR + PM≥1.04 + Score≥40. Also fires at Score≥35 when batter has a strong pitch edge (PITCH DOM EDGE ≥+5 or PitchMix ≥0.400) — cold bat HR exception. CSV audit (57 slates): 20.5% HR (32/156, 1.29x); hit 64.2% (1.10x). suppresses HIT grades but not HR grades when pitch dominance is confirmed. 57-slate CSV audit: 20.5% HR (32/156, 1.29x); hit 64.2% (1.10x). Modest edge — rate was overstated at 41-slate 25.3%.",,,,,,,
📊 ERA Understated HR,"NEW (Jun 2026): Supplemental grade firing when ERA composite (FIP+xFIP+SIERA avg) exceeds ERA by ≥0.75 — pitcher has been lucky, skills are worse than ERA implies. Additional gates: PM≥1.03 + Pwr≥55 + Score≥38 + NO short start (short start blocks because pitcher is pulled before the ERA-based edge can materialise). Fires alongside an existing primary grade only — not standalone. Jun 4 2026: Schmitt (ERA comp 4.93 vs ERA 4.00, +420) and Chourio (ERA comp 4.97 vs ERA 4.00, +540) both HRed. Giolito exception (ERA comp 7.74 vs ERA 4.00) was correctly blocked by short start gate — 4.9 IP projected, no HRs allowed.",,,,,,,
🎯 SUPP-PARK SWEET-PM HR,"Jun 25 2026 (pkl backtest, n=3102): PM 1.022-1.082 + Park<0.90 + Vuln 30-55 + Edge≥1%. pkl: 33.3% HR (4.40x, n=18, p=0.0016). Discovered via exhaustive zero-FP search on Jun 24 slate — every player passing the gate on that slate hit a HR with zero false positives. Mechanism: market is underpricing the pick in three simultaneous dimensions: (1) suppressive park (Park<0.90) reduces HR expectation in market pricing; (2) non-extreme Vuln (30-55) = genuine but not trap-zone vulnerability (less market excitement); (3) model edge positive (Edge≥1%) = matchup quality being underweighted by market. When all three suppressors align, HR equity is bought at a discount three ways. HIGH-PRECISION, LOW-RECALL: fires ~1-2 picks per slate. Supplemental grade — fires alongside existing grades, never standalone. Conv boost: +12.",,,,,,,
INNING WEAK SPOT / INNING PRIME WEAK SPOT,"Jun 27 2026 (FanGraphs Splits POST API, split_ids=43-47, min 40 TBF): Pitcher wOBA allowed per inning (1st-5th). Batter's estimated inning based on lineup spot and projected IP — spots 1-3 face innings 1 and 4, spots 4-6 face innings 2 and 5, spots 7-9 face inning 3. PRIME (wOBA >= .410) = +3 conv; WEAK SPOT (wOBA >= .370) = +2 conv. Supplemental only. Market does not price per-inning pitcher vulnerability in individual HR odds.",,,,,,,
VENUE SPLIT,"Jun 27 2026 (FanGraphs Splits POST API, split_ids=1/2, min 60 TBF): Pitcher wOBA allowed at home vs away. Fires when today's venue wOBA >= .350. Some pitchers structurally struggle at certain venue types — home comfort, park dimensions, crowd noise, travel fatigue. +2/+3 conv supplemental boost.",,,,,,,
RISP VULNERABLE,"Jun 27 2026 (FanGraphs Splits POST API, split_id=17, min 60 TBF): Pitcher wOBA allowed with runners in scoring position. Fires when RISP wOBA >= .360. Pitchers who fall apart under pressure tend to nibble, fall behind in counts, and throw more hittable pitches. Market prices overall ERA but not RISP-specific vulnerability. +2/+3 conv supplemental.",,,,,,,
BASES LOADED,"Jun 27 2026 (FanGraphs Splits POST API, split_id=18, min 30 TBF): Pitcher wOBA allowed with bases loaded. Fires when wOBA >= .450 (note: bases-loaded league avg ~0.400 due to walk scoring). Grand slam risk elevated. +3 conv supplemental.",,,,,,,
TTO+HAND,Jun 27 2026: Cross-reference of TTO vulnerability (times through order) and batter-hand split. Fires when TTO wOBA >= .370 AND pitcher's vs-LHB or vs-RHB wOBA >= .360 (matching batter hand). Both signals independently confirm the vulnerability. +3 conv supplemental on top of existing TTO grade.,,,,,,,
⚠️ PITCHER WEAK SPOT / 🎯 PITCHER PRIME WEAK SPOT,"Jun 27 2026 (FanGraphs Splits POST API, strType=1, min 50 TBF): Pitcher wOBA allowed by Times Through Order (1st/2nd/3rd/4th TTO). Lineup spots 1-3 → 3rd TTO, 4-6 → 2nd TTO, 7-9 → 1st TTO for ~5.5 IP starter: Batter's confirmed lineup_spot falls in a batting order position where THIS pitcher allows elevated wOBA (≥0.370). Inspired by PropFinder 'Pitcher Weak Spots' cheatsheet — pitchers have structural lineup-position vulnerabilities the market ignores. Thresholds vs league avg wOBA ~0.320: WEAK SPOT = allows ≥0.370 wOBA at batter's order position (+4 conv, ⚠️ flag); PRIME WEAK SPOT = allows ≥0.400 wOBA (+8 conv, 🎯 flag). Gates: (1) pitcher.order_woba loaded from Savant; (2) batter.lineup_spot confirmed 1-9; (3) ≥50 PA at that position (enforced in fetch); (4) supplemental only — fires alongside existing HR grade, never standalone. Mechanism: some pitchers are systematically exposed at specific lineup spots — e.g. struggles vs the 3-4-5 heart-of-order power hitters, or gets torched by top-of-order contact bats who work counts and see more fastballs early. TRACKING: validate over 10+ slates before treating as standalone conv driver. Sample sizes per order position are small within a single season (~50-120 PA).",,,,,,,
🎯 PITCH DOMINANCE HR,"REBUILT Jun 10 2026: aggregate PITCH DOMINANCE EDGE note (pitch-edge conv bonus ≥5) + PM 1.02-1.08 + Pwr≥54. No Vuln gate. 41-slate: 38.9% HR (7/18, 2.40x). The PM 1.02-1.08 ceiling is load-bearing — within the pitch-dom-edge population, PM>1.08 fades to 0.65x (well-priced). Old gate (Crushes + PM≥1.04 + Vuln<53 + [PM≥1.08 OR Vuln48-52]) was 0.39x and is retired.",,,,,,,
🎯 PITCH-RELIANT HR,"Jun 2026, TOP-TIER conviction. Pitcher-level HR-clustering: starter leans on ONE pitch (primary usage ≥45%, ex-sinker/splitter) AND power bat (Pwr≥78) crushes it (wOBA edge ≥0.045). CSV audit (57 slates): 22.1% HR (15/68, 1.38x) at Pwr≥78 gate. Old 35.3% was at Pwr≥60 (retired gate). Load-bearing gates: (1) Pwr≥78; (2) NOT sinker/splitter (GB pitches = 12-14% HR, below base). The edge is single-pitch RELIANCE, not fastball specifically — generalizes across FF/FC/SL/ST/CH/CU. Pitch-edge family, de-duped vs PITCH DOMINANCE / CONFIRMED MATCH in conviction. Label shows pitch code + starter usage.",,,,,,,
🔴 ELITE HR RETIRED,"REMOVED: the old Score-based ELITE HR grade. Score 60+ picks hit ~7% HR (well below the 16.2% base); Score 80-100: 0% HR. Park+env+implied-runs stacking inflated Score without HR conversion. Pts-based picks are now '🟠 Strong HR'. This is NOT the same as 🎯 ELITE SIGNAL HR (Sig≥12 + Pwr≥78, 1.22x) — that grade keys off composite signal score, not raw Score, and is active.",,,,,,,
⚠️ Gated,HR signal fires but HR prob <14.5% — market odds too long for reliable HR. HR-ONLY flag. Hit prop still valid — ignore this flag for hits.,,,,,,,
🔓 Gate Override,"Gated pick where a validated combo beats the gate. Three triggers: (1) PM 1.04-1.07 + Pwr≥78 → 23.0% HR (20/87); (2) PM≥1.04 + Pwr≥80 → 24.3% HR (9/37); (3) Sharp Line Move + Vuln 47-52 → 42.1% HR (8/19, 3.9x gated baseline). CRITICAL: SLM outside Vuln 47-52 = 0/12 HR — zone constraint is load-bearing. Excluded if 📉 Weak vs pitcher flag is present.",,,,,,,
⚠️ Supp.Park+ShortStart,"Compound HR suppressor: suppressive park (<0.93x) AND short-start (<4.8 IP projected) both present. Reduces star rating by 1. Explained top-rated HR misses May 26 (Buxton, Rice, Steer). Each flag is also listed separately.",,,,,,,
⚠️ ShortStart+Vuln — Vuln grade blocked,"Short start projected (<4.8 IP) AND pitcher Vuln is in the 47-52 sweet zone. The Vuln-dependent grades (📈 SHARP LINE + VULN, 📈 MKT CAUGHT UP) are BLOCKED — a pitcher who only faces the lineup for ~5 innings doesn't generate enough AB for the Vuln-based HR edge to materialise. June 4 2026: Giolito (Vuln 49, 4.9 IP) — Schwarber and Harper both 0 HR despite being in the Vuln sweet zone. Each Vuln-based grade checks this condition independently.",,,,,,,
⚠️ Vuln52+,"HR-ONLY flag. Trap pitcher — market over-values HR vulnerability. Fade for HR, neutral for hits. Ignore for hits.",,,,,,,
🚫 No-signal,HR-ONLY flag. Weak pitch match + mid-vuln + Score 50-63: HR rate 0.62x. No HR edge. Ignore for hits.,,,,,,,
⚠️ Dead zone,HR-ONLY flag. Score 43-54 + no supporting HR signals. HR rate below baseline. Hit prop may still be valid — ignore for hits.,,,,,,,
❄️ Cold,Hit score <20 (driven by low WHR or L5). Cold contact zone — high miss risk for hits. Note: cold flag does NOT suppress HR grade when PITCH DOM EDGE ≥+5 is present — cold bats can still HR on a pitch type they own (see 🧊 ICE COLD+SIGNAL HR).,,,,,,,
⚡ K-Danger,Batter has elevated career K rate vs this pitcher. Reduces contact chances — fade for both hits and HRs.,,,,,,,
⚡ K-Danger vs X,Specific K-rate signal vs named pitcher. Same as above — reduces hit and HR probability.,,,,,,,
⚠️ K-Warning,Moderate K risk vs this pitcher. Less severe than K-Danger but worth noting.,,,,,,,
📉 Neg momentum,Recent form (last-5) is ahead of season average and model detected declining trajectory. Single occurrence = informational note only. Double occurrence (picked up twice in notes) = explicit flag surfaced here with -2 hit pts. Does not override strong grades — reduces borderline picks.,,,,,,,
⚠️ Low conv (matchup weak),"Conv Score (0-50) < 20 on a WEAK+CLEAN pick. Historical: 25.0% hit rate (3/12) vs 43.8% base WEAK+CLEAN. High HS driven by past form but matchup quality is poor. Carroll May 26: HS 58, WHR 94%, Conv 14 → 0 hits. Reduces hit conviction −3 pts.",,,,,,,
📉 Weak vs X,Batter hit rate ≤35% vs this specific pitcher in career matchup data. Negative hit signal.,,,,,,,
⚠️ Below-avg vs X,Batter hit rate 36-45% vs this pitcher. Soft negative — below league avg but not a hard fade.,,,,,,,
⚠️ High edge ↓star,Model is ≥15pp more bullish on HR than market. Historical: 7.5% HR in ≥15% edge zone (fade). Now demotes star rating -1 (≥25% edge = -2 stars). Does NOT apply to 2+ grade stacking picks — edge can be real when multiple independent grades confirm.,,,,,,,
⚠️ R/R no-signal,"R vs R + HS 47-55 + Sig=0 + no Crushes primary. Hit suppressor for Sal Stewart archetype: same-side with no supporting signal. -2 hit pts. Does not apply when Sig≥5, SLM, or Crushes primary fires.",,,,,,,
🎯 Elite command (CSW),Pitcher CSW% ≥33%. Called Strikes + Whiffs as % of total pitches. Target >30% per video. Better than SwStr% alone because it adds called strikes (K-looking). Elite command = fewer good count situations = fewer HR opportunities.,,,,,,,
⚠️ Weak command (CSW),"Pitcher CSW% <25%. Losing the zone — batters working counts, getting into HR-friendly hitter's counts (2-0, 3-1). Combined with Z-Contact ≥88% is the strongest HR-prone discipline signal.",,,,,,,
⚡ High Z-Contact,"Pitcher Z-Contact% ≥88%. Batters making easy in-zone contact. For HR scoring: model boosts xSLG contribution weight from 25× to 35× for these pitchers. For HIT scoring (Jun 15 2026): now fires as explicit ⚡ Z-CONTACT BOOST grade (+2 hit pts) when PM≥1.00 — directional hit lift validated on Jun 15 slate (Bleday, Caglianone, Adell, PCA all recorded multi-hit games vs Z-Contact ≥88% pitchers).",,,,,,,
🎣 Elite chase rate,Pitcher O-Swing% ≥36%. Batters swinging at pitches outside the zone. Above the 32% average. Gets batters expanding zone = fewer walks = fewer base-runners = fewer HR opportunities.,,,,,,,
👁️ Low chase rate,"Pitcher O-Swing% <28%. Batters staying disciplined — not chasing bad pitches. Working good counts, getting pitches to hit.",,,,,,,
📊 ERA composite,"Average of FIP, xFIP, and SIERA when all three are available. When composite diverges ≥0.75 from ERA, the composite is more predictive. ERA understated = pitcher luckier than skills suggest. ERA overstated = pitcher tougher than ERA implies, regression candidate for HR picks. When ERA understated ≥0.75 + PM≥1.03 + Pwr≥55 + no short start, fires the formal 📊 ERA Understated HR supplemental grade (see above).",,,,,,,
SIERA,"Skill-Interactive ERA from FanGraphs. Incorporates K%, BB%, and GB% more accurately than FIP. SIERA > FIP usually means the pitcher has been getting HR luck (low HR/FB despite weak contact). Better for pitchers with extreme GB% or K%.",,,,,,,
💥 XX edge 0.XXX,"Individual pitch-type edge flag (June 2026). Fires when a batter has wOBA ≥0.100 above league average vs a specific pitch type (SL/CU/CH/ST/SI/FC/FF) AND that pitch is the pitcher's meaningful weapon (≥12% usage). Format: '💥 SL edge 0.423 38%bb' = batter wOBA 0.423 vs slider, 38% barrel rate. Only fires for genuinely elite edges — mild +1/+2 conv edges are scored but not flagged. Pairs with 🎯 Pitch corr flag when pitcher is also weak on the same pitch.",,,,,,,
⚠️ Vuln45-48 Sc60+trap,Score 60+ trap only — 0/17 HR (0.00x) at Score≥60 in Vuln45-48 zone. No penalty below Score 60. Note: Vuln44-45 (1.32x positive) is explicitly excluded from any penalty. Signal pts: -3 when Score≥60. Hit rate 1.09x — unaffected for hits.,,,,,,,
⚠️ Elite arm (Vuln NN) — hit suppressed,"HIT-ONLY suppressor (Jun 15 2026): Pitcher Vuln < 38 = genuinely elite arm. The same quality that prevents HRs also suppresses hits. Jun 15 evidence: Otto Lopez (0 hits vs Wheeler Vuln 36.8, HS 66.2, WHR 88%, top hit pick) and Juan Soto (0 hits vs Burns Vuln 34.9, PITCH-RELIANT HIT + SLM both fired). Strong batter signals did not overcome elite arm quality. Penalty: -3 hit pts. Exception: CONFIRMED MATCH picks override (two-sided pitch correlation is pitcher-specific enough to survive the broad arm quality flag). CARVE-OUT (Jul 2 2026): When pitcher has 'Suppressing L5' AND Z-Contact% ≥88%, hit suppression is REMOVED. These signals are independent — Suppressing L5 = not giving up HRs (HR-specific), Z-Contact ≥88% = batters make easy in-zone contact (hit-specific). McDonald (Vuln 35, Suppressing L5, Z-Contact 90.4%) had 82.4% hit rate in data (14/17). The -3 penalty should NOT fire for contact pitchers who suppress HRs through soft contact, only for true power/swing-and-miss arms.",,,,,,,
⚠️ First start of season,"Pitcher making their first start of the year, having only appeared in relief to this point. Detected when all 2026 game log appearances show gamesStarted=0. Scoring (June 2 audit — increased): +4.0 opp_score boost + +5.0 base conv pts; +2.5 more if batter OPS≥0.900 or HR rate≥5% career vs pitcher; +2.5 more if batter crushes this pitcher's primary pitch type (pitch_edge_bonus≥3.0). Max conv boost: +10.0 pts. Plus +12% ranking_score multiplier. Total max lift: very significant. Relief stats (ERA, K/9, HR/9) don't translate to starting — the pitcher hasn't paced over 100+ pitches, hasn't faced a lineup 3x through, may have diminished velocity/command. Short-start 'neutral/negative for HR' note suppressed; vulnerability is on the starter.",,,,,,,
🎯 PitchMix wOBA,"Batter wOBA weighted by THIS pitcher's actual pitch distribution. The Barrel Boyz 'PitchMix AVG' signal (e.g. Schwarber .265 vs Vasquez mix). Computed as: sum(pitcher_usage_pct × batter_wOBA_vs_pitch_type). More precise than individual pitch type edges — accounts for HOW OFTEN the pitcher throws each pitch. ≥0.400 = elite (+4 conv), ≥0.370 = strong (+2). Requires ≥30% pitch coverage for reliable estimate.",,,,,,,
📊 wRC+ vs hand,"Batter wRC+ specifically vs RHP or LHP (Barrel Boyz 'wRHP%/wLHP%' metric). Index where 100 = league average. 147 = 47% better than average vs that hand. Source: FanGraphs batting splits. ≥140 = elite (+2 conv), ≥120 = good (+1). ≤75 = struggles vs this hand (-1.5 conv). Different from wOBA — this is context-adjusted.",,,,,,,
🍖 Meatball rate (pitcher),"% of pitches the pitcher leaves in the heart of the zone (league avg ~8-9%). Source: Baseball Savant pitcher leaderboard. Directly measures 'HR-friendly contact' — Propfinder methodology uses this alongside barrel%, HH%, and HR/FB% to rank pitchers by HR risk. ≥12% = elite meatball rate, pitcher frequently over the plate. Contributes to pitcher_vuln_score and surfaces as 🍖 flag in picks tables.",,,,,,,
🎯 Pitch correlation,Two-sided pitch matchup check from Propfinder methodology: pitcher is weak on their primary pitch type (high wOBA/barrel% allowed on that pitch) AND batter specifically crushes that same pitch type. The 'direct correlation between pitcher weakness and hitter strength'. Fires as a note in detailed breakdown and flag in picks table. More precise than one-sided batter wOBA edge alone — both sides must confirm.,,,,,,,
🎯 N BZM-SZN (PT): zones,"Barrel Zone Match (BZM) — a hyperlocal pitch-location edge. Fires when (1) the pitcher locates ≥12% of in-zone pitches of type PT in a specific strike zone cell (season data, normalized to in-zone pitches only), AND (2) the batter's season xwOBA in that same cell is ≥.400 (solidly above average). N = number of matching zones; PT = pitch type (FF, SI, SL, etc.); zones are labeled up/in, up, up/out, mid-in, middle, mid-out, low-in, low, low/out. Example: '🎯 2 BZM-SZN (FF): up/in, middle' = pitcher locates his four-seamer to the up/in and middle zones most often, and the batter has elite xwOBA in both cells. Higher N = more overlapping hot-spot edges on this exact pitch type. Both pitcher and batter use season data for stable zone coverage (200-400+ events). Conviction boost: +2 for 1 zone match, +4 for ≥2 zone matches (from Jun 15 2026). Only fires inside the pitch-correlation block — both sides of the matchup must already be confirmed before BZM is evaluated. Jun 15 2026 first live slate: 4/7 HR (57%), 5/7 hit (71%) across all BZM picks.",,,,,,,
🎯 BZM COMBO HR,"TRACKING grade (Jun 15 2026): Multi-zone Barrel Zone Match with full-quality matchup confirmation — the most stringent BZM condition. Fires when ALL of: (1) BZM ≥ 2 zones matched; (2) Pitch quality signal confirmed (Pitch Corr OR PitchMix wOBA ≥.400 OR PITCH DOM EDGE); (3) Vuln 44-52 OR a dead-zone-override grade (CONFIRMED MATCH etc.); (4) At least one documented pitcher weakness (weak bullpen HR/9, ERA understated, HR-prone L5, Z-Contact ≥88%); (5) PitchMix wOBA ≥.400. Conviction: +5 (above single-BZM credits). Jun 15 live: 1/1 HR (100%, n=1 — Burleson, 2 BZM + CONFIRMED MATCH + pitch edge + bullpen 1.67). Historical backtest not possible (BZM is a new signal). Track going forward.",,,,,,,
🏟️ POWER PARK HR,"TRACKING grade (Jun 15 2026, Contreras archetype): Fires when the hand-specific park factor is extreme (≥1.20x) AND the bat/matchup structure is solid (PM≥1.04 + Power≥79 + Vuln 44-52). Surfaces extreme park advantages that the main scoring engine under-weights. Contreras hit 2 HRs at +390 with RHB park 1.280x vs Eovaldi — model gave him Conv 17 (LEAN, no named grade) because the park factor wasn't weighted into any grade. Fires as a supplemental grade when no primary pitch-edge grade already catches the pick. Conviction: +4. Jun 15 live: 1/1 HR (100%, n=1). Validate over next 10+ slates.",,,,,,,
🎯 Pitch edge,"Sub-signal and formal grade (🎯 PITCH EDGE HR). Fires when a batter earns a full pitch dominance edge bonus (≥+4 conv from crushing the pitcher's primary pitch type) but the PITCH DOMINANCE HR primary grade is blocked — most commonly by a short-start (pitcher projected <4.8 IP) or by the PM gate. The batter has near-PITCH DOM level contact quality against this pitcher's arsenal; the grade just couldn't fire cleanly. As a sub-signal it appears in the Grade column alongside the primary grade. As a formal grade (🎯 PITCH EDGE HR) it counts toward grade_count and stacking tiers when firing alongside SHARP PM HR or MID-SCORE HR. First validated: Yordan Alvarez HR vs Bubba Chandler, June 2 2026 (PITCH DOM blocked by 4.8 IP short-start; PITCH EDGE HR fired; Alvarez homered at +250).",,,,,,,
🚨 Multi-factor HR risk,"Pitcher has 3+ of 6 independent HR risk signals elevated simultaneously: Barrel% allowed ≥10%, Hard Hit% ≥42%, HR/FB% ≥15%, Meatball% ≥10%, GB% ≤38% (fly-ball pitcher), K% ≤16% (can't miss bats). This is the Propfinder 'Pitcher HR Risk Score' concept — multiple metrics confirming the same underlying HR vulnerability. 2 factors = ⚠️ Dual HR risk.",,,,,,,
🚨 Elite barrel rate allowed,"Pitcher barrel rate against ≥12% (≈1.6x league avg). Source: Baseball Savant pitcher leaderboard. Already used in pitcher_vuln_score(). Now surfaced as a user-visible flag. Key signal per analysts: Vasquez 13.2% = 5th percentile worst, Sugano 12.8%/PA = worst of 150 pitchers — means batters routinely square them up.",,,,,,,
⚠️ High barrel% allowed,"Pitcher barrel rate against 10-11.9% (1.3-1.6x avg). Significant HR risk signal, especially when combined with low GB% and low K rate.",,,,,,,
🎯 Pitch-to-contact + high barrel,Lethal combo: pitcher K%+BB%<22% (must allow contact) AND barrel rate ≥10%. The pitcher has no way to avoid hard contact — Vasquez/Sugano archetype. When both fire simultaneously: highest HR risk tier.,,,,,,,
⚠️ HH% against,Pitcher hard-hit rate against ≥44% (vs 36.5% league avg). Companion to barrel rate — confirms batters make easy hard contact on this pitcher.,,,,,,,
🔥 L7 power surge,Batter SLG in last 7 days is ≥1.35x their season xSLG — active power breakout. Source: MLB Stats API byDateRange. Sharp analysts cite L7 SLG specifically (not just BA) because slugging captures HR power. +2-4 conv pts; +2 more if 2+ HRs in window.,,,,,,,
💪 Elite HR/PA vs hand,"Batter HR/PA vs opposing pitcher hand is ≥1.6x league avg (≈5.4%+ HR/PA). Source: FanGraphs splits. Distinguishes platoon-specific power (e.g. Aranda 10/11 HRs vs RHP, Lowe 11/14 vs RHP). +3 conv pts.",,,,,,,
🎯 X/Y HRs vs hand,≥75% of batter's season HRs vs today's pitcher hand (min 5 total). Confirms platoon HR concentration. Shown as count e.g. '10/11 HRs vs RHP'.,,,,,,,
🚨 Much worse venue,Pitcher HR/9 at this venue type is ≥1.20x season avg. Source: FanGraphs home/away HR/9 splits. E.g. Flaherty 6/8 HRs on road — venue split not captured by overall stats. +20% rate boost.,,,,,,,
🏟️ Elite venue SLG,Batter SLG at today's venue type (home/road) ≥0.550. Source: FanGraphs home/road splits. E.g. Lowe slugging .644 on road. +3 conv pts.,,,,,,,
📏 Carry vs fence,"Propfinder-style distance signal (Jun 2026): the batter's recent fly-ball carry (projected distance on LA 20-40 balls, last 14 days, Statcast) vs today's PULL-side fence (LF for RHH, RF for LHH) from the park-dimensions table. Carry edge (+2.5) = typical fly clears the wall; Carry fit (+1.5) = typical fly is fence-adjacent; Carry short (-2) = even top-end distance can't reach. Distinct from spray_park_factor, which keys off pull TENDENCY — this checks whether the batter physically reaches the wall here. Neutral when distance or park dims are missing. Cutoffs are first-pass — recalibrate after live runs.",,,,,,,
🎯 N/5 power profile,"Cheatsheet 3-of-5 HR-candidate rule (Jun 2026, from the Propfinder YouTube creator): counts how many of five power thresholds a hitter clears — Barrel%≥12, FB%≥38, HR/FB%≥15, HH%≥42, Pull-air%≥18 (recency-weighted barrel/HH when L14 data exists). Calibrated to realistic MLB-elite levels, NOT the video's literal 20/40/20/45/20 (season barrel% rarely reaches 20% — even the model's own Elite barrel flag is 13% — so the literal bars left the rule dormant). 3+ = strong HR candidate. Conv: 3→+1.5, 4→+3, 5→+4.5 (halved when raw power ≥68, which regresses). The individual metrics are already scored; this rewards the CLUSTER firing together, which the video treats as its own gate. Bars and weights are tunable.",,,,,,,
🏟️ LHB/RHB park,Ballpark hand-specific HR factor differs from overall by ≥0.05. Already applied in scoring via STADIUMS table (park_hr_factor_l/r). Surfaces as a note when the handedness split is meaningful. E.g. Yankee Stadium: 1.22x for LHB vs 1.12x overall.,,,,,,,
💥 EXTREME L2 blowup,Pitcher allowed ≥3.0 HR/9 in last 2 starts AND diverges from L5 avg by ≥2.0 HR/9. L5 average masks an acute recent blowup (e.g. Alcantara: L5=1.57 but 5 HRs in last 2 starts). Model engages four-window blend: 35% L2 + 25% L5 + 40% season — highest recent weight. Strongest recency HR vulnerability signal.,,,,,,,
🔥 HR-prone L5,Pitcher has allowed HRs at a rate ≥0.4 above season avg over last 5 starts (IP-weighted). E.g. 2.86 HR/9 vs 1.20 season = getting hit hard recently. Boosts HR vulnerability in scoring — pay attention when this fires on a pitcher you're targeting.,,,,,,,
🛡️ Suppressing L5,"Pitcher has allowed HRs at a rate ≥0.35 below season avg over last 5 starts. E.g. 0.27 HR/9 vs 1.20 season = dominating recently. Model reduces HR vulnerability. Buy-low on the pitcher, fade HR plays unless other strong signals override.",,,,,,,
📊 Pitcher L5,Pitcher L5 HR/9 is within 0.35 of season avg — at their normal level. Informational note showing the L5 HR/9 and sample IP for context. No adjustment in either direction.,,,,,,,
⚠️ Command issues L5,Pitcher BB/9 ≥4.5 over last 5 starts — losing the strike zone recently. Walking batters = falling behind in counts = throwing meatballs = higher HR risk. Slight HR vulnerability boost. Often accompanies HR-prone L5.,,,,,,,
📉 Velo decline L5,"Jul 1 2026 (FanGraphs game-log type=4): Pitcher's L5-start avg fastball velocity is ≥1.5 mph below season avg. Pitch quality degraded — reduced spin, movement, and tunneling effectiveness. +2 vuln when ≥1.5 mph decline; +4 vuln at ≥2.5 mph (SEVERE). Velocity decline is a leading injury/fatigue indicator that precedes ERA deterioration by 2-3 weeks.",,,,,,,
📉 SEVERE VELO DECLINE,Jul 1 2026: Fastball velocity ≥2.5 mph below season avg over last 5 starts. Highest urgency signal — pitcher is losing significant stuff quality. +4 vuln added to pitcher_vuln_score. Also triggers Pitcher Vulnerability Cascade independently (even without HR-prone L5 + command issues).,,,,,,,
📈 Velo gaining L5,"Jul 1 2026: Pitcher's L5 fastball velo is ≥1.5 mph ABOVE season avg — sharpening, not fading. Applied as -1.5 vuln pts (suppressive) when data confirms upward trend.",,,,,,,
⚠️ Low zone% on PT,"Jul 1 2026 (FanGraphs type=23): Pitcher's zone% on a specific pitch type is ≥6pp below league avg. Losing command of that weapon means falling behind in counts on their best pitch — batters see more hittable pitches. Applies per pitch type (FF, SL, CH, etc.); largest deficit shown in notes.",,,,,,,
🚨 Elevated HR/FB% on PT,"Jul 1 2026 (FanGraphs type=23): Pitcher's HR/FB% on a specific pitch type is ≥5pp above league avg for that pitch. Identifies which exact pitch is the HR surrender weapon, beyond overall HR/FB%. E.g. slider HR/FB% 19% vs 14% league avg = slider is the threat pitch. Adds to pitcher_vuln_score per-pitch across all pitch types.",,,,,,,
🔥 PITCHER CASCADE,"Jul 1 2026 (pitcher-first stacking): Pitcher has BOTH HR-prone L5 (recent_hr_factor ≥1.35) AND command issues L5 (BB/9 ≥4.5), OR has SEVERE VELO DECLINE (≥2.5 mph drop L5). ALL batters facing this pitcher receive +3.0 score pts independently of their individual BBE history. Signal is pitcher-level — reflects that this pitcher is actively struggling RIGHT NOW and any hitter with reasonable power has elevated HR equity. Pitcher-name keyed: does NOT apply to the opposing team's batters. Backtest (66 slates): pitchers giving ≥2 HRs to our batters = 53.5% HR rate (3.33x baseline). Production estimate with leading-indicator precision ~35%: ~29% HR rate (1.81x baseline).",,,,,,,
🎯 MULTI-BBE PITCHER,"Jul 1 2026 (pitcher-first stacking): ≥2 batters in today's lineup each independently carry a T3+ BBE grade (≥1 confirmed HR in L10 BBE on this pitcher's weak pitch). ALL batters facing this starter receive +3.0 score pts. Signal: when two or more batters have independently proven HR contact on this pitcher's specific weak pitch, the structural vulnerability is confirmed from multiple data sources. Pitcher-name keyed — no spillover to opposing team's batters. Backtest: combined +6.0 boost (cascade + multi-BBE together) improves top-5 HR getter capture rate from 11.9% → 15.3% and top-10 from 25.1% → 29.9% across 66 slates.",,,,,,,
🎯 PITCHER-SPECIFIC BARREL MATCH,"Jul 2026: Batter's barrel% on a specific pitch type sourced from BBEs against THIS pitcher specifically (≥3 BBE gate), not the season-wide aggregate. More precise than season splits — if a batter has 25% barrel on Lauer's four-seam across 4 career BBEs, that's a direct matchup signal. Barrel%≥20% = +6 conv (PITCHER-SPECIFIC BARREL MATCH). Barrel% 12-20% = +3 conv (PITCHER-SPECIFIC CONTACT). Below 12% = transparent note only, season aggregate used. Source is always labelled in rationale so you can see which grade is driving the barrel% shown.",,,,,,,
🎯 PITCH DOM hit,Vuln44-48 PITCH DOM pick demoted from HR grade but still valid HIT signal (1.09x hit rate). Appears in hit picks list. Fade for HR.,,,,,,,
🎯 Sharp hit (WHR),Original sharp combo: WHR≥70% + Cons≥60% + Prob>10% + Park≥1.00. 17-slate validated at 67.9%.,,,,,,,
🎯 Sweet PM hit,Pwr≥58 + PM 1.00-1.07 + Vuln≥44 + Rank 5-25. 5-slate validated at 100% hit rate (14/14). Market not yet efficient in sweet PM band.,,,,,,,
🌟 Sweet★ (35-39),"Best validated hit zone: CSV audit (57 slates): 63.3% hit (250/395, 1.09x). Consistent signal — add Sig 1-5 for 82.3% (1.41x) screamer tier.",,,,,,,
✅ High (47+),41-slate: CSV audit (57 slates): 58.6% hit at Rank 1-3 (1.01x) — essentially baseline. Grade demoted. High scores often reflect Savant inflation. Prefer Sweet★ + qualitative combos.,,,,,,,
📊 Avg (40-46),Average zone: hit rate near baseline (~60%). No significant edge — use other signals to confirm.,,,,,,,
📋 Low (20-34),Below average. HR still possible for power bats but hit prop is weak. Avoid for hit-only plays.,,,,,,,
❄️ Cold (<20),"Cold WHR zone (HS<20). Counterintuitively hits at CSV audit (57 slates): 64.2% hit (208/324, 1.10x). Real edge — do NOT fade for hits. Add PM≥1.03 for 66.2% (1.14x).",,,,,,,
🎯 SWEET PM HR,"Sweet PM zone (1.00-1.07) + Prob≥14% + Vuln 44-55 + Edge<0 + Score<65. CSV audit (57 slates): 18.4% HR (1.15x, n=636). Real but modest edge — original 5-slate rate (36-39%) was too small to rely on.",,,,,,,
🟠 Strong HR,Good HR pick with 2-3 supporting signals. ~18% HR rate. Worth playing at reasonable odds.,,,,,,,
🎯 ELITE SIGNAL HR,"Composite signal score ≥12 (ELITE tier) AND raw power ≥78 (recalibrated Jun 14 2026; was Pwr≥60). 33-slate at old gate: 19.1% HR (1.22x, n=47). Moderate grade — Sig≥8 alone is base-rate noise; Sig≥14 does not beat ≥12. Useful when no pitch-edge grade fires.",,,,,,,
🔥 SWEET★ EDGE SPIKE HR,"Jun 23 2026 NEW GRADE: HS 35-39 (SWEET★ zone) + Edge vs Mkt ≥ +15% + Sig ≥ 4. HR rate: 38% in our pkl (3/8) AND 38.5% in external 58-slate Excel backtest (10/26) — both datasets independently converge at the same rate. At 5.0× baseline this is one of the top-performing HR grades in the model. Mechanism: the market has triple reason to fade (form slightly off → HS 35-39, not hot), but the model has a confirmed signal edge (Sig≥4) AND the market is significantly underpricing the matchup (Edge≥+15%). The bat is in a reset zone, not a cold zone — it's actually a buying opportunity the market misses. Tracks under 'sweet_star_edge_spike_hr'. Conv boost: +15. Grade fires when SWEET PM HR is not already active for the same pick.",,,,,,,
⚡ POWER TRAP OUTLIER,"Jun 23 2026 TRACKING GRADE: Power ≥87 + Vuln ≥52 (trap zone) + HS <20 (ice cold bat). External 58-slate backtest: 100% HR (2/2, Carroll Jun 13 + Ohtani Jun 22). Zero fires in our pkl (the two instances are both post-pkl). Extremely rare — fires ~1 per 20 slates. Logic: market fades aggressively (trap pitcher + cold bat + weak form), but extreme raw power (≥87) is immune to recent form. The triple-market-fade creates mispricing. TRACKING ONLY — n=2 is too small to bet as standalone. Monitor for 5+ slates. Conv floor: 40 (ensures PLAY designation when it fires). Existing V52+ extreme power override (37.5%, 2.41x, n=8) already covers the broader archetype.",,,,,,,
🟡 Moderate,Moderate HR signal. ~15% HR rate. HR is possible but not a primary play — focus on hits.,,,,,,,
⭐ ELITE HIT,Highest hit confidence. WHR≥80% + all sharp signals aligned. Strongest hit prop play.,,,,,,,
🔥🎯 PRIME WEAK SPOT+Sig+PM HIT,"Added Sep 2 2026. REPLACES the retired SIG≥4+HS35-50+PM HIT, which never fired — its HS 35-50 band was dead across the full archive (0/1,733 rows, 32 slates) because RotoWire's WHR is itself bimodal (batters cluster <20 or >=65, nothing between), so the ladder score built from it skips 35-50 by construction. This is a genuinely different rule: pitcher order-woba>=.400 (same trigger as PITCHER PRIME WEAK SPOT) AND batter Sig 1-4 AND PM>=1.03. Evidence (32 slates, n=2,727, base 62.27%): PWS alone 67n/80.6%/1.294x/p=0.0013, beats its own permutation null (p=0.006); + Sig+PM tightens to 38n/86.8%/1.395x/p=0.0011. 2x2 shows genuine interaction, not one variable riding the other. ⚠️ n=38 is thin — found near the top of a 167-marker search (corrected p=0.056, did not clear alone) then independently re-tested with its own null, which is why it earns real weight rather than being search noise. Treat as promising-and-tracked; re-test as September accumulates.",,,,,,,
🎯 SHARP HIT,"Sharp combo fires: Cons≥60% + Env≥0.95 + Platoon + Score≥38. Validated (1-slate, 4/4).",,,,,,,
🎯 Sharp hit (WHR),WHR-based sharp: WHR≥70% + Cons≥60% + Prob>10% + Park≥1.00. 17-slate: 67.9% hit rate.,,,,,,,
🟢 Strong hit,Multiple hit signals confirmed. WHR≥65% or Sweet★ zone + clean flags. Solid prop pick.,,,,,,,
🟡 Moderate hit,Some signals present but not fully aligned. Situational — check flags before betting.,,,,,,,
⚪✅ Weak+Clean hit,HS≥47 Rank 4+ with NO negative flags (no K-danger/cold/weak-vs-pitcher). May24: 7/7=100%. Watch these.,,,,,,,
⚪ Weak hit,HS≥47 Rank 4+ WITH negative flags (K-danger/cold/weak-vs). ~55.9% (29sl). Below baseline.,,,,,,,
🧪 AUDIT-A1 PROB20+NUCLEAR,"TRACKING, zero conviction points. HR Prob≥0.20 AND any NUCLEAR-family note fired. 40/123 = 32.5% HR (2.28x baseline), Jul 24/66, Aug 16/57, 41 slates, beats the 100-shuffle search-wide null. Mechanism: two independent estimators (model's own probability tier, barrel/blast contact quality) agreeing.",,,,,,,
🧪 AUDIT-A2 HOT-WHR+ODDS-BAND,"TRACKING, zero conviction points. WHR≥75% AND HR odds in 250-350. 40/124 = 32.3% HR (2.26x), Jul 24/65, Aug 16/59, 45 slates. Mechanism: hot recent contact form combined with the already-validated short-odds band — the market is pricing power, not current form.",,,,,,,
🧪 AUDIT-A3 PROB20+SHORT-START,"TRACKING, zero conviction points. HR Prob≥0.20 AND Short-start alert active. 43/142 = 30.3% HR (2.13x), Jul 20/62, Aug 23/80, 40 slates. Paired with AUDIT-A3b below — see the Aug 25 2026 removal of the old -3 conv Short-start×high-score dock, which was pointed the wrong direction.",,,,,,,
🧪 AUDIT-A3b ODDS-BAND+SHORT-START,"TRACKING, zero conviction points. HR odds 250-350 AND Short-start alert active. 60/211 = 28.4% HR (2.00x), Jul 37/110, Aug 23/101, 47 slates — the largest-n rule in the audit to beat the pairs-only search-wide null at n≥150.",,,,,,,
🧪 AUDIT-A4 VULN56+EDGE<5,"TRACKING, zero conviction points. Pitcher Vuln≥56 AND Edge vs Mkt <+5pp. 20/53 = 37.7% HR (2.65x), Jul 11/31, Aug 9/22, 25 slates. Independently re-confirms the existing rule that positive edge (model more bullish than the market) is a bad sign — extreme vulnerability the market hasn't caught up to.",,,,,,,
🧪 AUDIT-A5 AIR60+HRPA06+ODDS340,"TRACKING, zero conviction points. Air%>60 AND model HR/PA rate≥0.06 AND HR odds≤340. 18/52 = 34.6% HR (2.43x), Jul 13/31, Aug 5/21, 32 slates, permutation p=0.002.",,,,,,,
🧪 AUDIT-A6 PROB19+DTPPASS+ODDS340,"TRACKING, zero conviction points. HR Prob≥0.19 AND DTP FILTER PASS (any tier: 5+/7 or full 7/7) AND HR odds≤340. 20/59 = 33.9% HR (2.38x), Jul 12/28, Aug 8/31, 34 slates, permutation p=0.001 — the best-supported of the three (n=59, largest slate count).",,,,,,,
🧪 AUDIT-A7 PROB19+PFGATES8+ODDS340,"TRACKING, zero conviction points. HR Prob≥0.19 AND PropFinder 9-gate count≥8 AND HR odds≤340. 13/42 = 31.0% HR (2.17x), Jul 10/26, Aug 3/16, 29 slates, permutation p=0.014.",,,,,,,
🧪 AUDIT-T1 (EXPLORATORY),"TRACKING ONLY, zero conviction points, n=6. STANDALONE EXTREME L2 AND Mild regression risk (hit-side note) AND NOT SHARP HIT. 6/6 = 100% HR, Jul 4/6, Aug 2/6, 6 slates. See the n=6 warning above — do not treat any single-slate multi-fire as validation.",,,,,,,
🧪 AUDIT-T2 (EXPLORATORY),"TRACKING ONLY, zero conviction points, n=6. Score≥68 AND PITCH CORRELATION AND NOT DP SHARP HR. 6/6 = 100% HR, Jul 3/6, Aug 3/6, 4 slates. Score is hard-capped at 68.0 in this model, so this fires only at the exact ceiling.",,,,,,,
🧪 AUDIT-T3 (EXPLORATORY),"TRACKING ONLY, zero conviction points, n=6. Score≥68 AND NOT DP SHARP HR AND BZM-SZN. 6/6 = 100% HR, Jul 3/6, Aug 3/6, 4 slates. Same 68.0 score-ceiling caveat as AUDIT-T2.",,,,,,,
⛔ AUDIT-F1 ISO-REGRESSION FADE,"REPLACES the old '📈 ISO regression candidate' note (Aug 25 2026 — polarity corrected, prior wording read 'power due to convert' and was cited as bullish). Fires when xISO exceeds ISO by ≥0.030. Measured: 22/261 = 8.4% HR (0.59x baseline), Jul 3/70, Aug 19/191, 46 slates, both months, stratified permutation p=0.997 (significant in the NEGATIVE direction). Treat as a NEG-class caution, not a power-upside note. No conviction points were ever attached to this note — this is a prose/labeling correction only.",,,,,,,
🔓 SHORT-START × HIGH SCORE,"REPLACES the old '⚠️ Short-start alert ... amplifies miss risk (-3 pts)' note (Aug 25 2026 — the -3 conv dock was REMOVED). The dock's own trigger condition (short start AND Score≥60) measured 67/304 = 22.0% HR (1.55x baseline), Jul 36/155, Aug 31/149, both months, permutation p=0.001 — the dock was penalizing the single best-converting slice of the high-score board. Same-score batters WITHOUT a short start: 135/919 = 14.7% (1.03x, essentially base rate). Bullpen exposure raises HR variance, which is what a HR prop wants. Other Short-start handling elsewhere in the model (the ×0.97 hit-side form haircut, park-suppression penalties) is UNCHANGED — only this specific high-score dock was removed.",,,,,,,
📎 CONTEXT ONLY (...),"Display mechanism, not a grade. When present, collapses markers with NO measured HR or hit effect on the Jul1-Aug24 panel (lift 0.93-1.07x HR / 0.96-1.04x hit, all permutation p>0.05, each on n≥100) into a single trailing note instead of letting them read as supporting evidence. Covers: MULTI-BBE PITCHER (93% of the board), PITCHER TARGET MATCH HR (62%), SHARP HIT (65%), CROSS-PITCH BBE SURGE, CROSS-PITCH T1, Platoon edge, FL confirms better environment, SECOND BAT ON THIS ARM, SCREAM HIT, ICE COLD, Cold flag, Red hot last 5, Good pull air rate, Z-CONTACT BOOST, MID-HS DULL, Crushes, ENV BOOST, SWEET★, ERA understated, BULLPEN VULN, PITCH DOM hit, SHARP LINE, SIGNAL HR, HIGH-USAGE. These markers are NOT removed from scoring — a ranker rebuilt from only holdout-surviving variables previously scored 1.66x vs. the full composite's 2.63x, so joint information is preserved. This is a prose display change only. NOT demoted despite similar lift: 'Good solid contact' (hit p=0.001, n=1,973 — small but real, strongest hit marker in the file); NEG05/NEG06/PASS(HR)/ODDS FADE (these are genuine NEGATIVE signals at 0.73-0.81x and are working correctly).",,,,,,,
